{"_id":"621ffdd236468d709f181d89","id":"bible_para","sha":"2e74af6334810a0b4b06b7915b331996526ef538","lastModified":"2022-11-03T16:31:57.000Z","private":false,"gated":false,"disabled":false,"tags":["task_categories:translation","annotations_creators:found","language_creators:found","multilinguality:multilingual","size_categories:10K<n<100K","source_datasets:original","language:acu","language:af","language:agr","language:ake","language:am","language:amu","language:ar","language:bg","language:bsn","language:cak","language:ceb","language:ch","language:chq","language:chr","language:cjp","language:cni","language:cop","language:crp","language:cs","language:da","language:de","language:dik","language:dje","language:djk","language:dop","language:ee","language:el","language:en","language:eo","language:es","language:et","language:eu","language:fi","language:fr","language:gbi","language:gd","language:gu","language:gv","language:he","language:hi","language:hr","language:hu","language:hy","language:id","language:is","language:it","language:ja","language:jak","language:jiv","language:kab","language:kbh","language:kek","language:kn","language:ko","language:la","language:lt","language:lv","language:mam","language:mi","language:ml","language:mr","language:my","language:ne","language:nhg","language:nl","language:no","language:ojb","language:pck","language:pes","language:pl","language:plt","language:pot","language:ppk","language:pt","language:quc","language:quw","language:ro","language:rom","language:ru","language:shi","language:sk","language:sl","language:sn","language:so","language:sq","language:sr","language:ss","language:sv","language:syr","language:te","language:th","language:tl","language:tmh","language:tr","language:uk","language:usp","language:vi","language:wal","language:wo","language:xh","language:zh","language:zu","license:cc0-1.0"],"citation":"OPUS and A massively parallel corpus: the Bible in 100 languages, Christos Christodoulopoulos and Mark Steedman, *Language Resources and Evaluation*, 49 (2)","description":"This is a multilingual parallel corpus created from translations of the Bible compiled by Christos Christodoulopoulos and Mark Steedman.\n\n102 languages, 5,148 bitexts\ntotal number of files: 107\ntotal number of tokens: 56.43M\ntotal number of sentence fragments: 2.84M","downloads":889,"likes":6,"cardData":{"annotations_creators":["found"],"language_creators":["found"],"language":["acu","af","agr","ake","am","amu","ar","bg","bsn","cak","ceb","ch","chq","chr","cjp","cni","cop","crp","cs","da","de","dik","dje","djk","dop","ee","el","en","eo","es","et","eu","fi","fr","gbi","gd","gu","gv","he","hi","hr","hu","hy","id","is","it","ja","jak","jiv","kab","kbh","kek","kn","ko","la","lt","lv","mam","mi","ml","mr","my","ne","nhg","nl","no","ojb","pck","pes","pl","plt","pot","ppk","pt","quc","quw","ro","rom","ru","shi","sk","sl","sn","so","sq","sr","ss","sv","syr","te","th","tl","tmh","tr","uk","usp","vi","wal","wo","xh","zh","zu"],"license":["cc0-1.0"],"multilinguality":["multilingual"],"size_categories":["10K<n<100K"],"source_datasets":["original"],"task_categories":["translation"],"task_ids":[],"paperswithcode_id":null,"pretty_name":"BiblePara","dataset_info":[{"config_name":"de-en","features":[{"name":"id","dtype":"string"},{"name":"translation","dtype":{"translation":{"languages":["de","en"]}}}],"splits":[{"name":"train","num_bytes":17262178,"num_examples":62195}],"download_size":5440713,"dataset_size":17262178},{"config_name":"en-fr","features":[{"name":"id","dtype":"string"},{"name":"translation","dtype":{"translation":{"languages":["en","fr"]}}}],"splits":[{"name":"train","num_bytes":17536445,"num_examples":62195}],"download_size":5470044,"dataset_size":17536445},{"config_name":"en-es","features":[{"name":"id","dtype":"string"},{"name":"translation","dtype":{"translation":{"languages":["en","es"]}}}],"splits":[{"name":"train","num_bytes":17105724,"num_examples":62191}],"download_size":5418998,"dataset_size":17105724},{"config_name":"en-fi","features":[{"name":"id","dtype":"string"},{"name":"translation","dtype":{"translation":{"languages":["en","fi"]}}}],"splits":[{"name":"train","num_bytes":17486055,"num_examples":62026}],"download_size":5506407,"dataset_size":17486055},{"config_name":"en-no","features":[{"name":"id","dtype":"string"},{"name":"translation","dtype":{"translation":{"languages":["en","no"]}}}],"splits":[{"name":"train","num_bytes":16681323,"num_examples":62107}],"download_size":5293164,"dataset_size":16681323},{"config_name":"en-hi","features":[{"name":"id","dtype":"string"},{"name":"translation","dtype":{"translation":{"languages":["en","hi"]}}}],"splits":[{"name":"train","num_bytes":27849361,"num_examples":62073}],"download_size":6224765,"dataset_size":27849361}]},"siblings":[{"rfilename":".gitattributes"},{"rfilename":"README.md"},{"rfilename":"bible_para.py"},{"rfilename":"dataset_infos.json"}]}