{"_id":"621ffdd236468d709f181da8","id":"cc100","sha":"0a978215471a5d4b62b3685c7dfb00283fdc231b","lastModified":"2022-11-03T16:31:45.000Z","private":false,"gated":false,"disabled":false,"tags":["task_categories:text-generation","task_categories:fill-mask","task_ids:language-modeling","task_ids:masked-language-modeling","annotations_creators:no-annotation","language_creators:found","multilinguality:multilingual","size_categories:10M<n<100M","size_categories:1M<n<10M","source_datasets:original","language:af","language:am","language:ar","language:as","language:az","language:be","language:bg","language:bn","language:br","language:bs","language:ca","language:cs","language:cy","language:da","language:de","language:el","language:en","language:eo","language:es","language:et","language:eu","language:fa","language:ff","language:fi","language:fr","language:fy","language:ga","language:gd","language:gl","language:gn","language:gu","language:ha","language:he","language:hi","language:hr","language:ht","language:hu","language:hy","language:id","language:ig","language:is","language:it","language:ja","language:jv","language:ka","language:kk","language:km","language:kn","language:ko","language:ku","language:ky","language:la","language:lg","language:li","language:ln","language:lo","language:lt","language:lv","language:mg","language:mk","language:ml","language:mn","language:mr","language:ms","language:my","language:ne","language:nl","language:no","language:ns","language:om","language:or","language:pa","language:pl","language:ps","language:pt","language:qu","language:rm","language:ro","language:ru","language:sa","language:sc","language:sd","language:si","language:sk","language:sl","language:so","language:sq","language:sr","language:ss","language:su","language:sv","language:sw","language:ta","language:te","language:th","language:tl","language:tn","language:tr","language:ug","language:uk","language:ur","language:uz","language:vi","language:wo","language:xh","language:yi","language:yo","language:zh","language:zu","license:unknown"],"citation":"@inproceedings{conneau-etal-2020-unsupervised,\n    title = \"Unsupervised Cross-lingual Representation Learning at Scale\",\n    author = \"Conneau, Alexis  and\n      Khandelwal, Kartikay  and\n      Goyal, Naman  and\n      Chaudhary, Vishrav  and\n      Wenzek, Guillaume  and\n      Guzm{'a}n, Francisco  and\n      Grave, Edouard  and\n      Ott, Myle  and\n      Zettlemoyer, Luke  and\n      Stoyanov, Veselin\",\n    booktitle = \"Proceedings of the 58th Annual Meeting of the Association for Computational Linguistics\",\n    month = jul,\n    year = \"2020\",\n    address = \"Online\",\n    publisher = \"Association for Computational Linguistics\",\n    url = \"https://www.aclweb.org/anthology/2020.acl-main.747\",\n    doi = \"10.18653/v1/2020.acl-main.747\",\n    pages = \"8440--8451\",\n    abstract = \"This paper shows that pretraining multilingual language models at scale leads to significant performance gains for a wide range of cross-lingual transfer tasks. We train a Transformer-based masked language model on one hundred languages, using more than two terabytes of filtered CommonCrawl data. Our model, dubbed XLM-R, significantly outperforms multilingual BERT (mBERT) on a variety of cross-lingual benchmarks, including +14.6{%} average accuracy on XNLI, +13{%} average F1 score on MLQA, and +2.4{%} F1 score on NER. XLM-R performs particularly well on low-resource languages, improving 15.7{%} in XNLI accuracy for Swahili and 11.4{%} for Urdu over previous XLM models. We also present a detailed empirical analysis of the key factors that are required to achieve these gains, including the trade-offs between (1) positive transfer and capacity dilution and (2) the performance of high and low resource languages at scale. Finally, we show, for the first time, the possibility of multilingual modeling without sacrificing per-language performance; XLM-R is very competitive with strong monolingual models on the GLUE and XNLI benchmarks. We will make our code and models publicly available.\",\n}\n@inproceedings{wenzek-etal-2020-ccnet,\n    title = \"{CCN}et: Extracting High Quality Monolingual Datasets from Web Crawl Data\",\n    author = \"Wenzek, Guillaume  and\n      Lachaux, Marie-Anne  and\n      Conneau, Alexis  and\n      Chaudhary, Vishrav  and\n      Guzm{'a}n, Francisco  and\n      Joulin, Armand  and\n      Grave, Edouard\",\n    booktitle = \"Proceedings of the 12th Language Resources and Evaluation Conference\",\n    month = may,\n    year = \"2020\",\n    address = \"Marseille, France\",\n    publisher = \"European Language Resources Association\",\n    url = \"https://www.aclweb.org/anthology/2020.lrec-1.494\",\n    pages = \"4003--4012\",\n    abstract = \"Pre-training text representations have led to significant improvements in many areas of natural language processing. The quality of these models benefits greatly from the size of the pretraining corpora as long as its quality is preserved. In this paper, we describe an automatic pipeline to extract massive high-quality monolingual datasets from Common Crawl for a variety of languages. Our pipeline follows the data processing introduced in fastText (Mikolov et al., 2017; Grave et al., 2018), that deduplicates documents and identifies their language. We augment this pipeline with a filtering step to select documents that are close to high quality corpora like Wikipedia.\",\n    language = \"English\",\n    ISBN = \"979-10-95546-34-4\",\n}","description":"This corpus is an attempt to recreate the dataset used for training XLM-R. This corpus comprises of monolingual data for 100+ languages and also includes data for romanized languages (indicated by *_rom). This was constructed using the urls and paragraph indices provided by the CC-Net repository by processing January-December 2018 Commoncrawl snapshots. Each file comprises of documents separated by double-newlines and paragraphs within the same document separated by a newline. The data is generated using the open source CC-Net repository. No claims of intellectual property are made on the work of preparation of the corpus.","paperswithcode_id":"cc100","downloads":5050,"likes":20,"cardData":{"annotations_creators":["no-annotation"],"language_creators":["found"],"language":["af","am","ar","as","az","be","bg","bn","br","bs","ca","cs","cy","da","de","el","en","eo","es","et","eu","fa","ff","fi","fr","fy","ga","gd","gl","gn","gu","ha","he","hi","hr","ht","hu","hy","id","ig","is","it","ja","jv","ka","kk","km","kn","ko","ku","ky","la","lg","li","ln","lo","lt","lv","mg","mk","ml","mn","mr","ms","my","ne","nl","no","ns","om","or","pa","pl","ps","pt","qu","rm","ro","ru","sa","sc","sd","si","sk","sl","so","sq","sr","ss","su","sv","sw","ta","te","th","tl","tn","tr","ug","uk","ur","uz","vi","wo","xh","yi","yo","zh","zu"],"language_bcp47":["bn-Latn","hi-Latn","my-x-zawgyi","ta-Latn","te-Latn","ur-Latn","zh-Hans","zh-Hant"],"license":["unknown"],"multilinguality":["multilingual"],"size_categories":["10M<n<100M","1M<n<10M"],"source_datasets":["original"],"task_categories":["text-generation","fill-mask"],"task_ids":["language-modeling","masked-language-modeling"],"paperswithcode_id":"cc100","pretty_name":"CC100","configs":["am","sr"],"dataset_info":[{"config_name":"am","features":[{"name":"id","dtype":"string"},{"name":"text","dtype":"string"}],"splits":[{"name":"train","num_bytes":935440775,"num_examples":3124561}],"download_size":138821056,"dataset_size":935440775},{"config_name":"sr","features":[{"name":"id","dtype":"string"},{"name":"text","dtype":"string"}],"splits":[{"name":"train","num_bytes":10299427460,"num_examples":35747957}],"download_size":1578989320,"dataset_size":10299427460},{"config_name":"ka","features":[{"name":"id","dtype":"string"},{"name":"text","dtype":"string"}],"splits":[{"name":"train","num_bytes":10228918845,"num_examples":31708119}],"download_size":1100446372,"dataset_size":10228918845}]},"siblings":[{"rfilename":".gitattributes"},{"rfilename":"README.md"},{"rfilename":"cc100.py"},{"rfilename":"dataset_infos.json"}]}