{"_id":"621ffdd236468d709f181e8d","id":"kde4","sha":"12cd06d961fae220f6ef1ab533321b8e9ddc3533","lastModified":"2022-11-03T16:32:20.000Z","private":false,"gated":false,"disabled":false,"tags":["task_categories:translation","annotations_creators:found","language_creators:found","multilinguality:multilingual","size_categories:100K<n<1M","source_datasets:original","language:af","language:ar","language:as","language:ast","language:be","language:bg","language:bn","language:br","language:ca","language:crh","language:cs","language:csb","language:cy","language:da","language:de","language:el","language:en","language:eo","language:es","language:et","language:eu","language:fa","language:fi","language:fr","language:fy","language:ga","language:gl","language:gu","language:ha","language:he","language:hi","language:hne","language:hr","language:hsb","language:hu","language:hy","language:id","language:is","language:it","language:ja","language:ka","language:kk","language:km","language:kn","language:ko","language:ku","language:lb","language:lt","language:lv","language:mai","language:mk","language:ml","language:mr","language:ms","language:mt","language:nb","language:nds","language:ne","language:nl","language:nn","language:nso","language:oc","language:or","language:pa","language:pl","language:ps","language:pt","language:ro","language:ru","language:rw","language:se","language:si","language:sk","language:sl","language:sr","language:sv","language:ta","language:te","language:tg","language:th","language:tr","language:uk","language:uz","language:vi","language:wa","language:xh","language:zh","license:unknown"],"citation":"@InProceedings{TIEDEMANN12.463,\n  author = {J{\\\"o}rg Tiedemann},\n  title = {Parallel Data, Tools and Interfaces in OPUS},\n  booktitle = {Proceedings of the Eight International Conference on Language Resources and Evaluation (LREC'12)},\n  year = {2012},\n  month = {may},\n  date = {23-25},\n  address = {Istanbul, Turkey},\n  editor = {Nicoletta Calzolari (Conference Chair) and Khalid Choukri and Thierry Declerck and Mehmet Ugur Dogan and Bente Maegaard and Joseph Mariani and Jan Odijk and Stelios Piperidis},\n  publisher = {European Language Resources Association (ELRA)},\n  isbn = {978-2-9517408-7-7},\n  language = {english}\n }","description":"A parallel corpus of KDE4 localization files (v.2).\n\n92 languages, 4,099 bitexts\ntotal number of files: 75,535\ntotal number of tokens: 60.75M\ntotal number of sentence fragments: 8.89M","downloads":1395,"likes":4,"cardData":{"annotations_creators":["found"],"language_creators":["found"],"language":["af","ar","as","ast","be","bg","bn","br","ca","crh","cs","csb","cy","da","de","el","en","eo","es","et","eu","fa","fi","fr","fy","ga","gl","gu","ha","he","hi","hne","hr","hsb","hu","hy","id","is","it","ja","ka","kk","km","kn","ko","ku","lb","lt","lv","mai","mk","ml","mr","ms","mt","nb","nds","ne","nl","nn","nso","oc","or","pa","pl","ps","pt","ro","ru","rw","se","si","sk","sl","sr","sv","ta","te","tg","th","tr","uk","uz","vi","wa","xh","zh"],"language_bcp47":["bn-IN","en-GB","pt-BR","zh-CN","zh-HK","zh-TW"],"license":["unknown"],"multilinguality":["multilingual"],"size_categories":["100K<n<1M"],"source_datasets":["original"],"task_categories":["translation"],"task_ids":[],"paperswithcode_id":null,"pretty_name":"KDE4","dataset_info":[{"config_name":"fi-nl","features":[{"name":"id","dtype":"string"},{"name":"translation","dtype":{"translation":{"languages":["fi","nl"]}}}],"splits":[{"name":"train","num_bytes":8845933,"num_examples":101593}],"download_size":2471355,"dataset_size":8845933},{"config_name":"it-ro","features":[{"name":"id","dtype":"string"},{"name":"translation","dtype":{"translation":{"languages":["it","ro"]}}}],"splits":[{"name":"train","num_bytes":8827049,"num_examples":109003}],"download_size":2389051,"dataset_size":8827049},{"config_name":"nl-sv","features":[{"name":"id","dtype":"string"},{"name":"translation","dtype":{"translation":{"languages":["nl","sv"]}}}],"splits":[{"name":"train","num_bytes":22294586,"num_examples":188454}],"download_size":6203460,"dataset_size":22294586},{"config_name":"en-it","features":[{"name":"id","dtype":"string"},{"name":"translation","dtype":{"translation":{"languages":["en","it"]}}}],"splits":[{"name":"train","num_bytes":27132585,"num_examples":220566}],"download_size":7622662,"dataset_size":27132585},{"config_name":"en-fr","features":[{"name":"id","dtype":"string"},{"name":"translation","dtype":{"translation":{"languages":["en","fr"]}}}],"splits":[{"name":"train","num_bytes":25650409,"num_examples":210173}],"download_size":7049364,"dataset_size":25650409}]},"siblings":[{"rfilename":".gitattributes"},{"rfilename":"README.md"},{"rfilename":"dataset_infos.json"},{"rfilename":"kde4.py"}]}