{"_id":"621ffdd236468d709f181ead","id":"m_lama","sha":"a55b2300263c90f58ef28ba31c771979574b8c60","lastModified":"2022-11-03T16:15:15.000Z","private":false,"gated":false,"disabled":false,"tags":["task_categories:question-answering","task_categories:text-classification","task_ids:open-domain-qa","task_ids:text-scoring","annotations_creators:crowdsourced","annotations_creators:expert-generated","annotations_creators:machine-generated","language_creators:crowdsourced","language_creators:expert-generated","language_creators:machine-generated","multilinguality:translation","size_categories:100K<n<1M","source_datasets:extended|lama","language:af","language:ar","language:az","language:be","language:bg","language:bn","language:ca","language:ceb","language:cs","language:cy","language:da","language:de","language:el","language:en","language:es","language:et","language:eu","language:fa","language:fi","language:fr","language:ga","language:gl","language:he","language:hi","language:hr","language:hu","language:hy","language:id","language:it","language:ja","language:ka","language:ko","language:la","language:lt","language:lv","language:ms","language:nl","language:pl","language:pt","language:ro","language:ru","language:sk","language:sl","language:sq","language:sr","language:sv","language:ta","language:th","language:tr","language:uk","language:ur","language:vi","language:zh","license:cc-by-nc-sa-4.0","probing","arxiv:2102.00894"],"citation":"@article{kassner2021multilingual,\n  author    = {Nora Kassner and\n               Philipp Dufter and\n               Hinrich Sch{\\\"{u}}tze},\n  title     = {Multilingual {LAMA:} Investigating Knowledge in Multilingual Pretrained\n               Language Models},\n  journal   = {CoRR},\n  volume    = {abs/2102.00894},\n  year      = {2021},\n  url       = {https://arxiv.org/abs/2102.00894},\n  archivePrefix = {arXiv},\n  eprint    = {2102.00894},\n  timestamp = {Tue, 09 Feb 2021 13:35:56 +0100},\n  biburl    = {https://dblp.org/rec/journals/corr/abs-2102-00894.bib},\n  bibsource = {dblp computer science bibliography, https://dblp.org},\n  note      = {to appear in EACL2021}\n}","description":"mLAMA: a multilingual version of the LAMA benchmark (T-REx and GoogleRE) covering 53 languages.","downloads":233,"likes":1,"cardData":{"annotations_creators":["crowdsourced","expert-generated","machine-generated"],"language_creators":["crowdsourced","expert-generated","machine-generated"],"language":["af","ar","az","be","bg","bn","ca","ceb","cs","cy","da","de","el","en","es","et","eu","fa","fi","fr","ga","gl","he","hi","hr","hu","hy","id","it","ja","ka","ko","la","lt","lv","ms","nl","pl","pt","ro","ru","sk","sl","sq","sr","sv","ta","th","tr","uk","ur","vi","zh"],"license":["cc-by-nc-sa-4.0"],"multilinguality":["translation"],"size_categories":["100K<n<1M"],"source_datasets":["extended|lama"],"task_categories":["question-answering","text-classification"],"task_ids":["open-domain-qa","text-scoring"],"paperswithcode_id":null,"pretty_name":"MLama","tags":["probing"],"dataset_info":{"features":[{"name":"uuid","dtype":"string"},{"name":"lineid","dtype":"uint32"},{"name":"obj_uri","dtype":"string"},{"name":"obj_label","dtype":"string"},{"name":"sub_uri","dtype":"string"},{"name":"sub_label","dtype":"string"},{"name":"template","dtype":"string"},{"name":"language","dtype":"string"},{"name":"predicate_id","dtype":"string"}],"config_name":"all","splits":[{"name":"test","num_bytes":125919995,"num_examples":843143}],"download_size":40772287,"dataset_size":125919995}},"siblings":[{"rfilename":".gitattributes"},{"rfilename":"README.md"},{"rfilename":"dataset_infos.json"},{"rfilename":"m_lama.py"}]}