{"_id":"621ffdd236468d709f181ecc","id":"ms_terms","sha":"959e003c42ba6eb7d93be482ce39c603e917888f","lastModified":"2022-11-03T16:08:00.000Z","private":false,"gated":false,"disabled":false,"tags":["task_categories:translation","annotations_creators:expert-generated","language_creators:expert-generated","multilinguality:multilingual","multilinguality:translation","size_categories:10K<n<100K","source_datasets:original","language:af","language:am","language:ar","language:as","language:az","language:be","language:bg","language:bn","language:bs","language:ca","language:chr","language:cs","language:cy","language:da","language:de","language:el","language:en","language:es","language:et","language:eu","language:fa","language:fi","language:fil","language:fr","language:ga","language:gd","language:gl","language:gu","language:guc","language:ha","language:he","language:hi","language:hr","language:hu","language:hy","language:id","language:ig","language:is","language:it","language:iu","language:ja","language:ka","language:kk","language:km","language:kn","language:knn","language:ko","language:ku","language:ky","language:lb","language:lo","language:lt","language:lv","language:mi","language:mk","language:ml","language:mn","language:mr","language:ms","language:mt","language:nb","language:ne","language:nl","language:nn","language:ory","language:pa","language:pl","language:prs","language:pst","language:pt","language:qu","language:quc","language:ro","language:ru","language:rw","language:sd","language:si","language:sk","language:sl","language:sq","language:sr","language:st","language:sv","language:swh","language:ta","language:te","language:tg","language:th","language:ti","language:tk","language:tn","language:tr","language:tt","language:ug","language:uk","language:ur","language:uz","language:vi","language:wo","language:xh","language:yo","language:zh","language:zu","license:ms-pl"],"description":"The Microsoft Terminology Collection can be used to develop localized versions of applications that integrate with Microsoft products.\nIt can also be used to integrate Microsoft terminology into other terminology collections or serve as a base IT glossary\nfor language development in the nearly 100 languages available. Terminology is provided in .tbx format, an industry standard for terminology exchange.","downloads":236,"likes":0,"cardData":{"annotations_creators":["expert-generated"],"language_creators":["expert-generated"],"language":["af","am","ar","as","az","be","bg","bn","bs","ca","chr","cs","cy","da","de","el","en","es","et","eu","fa","fi","fil","fr","ga","gd","gl","gu","guc","ha","he","hi","hr","hu","hy","id","ig","is","it","iu","ja","ka","kk","km","kn","knn","ko","ku","ky","lb","lo","lt","lv","mi","mk","ml","mn","mr","ms","mt","nb","ne","nl","nn","ory","pa","pl","prs","pst","pt","qu","quc","ro","ru","rw","sd","si","sk","sl","sq","sr","st","sv","swh","ta","te","tg","th","ti","tk","tn","tr","tt","ug","uk","ur","uz","vi","wo","xh","yo","zh","zu"],"language_bcp47":["bn-IN","bs-Latn","es-MX","fr-CA","ms-BN","pt-BR","sr-BH","sr-Latn","zh-Hant-HK","zh-Hant-TW"],"license":["ms-pl"],"multilinguality":["multilingual","translation"],"size_categories":["10K<n<100K"],"source_datasets":["original"],"task_categories":["translation"],"task_ids":[],"paperswithcode_id":null,"pretty_name":"MsTerms","dataset_info":{"features":[{"name":"entry_id","dtype":"string"},{"name":"term_source","dtype":"string"},{"name":"pos","dtype":"string"},{"name":"definition","dtype":"string"},{"name":"term_target","dtype":"string"}],"splits":[{"name":"train","num_bytes":6995497,"num_examples":33738}],"download_size":0,"dataset_size":6995497}},"siblings":[{"rfilename":".gitattributes"},{"rfilename":"README.md"},{"rfilename":"dataset_infos.json"},{"rfilename":"ms_terms.py"}]}