{"_id":"621ffdd236468d709f181f05","id":"open_subtitles","sha":"050393bbd8dda3935ed0e58150e8cacad684aab9","lastModified":"2022-11-03T16:31:50.000Z","private":false,"gated":false,"disabled":false,"tags":["task_categories:translation","annotations_creators:found","language_creators:found","multilinguality:multilingual","size_categories:10K<n<100K","size_categories:1M<n<10M","size_categories:n<1K","source_datasets:original","language:af","language:ar","language:bg","language:bn","language:br","language:bs","language:ca","language:cs","language:da","language:de","language:el","language:en","language:eo","language:es","language:et","language:eu","language:fa","language:fi","language:fr","language:gl","language:he","language:hi","language:hr","language:hu","language:hy","language:id","language:is","language:it","language:ja","language:ka","language:kk","language:ko","language:lt","language:lv","language:mk","language:ml","language:ms","language:nl","language:no","language:pl","language:pt","language:ro","language:ru","language:si","language:sk","language:sl","language:sq","language:sr","language:sv","language:ta","language:te","language:th","language:tl","language:tr","language:uk","language:ur","language:vi","language:zh","license:unknown"],"citation":"P. Lison and J. Tiedemann, 2016, OpenSubtitles2016: Extracting Large Parallel Corpora from Movie and TV Subtitles. In Proceedings of the 10th International Conference on Language Resources and Evaluation (LREC 2016)","description":"This is a new collection of translated movie subtitles from http://www.opensubtitles.org/.\n\nIMPORTANT: If you use the OpenSubtitle corpus: Please, add a link to http://www.opensubtitles.org/ to your website and to your reports and publications produced with the data!\n\nThis is a slightly cleaner version of the subtitle collection using improved sentence alignment and better language checking.\n\n62 languages, 1,782 bitexts\ntotal number of files: 3,735,070\ntotal number of tokens: 22.10G\ntotal number of sentence fragments: 3.35G","paperswithcode_id":"opensubtitles","downloads":1883,"likes":13,"cardData":{"annotations_creators":["found"],"language_creators":["found"],"language":["af","ar","bg","bn","br","bs","ca","cs","da","de","el","en","eo","es","et","eu","fa","fi","fr","gl","he","hi","hr","hu","hy","id","is","it","ja","ka","kk","ko","lt","lv","mk","ml","ms","nl","no","pl","pt","ro","ru","si","sk","sl","sq","sr","sv","ta","te","th","tl","tr","uk","ur","vi","zh"],"language_bcp47":["pt-BR","ze-EN","ze-ZH","zh-CN","zh-TW"],"license":["unknown"],"multilinguality":["multilingual"],"size_categories":["10K<n<100K","1M<n<10M","n<1K"],"source_datasets":["original"],"task_categories":["translation"],"task_ids":[],"paperswithcode_id":"opensubtitles","pretty_name":"OpenSubtitles","configs":["bn-is","bs-eo","da-ru","en-hi","fr-hy"],"dataset_info":[{"config_name":"bs-eo","features":[{"name":"id","dtype":"string"},{"name":"meta","struct":[{"name":"year","dtype":"uint32"},{"name":"imdbId","dtype":"uint32"},{"name":"subtitleId","struct":[{"name":"bs","dtype":"uint32"},{"name":"eo","dtype":"uint32"}]},{"name":"sentenceIds","struct":[{"name":"bs","sequence":"uint32"},{"name":"eo","sequence":"uint32"}]}]},{"name":"translation","dtype":{"translation":{"languages":["bs","eo"]}}}],"splits":[{"name":"train","num_bytes":1204266,"num_examples":10989}],"download_size":333050,"dataset_size":1204266},{"config_name":"fr-hy","features":[{"name":"id","dtype":"string"},{"name":"meta","struct":[{"name":"year","dtype":"uint32"},{"name":"imdbId","dtype":"uint32"},{"name":"subtitleId","struct":[{"name":"fr","dtype":"uint32"},{"name":"hy","dtype":"uint32"}]},{"name":"sentenceIds","struct":[{"name":"fr","sequence":"uint32"},{"name":"hy","sequence":"uint32"}]}]},{"name":"translation","dtype":{"translation":{"languages":["fr","hy"]}}}],"splits":[{"name":"train","num_bytes":132450,"num_examples":668}],"download_size":41861,"dataset_size":132450},{"config_name":"da-ru","features":[{"name":"id","dtype":"string"},{"name":"meta","struct":[{"name":"year","dtype":"uint32"},{"name":"imdbId","dtype":"uint32"},{"name":"subtitleId","struct":[{"name":"da","dtype":"uint32"},{"name":"ru","dtype":"uint32"}]},{"name":"sentenceIds","struct":[{"name":"da","sequence":"uint32"},{"name":"ru","sequence":"uint32"}]}]},{"name":"translation","dtype":{"translation":{"languages":["da","ru"]}}}],"splits":[{"name":"train","num_bytes":1082649105,"num_examples":7543012}],"download_size":267995167,"dataset_size":1082649105},{"config_name":"en-hi","features":[{"name":"id","dtype":"string"},{"name":"meta","struct":[{"name":"year","dtype":"uint32"},{"name":"imdbId","dtype":"uint32"},{"name":"subtitleId","struct":[{"name":"en","dtype":"uint32"},{"name":"hi","dtype":"uint32"}]},{"name":"sentenceIds","struct":[{"name":"en","sequence":"uint32"},{"name":"hi","sequence":"uint32"}]}]},{"name":"translation","dtype":{"translation":{"languages":["en","hi"]}}}],"splits":[{"name":"train","num_bytes":13845544,"num_examples":93016}],"download_size":2967295,"dataset_size":13845544},{"config_name":"bn-is","features":[{"name":"id","dtype":"string"},{"name":"meta","struct":[{"name":"year","dtype":"uint32"},{"name":"imdbId","dtype":"uint32"},{"name":"subtitleId","struct":[{"name":"bn","dtype":"uint32"},{"name":"is","dtype":"uint32"}]},{"name":"sentenceIds","struct":[{"name":"bn","sequence":"uint32"},{"name":"is","sequence":"uint32"}]}]},{"name":"translation","dtype":{"translation":{"languages":["bn","is"]}}}],"splits":[{"name":"train","num_bytes":6371251,"num_examples":38272}],"download_size":1411625,"dataset_size":6371251}]},"siblings":[{"rfilename":".gitattributes"},{"rfilename":"README.md"},{"rfilename":"dataset_infos.json"},{"rfilename":"open_subtitles.py"}]}