{"_id":"621ffdd236468d709f181f13","id":"opus_gnome","sha":"6f0e7e05298acd163d7dd101bf53170475e03bab","lastModified":"2022-11-03T16:32:14.000Z","private":false,"gated":false,"disabled":false,"tags":["task_categories:translation","annotations_creators:found","language_creators:found","multilinguality:multilingual","size_categories:10K<n<100K","size_categories:1K<n<10K","size_categories:n<1K","source_datasets:original","language:af","language:am","language:an","language:ang","language:ar","language:as","language:ast","language:az","language:bal","language:be","language:bem","language:bg","language:bn","language:bo","language:br","language:brx","language:bs","language:ca","language:crh","language:cs","language:csb","language:cy","language:da","language:de","language:dv","language:dz","language:el","language:en","language:eo","language:es","language:et","language:eu","language:fa","language:fi","language:fo","language:fr","language:fur","language:fy","language:ga","language:gd","language:gl","language:gn","language:gu","language:gv","language:ha","language:he","language:hi","language:hr","language:hu","language:hy","language:ia","language:id","language:ig","language:io","language:is","language:it","language:ja","language:jbo","language:ka","language:kg","language:kk","language:km","language:kn","language:ko","language:kr","language:ks","language:ku","language:ky","language:la","language:lg","language:li","language:lo","language:lt","language:lv","language:mai","language:mg","language:mi","language:mk","language:ml","language:mn","language:mr","language:ms","language:mt","language:mus","language:my","language:nb","language:nds","language:ne","language:nhn","language:nl","language:nn","language:no","language:nqo","language:nr","language:nso","language:oc","language:or","language:os","language:pa","language:pl","language:ps","language:pt","language:quz","language:ro","language:ru","language:rw","language:si","language:sk","language:sl","language:so","language:sq","language:sr","language:st","language:sv","language:sw","language:szl","language:ta","language:te","language:tg","language:th","language:tk","language:tl","language:tr","language:ts","language:tt","language:tyj","language:ug","language:uk","language:ur","language:uz","language:vi","language:wa","language:xh","language:yi","language:yo","language:zh","language:zu","license:unknown"],"citation":"@InProceedings{TIEDEMANN12.463,\n  author = {J{\\\"o}rg Tiedemann},\n  title = {Parallel Data, Tools and Interfaces in OPUS},\n  booktitle = {Proceedings of the Eight International Conference on Language Resources and Evaluation (LREC'12)},\n  year = {2012},\n  month = {may},\n  date = {23-25},\n  address = {Istanbul, Turkey},\n  editor = {Nicoletta Calzolari (Conference Chair) and Khalid Choukri and Thierry Declerck and Mehmet Ugur Dogan and Bente Maegaard and Joseph Mariani and Jan Odijk and Stelios Piperidis},\n  publisher = {European Language Resources Association (ELRA)},\n  isbn = {978-2-9517408-7-7},\n  language = {english}\n }","description":"A parallel corpus of GNOME localization files. Source: https://l10n.gnome.org\n\n187 languages, 12,822 bitexts\ntotal number of files: 113,344\ntotal number of tokens: 267.27M\ntotal number of sentence fragments: 58.12M","downloads":1187,"likes":0,"cardData":{"annotations_creators":["found"],"language_creators":["found"],"language":["af","am","an","ang","ar","as","ast","az","bal","be","bem","bg","bn","bo","br","brx","bs","ca","crh","cs","csb","cy","da","de","dv","dz","el","en","eo","es","et","eu","fa","fi","fo","fr","fur","fy","ga","gd","gl","gn","gu","gv","ha","he","hi","hr","hu","hy","ia","id","ig","io","is","it","ja","jbo","ka","kg","kk","km","kn","ko","kr","ks","ku","ky","la","lg","li","lo","lt","lv","mai","mg","mi","mk","ml","mn","mr","ms","mt","mus","my","nb","nds","ne","nhn","nl","nn","no","nqo","nr","nso","oc","or","os","pa","pl","ps","pt","quz","ro","ru","rw","si","sk","sl","so","sq","sr","st","sv","sw","szl","ta","te","tg","th","tk","tl","tr","ts","tt","tyj","ug","uk","ur","uz","vi","wa","xh","yi","yo","zh","zu"],"language_bcp47":["ar-TN","az-IR","bg-BG","bn-IN","da-DK","de-CH","en-AU","en-CA","en-GB","en-NZ","en-US","en-ZA","es-AR","es-CL","es-CO","es-CR","es-DO","es-EC","es-ES","es-GT","es-HN","es-MX","es-NI","es-PA","es-PE","es-PR","es-SV","es-UY","es-VE","fa-IR","hi-IN","it-IT","ms-MY","nb-NO","nn-NO","no-NB","pt-BR","pt-PT","sr-ME","tg-TJ","tl-PH","tr-TR","ur-PK","vi-VN","zh-CN","zh-HK","zh-TW"],"license":["unknown"],"multilinguality":["multilingual"],"size_categories":["10K<n<100K","1K<n<10K","n<1K"],"source_datasets":["original"],"task_categories":["translation"],"task_ids":[],"paperswithcode_id":null,"pretty_name":"OpusGnome","configs":["ar-bal","bg-csb","ca-en_GB","cs-eo","cs-tk","da-vi","de-ha","de-tt","el-sk","en_GB-my"],"dataset_info":[{"config_name":"ar-bal","features":[{"name":"id","dtype":"string"},{"name":"translation","dtype":{"translation":{"languages":["ar","bal"]}}}],"splits":[{"name":"train","num_bytes":5150,"num_examples":60}],"download_size":2503,"dataset_size":5150},{"config_name":"bg-csb","features":[{"name":"id","dtype":"string"},{"name":"translation","dtype":{"translation":{"languages":["bg","csb"]}}}],"splits":[{"name":"train","num_bytes":172545,"num_examples":1768}],"download_size":29706,"dataset_size":172545},{"config_name":"ca-en_GB","features":[{"name":"id","dtype":"string"},{"name":"translation","dtype":{"translation":{"languages":["ca","en_GB"]}}}],"splits":[{"name":"train","num_bytes":1007488,"num_examples":7982}],"download_size":188727,"dataset_size":1007488},{"config_name":"cs-eo","features":[{"name":"id","dtype":"string"},{"name":"translation","dtype":{"translation":{"languages":["cs","eo"]}}}],"splits":[{"name":"train","num_bytes":2895,"num_examples":73}],"download_size":3055,"dataset_size":2895},{"config_name":"de-ha","features":[{"name":"id","dtype":"string"},{"name":"translation","dtype":{"translation":{"languages":["de","ha"]}}}],"splits":[{"name":"train","num_bytes":22899,"num_examples":216}],"download_size":5287,"dataset_size":22899},{"config_name":"cs-tk","features":[{"name":"id","dtype":"string"},{"name":"translation","dtype":{"translation":{"languages":["cs","tk"]}}}],"splits":[{"name":"train","num_bytes":1197731,"num_examples":18686}],"download_size":98044,"dataset_size":1197731},{"config_name":"da-vi","features":[{"name":"id","dtype":"string"},{"name":"translation","dtype":{"translation":{"languages":["da","vi"]}}}],"splits":[{"name":"train","num_bytes":9372,"num_examples":149}],"download_size":5432,"dataset_size":9372},{"config_name":"en_GB-my","features":[{"name":"id","dtype":"string"},{"name":"translation","dtype":{"translation":{"languages":["en_GB","my"]}}}],"splits":[{"name":"train","num_bytes":3298074,"num_examples":28232}],"download_size":362750,"dataset_size":3298074},{"config_name":"el-sk","features":[{"name":"id","dtype":"string"},{"name":"translation","dtype":{"translation":{"languages":["el","sk"]}}}],"splits":[{"name":"train","num_bytes":12121,"num_examples":150}],"download_size":6116,"dataset_size":12121},{"config_name":"de-tt","features":[{"name":"id","dtype":"string"},{"name":"translation","dtype":{"translation":{"languages":["de","tt"]}}}],"splits":[{"name":"train","num_bytes":134978,"num_examples":2169}],"download_size":15891,"dataset_size":134978}]},"siblings":[{"rfilename":".gitattributes"},{"rfilename":"README.md"},{"rfilename":"dataset_infos.json"},{"rfilename":"opus_gnome.py"}]}