{"_id":"621ffdd236468d709f181f1b","id":"opus_ubuntu","sha":"35ac7b245d279ee25bf98ccff8c8e5a229b35d33","lastModified":"2022-11-03T16:32:16.000Z","private":false,"gated":false,"disabled":false,"tags":["task_categories:translation","annotations_creators:crowdsourced","annotations_creators:expert-generated","language_creators:found","multilinguality:multilingual","size_categories:10K<n<100K","size_categories:1K<n<10K","size_categories:n<1K","source_datasets:original","language:ace","language:af","language:ak","language:am","language:an","language:ang","language:ar","language:ary","language:as","language:ast","language:az","language:ba","language:bal","language:be","language:bem","language:ber","language:bg","language:bho","language:bn","language:bo","language:br","language:brx","language:bs","language:bua","language:byn","language:ca","language:ce","language:ceb","language:chr","language:ckb","language:co","language:crh","language:cs","language:csb","language:cv","language:cy","language:da","language:de","language:dsb","language:dv","language:dz","language:el","language:en","language:eo","language:es","language:et","language:eu","language:fa","language:ff","language:fi","language:fil","language:fo","language:fr","language:frm","language:frp","language:fur","language:fy","language:ga","language:gd","language:gl","language:gn","language:grc","language:gu","language:guc","language:gv","language:ha","language:haw","language:he","language:hi","language:hil","language:hne","language:hr","language:hsb","language:ht","language:hu","language:hy","language:ia","language:id","language:ig","language:io","language:is","language:it","language:iu","language:ja","language:jbo","language:jv","language:ka","language:kab","language:kg","language:kk","language:kl","language:km","language:kn","language:ko","language:kok","language:ks","language:ksh","language:ku","language:kw","language:ky","language:la","language:lb","language:lg","language:li","language:lij","language:lld","language:ln","language:lo","language:lt","language:ltg","language:lv","language:mai","language:mg","language:mh","language:mhr","language:mi","language:miq","language:mk","language:ml","language:mn","language:mr","language:ms","language:mt","language:mus","language:my","language:nan","language:nap","language:nb","language:nds","language:ne","language:nhn","language:nl","language:nn","language:no","language:nso","language:ny","language:oc","language:om","language:or","language:os","language:pa","language:pam","language:pap","language:pl","language:pms","language:pmy","language:ps","language:pt","language:qu","language:rm","language:ro","language:rom","language:ru","language:rw","language:sa","language:sc","language:sco","language:sd","language:se","language:shn","language:shs","language:si","language:sk","language:sl","language:sm","language:sml","language:sn","language:so","language:son","language:sq","language:sr","language:st","language:sv","language:sw","language:syr","language:szl","language:ta","language:te","language:tet","language:tg","language:th","language:ti","language:tk","language:tl","language:tlh","language:tr","language:trv","language:ts","language:tt","language:ug","language:uk","language:ur","language:uz","language:ve","language:vec","language:vi","language:wa","language:wae","language:wo","language:xal","language:xh","language:yi","language:yo","language:zh","language:zu","language:zza","license:bsd-3-clause"],"citation":"@InProceedings{TIEDEMANN12.463,\n  author = {J{\\\"o}rg Tiedemann},\n  title = {Parallel Data, Tools and Interfaces in OPUS},\n  booktitle = {Proceedings of the Eight International Conference on Language Resources and Evaluation (LREC'12)},\n  year = {2012},\n  month = {may},\n  date = {23-25},\n  address = {Istanbul, Turkey},\n  editor = {Nicoletta Calzolari (Conference Chair) and Khalid Choukri and Thierry Declerck and Mehmet Ugur Dogan and Bente Maegaard and Joseph Mariani and Jan Odijk and Stelios Piperidis},\n  publisher = {European Language Resources Association (ELRA)},\n  isbn = {978-2-9517408-7-7},\n  language = {english}\n }","description":"A parallel corpus of Ubuntu localization files. Source: https://translations.launchpad.net\n244 languages, 23,988 bitexts\ntotal number of files: 30,959\ntotal number of tokens: 29.84M\ntotal number of sentence fragments: 7.73M","downloads":1197,"likes":0,"cardData":{"annotations_creators":["crowdsourced","expert-generated"],"language_creators":["found"],"language":["ace","af","ak","am","an","ang","ar","ary","as","ast","az","ba","bal","be","bem","ber","bg","bho","bn","bo","br","brx","bs","bua","byn","ca","ce","ceb","chr","ckb","co","crh","cs","csb","cv","cy","da","de","dsb","dv","dz","el","en","eo","es","et","eu","fa","ff","fi","fil","fo","fr","frm","frp","fur","fy","ga","gd","gl","gn","grc","gu","guc","gv","ha","haw","he","hi","hil","hne","hr","hsb","ht","hu","hy","ia","id","ig","io","is","it","iu","ja","jbo","jv","ka","kab","kg","kk","kl","km","kn","ko","kok","ks","ksh","ku","kw","ky","la","lb","lg","li","lij","lld","ln","lo","lt","ltg","lv","mai","mg","mh","mhr","mi","miq","mk","ml","mn","mr","ms","mt","mus","my","nan","nap","nb","nds","ne","nhn","nl","nn","no","nso","ny","oc","om","or","os","pa","pam","pap","pl","pms","pmy","ps","pt","qu","rm","ro","rom","ru","rw","sa","sc","sco","sd","se","shn","shs","si","sk","sl","sm","sml","sn","so","son","sq","sr","st","sv","sw","syr","szl","ta","te","tet","tg","th","ti","tk","tl","tlh","tr","trv","ts","tt","ug","uk","ur","uz","ve","vec","vi","wa","wae","wo","xal","xh","yi","yo","zh","zu","zza"],"language_bcp47":["ar-SY","bn-IN","de-AT","de-DE","en-AU","en-CA","en-GB","en-NZ","en-US","es-AR","es-CL","es-CO","es-CR","es-DO","es-EC","es-ES","es-GT","es-HN","es-MX","es-NI","es-PA","es-PE","es-PR","es-SV","es-UY","es-VE","fa-AF","fr-CA","fr-FR","nl-NL","pt-BR","pt-PT","ta-LK","zh-CN","zh-HK","zh-TW"],"license":["bsd-3-clause"],"multilinguality":["multilingual"],"size_categories":["10K<n<100K","1K<n<10K","n<1K"],"source_datasets":["original"],"task_categories":["translation"],"task_ids":[],"paperswithcode_id":null,"pretty_name":"Opus Ubuntu","configs":["as-bs","az-cs","bg-de","bn-ga","br-es_PR","br-hi","br-la","br-uz","br-yi","bs-szl"],"dataset_info":[{"config_name":"as-bs","features":[{"name":"id","dtype":"string"},{"name":"translation","dtype":{"translation":{"languages":["as","bs"]}}}],"splits":[{"name":"train","num_bytes":1037811,"num_examples":8583}],"download_size":229723,"dataset_size":1037811},{"config_name":"az-cs","features":[{"name":"id","dtype":"string"},{"name":"translation","dtype":{"translation":{"languages":["az","cs"]}}}],"splits":[{"name":"train","num_bytes":17821,"num_examples":293}],"download_size":9501,"dataset_size":17821},{"config_name":"bg-de","features":[{"name":"id","dtype":"string"},{"name":"translation","dtype":{"translation":{"languages":["bg","de"]}}}],"splits":[{"name":"train","num_bytes":27627,"num_examples":184}],"download_size":9994,"dataset_size":27627},{"config_name":"br-es_PR","features":[{"name":"id","dtype":"string"},{"name":"translation","dtype":{"translation":{"languages":["br","es_PR"]}}}],"splits":[{"name":"train","num_bytes":8875,"num_examples":125}],"download_size":5494,"dataset_size":8875},{"config_name":"bn-ga","features":[{"name":"id","dtype":"string"},{"name":"translation","dtype":{"translation":{"languages":["bn","ga"]}}}],"splits":[{"name":"train","num_bytes":584629,"num_examples":7324}],"download_size":142710,"dataset_size":584629},{"config_name":"br-hi","features":[{"name":"id","dtype":"string"},{"name":"translation","dtype":{"translation":{"languages":["br","hi"]}}}],"splits":[{"name":"train","num_bytes":1300081,"num_examples":15551}],"download_size":325415,"dataset_size":1300081},{"config_name":"br-la","features":[{"name":"id","dtype":"string"},{"name":"translation","dtype":{"translation":{"languages":["br","la"]}}}],"splits":[{"name":"train","num_bytes":29341,"num_examples":527}],"download_size":11565,"dataset_size":29341},{"config_name":"bs-szl","features":[{"name":"id","dtype":"string"},{"name":"translation","dtype":{"translation":{"languages":["bs","szl"]}}}],"splits":[{"name":"train","num_bytes":41116,"num_examples":646}],"download_size":18134,"dataset_size":41116},{"config_name":"br-uz","features":[{"name":"id","dtype":"string"},{"name":"translation","dtype":{"translation":{"languages":["br","uz"]}}}],"splits":[{"name":"train","num_bytes":110278,"num_examples":1416}],"download_size":33595,"dataset_size":110278},{"config_name":"br-yi","features":[{"name":"id","dtype":"string"},{"name":"translation","dtype":{"translation":{"languages":["br","yi"]}}}],"splits":[{"name":"train","num_bytes":172846,"num_examples":2799}],"download_size":41956,"dataset_size":172846}]},"siblings":[{"rfilename":".gitattributes"},{"rfilename":"README.md"},{"rfilename":"dataset_infos.json"},{"rfilename":"opus_ubuntu.py"}]}