{"_id":"621ffdd236468d709f181fb9","id":"tatoeba","sha":"f0b1d791cdd3b9439a9221c9fab50ed8841538f4","lastModified":"2022-11-03T16:32:34.000Z","private":false,"gated":false,"disabled":false,"tags":["task_categories:translation","annotations_creators:found","language_creators:found","multilinguality:multilingual","size_categories:10K<n<100K","source_datasets:original","language:ab","language:acm","language:ady","language:af","language:afb","language:afh","language:aii","language:ain","language:ajp","language:akl","language:aln","language:am","language:an","language:ang","language:aoz","language:apc","language:ar","language:arq","language:ary","language:arz","language:as","language:ast","language:avk","language:awa","language:ayl","language:az","language:ba","language:bal","language:bar","language:be","language:ber","language:bg","language:bho","language:bjn","language:bm","language:bn","language:bo","language:br","language:brx","language:bs","language:bua","language:bvy","language:bzt","language:ca","language:cay","language:cbk","language:ce","language:ceb","language:ch","language:chg","language:chn","language:cho","language:chr","language:cjy","language:ckb","language:ckt","language:cmn","language:co","language:code","language:cpi","language:crh","language:crk","language:cs","language:csb","language:cv","language:cy","language:da","language:de","language:dng","language:drt","language:dsb","language:dtp","language:dv","language:dws","language:ee","language:egl","language:el","language:emx","language:en","language:enm","language:eo","language:es","language:et","language:eu","language:ext","language:fi","language:fj","language:fkv","language:fo","language:fr","language:frm","language:fro","language:frr","language:fuc","language:fur","language:fuv","language:fy","language:ga","language:gag","language:gan","language:gbm","language:gcf","language:gd","language:gil","language:gl","language:gn","language:gom","language:gos","language:got","language:grc","language:gsw","language:gu","language:gv","language:ha","language:hak","language:haw","language:hbo","language:he","language:hi","language:hif","language:hil","language:hnj","language:hoc","language:hr","language:hrx","language:hsb","language:hsn","language:ht","language:hu","language:hy","language:ia","language:iba","language:id","language:ie","language:ig","language:ii","language:ike","language:ilo","language:io","language:is","language:it","language:izh","language:ja","language:jam","language:jbo","language:jdt","language:jpa","language:jv","language:ka","language:kaa","language:kab","language:kam","language:kek","language:kha","language:kjh","language:kk","language:kl","language:km","language:kmr","language:kn","language:ko","language:koi","language:kpv","language:krc","language:krl","language:ksh","language:ku","language:kum","language:kw","language:kxi","language:ky","language:la","language:laa","language:lad","language:lb","language:ldn","language:lfn","language:lg","language:lij","language:liv","language:lkt","language:lld","language:lmo","language:ln","language:lo","language:lt","language:ltg","language:lut","language:lv","language:lzh","language:lzz","language:mad","language:mai","language:max","language:mdf","language:mfe","language:mg","language:mgm","language:mh","language:mhr","language:mi","language:mic","language:min","language:mk","language:ml","language:mn","language:mni","language:mnw","language:moh","language:mr","language:mt","language:mvv","language:mwl","language:mww","language:my","language:myv","language:na","language:nah","language:nan","language:nb","language:nch","language:nds","language:ngt","language:ngu","language:niu","language:nl","language:nlv","language:nn","language:nog","language:non","language:nov","language:npi","language:nst","language:nus","language:nv","language:ny","language:nys","language:oar","language:oc","language:ofs","language:ood","language:or","language:orv","language:os","language:osp","language:ota","language:otk","language:pa","language:pag","language:pal","language:pam","language:pap","language:pau","language:pcd","language:pdc","language:pes","language:phn","language:pi","language:pl","language:pms","language:pnb","language:ppl","language:prg","language:ps","language:pt","language:qu","language:quc","language:qya","language:rap","language:rif","language:rm","language:rn","language:ro","language:rom","language:ru","language:rue","language:rw","language:sa","language:sah","language:sc","language:scn","language:sco","language:sd","language:sdh","language:se","language:sg","language:sgs","language:shs","language:shy","language:si","language:sjn","language:sl","language:sm","language:sma","language:sn","language:so","language:sq","language:sr","language:stq","language:su","language:sux","language:sv","language:swg","language:swh","language:syc","language:ta","language:te","language:tet","language:tg","language:th","language:thv","language:ti","language:tig","language:tk","language:tl","language:tlh","language:tly","language:tmr","language:tmw","language:tn","language:to","language:toi","language:tok","language:tpi","language:tpw","language:tr","language:ts","language:tt","language:tts","language:tvl","language:ty","language:tyv","language:tzl","language:udm","language:ug","language:uk","language:umb","language:ur","language:uz","language:vec","language:vep","language:vi","language:vo","language:vro","language:wa","language:war","language:wo","language:wuu","language:xal","language:xh","language:xqa","language:yi","language:yo","language:yue","language:zlm","language:zsm","language:zu","language:zza","license:cc-by-2.0"],"citation":"@InProceedings{TIEDEMANN12.463,\n  author = {J{\\\"o}rg}rg Tiedemann},\n  title = {Parallel Data, Tools and Interfaces in OPUS},\n  booktitle = {Proceedings of the Eight International Conference on Language Resources and Evaluation (LREC'12)},\n  year = {2012},\n  month = {may},\n  date = {23-25},\n  address = {Istanbul, Turkey},\n  editor = {Nicoletta Calzolari (Conference Chair) and Khalid Choukri and Thierry Declerck and Mehmet Ugur Dogan and Bente Maegaard and Joseph Mariani and Jan Odijk and Stelios Piperidis},\n  publisher = {European Language Resources Association (ELRA)},\n  isbn = {978-2-9517408-7-7},\n  language = {english}\n }","description":"This is a collection of translated sentences from Tatoeba\n359 languages, 3,403 bitexts\ntotal number of files: 750\ntotal number of tokens: 65.54M\ntotal number of sentence fragments: 8.96M","paperswithcode_id":"tatoeba","downloads":1570,"likes":7,"cardData":{"annotations_creators":["found"],"language_creators":["found"],"language":["ab","acm","ady","af","afb","afh","aii","ain","ajp","akl","aln","am","an","ang","aoz","apc","ar","arq","ary","arz","as","ast","avk","awa","ayl","az","ba","bal","bar","be","ber","bg","bho","bjn","bm","bn","bo","br","brx","bs","bua","bvy","bzt","ca","cay","cbk","ce","ceb","ch","chg","chn","cho","chr","cjy","ckb","ckt","cmn","co","code","cpi","crh","crk","cs","csb","cv","cy","da","de","dng","drt","dsb","dtp","dv","dws","ee","egl","el","emx","en","enm","eo","es","et","eu","ext","fi","fj","fkv","fo","fr","frm","fro","frr","fuc","fur","fuv","fy","ga","gag","gan","gbm","gcf","gd","gil","gl","gn","gom","gos","got","grc","gsw","gu","gv","ha","hak","haw","hbo","he","hi","hif","hil","hnj","hoc","hr","hrx","hsb","hsn","ht","hu","hy","ia","iba","id","ie","ig","ii","ike","ilo","io","is","it","izh","ja","jam","jbo","jdt","jpa","jv","ka","kaa","kab","kam","kek","kha","kjh","kk","kl","km","kmr","kn","ko","koi","kpv","krc","krl","ksh","ku","kum","kw","kxi","ky","la","laa","lad","lb","ldn","lfn","lg","lij","liv","lkt","lld","lmo","ln","lo","lt","ltg","lut","lv","lzh","lzz","mad","mai","max","mdf","mfe","mg","mgm","mh","mhr","mi","mic","min","mk","ml","mn","mni","mnw","moh","mr","mt","mvv","mwl","mww","my","myv","na","nah","nan","nb","nch","nds","ngt","ngu","niu","nl","nlv","nn","nog","non","nov","npi","nst","nus","nv","ny","nys","oar","oc","ofs","ood","or","orv","os","osp","ota","otk","pa","pag","pal","pam","pap","pau","pcd","pdc","pes","phn","pi","pl","pms","pnb","ppl","prg","ps","pt","qu","quc","qya","rap","rif","rm","rn","ro","rom","ru","rue","rw","sa","sah","sc","scn","sco","sd","sdh","se","sg","sgs","shs","shy","si","sjn","sl","sm","sma","sn","so","sq","sr","stq","su","sux","sv","swg","swh","syc","ta","te","tet","tg","th","thv","ti","tig","tk","tl","tlh","tly","tmr","tmw","tn","to","toi","tok","tpi","tpw","tr","ts","tt","tts","tvl","ty","tyv","tzl","udm","ug","uk","umb","ur","uz","vec","vep","vi","vo","vro","wa","war","wo","wuu","xal","xh","xqa","yi","yo","yue","zlm","zsm","zu","zza"],"license":["cc-by-2.0"],"multilinguality":["multilingual"],"size_categories":["10K<n<100K"],"source_datasets":["original"],"task_categories":["translation"],"task_ids":[],"paperswithcode_id":"tatoeba","pretty_name":"Tatoeba","dataset_info":[{"config_name":"en-mr","features":[{"name":"id","dtype":"string"},{"name":"translation","dtype":{"translation":{"languages":["en","mr"]}}}],"splits":[{"name":"train","num_bytes":6190484,"num_examples":53462}],"download_size":1436200,"dataset_size":6190484},{"config_name":"eo-nl","features":[{"name":"id","dtype":"string"},{"name":"translation","dtype":{"translation":{"languages":["eo","nl"]}}}],"splits":[{"name":"train","num_bytes":8150048,"num_examples":93650}],"download_size":3020382,"dataset_size":8150048},{"config_name":"es-pt","features":[{"name":"id","dtype":"string"},{"name":"translation","dtype":{"translation":{"languages":["es","pt"]}}}],"splits":[{"name":"train","num_bytes":6180464,"num_examples":67782}],"download_size":2340361,"dataset_size":6180464},{"config_name":"fr-ru","features":[{"name":"id","dtype":"string"},{"name":"translation","dtype":{"translation":{"languages":["fr","ru"]}}}],"splits":[{"name":"train","num_bytes":19775390,"num_examples":195161}],"download_size":5509784,"dataset_size":19775390},{"config_name":"es-gl","features":[{"name":"id","dtype":"string"},{"name":"translation","dtype":{"translation":{"languages":["es","gl"]}}}],"splits":[{"name":"train","num_bytes":287683,"num_examples":3135}],"download_size":128506,"dataset_size":287683}]},"siblings":[{"rfilename":".gitattributes"},{"rfilename":"README.md"},{"rfilename":"dataset_infos.json"},{"rfilename":"tatoeba.py"}]}