{"_id":"621ffdd236468d709f181fbd","id":"ted_talks_iwslt","sha":"c9b711fb8e09017bb430d0ae5b86caea7642c381","lastModified":"2022-10-28T16:41:35.000Z","private":false,"gated":false,"disabled":false,"tags":["task_categories:translation","annotations_creators:expert-generated","language_creators:crowdsourced","language_creators:expert-generated","multilinguality:translation","size_categories:1K<n<10K","size_categories:n<1K","source_datasets:original","language:af","language:am","language:ar","language:arq","language:art","language:as","language:ast","language:az","language:be","language:bg","language:bi","language:bn","language:bo","language:bs","language:ca","language:ceb","language:cnh","language:cs","language:da","language:de","language:el","language:en","language:eo","language:es","language:et","language:eu","language:fa","language:fi","language:fil","language:fr","language:ga","language:gl","language:gu","language:ha","language:he","language:hi","language:hr","language:ht","language:hu","language:hup","language:hy","language:id","language:ig","language:inh","language:is","language:it","language:ja","language:ka","language:kk","language:km","language:kn","language:ko","language:ku","language:ky","language:la","language:lb","language:lo","language:lt","language:ltg","language:lv","language:mg","language:mk","language:ml","language:mn","language:mr","language:ms","language:mt","language:my","language:nb","language:ne","language:nl","language:nn","language:oc","language:pa","language:pl","language:ps","language:pt","language:ro","language:ru","language:rup","language:sh","language:si","language:sk","language:sl","language:so","language:sq","language:sr","language:sv","language:sw","language:szl","language:ta","language:te","language:tg","language:th","language:tl","language:tlh","language:tr","language:tt","language:ug","language:uk","language:ur","language:uz","language:vi","language:zh","license:cc-by-nc-nd-4.0"],"citation":"@inproceedings{cettolo-etal-2012-wit3,\n    title = \"{WIT}3: Web Inventory of Transcribed and Translated Talks\",\n    author = \"Cettolo, Mauro  and\n      Girardi, Christian  and\n      Federico, Marcello\",\n    booktitle = \"Proceedings of the 16th Annual conference of the European Association for Machine Translation\",\n    month = may # \" 28{--}30\",\n    year = \"2012\",\n    address = \"Trento, Italy\",\n    publisher = \"European Association for Machine Translation\",\n    url = \"https://www.aclweb.org/anthology/2012.eamt-1.60\",\n    pages = \"261--268\",\n}","description":"The core of WIT3 is the TED Talks corpus, that basically redistributes the original content published by the TED Conference website (http://www.ted.com). Since 2007,\nthe TED Conference, based in California, has been posting all video recordings of its talks together with subtitles in English\nand their translations in more than 80 languages. Aside from its cultural and social relevance, this content, which is published under the Creative Commons BYNC-ND license, also represents a precious\nlanguage resource for the machine translation research community, thanks to its size, variety of topics, and covered languages.\nThis effort repurposes the original content in a way which is more convenient for machine translation researchers.","downloads":2896,"likes":3,"cardData":{"annotations_creators":["expert-generated"],"language_creators":["crowdsourced","expert-generated"],"language":["af","am","ar","arq","art","as","ast","az","be","bg","bi","bn","bo","bs","ca","ceb","cnh","cs","da","de","el","en","eo","es","et","eu","fa","fi","fil","fr","ga","gl","gu","ha","he","hi","hr","ht","hu","hup","hy","id","ig","inh","is","it","ja","ka","kk","km","kn","ko","ku","ky","la","lb","lo","lt","ltg","lv","mg","mk","ml","mn","mr","ms","mt","my","nb","ne","nl","nn","oc","pa","pl","ps","pt","ro","ru","rup","sh","si","sk","sl","so","sq","sr","sv","sw","szl","ta","te","tg","th","tl","tlh","tr","tt","ug","uk","ur","uz","vi","zh"],"language_bcp47":["art-x-bork","fr-CA","pt-BR","zh-CN","zh-TW"],"license":["cc-by-nc-nd-4.0"],"multilinguality":["translation"],"size_categories":["1K<n<10K","n<1K"],"source_datasets":["original"],"task_categories":["translation"],"task_ids":[],"paperswithcode_id":null,"pretty_name":"Web Inventory of Transcribed & Translated (WIT) Ted Talks","configs":["de_ja_2014","de_ja_2015","de_ja_2016","eu_ca_2014","eu_ca_2015","eu_ca_2016","fr-ca_hi_2014","fr-ca_hi_2015","fr-ca_hi_2016","nl_en_2014","nl_en_2015","nl_en_2016","nl_hi_2014","nl_hi_2015","nl_hi_2016"],"dataset_info":[{"config_name":"eu_ca_2014","features":[{"name":"translation","dtype":{"translation":{"languages":["eu","ca"]}}}],"splits":[{"name":"train","num_bytes":15192,"num_examples":44}],"download_size":1666674366,"dataset_size":15192},{"config_name":"eu_ca_2015","features":[{"name":"translation","dtype":{"translation":{"languages":["eu","ca"]}}}],"splits":[{"name":"train","num_bytes":18768,"num_examples":52}],"download_size":1666674366,"dataset_size":18768},{"config_name":"eu_ca_2016","features":[{"name":"translation","dtype":{"translation":{"languages":["eu","ca"]}}}],"splits":[{"name":"train","num_bytes":19506,"num_examples":54}],"download_size":1666674366,"dataset_size":19506},{"config_name":"nl_en_2014","features":[{"name":"translation","dtype":{"translation":{"languages":["nl","en"]}}}],"splits":[{"name":"train","num_bytes":1035545,"num_examples":2966}],"download_size":1666674366,"dataset_size":1035545},{"config_name":"nl_en_2015","features":[{"name":"translation","dtype":{"translation":{"languages":["nl","en"]}}}],"splits":[{"name":"train","num_bytes":1292610,"num_examples":3550}],"download_size":1666674366,"dataset_size":1292610},{"config_name":"nl_en_2016","features":[{"name":"translation","dtype":{"translation":{"languages":["nl","en"]}}}],"splits":[{"name":"train","num_bytes":1434207,"num_examples":3852}],"download_size":1666674366,"dataset_size":1434207},{"config_name":"nl_hi_2014","features":[{"name":"translation","dtype":{"translation":{"languages":["nl","hi"]}}}],"splits":[{"name":"train","num_bytes":214870,"num_examples":367}],"download_size":1666674366,"dataset_size":214870},{"config_name":"nl_hi_2015","features":[{"name":"translation","dtype":{"translation":{"languages":["nl","hi"]}}}],"splits":[{"name":"train","num_bytes":252192,"num_examples":421}],"download_size":1666674366,"dataset_size":252192},{"config_name":"nl_hi_2016","features":[{"name":"translation","dtype":{"translation":{"languages":["nl","hi"]}}}],"splits":[{"name":"train","num_bytes":310922,"num_examples":496}],"download_size":1666674366,"dataset_size":310922},{"config_name":"de_ja_2014","features":[{"name":"translation","dtype":{"translation":{"languages":["de","ja"]}}}],"splits":[{"name":"train","num_bytes":1074403,"num_examples":2536}],"download_size":1666674366,"dataset_size":1074403},{"config_name":"de_ja_2015","features":[{"name":"translation","dtype":{"translation":{"languages":["de","ja"]}}}],"splits":[{"name":"train","num_bytes":1442047,"num_examples":3247}],"download_size":1666674366,"dataset_size":1442047},{"config_name":"de_ja_2016","features":[{"name":"translation","dtype":{"translation":{"languages":["de","ja"]}}}],"splits":[{"name":"train","num_bytes":1630729,"num_examples":3590}],"download_size":1666674366,"dataset_size":1630729},{"config_name":"fr-ca_hi_2014","features":[{"name":"translation","dtype":{"translation":{"languages":["fr-ca","hi"]}}}],"splits":[{"name":"train","num_bytes":74472,"num_examples":127}],"download_size":1666674366,"dataset_size":74472},{"config_name":"fr-ca_hi_2015","features":[{"name":"translation","dtype":{"translation":{"languages":["fr-ca","hi"]}}}],"splits":[{"name":"train","num_bytes":82448,"num_examples":141}],"download_size":1666674366,"dataset_size":82448},{"config_name":"fr-ca_hi_2016","features":[{"name":"translation","dtype":{"translation":{"languages":["fr-ca","hi"]}}}],"splits":[{"name":"train","num_bytes":93425,"num_examples":156}],"download_size":1666674366,"dataset_size":93425}]},"siblings":[{"rfilename":".gitattributes"},{"rfilename":"README.md"},{"rfilename":"data/XML_releases.tgz"},{"rfilename":"dataset_infos.json"},{"rfilename":"ted_talks_iwslt.py"}]}