{"_id":"621ffdd236468d709f181fe8","id":"udhr","sha":"36a71b270bf3a7fa355fc656c8b96b7094350a3c","lastModified":"2022-11-03T16:16:11.000Z","private":false,"gated":false,"disabled":false,"tags":["task_categories:translation","annotations_creators:no-annotation","language_creators:found","multilinguality:multilingual","size_categories:n<1K","source_datasets:original","language:aa","language:ab","language:ace","language:acu","language:ada","language:ady","language:af","language:agr","language:aii","language:ajg","language:als","language:alt","language:am","language:amc","language:ame","language:ami","language:amr","language:ar","language:arl","language:arn","language:ast","language:auc","language:ay","language:az","language:ban","language:bax","language:bba","language:bci","language:be","language:bem","language:bfa","language:bg","language:bho","language:bi","language:bik","language:bin","language:blt","language:bm","language:bn","language:bo","language:boa","language:br","language:bs","language:buc","language:bug","language:bum","language:ca","language:cab","language:cak","language:cbi","language:cbr","language:cbs","language:cbt","language:cbu","language:ccp","language:ceb","language:cfm","language:ch","language:chj","language:chk","language:chr","language:cic","language:cjk","language:cjs","language:cjy","language:ckb","language:cnh","language:cni","language:cnr","language:co","language:cof","language:cot","language:cpu","language:crh","language:cri","language:crs","language:cs","language:csa","language:csw","language:ctd","language:cy","language:da","language:dag","language:ddn","language:de","language:dga","language:dip","language:duu","language:dv","language:dyo","language:dyu","language:dz","language:ee","language:el","language:en","language:eo","language:es","language:ese","language:et","language:eu","language:eve","language:evn","language:fa","language:fat","language:fi","language:fj","language:fkv","language:fo","language:fon","language:fr","language:fuf","language:fur","language:fuv","language:fvr","language:fy","language:ga","language:gaa","language:gag","language:gan","language:gd","language:gjn","language:gkp","language:gl","language:gld","language:gn","language:gsw","language:gu","language:guc","language:guu","language:gv","language:gyr","language:ha","language:hak","language:haw","language:he","language:hi","language:hil","language:hlt","language:hmn","language:hms","language:hna","language:hni","language:hnj","language:hns","language:hr","language:hsb","language:hsn","language:ht","language:hu","language:hus","language:huu","language:hy","language:ia","language:ibb","language:id","language:idu","language:ig","language:ii","language:ijs","language:ilo","language:io","language:is","language:it","language:iu","language:ja","language:jiv","language:jv","language:ka","language:kaa","language:kbd","language:kbp","language:kde","language:kdh","language:kea","language:kek","language:kg","language:kha","language:kjh","language:kk","language:kkh","language:kl","language:km","language:kmb","language:kn","language:ko","language:koi","language:koo","language:kqn","language:kqs","language:kr","language:kri","language:krl","language:ktu","language:ku","language:kwi","language:ky","language:la","language:lad","language:lah","language:lb","language:lg","language:lia","language:lij","language:lld","language:ln","language:lns","language:lo","language:lob","language:lot","language:loz","language:lt","language:lua","language:lue","language:lun","language:lus","language:lv","language:mad","language:mag","language:mai","language:mam","language:man","language:maz","language:mcd","language:mcf","language:men","language:mfq","language:mg","language:mh","language:mi","language:mic","language:min","language:miq","language:mk","language:ml","language:mn","language:mnw","language:mor","language:mos","language:mr","language:mt","language:mto","language:mxi","language:mxv","language:my","language:mzi","language:nan","language:nb","language:nba","language:nds","language:ne","language:ng","language:nhn","language:nio","language:niu","language:niv","language:njo","language:nku","language:nl","language:nn","language:not","language:nr","language:nso","language:nv","language:ny","language:nym","language:nyn","language:nzi","language:oaa","language:oc","language:ojb","language:oki","language:om","language:orh","language:os","language:ote","language:pa","language:pam","language:pap","language:pau","language:pbb","language:pcd","language:pcm","language:pis","language:piu","language:pl","language:pon","language:pov","language:ppl","language:prq","language:ps","language:pt","language:qu","language:quc","language:qug","language:quh","language:quy","language:qva","language:qvc","language:qvh","language:qvm","language:qvn","language:qwh","language:qxn","language:qxu","language:rar","language:rgn","language:rm","language:rmn","language:rn","language:ro","language:ru","language:rup","language:rw","language:sa","language:sah","language:sc","language:sco","language:se","language:sey","language:sg","language:shk","language:shn","language:shp","language:si","language:sk","language:skr","language:sl","language:slr","language:sm","language:sn","language:snk","language:snn","language:so","language:sr","language:srr","language:ss","language:st","language:su","language:suk","language:sus","language:sv","language:sw","language:swb","language:ta","language:taj","language:tbz","language:tca","language:tdt","language:te","language:tem","language:tet","language:tg","language:th","language:ti","language:tiv","language:tk","language:tl","language:tly","language:tn","language:to","language:tob","language:toi","language:toj","language:top","language:tpi","language:tr","language:ts","language:tsz","language:tt","language:tw","language:ty","language:tyv","language:tzh","language:tzm","language:tzo","language:udu","language:ug","language:uk","language:umb","language:und","language:ur","language:ura","language:uz","language:vai","language:ve","language:vec","language:vep","language:vi","language:vmw","language:wa","language:war","language:wo","language:wuu","language:wwa","language:xh","language:xsm","language:yad","language:yao","language:yap","language:yi","language:ykg","language:yo","language:yrk","language:yua","language:yue","language:za","language:zam","language:zdj","language:zgh","language:zh","language:zlm","language:zro","language:ztu","language:zu","license:unknown"],"description":"The Universal Declaration of Human Rights (UDHR) is a milestone document in the history of human rights. Drafted by\nrepresentatives with different legal and cultural backgrounds from all regions of the world, it set out, for the\nfirst time, fundamental human rights to be universally protected. The Declaration was adopted by the UN General\nAssembly in Paris on 10 December 1948 during its 183rd plenary meeting. The dataset includes translations of the\ndocument in 464+ languages and dialects.\n\n© 1996 – 2009 The Office of the High Commissioner for Human Rights\n\nThis plain text version prepared by the “UDHR in Unicode” project, https://www.unicode.org/udhr.","downloads":244,"likes":0,"cardData":{"annotations_creators":["no-annotation"],"language_creators":["found"],"language":["aa","ab","ace","acu","ada","ady","af","agr","aii","ajg","als","alt","am","amc","ame","ami","amr","ar","arl","arn","ast","auc","ay","az","ban","bax","bba","bci","be","bem","bfa","bg","bho","bi","bik","bin","blt","bm","bn","bo","boa","br","bs","buc","bug","bum","ca","cab","cak","cbi","cbr","cbs","cbt","cbu","ccp","ceb","cfm","ch","chj","chk","chr","cic","cjk","cjs","cjy","ckb","cnh","cni","cnr","co","cof","cot","cpu","crh","cri","crs","cs","csa","csw","ctd","cy","da","dag","ddn","de","dga","dip","duu","dv","dyo","dyu","dz","ee","el","en","eo","es","ese","et","eu","eve","evn","fa","fat","fi","fj","fkv","fo","fon","fr","fuf","fur","fuv","fvr","fy","ga","gaa","gag","gan","gd","gjn","gkp","gl","gld","gn","gsw","gu","guc","guu","gv","gyr","ha","hak","haw","he","hi","hil","hlt","hmn","hms","hna","hni","hnj","hns","hr","hsb","hsn","ht","hu","hus","huu","hy","ia","ibb","id","idu","ig","ii","ijs","ilo","io","is","it","iu","ja","jiv","jv","ka","kaa","kbd","kbp","kde","kdh","kea","kek","kg","kha","kjh","kk","kkh","kl","km","kmb","kn","ko","koi","koo","kqn","kqs","kr","kri","krl","ktu","ku","kwi","ky","la","lad","lah","lb","lg","lia","lij","lld","ln","lns","lo","lob","lot","loz","lt","lua","lue","lun","lus","lv","mad","mag","mai","mam","man","maz","mcd","mcf","men","mfq","mg","mh","mi","mic","min","miq","mk","ml","mn","mnw","mor","mos","mr","mt","mto","mxi","mxv","my","mzi","nan","nb","nba","nds","ne","ng","nhn","nio","niu","niv","njo","nku","nl","nn","not","nr","nso","nv","ny","nym","nyn","nzi","oaa","oc","ojb","oki","om","orh","os","ote","pa","pam","pap","pau","pbb","pcd","pcm","pis","piu","pl","pon","pov","ppl","prq","ps","pt","qu","quc","qug","quh","quy","qva","qvc","qvh","qvm","qvn","qwh","qxn","qxu","rar","rgn","rm","rmn","rn","ro","ru","rup","rw","sa","sah","sc","sco","se","sey","sg","shk","shn","shp","si","sk","skr","sl","slr","sm","sn","snk","snn","so","sr","srr","ss","st","su","suk","sus","sv","sw","swb","ta","taj","tbz","tca","tdt","te","tem","tet","tg","th","ti","tiv","tk","tl","tly","tn","to","tob","toi","toj","top","tpi","tr","ts","tsz","tt","tw","ty","tyv","tzh","tzm","tzo","udu","ug","uk","umb","und","ur","ura","uz","vai","ve","vec","vep","vi","vmw","wa","war","wo","wuu","wwa","xh","xsm","yad","yao","yap","yi","ykg","yo","yrk","yua","yue","za","zam","zdj","zgh","zh","zlm","zro","ztu","zu"],"language_bcp47":["az-Cyrl","az-Latn","bs-Cyrl","bs-Latn","ckb-Latn","de-1901","de-1996","el-monoton","el-polyton","fa-AF","fuf-Adlm","ha-NE","ha-NG","jv-Java","kg-AO","kkh-Lana","mn-Cyrl","pt-BR","pt-PT","rm-puter","rm-rumgr","rm-surmiran","rm-sursilv","rm-sutsilv","rm-vallader","sa-Gran","sr-Cyrl","sr-Latn","ta-LK","tk-Cyrl","tk-Latn","tw-akuapem","tw-asante","ug-Arab","ug-Latn","uz-Cyrl","uz-Latn","vi-Hani","zh-Hant","zlm-Arab","zlm-Latn"],"license":["unknown"],"multilinguality":["multilingual"],"size_categories":["n<1K"],"source_datasets":["original"],"task_categories":["translation"],"task_ids":[],"paperswithcode_id":null,"pretty_name":"The Universal Declaration of Human Rights (UDHR)","dataset_info":{"features":[{"name":"text","dtype":"string"},{"name":"lang_key","dtype":"string"},{"name":"lang_name","dtype":"string"},{"name":"iso639-3","dtype":"string"},{"name":"iso15924","dtype":"string"},{"name":"bcp47","dtype":"string"}],"splits":[{"name":"train","num_bytes":6753383,"num_examples":488}],"download_size":2389690,"dataset_size":6753383}},"siblings":[{"rfilename":".gitattributes"},{"rfilename":"README.md"},{"rfilename":"dataset_infos.json"},{"rfilename":"udhr.py"}]}