{"_id":"621ffdd236468d709f18200f","id":"wili_2018","sha":"4c285f8d46ef506b334b34a542c66f6f9257d27e","lastModified":"2023-01-25T15:02:28.000Z","private":false,"gated":false,"disabled":false,"tags":["task_categories:text-classification","annotations_creators:no-annotation","language_creators:found","multilinguality:multilingual","size_categories:100K<n<1M","source_datasets:original","language:ace","language:af","language:als","language:am","language:an","language:ang","language:ar","language:arz","language:as","language:ast","language:av","language:ay","language:az","language:azb","language:ba","language:bar","language:bcl","language:be","language:bg","language:bho","language:bjn","language:bn","language:bo","language:bpy","language:br","language:bs","language:bxr","language:ca","language:cbk","language:cdo","language:ce","language:ceb","language:chr","language:ckb","language:co","language:crh","language:cs","language:csb","language:cv","language:cy","language:da","language:de","language:diq","language:dsb","language:dty","language:dv","language:egl","language:el","language:en","language:eo","language:es","language:et","language:eu","language:ext","language:fa","language:fi","language:fo","language:fr","language:frp","language:fur","language:fy","language:ga","language:gag","language:gd","language:gl","language:glk","language:gn","language:gu","language:gv","language:ha","language:hak","language:he","language:hi","language:hif","language:hr","language:hsb","language:ht","language:hu","language:hy","language:ia","language:id","language:ie","language:ig","language:ilo","language:io","language:is","language:it","language:ja","language:jam","language:jbo","language:jv","language:ka","language:kaa","language:kab","language:kbd","language:kk","language:km","language:kn","language:ko","language:koi","language:kok","language:krc","language:ksh","language:ku","language:kv","language:kw","language:ky","language:la","language:lad","language:lb","language:lez","language:lg","language:li","language:lij","language:lmo","language:ln","language:lo","language:lrc","language:lt","language:ltg","language:lv","language:lzh","language:mai","language:map","language:mdf","language:mg","language:mhr","language:mi","language:min","language:mk","language:ml","language:mn","language:mr","language:mrj","language:ms","language:mt","language:mwl","language:my","language:myv","language:mzn","language:nan","language:nap","language:nb","language:nci","language:nds","language:ne","language:new","language:nl","language:nn","language:nrm","language:nso","language:nv","language:oc","language:olo","language:om","language:or","language:os","language:pa","language:pag","language:pam","language:pap","language:pcd","language:pdc","language:pfl","language:pl","language:pnb","language:ps","language:pt","language:qu","language:rm","language:ro","language:roa","language:ru","language:rue","language:rup","language:rw","language:sa","language:sah","language:sc","language:scn","language:sco","language:sd","language:sgs","language:sh","language:si","language:sk","language:sl","language:sme","language:sn","language:so","language:sq","language:sr","language:srn","language:stq","language:su","language:sv","language:sw","language:szl","language:ta","language:tcy","language:te","language:tet","language:tg","language:th","language:tk","language:tl","language:tn","language:to","language:tr","language:tt","language:tyv","language:udm","language:ug","language:uk","language:ur","language:uz","language:vec","language:vep","language:vi","language:vls","language:vo","language:vro","language:wa","language:war","language:wo","language:wuu","language:xh","language:xmf","language:yi","language:yo","language:zea","language:zh","license:odbl","language-identification","arxiv:1801.07779"],"citation":"@dataset{thoma_martin_2018_841984,\n  author       = {Thoma, Martin},\n  title        = {{WiLI-2018 - Wikipedia Language Identification database}},\n  month        = jan,\n  year         = 2018,\n  publisher    = {Zenodo},\n  version      = {1.0.0},\n  doi          = {10.5281/zenodo.841984},\n  url          = {https://doi.org/10.5281/zenodo.841984}\n}","description":"It is a benchmark dataset for language identification and contains 235000 paragraphs of 235 languages","paperswithcode_id":"wili-2018","downloads":249,"likes":0,"cardData":{"annotations_creators":["no-annotation"],"language_creators":["found"],"language":["ace","af","als","am","an","ang","ar","arz","as","ast","av","ay","az","azb","ba","bar","bcl","be","bg","bho","bjn","bn","bo","bpy","br","bs","bxr","ca","cbk","cdo","ce","ceb","chr","ckb","co","crh","cs","csb","cv","cy","da","de","diq","dsb","dty","dv","egl","el","en","eo","es","et","eu","ext","fa","fi","fo","fr","frp","fur","fy","ga","gag","gd","gl","glk","gn","gu","gv","ha","hak","he","hi","hif","hr","hsb","ht","hu","hy","ia","id","ie","ig","ilo","io","is","it","ja","jam","jbo","jv","ka","kaa","kab","kbd","kk","km","kn","ko","koi","kok","krc","ksh","ku","kv","kw","ky","la","lad","lb","lez","lg","li","lij","lmo","ln","lo","lrc","lt","ltg","lv","lzh","mai","map","mdf","mg","mhr","mi","min","mk","ml","mn","mr","mrj","ms","mt","mwl","my","myv","mzn","nan","nap","nb","nci","nds","ne","new","nl","nn","nrm","nso","nv","oc","olo","om","or","os","pa","pag","pam","pap","pcd","pdc","pfl","pl","pnb","ps","pt","qu","rm","ro","roa","ru","rue","rup","rw","sa","sah","sc","scn","sco","sd","sgs","sh","si","sk","sl","sme","sn","so","sq","sr","srn","stq","su","sv","sw","szl","ta","tcy","te","tet","tg","th","tk","tl","tn","to","tr","tt","tyv","udm","ug","uk","ur","uz","vec","vep","vi","vls","vo","vro","wa","war","wo","wuu","xh","xmf","yi","yo","zea","zh"],"license":["odbl"],"multilinguality":["multilingual"],"size_categories":["100K<n<1M"],"source_datasets":["original"],"task_categories":["text-classification"],"task_ids":[],"paperswithcode_id":"wili-2018","pretty_name":"Wili2018","language_bcp47":["be-tarask","map-bms","nds-nl","roa-tara","zh-yue"],"tags":["language-identification"],"dataset_info":{"features":[{"name":"sentence","dtype":"string"},{"name":"label","dtype":{"class_label":{"names":{"0":"cdo","1":"glk","2":"jam","3":"lug","4":"san","5":"rue","6":"wol","7":"new","8":"mwl","9":"bre","10":"ara","11":"hye","12":"xmf","13":"ext","14":"cor","15":"yor","16":"div","17":"asm","18":"lat","19":"cym","20":"hif","21":"ace","22":"kbd","23":"tgk","24":"rus","25":"nso","26":"mya","27":"msa","28":"ava","29":"cbk","30":"urd","31":"deu","32":"swa","33":"pus","34":"bxr","35":"udm","36":"csb","37":"yid","38":"vro","39":"por","40":"pdc","41":"eng","42":"tha","43":"hat","44":"lmo","45":"pag","46":"jav","47":"chv","48":"nan","49":"sco","50":"kat","51":"bho","52":"bos","53":"kok","54":"oss","55":"mri","56":"fry","57":"cat","58":"azb","59":"kin","60":"hin","61":"sna","62":"dan","63":"egl","64":"mkd","65":"ron","66":"bul","67":"hrv","68":"som","69":"pam","70":"nav","71":"ksh","72":"nci","73":"khm","74":"sgs","75":"srn","76":"bar","77":"cos","78":"ckb","79":"pfl","80":"arz","81":"roa-tara","82":"fra","83":"mai","84":"zh-yue","85":"guj","86":"fin","87":"kir","88":"vol","89":"hau","90":"afr","91":"uig","92":"lao","93":"swe","94":"slv","95":"kor","96":"szl","97":"srp","98":"dty","99":"nrm","100":"dsb","101":"ind","102":"wln","103":"pnb","104":"ukr","105":"bpy","106":"vie","107":"tur","108":"aym","109":"lit","110":"zea","111":"pol","112":"est","113":"scn","114":"vls","115":"stq","116":"gag","117":"grn","118":"kaz","119":"ben","120":"pcd","121":"bjn","122":"krc","123":"amh","124":"diq","125":"ltz","126":"ita","127":"kab","128":"bel","129":"ang","130":"mhr","131":"che","132":"koi","133":"glv","134":"ido","135":"fao","136":"bak","137":"isl","138":"bcl","139":"tet","140":"jpn","141":"kur","142":"map-bms","143":"tyv","144":"olo","145":"arg","146":"ori","147":"lim","148":"tel","149":"lin","150":"roh","151":"sqi","152":"xho","153":"mlg","154":"fas","155":"hbs","156":"tam","157":"aze","158":"lad","159":"nob","160":"sin","161":"gla","162":"nap","163":"snd","164":"ast","165":"mal","166":"mdf","167":"tsn","168":"nds","169":"tgl","170":"nno","171":"sun","172":"lzh","173":"jbo","174":"crh","175":"pap","176":"oci","177":"hak","178":"uzb","179":"zho","180":"hsb","181":"sme","182":"mlt","183":"vep","184":"lez","185":"nld","186":"nds-nl","187":"mrj","188":"spa","189":"ceb","190":"ina","191":"heb","192":"hun","193":"que","194":"kaa","195":"mar","196":"vec","197":"frp","198":"ell","199":"sah","200":"eus","201":"ces","202":"slk","203":"chr","204":"lij","205":"nep","206":"srd","207":"ilo","208":"be-tarask","209":"bod","210":"orm","211":"war","212":"glg","213":"mon","214":"gle","215":"min","216":"ibo","217":"ile","218":"epo","219":"lav","220":"lrc","221":"als","222":"mzn","223":"rup","224":"fur","225":"tat","226":"myv","227":"pan","228":"ton","229":"kom","230":"wuu","231":"tcy","232":"tuk","233":"kan","234":"ltg"}}}}],"config_name":"WiLI-2018 dataset","splits":[{"name":"train","num_bytes":65408201,"num_examples":117500},{"name":"test","num_bytes":66491260,"num_examples":117500}],"download_size":130516351,"dataset_size":131899461}},"siblings":[{"rfilename":".gitattributes"},{"rfilename":"README.md"},{"rfilename":"dataset_infos.json"},{"rfilename":"wili_2018.py"}]}