{"_id":"63bb952af948864bc8ef97f2","id":"KOSASIH-3/Neurology_Sciences","author":"KOSASIH-3","sha":"600b36da8affc41eb24bf1388c0276a50ae75113","lastModified":"2023-01-09T04:28:51.000Z","private":false,"gated":false,"disabled":false,"tags":["task_categories:image-classification","task_categories:image-segmentation","task_categories:fill-mask","task_categories:automatic-speech-recognition","task_categories:token-classification","task_categories:sentence-similarity","task_categories:audio-classification","task_categories:question-answering","task_categories:summarization","task_categories:zero-shot-classification","task_categories:table-to-text","task_categories:feature-extraction","task_categories:other","task_categories:multiple-choice","task_categories:text-classification","task_categories:text-to-image","task_categories:text2text-generation","task_categories:zero-shot-image-classification","task_categories:tabular-classification","task_categories:tabular-regression","task_categories:image-to-image","task_categories:tabular-to-text","task_categories:text-retrieval","task_categories:unconditional-image-generation","task_categories:text-to-speech","task_categories:video-classification","task_categories:object-detection","task_categories:audio-to-audio","task_categories:text-generation","task_categories:voice-activity-detection","task_categories:time-series-forecasting","task_categories:image-to-text","task_categories:visual-question-answering","task_categories:table-question-answering","task_categories:depth-estimation","task_categories:translation","task_categories:conversational","size_categories:n>1T","language:af","language:ak","language:am","language:an","language:ar","language:as","language:av","language:ay","language:az","language:hy","language:sq","language:ach","language:ase","language:aed","language:ady","language:ae","language:ab","language:aa","language:bh","language:bi","language:bm","language:br","language:bo","language:bs","language:eu","language:my","language:bcl","language:bn","language:bzs","language:bem","language:bg","language:be","language:ba","language:ber","language:cr","language:cs","language:cu","language:co","language:cv","language:cy","language:hr","language:kw","language:ny","language:zh","language:crs","language:ceb","language:swc","language:chk","language:csg","language:csn","language:cel","language:ch","language:ce","language:ca","language:kbd","language:nl","language:dv","language:dz","language:de","language:da","language:et","language:es","language:eo","language:en","language:el","language:ee","language:efi","language:fr","language:fo","language:fy","language:fse","language:fj","language:fi","language:ff","language:fa","language:fon","language:gu","language:gv","language:ka","language:lg","language:gaa","language:guw","language:gn","language:gl","language:gd","language:ga","language:gil","language:hu","language:ht","language:ho","language:hz","language:hi","language:he","language:ha","language:hil","language:ii","language:ig","language:ik","language:io","language:is","language:it","language:iu","language:ilo","language:iso","language:ie","language:id","language:ia","language:zai","language:jv","language:ja","language:kl","language:km","language:kn","language:kk","language:kr","language:ks","language:ku","language:kv","language:ky","language:ko","language:rn","language:rw","language:kqn","language:kwy","language:kwn","language:kj","language:ki","language:kg","language:kab","language:lo","language:lt","language:ln","language:lu","language:lv","language:lua","language:loz","language:lus","language:lue","language:lun","language:li","language:lb","language:la","language:luo","language:ml","language:mk","language:mn","language:mr","language:ms","language:mt","language:mfe","language:mos","language:mi","language:mh","language:mg","language:mfs","language:ng","language:nn","language:no","language:nr","language:ne","language:se","language:niu","language:nso","language:nv","language:nd","language:nb","language:na","language:nyk","language:os","language:om","language:oj","language:oc","language:or","language:pt","language:pag","language:ps","language:pap","language:pis","language:pon","language:pl","language:rm","language:pi","language:pa","language:prl","language:qu","language:roa","language:rnd","language:run","language:ru","language:ro","language:si","language:sk","language:sl","language:sm","language:sn","language:sg","language:so","language:sr","language:ss","language:su","language:sv","language:sw","language:srn","language:ssp","language:sah","language:st","language:sd","language:sc","language:sa","language:ti","language:tk","language:tl","language:tn","language:to","language:tr","language:ts","language:tt","language:tw","language:ty","language:tll","language:tvl","language:toi","language:tiv","language:tpi","language:tum","language:tzo","language:th","language:tg","language:tdt","language:te","language:ta","language:uz","language:ur","language:uk","language:umb","language:ug","language:vsl","language:vo","language:vi","language:ve","language:wal","language:wls","language:war","language:wo","language:wa","language:xh","language:yua","language:yue","language:yo","language:yap","language:yi","language:zne","language:zu","language:za","license:mit"],"downloads":8,"likes":0,"cardData":{"license":"mit","task_categories":["image-classification","image-segmentation","fill-mask","automatic-speech-recognition","token-classification","sentence-similarity","audio-classification","question-answering","summarization","zero-shot-classification","table-to-text","feature-extraction","other","multiple-choice","text-classification","text-to-image","text2text-generation","zero-shot-image-classification","tabular-classification","tabular-regression","image-to-image","tabular-to-text","text-retrieval","unconditional-image-generation","text-to-speech","video-classification","object-detection","audio-to-audio","text-generation","voice-activity-detection","time-series-forecasting","image-to-text","visual-question-answering","table-question-answering","depth-estimation","translation","conversational"],"language":["af","ak","am","an","ar","as","av","ay","az","hy","sq","ach","ase","aed","ady","ae","ab","aa","bh","bi","bm","br","bo","bs","eu","my","bcl","bn","bzs","bem","bg","be","ba","ber","cr","cs","cu","co","cv","cy","hr","kw","ny","zh","crs","ceb","swc","chk","csg","csn","cel","ch","ce","ca","kbd","nl","dv","dz","de","da","et","es","eo","en","el","ee","efi","fr","fo","fy","fse","fj","fi","ff","fa","fon","gu","gv","ka","lg","gaa","guw","gn","gl","gd","ga","gil","hu","ht","ho","hz","hi","he","ha","hil","ii","ig","ik","io","is","it","iu","ilo","iso","ie","id","ia","zai","jv","ja","kl","km","kn","kk","kr","ks","ku","kv","ky","ko","rn","rw","kqn","kwy","kwn","kj","ki","kg","kab","lo","lt","ln","lu","lv","lua","loz","lus","lue","lun","li","lb","la","luo","ml","mk","mn","mr","ms","mt","mfe","mos","mi","mh","mg","mfs","ng","nn","no","nr","ne","se","niu","nso","nv","nd","nb","na","nyk","os","om","oj","oc","or","pt","pag","ps","pap","pis","pon","pl","rm","pi","pa","prl","qu","roa","rnd","run","ru","ro","si","sk","sl","sm","sn","sg","so","sr","ss","su","sv","sw","srn","ssp","sah","st","sd","sc","sa","ti","tk","tl","tn","to","tr","ts","tt","tw","ty","tll","tvl","toi","tiv","tpi","tum","tzo","th","tg","tdt","te","ta","uz","ur","uk","umb","ug","vsl","vo","vi","ve","wal","wls","war","wo","wa","xh","yua","yue","yo","yap","yi","zne","zu","za"],"pretty_name":"Neuralix_Lab_AI","size_categories":["n>1T"]},"siblings":[{"rfilename":".gitattributes"},{"rfilename":"README.md"}]}