{"_id":"63bbab54d330ba0fc0ddcf8e","id":"KOSASIH-3/Neuralix_Technologies","author":"KOSASIH-3","sha":"e282a49e80268a71ec0a770e23f72cfdbc23cb45","lastModified":"2023-01-09T06:19:54.000Z","private":false,"gated":false,"disabled":false,"tags":["task_categories:image-classification","task_categories:translation","task_categories:image-segmentation","task_categories:fill-mask","task_categories:automatic-speech-recognition","task_categories:token-classification","task_categories:sentence-similarity","task_categories:audio-classification","task_categories:question-answering","task_categories:summarization","task_categories:zero-shot-classification","task_categories:table-to-text","task_categories:feature-extraction","task_categories:other","task_categories:multiple-choice","task_categories:text-classification","task_categories:text-to-image","task_categories:text2text-generation","task_categories:zero-shot-image-classification","task_categories:tabular-classification","task_categories:tabular-regression","task_categories:image-to-image","task_categories:tabular-to-text","task_categories:unconditional-image-generation","task_categories:text-retrieval","task_categories:text-to-speech","task_categories:object-detection","task_categories:video-classification","task_categories:audio-to-audio","task_categories:text-generation","task_categories:conversational","task_categories:table-question-answering","task_categories:visual-question-answering","task_categories:image-to-text","task_categories:voice-activity-detection","task_categories:time-series-forecasting","task_categories:depth-estimation","size_categories:n>1T","language:aa","language:ab","language:ae","language:af","language:ak","language:am","language:an","language:ar","language:as","language:av","language:ay","language:az","language:ba","language:be","language:bg","language:bh","language:bi","language:bm","language:bn","language:bo","language:br","language:bs","language:ca","language:ce","language:ch","language:co","language:cr","language:cs","language:cu","language:cv","language:cy","language:da","language:de","language:dv","language:dz","language:ee","language:el","language:en","language:eo","language:es","language:et","language:eu","language:fa","language:ff","language:fi","language:fj","language:fo","language:fr","language:fy","language:ga","language:gd","language:gl","language:gn","language:gu","language:gv","language:ha","language:he","language:hi","language:ho","language:hr","language:ht","language:hu","language:hy","language:hz","language:ia","language:id","language:ie","language:ig","language:ii","language:ik","language:io","language:is","language:it","language:iu","language:ja","language:jv","language:ka","language:kg","language:ki","language:kj","language:kk","language:kl","language:km","language:kn","language:ko","language:kr","language:ks","language:ku","language:kv","language:kw","language:ky","language:la","language:lb","language:lg","language:li","language:ln","language:lo","language:lt","language:lu","language:lv","language:mg","language:mh","language:mi","language:mk","language:ml","language:mn","language:mr","language:ms","language:mt","language:my","language:na","language:nb","language:nd","language:ne","language:ng","language:nl","language:nn","language:no","language:nr","language:sq","language:ase","language:ach","language:ady","language:aed","language:bzs","language:ber","language:bcl","language:bem","language:zh","language:ceb","language:swc","language:csg","language:crs","language:csn","language:chk","language:kbd","language:cel","language:efi","language:fse","language:fon","language:guw","language:gaa","language:gil","language:hil","language:ilo","language:zai","language:iso","language:rn","language:kqn","language:rw","language:kwn","language:kwy","language:kab","language:loz","language:lun","language:lue","language:lus","language:luo","language:mos","language:mfe","language:mfs","language:se","language:nyk","language:nso","language:oj","language:om","language:os","language:or","language:qu","language:ru","language:rm","language:run","language:ro","language:roa","language:rnd","language:sa","language:sc","language:sg","language:si","language:sd","language:sk","language:sm","language:sl","language:so","language:sn","language:ss","language:nv","language:ny","language:niu","language:pa","language:pi","language:pl","language:pt","language:pag","language:pap","language:pis","language:pon","language:prl","language:ps","language:st","language:sw","language:sv","language:su","language:sr","language:srn","language:ssp","language:sah","language:ta","language:th","language:tg","language:ti","language:tk","language:tl","language:ug","language:uk","language:ur","language:uz","language:umb","language:ve","language:vi","language:vo","language:vsl","language:wal","language:war","language:wa","language:wo","language:wls","language:xh","language:yua","language:yap","language:yue","language:yi","language:yo","language:zne","language:za","language:lua","language:oc","language:te","language:to","language:tr","language:tn","language:tt","language:ts","language:ty","language:tvl","language:tw","language:toi","language:tll","language:tdt","language:tum","language:tiv","language:tzo","language:tpi","language:zu","license:mit","Science"],"downloads":2,"likes":1,"cardData":{"license":"mit","task_categories":["image-classification","translation","image-segmentation","fill-mask","automatic-speech-recognition","token-classification","sentence-similarity","audio-classification","question-answering","summarization","zero-shot-classification","table-to-text","feature-extraction","other","multiple-choice","text-classification","text-to-image","text2text-generation","zero-shot-image-classification","tabular-classification","tabular-regression","image-to-image","tabular-to-text","unconditional-image-generation","text-retrieval","text-to-speech","object-detection","video-classification","audio-to-audio","text-generation","conversational","table-question-answering","visual-question-answering","image-to-text","voice-activity-detection","time-series-forecasting","depth-estimation"],"language":["aa","ab","ae","af","ak","am","an","ar","as","av","ay","az","ba","be","bg","bh","bi","bm","bn","bo","br","bs","ca","ce","ch","co","cr","cs","cu","cv","cy","da","de","dv","dz","ee","el","en","eo","es","et","eu","fa","ff","fi","fj","fo","fr","fy","ga","gd","gl","gn","gu","gv","ha","he","hi","ho","hr","ht","hu","hy","hz","ia","id","ie","ig","ii","ik","io","is","it","iu","ja","jv","ka","kg","ki","kj","kk","kl","km","kn","ko","kr","ks","ku","kv","kw","ky","la","lb","lg","li","ln","lo","lt","lu","lv","mg","mh","mi","mk","ml","mn","mr","ms","mt","my","na","nb","nd","ne","ng","nl","nn","no","nr","sq","ase","ach","ady","aed","bzs","ber","bcl","bem","zh","ceb","swc","csg","crs","csn","chk","kbd","cel","efi","fse","fon","guw","gaa","gil","hil","ilo","zai","iso","rn","kqn","rw","kwn","kwy","kab","loz","lun","lue","lus","luo","mos","mfe","mfs","se","nyk","nso","oj","om","os","or","qu","ru","rm","run","ro","roa","rnd","sa","sc","sg","si","sd","sk","sm","sl","so","sn","ss","nv","ny","niu","pa","pi","pl","pt","pag","pap","pis","pon","prl","ps","st","sw","sv","su","sr","srn","ssp","sah","ta","th","tg","ti","tk","tl","ug","uk","ur","uz","umb","ve","vi","vo","vsl","wal","war","wa","wo","wls","xh","yua","yap","yue","yi","yo","zne","za","lua","oc","te","to","tr","tn","tt","ts","ty","tvl","tw","toi","tll","tdt","tum","tiv","tzo","tpi","zu"],"tags":["Science"],"pretty_name":"Tecnolix","size_categories":["n>1T"]},"siblings":[{"rfilename":".gitattributes"},{"rfilename":"README.md"}]}