{"_id":"63bba77b9a85232538e7aa89","id":"KOSASIH-3/Scientist_and_researcher","author":"KOSASIH-3","sha":"aa139f54636e75234acf1be477cc01d7d6921b7f","lastModified":"2023-01-09T05:48:05.000Z","private":false,"gated":false,"disabled":false,"tags":["task_categories:image-classification","task_categories:translation","task_categories:image-segmentation","task_categories:fill-mask","task_categories:automatic-speech-recognition","task_categories:token-classification","task_categories:sentence-similarity","task_categories:audio-classification","task_categories:question-answering","task_categories:summarization","task_categories:zero-shot-classification","task_categories:table-to-text","task_categories:feature-extraction","task_categories:other","task_categories:multiple-choice","task_categories:text-classification","task_categories:text-to-image","task_categories:text2text-generation","task_categories:zero-shot-image-classification","task_categories:tabular-classification","task_categories:tabular-regression","task_categories:image-to-image","task_categories:tabular-to-text","task_categories:unconditional-image-generation","task_categories:text-retrieval","task_categories:text-to-speech","task_categories:object-detection","task_categories:video-classification","task_categories:audio-to-audio","task_categories:text-generation","task_categories:conversational","task_categories:table-question-answering","task_categories:visual-question-answering","task_categories:image-to-text","task_categories:voice-activity-detection","task_categories:time-series-forecasting","task_categories:depth-estimation","size_categories:n>1T","language:aa","language:ae","language:ab","language:af","language:ak","language:am","language:an","language:ar","language:as","language:av","language:ay","language:az","language:ba","language:be","language:bg","language:bh","language:bi","language:bm","language:bn","language:bo","language:br","language:bs","language:ca","language:ce","language:ch","language:co","language:cr","language:cs","language:cu","language:cv","language:cy","language:da","language:de","language:dv","language:dz","language:ee","language:el","language:en","language:eo","language:es","language:et","language:eu","language:fa","language:ff","language:fi","language:fj","language:fo","language:fr","language:fy","language:ga","language:gd","language:gl","language:gn","language:gu","language:gv","language:ha","language:he","language:hi","language:ho","language:hr","language:ht","language:hu","language:hy","language:hz","language:ia","language:id","language:ie","language:ig","language:ii","language:ik","language:io","language:is","language:it","language:iu","language:ja","language:jv","language:ka","language:kg","language:ki","language:kj","language:kk","language:kl","language:km","language:kn","language:ko","language:kr","language:ks","language:ku","language:kv","language:kw","language:ky","language:la","language:lb","language:lg","language:li","language:ln","language:lo","language:lt","language:lu","language:lv","language:mg","language:mh","language:mi","language:mk","language:ml","language:mn","language:mr","language:ms","language:mt","language:my","language:na","language:nb","language:nd","language:ne","language:ng","language:nl","language:nn","language:no","language:nv","language:ny","language:nr","language:lua","language:loz","language:lus","language:lue","language:lun","language:luo","language:sq","language:ach","language:ase","language:ady","language:aed","language:bcl","language:bzs","language:bem","language:ber","language:zh","language:crs","language:swc","language:ceb","language:cel","language:csg","language:chk","language:kbd","language:csn","language:efi","language:fon","language:fse","language:gaa","language:gil","language:guw","language:hil","language:ilo","language:iso","language:zai","language:rn","language:kab","language:kwy","language:rw","language:kqn","language:kwn","language:mfe","language:mos","language:mfs","language:nso","language:se","language:nyk","language:niu","language:os","language:om","language:oc","language:or","language:oj","language:pa","language:pl","language:ps","language:pag","language:pi","language:pon","language:pap","language:pt","language:prl","language:pis","language:qu","language:rm","language:roa","language:run","language:ro","language:rnd","language:ru","language:sa","language:sg","language:sd","language:sk","language:si","language:sm","language:sl","language:sc","language:so","language:ss","language:sr","language:su","language:st","language:sn","language:sah","language:srn","language:sv","language:ssp","language:sw","language:ta","language:te","language:th","language:tk","language:ti","language:tg","language:tn","language:to","language:tl","language:ts","language:tr","language:tw","language:tll","language:ty","language:tt","language:toi","language:tvl","language:tdt","language:tum","language:tiv","language:tzo","language:tpi","language:umb","language:uz","language:ug","language:uk","language:ur","language:vsl","language:ve","language:vo","language:vi","language:wal","language:war","language:wa","language:wls","language:wo","language:xh","language:yua","language:yap","language:yi","language:yue","language:yo","language:zu","language:za","language:zne","license:mit","Science"],"downloads":9,"likes":0,"cardData":{"license":"mit","task_categories":["image-classification","translation","image-segmentation","fill-mask","automatic-speech-recognition","token-classification","sentence-similarity","audio-classification","question-answering","summarization","zero-shot-classification","table-to-text","feature-extraction","other","multiple-choice","text-classification","text-to-image","text2text-generation","zero-shot-image-classification","tabular-classification","tabular-regression","image-to-image","tabular-to-text","unconditional-image-generation","text-retrieval","text-to-speech","object-detection","video-classification","audio-to-audio","text-generation","conversational","table-question-answering","visual-question-answering","image-to-text","voice-activity-detection","time-series-forecasting","depth-estimation"],"language":["aa","ae","ab","af","ak","am","an","ar","as","av","ay","az","ba","be","bg","bh","bi","bm","bn","bo","br","bs","ca","ce","ch","co","cr","cs","cu","cv","cy","da","de","dv","dz","ee","el","en","eo","es","et","eu","fa","ff","fi","fj","fo","fr","fy","ga","gd","gl","gn","gu","gv","ha","he","hi","ho","hr","ht","hu","hy","hz","ia","id","ie","ig","ii","ik","io","is","it","iu","ja","jv","ka","kg","ki","kj","kk","kl","km","kn","ko","kr","ks","ku","kv","kw","ky","la","lb","lg","li","ln","lo","lt","lu","lv","mg","mh","mi","mk","ml","mn","mr","ms","mt","my","na","nb","nd","ne","ng","nl","nn","no","nv","ny","nr","lua","loz","lus","lue","lun","luo","sq","ach","ase","ady","aed","bcl","bzs","bem","ber","zh","crs","swc","ceb","cel","csg","chk","kbd","csn","efi","fon","fse","gaa","gil","guw","hil","ilo","iso","zai","rn","kab","kwy","rw","kqn","kwn","mfe","mos","mfs","nso","se","nyk","niu","os","om","oc","or","oj","pa","pl","ps","pag","pi","pon","pap","pt","prl","pis","qu","rm","roa","run","ro","rnd","ru","sa","sg","sd","sk","si","sm","sl","sc","so","ss","sr","su","st","sn","sah","srn","sv","ssp","sw","ta","te","th","tk","ti","tg","tn","to","tl","ts","tr","tw","tll","ty","tt","toi","tvl","tdt","tum","tiv","tzo","tpi","umb","uz","ug","uk","ur","vsl","ve","vo","vi","wal","war","wa","wls","wo","xh","yua","yap","yi","yue","yo","zu","za","zne"],"tags":["Science"],"pretty_name":"Neuralix_Experts","size_categories":["n>1T"]},"siblings":[{"rfilename":".gitattributes"},{"rfilename":"README.md"}]}