{"_id":"626fbef8533b7b85cfe59def","id":"google/wit","author":"google","sha":"b52b6486b38d74ddaf95626b15e0f0c50fa5e959","lastModified":"2022-07-04T10:47:07.000Z","private":false,"gated":false,"disabled":false,"tags":["task_categories:text-retrieval","task_categories:image-to-text","task_ids:image-captioning","annotations_creators:machine-generated","language_creators:found","multilinguality:multilingual","size_categories:10M<n<100M","source_datasets:original","source_datasets:extended|wikipedia","language:af","language:ar","language:ast","language:azb","language:be","language:bg","language:bn","language:br","language:ca","language:cs","language:cy","language:da","language:de","language:el","language:en","language:eo","language:es","language:et","language:eu","language:fa","language:fi","language:fr","language:fy","language:ga","language:gl","language:hr","language:hu","language:hy","language:id","language:it","language:iw","language:ja","language:ka","language:ko","language:la","language:lt","language:lv","language:mk","language:ml","language:ms","language:nl","language:nn","language:no","language:pl","language:pt","language:ro","language:ru","language:sk","language:sl","language:sr","language:sv","language:th","language:tr","language:uk","language:ur","language:vi","language:vo","language:zh","license:cc-by-sa-3.0","arxiv:2103.01913"],"citation":"@article{srinivasan2021wit,\n  title={WIT: Wikipedia-based Image Text Dataset for Multimodal Multilingual Machine Learning},\n  author={Srinivasan, Krishna and Raman, Karthik and Chen, Jiecao and Bendersky, Michael and Najork, Marc},\n  journal={arXiv preprint arXiv:2103.01913},\n  year={2021}\n}","description":"Wikipedia-based Image Text (WIT) Dataset is a large multimodal multilingual dataset.\nWIT is composed of a curated set of 37.6 million entity rich image-text examples with 11.5 million unique images across 108 Wikipedia languages.\nIts size enables WIT to be used as a pretraining dataset for multimodal machine learning models.","paperswithcode_id":"wit","downloads":45,"likes":8,"cardData":{"annotations_creators":["machine-generated"],"language_creators":["found"],"language":["af","ar","ast","azb","be","bg","bn","br","ca","cs","cy","da","de","el","en","eo","es","et","eu","fa","fi","fr","fy","ga","gl","hr","hu","hy","id","it","iw","ja","ka","ko","la","lt","lv","mk","ml","ms","nl","nn","no","pl","pt","ro","ru","sk","sl","sr","sv","th","tr","uk","ur","vi","vo","zh"],"license":["cc-by-sa-3.0"],"multilinguality":["multilingual"],"paperswithcode_id":"wit","pretty_name":"Wikipedia-based Image Text","size_categories":["10M<n<100M"],"source_datasets":["original","extended|wikipedia"],"task_categories":["text-retrieval","image-to-text"],"task_ids":["text-retrieval-other-text-image-retrieval","image-captioning"]},"siblings":[{"rfilename":".gitattributes"},{"rfilename":"README.md"},{"rfilename":"dataset_infos.json"},{"rfilename":"dummy/0.0.0/dummy_data.zip"},{"rfilename":"wit.py"}]}