{"_id":"621ffdd236468d709f1823d1","id":"Helsinki-NLP/tatoeba_mt","author":"Helsinki-NLP","sha":"9635372e5421ccacda7db58e88741617867a9204","lastModified":"2022-10-21T15:50:25.000Z","private":false,"gated":false,"disabled":false,"tags":["annotations_creators:no-annotation","language_creators:crowdsourced","multilinguality:translation","size_categories:unknown","source_datasets:original","language:af","language:ar","language:az","language:be","language:bg","language:bn","language:br","language:bs","language:ca","language:ch","language:cs","language:cv","language:cy","language:da","language:de","language:el","language:en","language:eo","language:es","language:et","language:eu","language:fa","language:fi","language:fo","language:fr","language:fy","language:ga","language:gd","language:gl","language:gn","language:he","language:hi","language:hr","language:hu","language:hy","language:ia","language:id","language:ie","language:io","language:is","language:it","language:ja","language:jv","language:ka","language:kk","language:km","language:ko","language:ku","language:kw","language:la","language:lb","language:lt","language:lv","language:mi","language:mk","language:ml","language:mn","language:mr","language:ms","language:mt","language:my","language:nb","language:nl","language:nn","language:no","language:oc","language:pl","language:pt","language:qu","language:rn","language:ro","language:ru","language:sh","language:sl","language:sq","language:sr","language:sv","language:sw","language:ta","language:te","language:th","language:tk","language:tl","language:tr","language:tt","language:ug","language:uk","language:ur","language:uz","language:vi","language:vo","language:yi","language:zh","license:cc-by-2.0"],"citation":"@inproceedings{tiedemann-2020-tatoeba,\n    title = \"The {T}atoeba {T}ranslation {C}hallenge {--} {R}ealistic Data Sets for Low Resource and Multilingual {MT}\",\n    author = {Tiedemann, J{\\\"o}rg},\n    booktitle = \"Proceedings of the Fifth Conference on Machine Translation\",\n    month = nov,\n    year = \"2020\",\n    publisher = \"Association for Computational Linguistics\",\n    url = \"https://aclanthology.org/2020.wmt-1.139\",\n    pages = \"1174--1182\",\n}","description":"The Tatoeba Translation Challenge is a multilingual data set of\nmachine translation benchmarks derived from user-contributed\ntranslations collected by [Tatoeba.org](https://tatoeba.org/) and\nprovided as parallel corpus from [OPUS](https://opus.nlpl.eu/). This\ndataset includes test and development data sorted by language pair. It\nincludes test sets for hundreds of language pairs and is continuously\nupdated. Please, check the version number tag to refer to the release\nthat your are using.","downloads":90700,"likes":22,"cardData":{"annotations_creators":["no-annotation"],"language_creators":["crowdsourced"],"language":["af","ar","az","be","bg","bn","br","bs","ca","ch","cs","cv","cy","da","de","el","en","eo","es","et","eu","fa","fi","fo","fr","fy","ga","gd","gl","gn","he","hi","hr","hu","hy","ia","id","ie","io","is","it","ja","jv","ka","kk","km","ko","ku","kw","la","lb","lt","lv","mi","mk","ml","mn","mr","ms","mt","my","nb","nl","nn","no","oc","pl","pt","qu","rn","ro","ru","sh","sl","sq","sr","sv","sw","ta","te","th","tk","tl","tr","tt","ug","uk","ur","uz","vi","vo","yi","zh"],"license":["cc-by-2.0"],"multilinguality":["translation"],"pretty_name":"The Tatoeba Translation Challenge","size_categories":["unknown"],"source_datasets":["original"],"task_categories":["conditional-text-generation"],"task_ids":["machine-translation"]},"siblings":[{"rfilename":".gitattributes"},{"rfilename":"README.md"},{"rfilename":"dataset_infos.json"},{"rfilename":"dev/tatoeba-dev.afb-eng.tsv"},{"rfilename":"dev/tatoeba-dev.afr-eng.tsv"},{"rfilename":"dev/tatoeba-dev.ara-ber.tsv"},{"rfilename":"dev/tatoeba-dev.ara-ber_Latn.tsv"},{"rfilename":"dev/tatoeba-dev.ara-deu.tsv"},{"rfilename":"dev/tatoeba-dev.ara-eng.tsv"},{"rfilename":"dev/tatoeba-dev.ara-epo.tsv"},{"rfilename":"dev/tatoeba-dev.ara-fra.tsv"},{"rfilename":"dev/tatoeba-dev.ara-heb.tsv"},{"rfilename":"dev/tatoeba-dev.ara-rus.tsv"},{"rfilename":"dev/tatoeba-dev.ara-spa.tsv"},{"rfilename":"dev/tatoeba-dev.ara-tur.tsv"},{"rfilename":"dev/tatoeba-dev.arq-eng.tsv"},{"rfilename":"dev/tatoeba-dev.ary-eng.tsv"},{"rfilename":"dev/tatoeba-dev.arz-eng.tsv"},{"rfilename":"dev/tatoeba-dev.avk-fra.tsv"},{"rfilename":"dev/tatoeba-dev.aze-eng.tsv"},{"rfilename":"dev/tatoeba-dev.bel-eng.tsv"},{"rfilename":"dev/tatoeba-dev.bel-rus.tsv"},{"rfilename":"dev/tatoeba-dev.bel-ukr.tsv"},{"rfilename":"dev/tatoeba-dev.ben-eng.tsv"},{"rfilename":"dev/tatoeba-dev.ber-eng.tsv"},{"rfilename":"dev/tatoeba-dev.ber-fra.tsv"},{"rfilename":"dev/tatoeba-dev.ber-spa.tsv"},{"rfilename":"dev/tatoeba-dev.ber_Latn-eng.tsv"},{"rfilename":"dev/tatoeba-dev.ber_Latn-fra.tsv"},{"rfilename":"dev/tatoeba-dev.ber_Latn-spa.tsv"},{"rfilename":"dev/tatoeba-dev.bos_Latn-rus.tsv"},{"rfilename":"dev/tatoeba-dev.bre-fra.tsv"},{"rfilename":"dev/tatoeba-dev.bul-eng.tsv"},{"rfilename":"dev/tatoeba-dev.bul-ita.tsv"},{"rfilename":"dev/tatoeba-dev.bul-rus.tsv"},{"rfilename":"dev/tatoeba-dev.cat-eng.tsv"},{"rfilename":"dev/tatoeba-dev.cat-spa.tsv"},{"rfilename":"dev/tatoeba-dev.cbk-eng.tsv"},{"rfilename":"dev/tatoeba-dev.ces-deu.tsv"},{"rfilename":"dev/tatoeba-dev.ces-eng.tsv"},{"rfilename":"dev/tatoeba-dev.ces-epo.tsv"},{"rfilename":"dev/tatoeba-dev.ces-hun.tsv"},{"rfilename":"dev/tatoeba-dev.ces-rus.tsv"},{"rfilename":"dev/tatoeba-dev.ces-spa.tsv"},{"rfilename":"dev/tatoeba-dev.ces-ukr.tsv"},{"rfilename":"dev/tatoeba-dev.chm-rus.tsv"},{"rfilename":"dev/tatoeba-dev.cmn_Hans-lzh_Hani.tsv"},{"rfilename":"dev/tatoeba-dev.cmn_Hans-wuu.tsv"},{"rfilename":"dev/tatoeba-dev.cmn_Hans-wuu_Hani.tsv"},{"rfilename":"dev/tatoeba-dev.cmn_Hans-yue_Hans.tsv"},{"rfilename":"dev/tatoeba-dev.cmn_Hans-yue_Hant.tsv"},{"rfilename":"dev/tatoeba-dev.cmn_Hant-lzh_Hani.tsv"},{"rfilename":"dev/tatoeba-dev.cmn_Hant-wuu.tsv"},{"rfilename":"dev/tatoeba-dev.cmn_Hant-wuu_Hani.tsv"},{"rfilename":"dev/tatoeba-dev.cmn_Hant-yue_Hans.tsv"},{"rfilename":"dev/tatoeba-dev.cmn_Hant-yue_Hant.tsv"},{"rfilename":"dev/tatoeba-dev.cor-eng.tsv"},{"rfilename":"dev/tatoeba-dev.dan-deu.tsv"},{"rfilename":"dev/tatoeba-dev.dan-eng.tsv"},{"rfilename":"dev/tatoeba-dev.dan-epo.tsv"},{"rfilename":"dev/tatoeba-dev.dan-fin.tsv"},{"rfilename":"dev/tatoeba-dev.dan-fra.tsv"},{"rfilename":"dev/tatoeba-dev.dan-nld.tsv"},{"rfilename":"dev/tatoeba-dev.dan-nob.tsv"},{"rfilename":"dev/tatoeba-dev.dan-nor.tsv"},{"rfilename":"dev/tatoeba-dev.dan-rus.tsv"},{"rfilename":"dev/tatoeba-dev.dan-spa.tsv"},{"rfilename":"dev/tatoeba-dev.dan-swe.tsv"},{"rfilename":"dev/tatoeba-dev.deu-cmn_Hans.tsv"},{"rfilename":"dev/tatoeba-dev.deu-cmn_Hant.tsv"},{"rfilename":"dev/tatoeba-dev.deu-deu.tsv"},{"rfilename":"dev/tatoeba-dev.deu-ell.tsv"},{"rfilename":"dev/tatoeba-dev.deu-eng.tsv"},{"rfilename":"dev/tatoeba-dev.deu-epo.tsv"},{"rfilename":"dev/tatoeba-dev.deu-fas.tsv"},{"rfilename":"dev/tatoeba-dev.deu-fin.tsv"},{"rfilename":"dev/tatoeba-dev.deu-fra.tsv"},{"rfilename":"dev/tatoeba-dev.deu-heb.tsv"},{"rfilename":"dev/tatoeba-dev.deu-hun.tsv"},{"rfilename":"dev/tatoeba-dev.deu-ido.tsv"},{"rfilename":"dev/tatoeba-dev.deu-ile.tsv"},{"rfilename":"dev/tatoeba-dev.deu-ina.tsv"},{"rfilename":"dev/tatoeba-dev.deu-ita.tsv"},{"rfilename":"dev/tatoeba-dev.deu-jpn.tsv"},{"rfilename":"dev/tatoeba-dev.deu-jpn_Hani.tsv"},{"rfilename":"dev/tatoeba-dev.deu-jpn_Hira.tsv"},{"rfilename":"dev/tatoeba-dev.deu-jpn_Kana.tsv"},{"rfilename":"dev/tatoeba-dev.deu-lad.tsv"},{"rfilename":"dev/tatoeba-dev.deu-lat.tsv"},{"rfilename":"dev/tatoeba-dev.deu-lfn.tsv"},{"rfilename":"dev/tatoeba-dev.deu-lfn_Cyrl.tsv"},{"rfilename":"dev/tatoeba-dev.deu-lfn_Latn.tsv"},{"rfilename":"dev/tatoeba-dev.deu-lit.tsv"},{"rfilename":"dev/tatoeba-dev.deu-lzh_Hani.tsv"},{"rfilename":"dev/tatoeba-dev.deu-nds.tsv"},{"rfilename":"dev/tatoeba-dev.deu-nld.tsv"},{"rfilename":"dev/tatoeba-dev.deu-nno.tsv"},{"rfilename":"dev/tatoeba-dev.deu-nob.tsv"},{"rfilename":"dev/tatoeba-dev.deu-nor.tsv"},{"rfilename":"dev/tatoeba-dev.deu-pol.tsv"},{"rfilename":"dev/tatoeba-dev.deu-por.tsv"},{"rfilename":"dev/tatoeba-dev.deu-ron.tsv"},{"rfilename":"dev/tatoeba-dev.deu-run.tsv"},{"rfilename":"dev/tatoeba-dev.deu-rus.tsv"},{"rfilename":"dev/tatoeba-dev.deu-spa.tsv"},{"rfilename":"dev/tatoeba-dev.deu-swe.tsv"},{"rfilename":"dev/tatoeba-dev.deu-swg.tsv"},{"rfilename":"dev/tatoeba-dev.deu-tat.tsv"},{"rfilename":"dev/tatoeba-dev.deu-tat_Latn.tsv"},{"rfilename":"dev/tatoeba-dev.deu-tlh.tsv"},{"rfilename":"dev/tatoeba-dev.deu-toki.tsv"},{"rfilename":"dev/tatoeba-dev.deu-tur.tsv"},{"rfilename":"dev/tatoeba-dev.deu-ukr.tsv"},{"rfilename":"dev/tatoeba-dev.deu-yid.tsv"},{"rfilename":"dev/tatoeba-dev.deu-yue_Hans.tsv"},{"rfilename":"dev/tatoeba-dev.deu-yue_Hant.tsv"},{"rfilename":"dev/tatoeba-dev.deu-zho.tsv"},{"rfilename":"dev/tatoeba-dev.dtp-eng.tsv"},{"rfilename":"dev/tatoeba-dev.ell-eng.tsv"},{"rfilename":"dev/tatoeba-dev.ell-nld.tsv"},{"rfilename":"dev/tatoeba-dev.ell-por.tsv"},{"rfilename":"dev/tatoeba-dev.ell-rus.tsv"},{"rfilename":"dev/tatoeba-dev.ell-spa.tsv"},{"rfilename":"dev/tatoeba-dev.ell-tur.tsv"},{"rfilename":"dev/tatoeba-dev.eng-bos_Latn.tsv"},{"rfilename":"dev/tatoeba-dev.eng-ckb.tsv"},{"rfilename":"dev/tatoeba-dev.eng-cmn_Hans.tsv"},{"rfilename":"dev/tatoeba-dev.eng-cmn_Hant.tsv"},{"rfilename":"dev/tatoeba-dev.eng-cmn_Latn.tsv"},{"rfilename":"dev/tatoeba-dev.eng-eng.tsv"},{"rfilename":"dev/tatoeba-dev.eng-epo.tsv"},{"rfilename":"dev/tatoeba-dev.eng-est.tsv"},{"rfilename":"dev/tatoeba-dev.eng-eus.tsv"},{"rfilename":"dev/tatoeba-dev.eng-fas.tsv"},{"rfilename":"dev/tatoeba-dev.eng-fin.tsv"},{"rfilename":"dev/tatoeba-dev.eng-fra.tsv"},{"rfilename":"dev/tatoeba-dev.eng-gle.tsv"},{"rfilename":"dev/tatoeba-dev.eng-gos.tsv"},{"rfilename":"dev/tatoeba-dev.eng-hbs.tsv"},{"rfilename":"dev/tatoeba-dev.eng-heb.tsv"},{"rfilename":"dev/tatoeba-dev.eng-hin.tsv"},{"rfilename":"dev/tatoeba-dev.eng-hrv.tsv"},{"rfilename":"dev/tatoeba-dev.eng-hun.tsv"},{"rfilename":"dev/tatoeba-dev.eng-hye.tsv"},{"rfilename":"dev/tatoeba-dev.eng-ido.tsv"},{"rfilename":"dev/tatoeba-dev.eng-ile.tsv"},{"rfilename":"dev/tatoeba-dev.eng-ilo.tsv"},{"rfilename":"dev/tatoeba-dev.eng-ina.tsv"},{"rfilename":"dev/tatoeba-dev.eng-ind.tsv"},{"rfilename":"dev/tatoeba-dev.eng-isl.tsv"},{"rfilename":"dev/tatoeba-dev.eng-ita.tsv"},{"rfilename":"dev/tatoeba-dev.eng-jbo.tsv"},{"rfilename":"dev/tatoeba-dev.eng-jbo_Latn.tsv"},{"rfilename":"dev/tatoeba-dev.eng-jpn.tsv"},{"rfilename":"dev/tatoeba-dev.eng-jpn_Hani.tsv"},{"rfilename":"dev/tatoeba-dev.eng-jpn_Hira.tsv"},{"rfilename":"dev/tatoeba-dev.eng-jpn_Kana.tsv"},{"rfilename":"dev/tatoeba-dev.eng-jpn_Latn.tsv"},{"rfilename":"dev/tatoeba-dev.eng-kab.tsv"},{"rfilename":"dev/tatoeba-dev.eng-kha.tsv"},{"rfilename":"dev/tatoeba-dev.eng-kmr_Latn.tsv"},{"rfilename":"dev/tatoeba-dev.eng-kor.tsv"},{"rfilename":"dev/tatoeba-dev.eng-kor_Hang.tsv"},{"rfilename":"dev/tatoeba-dev.eng-kur.tsv"},{"rfilename":"dev/tatoeba-dev.eng-lad.tsv"},{"rfilename":"dev/tatoeba-dev.eng-lad_Latn.tsv"},{"rfilename":"dev/tatoeba-dev.eng-lat.tsv"},{"rfilename":"dev/tatoeba-dev.eng-lfn.tsv"},{"rfilename":"dev/tatoeba-dev.eng-lfn_Cyrl.tsv"},{"rfilename":"dev/tatoeba-dev.eng-lfn_Latn.tsv"},{"rfilename":"dev/tatoeba-dev.eng-lit.tsv"},{"rfilename":"dev/tatoeba-dev.eng-lzh_Hani.tsv"},{"rfilename":"dev/tatoeba-dev.eng-lzh_Hans.tsv"},{"rfilename":"dev/tatoeba-dev.eng-mar.tsv"},{"rfilename":"dev/tatoeba-dev.eng-max_Latn.tsv"},{"rfilename":"dev/tatoeba-dev.eng-mkd.tsv"},{"rfilename":"dev/tatoeba-dev.eng-mon.tsv"},{"rfilename":"dev/tatoeba-dev.eng-msa.tsv"},{"rfilename":"dev/tatoeba-dev.eng-nds.tsv"},{"rfilename":"dev/tatoeba-dev.eng-nld.tsv"},{"rfilename":"dev/tatoeba-dev.eng-nno.tsv"},{"rfilename":"dev/tatoeba-dev.eng-nob.tsv"},{"rfilename":"dev/tatoeba-dev.eng-nor.tsv"},{"rfilename":"dev/tatoeba-dev.eng-pam.tsv"},{"rfilename":"dev/tatoeba-dev.eng-pol.tsv"},{"rfilename":"dev/tatoeba-dev.eng-por.tsv"},{"rfilename":"dev/tatoeba-dev.eng-ron.tsv"},{"rfilename":"dev/tatoeba-dev.eng-rus.tsv"},{"rfilename":"dev/tatoeba-dev.eng-slv.tsv"},{"rfilename":"dev/tatoeba-dev.eng-spa.tsv"},{"rfilename":"dev/tatoeba-dev.eng-srp_Cyrl.tsv"},{"rfilename":"dev/tatoeba-dev.eng-srp_Latn.tsv"},{"rfilename":"dev/tatoeba-dev.eng-swe.tsv"},{"rfilename":"dev/tatoeba-dev.eng-tgl.tsv"},{"rfilename":"dev/tatoeba-dev.eng-tgl_Latn.tsv"},{"rfilename":"dev/tatoeba-dev.eng-tlh.tsv"},{"rfilename":"dev/tatoeba-dev.eng-toki.tsv"},{"rfilename":"dev/tatoeba-dev.eng-tuk.tsv"},{"rfilename":"dev/tatoeba-dev.eng-tur.tsv"},{"rfilename":"dev/tatoeba-dev.eng-tzl.tsv"},{"rfilename":"dev/tatoeba-dev.eng-uig.tsv"},{"rfilename":"dev/tatoeba-dev.eng-uig_Arab.tsv"},{"rfilename":"dev/tatoeba-dev.eng-ukr.tsv"},{"rfilename":"dev/tatoeba-dev.eng-vie.tsv"},{"rfilename":"dev/tatoeba-dev.eng-vol.tsv"},{"rfilename":"dev/tatoeba-dev.eng-wuu.tsv"},{"rfilename":"dev/tatoeba-dev.eng-wuu_Hani.tsv"},{"rfilename":"dev/tatoeba-dev.eng-yid.tsv"},{"rfilename":"dev/tatoeba-dev.eng-yue_Hans.tsv"},{"rfilename":"dev/tatoeba-dev.eng-yue_Hant.tsv"},{"rfilename":"dev/tatoeba-dev.eng-zho.tsv"},{"rfilename":"dev/tatoeba-dev.eng-zlm_Latn.tsv"},{"rfilename":"dev/tatoeba-dev.eng-zsm_Latn.tsv"},{"rfilename":"dev/tatoeba-dev.epo-bos_Latn.tsv"},{"rfilename":"dev/tatoeba-dev.epo-cmn_Hans.tsv"},{"rfilename":"dev/tatoeba-dev.epo-cmn_Hant.tsv"},{"rfilename":"dev/tatoeba-dev.epo-epo.tsv"},{"rfilename":"dev/tatoeba-dev.epo-fas.tsv"},{"rfilename":"dev/tatoeba-dev.epo-fin.tsv"},{"rfilename":"dev/tatoeba-dev.epo-fra.tsv"},{"rfilename":"dev/tatoeba-dev.epo-hbs.tsv"},{"rfilename":"dev/tatoeba-dev.epo-heb.tsv"},{"rfilename":"dev/tatoeba-dev.epo-hrv.tsv"},{"rfilename":"dev/tatoeba-dev.epo-hun.tsv"},{"rfilename":"dev/tatoeba-dev.epo-ido.tsv"},{"rfilename":"dev/tatoeba-dev.epo-ile.tsv"},{"rfilename":"dev/tatoeba-dev.epo-ina.tsv"},{"rfilename":"dev/tatoeba-dev.epo-ita.tsv"},{"rfilename":"dev/tatoeba-dev.epo-jpn.tsv"},{"rfilename":"dev/tatoeba-dev.epo-jpn_Hani.tsv"},{"rfilename":"dev/tatoeba-dev.epo-jpn_Hira.tsv"},{"rfilename":"dev/tatoeba-dev.epo-jpn_Kana.tsv"},{"rfilename":"dev/tatoeba-dev.epo-lad.tsv"},{"rfilename":"dev/tatoeba-dev.epo-lad_Latn.tsv"},{"rfilename":"dev/tatoeba-dev.epo-lat.tsv"},{"rfilename":"dev/tatoeba-dev.epo-lfn.tsv"},{"rfilename":"dev/tatoeba-dev.epo-lfn_Cyrl.tsv"},{"rfilename":"dev/tatoeba-dev.epo-lfn_Latn.tsv"},{"rfilename":"dev/tatoeba-dev.epo-lit.tsv"},{"rfilename":"dev/tatoeba-dev.epo-nds.tsv"},{"rfilename":"dev/tatoeba-dev.epo-nld.tsv"},{"rfilename":"dev/tatoeba-dev.epo-nno.tsv"},{"rfilename":"dev/tatoeba-dev.epo-nob.tsv"},{"rfilename":"dev/tatoeba-dev.epo-nor.tsv"},{"rfilename":"dev/tatoeba-dev.epo-pol.tsv"},{"rfilename":"dev/tatoeba-dev.epo-por.tsv"},{"rfilename":"dev/tatoeba-dev.epo-ron.tsv"},{"rfilename":"dev/tatoeba-dev.epo-rus.tsv"},{"rfilename":"dev/tatoeba-dev.epo-spa.tsv"},{"rfilename":"dev/tatoeba-dev.epo-srp_Cyrl.tsv"},{"rfilename":"dev/tatoeba-dev.epo-srp_Latn.tsv"},{"rfilename":"dev/tatoeba-dev.epo-swe.tsv"},{"rfilename":"dev/tatoeba-dev.epo-tlh.tsv"},{"rfilename":"dev/tatoeba-dev.epo-toki.tsv"},{"rfilename":"dev/tatoeba-dev.epo-tur.tsv"},{"rfilename":"dev/tatoeba-dev.epo-ukr.tsv"},{"rfilename":"dev/tatoeba-dev.epo-vol.tsv"},{"rfilename":"dev/tatoeba-dev.epo-yid.tsv"},{"rfilename":"dev/tatoeba-dev.epo-zho.tsv"},{"rfilename":"dev/tatoeba-dev.eus-spa.tsv"},{"rfilename":"dev/tatoeba-dev.fin-fin.tsv"},{"rfilename":"dev/tatoeba-dev.fin-fkv.tsv"},{"rfilename":"dev/tatoeba-dev.fin-fra.tsv"},{"rfilename":"dev/tatoeba-dev.fin-ita.tsv"},{"rfilename":"dev/tatoeba-dev.fin-jpn.tsv"},{"rfilename":"dev/tatoeba-dev.fin-jpn_Hani.tsv"},{"rfilename":"dev/tatoeba-dev.fin-jpn_Hira.tsv"},{"rfilename":"dev/tatoeba-dev.fin-jpn_Kana.tsv"},{"rfilename":"dev/tatoeba-dev.fin-nno.tsv"},{"rfilename":"dev/tatoeba-dev.fin-nob.tsv"},{"rfilename":"dev/tatoeba-dev.fin-nor.tsv"},{"rfilename":"dev/tatoeba-dev.fin-rus.tsv"},{"rfilename":"dev/tatoeba-dev.fin-spa.tsv"},{"rfilename":"dev/tatoeba-dev.fin-swe.tsv"},{"rfilename":"dev/tatoeba-dev.fra-cmn_Hans.tsv"},{"rfilename":"dev/tatoeba-dev.fra-cmn_Hant.tsv"},{"rfilename":"dev/tatoeba-dev.fra-fra.tsv"},{"rfilename":"dev/tatoeba-dev.fra-heb.tsv"},{"rfilename":"dev/tatoeba-dev.fra-hun.tsv"},{"rfilename":"dev/tatoeba-dev.fra-ido.tsv"},{"rfilename":"dev/tatoeba-dev.fra-ina.tsv"},{"rfilename":"dev/tatoeba-dev.fra-ita.tsv"},{"rfilename":"dev/tatoeba-dev.fra-jpn.tsv"},{"rfilename":"dev/tatoeba-dev.fra-jpn_Hani.tsv"},{"rfilename":"dev/tatoeba-dev.fra-jpn_Hira.tsv"},{"rfilename":"dev/tatoeba-dev.fra-jpn_Kana.tsv"},{"rfilename":"dev/tatoeba-dev.fra-kab.tsv"},{"rfilename":"dev/tatoeba-dev.fra-lat.tsv"},{"rfilename":"dev/tatoeba-dev.fra-lfn.tsv"},{"rfilename":"dev/tatoeba-dev.fra-lfn_Cyrl.tsv"},{"rfilename":"dev/tatoeba-dev.fra-lfn_Latn.tsv"},{"rfilename":"dev/tatoeba-dev.fra-lzh_Hani.tsv"},{"rfilename":"dev/tatoeba-dev.fra-nld.tsv"},{"rfilename":"dev/tatoeba-dev.fra-pol.tsv"},{"rfilename":"dev/tatoeba-dev.fra-por.tsv"},{"rfilename":"dev/tatoeba-dev.fra-rus.tsv"},{"rfilename":"dev/tatoeba-dev.fra-spa.tsv"},{"rfilename":"dev/tatoeba-dev.fra-swe.tsv"},{"rfilename":"dev/tatoeba-dev.fra-toki.tsv"},{"rfilename":"dev/tatoeba-dev.fra-tur.tsv"},{"rfilename":"dev/tatoeba-dev.fra-ukr.tsv"},{"rfilename":"dev/tatoeba-dev.fra-wuu.tsv"},{"rfilename":"dev/tatoeba-dev.fra-wuu_Hani.tsv"},{"rfilename":"dev/tatoeba-dev.fra-yid.tsv"},{"rfilename":"dev/tatoeba-dev.fra-yue_Hans.tsv"},{"rfilename":"dev/tatoeba-dev.fra-yue_Hant.tsv"},{"rfilename":"dev/tatoeba-dev.fra-zho.tsv"},{"rfilename":"dev/tatoeba-dev.glg-spa.tsv"},{"rfilename":"dev/tatoeba-dev.gos-nld.tsv"},{"rfilename":"dev/tatoeba-dev.grn-por.tsv"},{"rfilename":"dev/tatoeba-dev.grn-spa.tsv"},{"rfilename":"dev/tatoeba-dev.hbs-nor.tsv"},{"rfilename":"dev/tatoeba-dev.hbs-rus.tsv"},{"rfilename":"dev/tatoeba-dev.heb-heb.tsv"},{"rfilename":"dev/tatoeba-dev.heb-ina.tsv"},{"rfilename":"dev/tatoeba-dev.heb-ita.tsv"},{"rfilename":"dev/tatoeba-dev.heb-lad.tsv"},{"rfilename":"dev/tatoeba-dev.heb-lad_Latn.tsv"},{"rfilename":"dev/tatoeba-dev.heb-lat.tsv"},{"rfilename":"dev/tatoeba-dev.heb-lfn.tsv"},{"rfilename":"dev/tatoeba-dev.heb-lfn_Cyrl.tsv"},{"rfilename":"dev/tatoeba-dev.heb-lfn_Latn.tsv"},{"rfilename":"dev/tatoeba-dev.heb-nld.tsv"},{"rfilename":"dev/tatoeba-dev.heb-pol.tsv"},{"rfilename":"dev/tatoeba-dev.heb-por.tsv"},{"rfilename":"dev/tatoeba-dev.heb-rus.tsv"},{"rfilename":"dev/tatoeba-dev.heb-spa.tsv"},{"rfilename":"dev/tatoeba-dev.heb-tur.tsv"},{"rfilename":"dev/tatoeba-dev.heb-yid.tsv"},{"rfilename":"dev/tatoeba-dev.hrv-nob.tsv"},{"rfilename":"dev/tatoeba-dev.hrv-rus.tsv"},{"rfilename":"dev/tatoeba-dev.hun-ita.tsv"},{"rfilename":"dev/tatoeba-dev.hun-jpn.tsv"},{"rfilename":"dev/tatoeba-dev.hun-jpn_Hani.tsv"},{"rfilename":"dev/tatoeba-dev.hun-jpn_Hira.tsv"},{"rfilename":"dev/tatoeba-dev.hun-jpn_Kana.tsv"},{"rfilename":"dev/tatoeba-dev.hun-nld.tsv"},{"rfilename":"dev/tatoeba-dev.hun-por.tsv"},{"rfilename":"dev/tatoeba-dev.hun-rus.tsv"},{"rfilename":"dev/tatoeba-dev.hun-spa.tsv"},{"rfilename":"dev/tatoeba-dev.hun-swe.tsv"},{"rfilename":"dev/tatoeba-dev.ido-ina.tsv"},{"rfilename":"dev/tatoeba-dev.ido-ita.tsv"},{"rfilename":"dev/tatoeba-dev.ido-lfn.tsv"},{"rfilename":"dev/tatoeba-dev.ido-yid.tsv"},{"rfilename":"dev/tatoeba-dev.ido_Latn-lfn_Latn.tsv"},{"rfilename":"dev/tatoeba-dev.ina-lad.tsv"},{"rfilename":"dev/tatoeba-dev.ina-lat.tsv"},{"rfilename":"dev/tatoeba-dev.ina-lfn.tsv"},{"rfilename":"dev/tatoeba-dev.ina-por.tsv"},{"rfilename":"dev/tatoeba-dev.ina-rus.tsv"},{"rfilename":"dev/tatoeba-dev.ina-spa.tsv"},{"rfilename":"dev/tatoeba-dev.ina-tlh.tsv"},{"rfilename":"dev/tatoeba-dev.ina-yid.tsv"},{"rfilename":"dev/tatoeba-dev.ina_Latn-lad_Latn.tsv"},{"rfilename":"dev/tatoeba-dev.ina_Latn-lfn_Cyrl.tsv"},{"rfilename":"dev/tatoeba-dev.ina_Latn-lfn_Latn.tsv"},{"rfilename":"dev/tatoeba-dev.ita-cmn_Hans.tsv"},{"rfilename":"dev/tatoeba-dev.ita-cmn_Hant.tsv"},{"rfilename":"dev/tatoeba-dev.ita-ita.tsv"},{"rfilename":"dev/tatoeba-dev.ita-jpn.tsv"},{"rfilename":"dev/tatoeba-dev.ita-jpn_Hani.tsv"},{"rfilename":"dev/tatoeba-dev.ita-jpn_Hira.tsv"},{"rfilename":"dev/tatoeba-dev.ita-lat.tsv"},{"rfilename":"dev/tatoeba-dev.ita-nld.tsv"},{"rfilename":"dev/tatoeba-dev.ita-pol.tsv"},{"rfilename":"dev/tatoeba-dev.ita-por.tsv"},{"rfilename":"dev/tatoeba-dev.ita-rus.tsv"},{"rfilename":"dev/tatoeba-dev.ita-spa.tsv"},{"rfilename":"dev/tatoeba-dev.ita-tur.tsv"},{"rfilename":"dev/tatoeba-dev.ita-ukr.tsv"},{"rfilename":"dev/tatoeba-dev.ita-yid.tsv"},{"rfilename":"dev/tatoeba-dev.ita-zho.tsv"},{"rfilename":"dev/tatoeba-dev.jbo-zho.tsv"},{"rfilename":"dev/tatoeba-dev.jbo_Latn-cmn_Hant.tsv"},{"rfilename":"dev/tatoeba-dev.jpn-msa.tsv"},{"rfilename":"dev/tatoeba-dev.jpn-nds.tsv"},{"rfilename":"dev/tatoeba-dev.jpn-nld.tsv"},{"rfilename":"dev/tatoeba-dev.jpn-pol.tsv"},{"rfilename":"dev/tatoeba-dev.jpn-por.tsv"},{"rfilename":"dev/tatoeba-dev.jpn-rus.tsv"},{"rfilename":"dev/tatoeba-dev.jpn-spa.tsv"},{"rfilename":"dev/tatoeba-dev.jpn-ukr.tsv"},{"rfilename":"dev/tatoeba-dev.jpn-vie.tsv"},{"rfilename":"dev/tatoeba-dev.jpn-zho.tsv"},{"rfilename":"dev/tatoeba-dev.jpn_Hani-cmn_Hans.tsv"},{"rfilename":"dev/tatoeba-dev.jpn_Hani-cmn_Hant.tsv"},{"rfilename":"dev/tatoeba-dev.jpn_Hani-ind.tsv"},{"rfilename":"dev/tatoeba-dev.jpn_Hani-nld.tsv"},{"rfilename":"dev/tatoeba-dev.jpn_Hani-pol.tsv"},{"rfilename":"dev/tatoeba-dev.jpn_Hani-por.tsv"},{"rfilename":"dev/tatoeba-dev.jpn_Hani-rus.tsv"},{"rfilename":"dev/tatoeba-dev.jpn_Hani-spa.tsv"},{"rfilename":"dev/tatoeba-dev.jpn_Hani-vie.tsv"},{"rfilename":"dev/tatoeba-dev.jpn_Hani-yue_Hant.tsv"},{"rfilename":"dev/tatoeba-dev.jpn_Hira-cmn_Hans.tsv"},{"rfilename":"dev/tatoeba-dev.jpn_Hira-cmn_Hant.tsv"},{"rfilename":"dev/tatoeba-dev.jpn_Hira-ind.tsv"},{"rfilename":"dev/tatoeba-dev.jpn_Hira-nds.tsv"},{"rfilename":"dev/tatoeba-dev.jpn_Hira-nld.tsv"},{"rfilename":"dev/tatoeba-dev.jpn_Hira-pol.tsv"},{"rfilename":"dev/tatoeba-dev.jpn_Hira-por.tsv"},{"rfilename":"dev/tatoeba-dev.jpn_Hira-rus.tsv"},{"rfilename":"dev/tatoeba-dev.jpn_Hira-spa.tsv"},{"rfilename":"dev/tatoeba-dev.jpn_Hira-vie.tsv"},{"rfilename":"dev/tatoeba-dev.jpn_Hira-yue_Hans.tsv"},{"rfilename":"dev/tatoeba-dev.jpn_Hira-yue_Hant.tsv"},{"rfilename":"dev/tatoeba-dev.jpn_Hira-zsm_Latn.tsv"},{"rfilename":"dev/tatoeba-dev.jpn_Kana-cmn_Hans.tsv"},{"rfilename":"dev/tatoeba-dev.jpn_Kana-ind.tsv"},{"rfilename":"dev/tatoeba-dev.jpn_Kana-nld.tsv"},{"rfilename":"dev/tatoeba-dev.jpn_Kana-pol.tsv"},{"rfilename":"dev/tatoeba-dev.jpn_Kana-por.tsv"},{"rfilename":"dev/tatoeba-dev.jpn_Kana-rus.tsv"},{"rfilename":"dev/tatoeba-dev.jpn_Kana-spa.tsv"},{"rfilename":"dev/tatoeba-dev.kab-kab.tsv"},{"rfilename":"dev/tatoeba-dev.kaz-rus.tsv"},{"rfilename":"dev/tatoeba-dev.lad-lat.tsv"},{"rfilename":"dev/tatoeba-dev.lad-lfn.tsv"},{"rfilename":"dev/tatoeba-dev.lad-spa.tsv"},{"rfilename":"dev/tatoeba-dev.lad-yid.tsv"},{"rfilename":"dev/tatoeba-dev.lad_Latn-lat_Latn.tsv"},{"rfilename":"dev/tatoeba-dev.lad_Latn-lfn_Latn.tsv"},{"rfilename":"dev/tatoeba-dev.lad_Latn-yid.tsv"},{"rfilename":"dev/tatoeba-dev.lat-lfn.tsv"},{"rfilename":"dev/tatoeba-dev.lat-por.tsv"},{"rfilename":"dev/tatoeba-dev.lat-rus.tsv"},{"rfilename":"dev/tatoeba-dev.lat-spa.tsv"},{"rfilename":"dev/tatoeba-dev.lat-tlh.tsv"},{"rfilename":"dev/tatoeba-dev.lat-yid.tsv"},{"rfilename":"dev/tatoeba-dev.lat_Latn-lfn_Cyrl.tsv"},{"rfilename":"dev/tatoeba-dev.lat_Latn-lfn_Latn.tsv"},{"rfilename":"dev/tatoeba-dev.lfn-por.tsv"},{"rfilename":"dev/tatoeba-dev.lfn-rus.tsv"},{"rfilename":"dev/tatoeba-dev.lfn-spa.tsv"},{"rfilename":"dev/tatoeba-dev.lfn-yid.tsv"},{"rfilename":"dev/tatoeba-dev.lfn_Cyrl-por.tsv"},{"rfilename":"dev/tatoeba-dev.lfn_Cyrl-spa.tsv"},{"rfilename":"dev/tatoeba-dev.lfn_Cyrl-yid.tsv"},{"rfilename":"dev/tatoeba-dev.lfn_Latn-por.tsv"},{"rfilename":"dev/tatoeba-dev.lfn_Latn-spa.tsv"},{"rfilename":"dev/tatoeba-dev.lfn_Latn-yid.tsv"},{"rfilename":"dev/tatoeba-dev.lit-rus.tsv"},{"rfilename":"dev/tatoeba-dev.lzh_Hani-cmn_Hans.tsv"},{"rfilename":"dev/tatoeba-dev.lzh_Hani-cmn_Hant.tsv"},{"rfilename":"dev/tatoeba-dev.nds-nld.tsv"},{"rfilename":"dev/tatoeba-dev.nds-rus.tsv"},{"rfilename":"dev/tatoeba-dev.nld-cmn_Hans.tsv"},{"rfilename":"dev/tatoeba-dev.nld-nld.tsv"},{"rfilename":"dev/tatoeba-dev.nld-pol.tsv"},{"rfilename":"dev/tatoeba-dev.nld-por.tsv"},{"rfilename":"dev/tatoeba-dev.nld-ron.tsv"},{"rfilename":"dev/tatoeba-dev.nld-rus.tsv"},{"rfilename":"dev/tatoeba-dev.nld-spa.tsv"},{"rfilename":"dev/tatoeba-dev.nld-tur.tsv"},{"rfilename":"dev/tatoeba-dev.nld-ukr.tsv"},{"rfilename":"dev/tatoeba-dev.nld-zho.tsv"},{"rfilename":"dev/tatoeba-dev.nob-nob.tsv"},{"rfilename":"dev/tatoeba-dev.nor-nor.tsv"},{"rfilename":"dev/tatoeba-dev.ota-tur.tsv"},{"rfilename":"dev/tatoeba-dev.pol-rus.tsv"},{"rfilename":"dev/tatoeba-dev.pol-spa.tsv"},{"rfilename":"dev/tatoeba-dev.pol-ukr.tsv"},{"rfilename":"dev/tatoeba-dev.por-por.tsv"},{"rfilename":"dev/tatoeba-dev.por-ron.tsv"},{"rfilename":"dev/tatoeba-dev.por-rus.tsv"},{"rfilename":"dev/tatoeba-dev.por-spa.tsv"},{"rfilename":"dev/tatoeba-dev.por-toki.tsv"},{"rfilename":"dev/tatoeba-dev.por-ukr.tsv"},{"rfilename":"dev/tatoeba-dev.ron-tur.tsv"},{"rfilename":"dev/tatoeba-dev.rus-cmn_Hans.tsv"},{"rfilename":"dev/tatoeba-dev.rus-cmn_Hant.tsv"},{"rfilename":"dev/tatoeba-dev.rus-lzh_Bopo.tsv"},{"rfilename":"dev/tatoeba-dev.rus-lzh_Hang.tsv"},{"rfilename":"dev/tatoeba-dev.rus-lzh_Hani.tsv"},{"rfilename":"dev/tatoeba-dev.rus-lzh_Hira.tsv"},{"rfilename":"dev/tatoeba-dev.rus-lzh_Kana.tsv"},{"rfilename":"dev/tatoeba-dev.rus-rus.tsv"},{"rfilename":"dev/tatoeba-dev.rus-slv.tsv"},{"rfilename":"dev/tatoeba-dev.rus-spa.tsv"},{"rfilename":"dev/tatoeba-dev.rus-swe.tsv"},{"rfilename":"dev/tatoeba-dev.rus-tat.tsv"},{"rfilename":"dev/tatoeba-dev.rus-toki.tsv"},{"rfilename":"dev/tatoeba-dev.rus-tur.tsv"},{"rfilename":"dev/tatoeba-dev.rus-ukr.tsv"},{"rfilename":"dev/tatoeba-dev.rus-yue_Hans.tsv"},{"rfilename":"dev/tatoeba-dev.rus-yue_Hant.tsv"},{"rfilename":"dev/tatoeba-dev.rus-zho.tsv"},{"rfilename":"dev/tatoeba-dev.slv-ukr.tsv"},{"rfilename":"dev/tatoeba-dev.spa-cmn_Hans.tsv"},{"rfilename":"dev/tatoeba-dev.spa-cmn_Hant.tsv"},{"rfilename":"dev/tatoeba-dev.spa-lzh_Hani.tsv"},{"rfilename":"dev/tatoeba-dev.spa-spa.tsv"},{"rfilename":"dev/tatoeba-dev.spa-swe.tsv"},{"rfilename":"dev/tatoeba-dev.spa-toki.tsv"},{"rfilename":"dev/tatoeba-dev.spa-tur.tsv"},{"rfilename":"dev/tatoeba-dev.spa-ukr.tsv"},{"rfilename":"dev/tatoeba-dev.spa-wuu.tsv"},{"rfilename":"dev/tatoeba-dev.spa-wuu_Hani.tsv"},{"rfilename":"dev/tatoeba-dev.spa-yid.tsv"},{"rfilename":"dev/tatoeba-dev.spa-yue_Hans.tsv"},{"rfilename":"dev/tatoeba-dev.spa-yue_Hant.tsv"},{"rfilename":"dev/tatoeba-dev.spa-zho.tsv"},{"rfilename":"dev/tatoeba-dev.srp_Cyrl-nob.tsv"},{"rfilename":"dev/tatoeba-dev.srp_Cyrl-rus.tsv"},{"rfilename":"dev/tatoeba-dev.srp_Latn-nob.tsv"},{"rfilename":"dev/tatoeba-dev.srp_Latn-rus.tsv"},{"rfilename":"dev/tatoeba-dev.tlh-yid.tsv"},{"rfilename":"dev/tatoeba-dev.tur-tur.tsv"},{"rfilename":"dev/tatoeba-dev.tur-uig.tsv"},{"rfilename":"dev/tatoeba-dev.tur-ukr.tsv"},{"rfilename":"dev/tatoeba-dev.wuu-cmn_Hans.tsv"},{"rfilename":"dev/tatoeba-dev.wuu-cmn_Hant.tsv"},{"rfilename":"dev/tatoeba-dev.wuu-yue_Hans.tsv"},{"rfilename":"dev/tatoeba-dev.wuu-yue_Hant.tsv"},{"rfilename":"dev/tatoeba-dev.wuu_Hani-cmn_Hans.tsv"},{"rfilename":"dev/tatoeba-dev.wuu_Hani-cmn_Hant.tsv"},{"rfilename":"dev/tatoeba-dev.yue_Hans-cmn_Hans.tsv"},{"rfilename":"dev/tatoeba-dev.yue_Hans-cmn_Hant.tsv"},{"rfilename":"dev/tatoeba-dev.yue_Hant-cmn_Hans.tsv"},{"rfilename":"dev/tatoeba-dev.yue_Hant-cmn_Hant.tsv"},{"rfilename":"dev/tatoeba-dev.zho-zho.tsv"},{"rfilename":"tatoeba_mt.py"},{"rfilename":"test/tatoeba-test.afr-deu.tsv"},{"rfilename":"test/tatoeba-test.afr-eng.tsv"},{"rfilename":"test/tatoeba-test.afr-epo.tsv"},{"rfilename":"test/tatoeba-test.afr-nld.tsv"},{"rfilename":"test/tatoeba-test.afr-rus.tsv"},{"rfilename":"test/tatoeba-test.afr-spa.tsv"},{"rfilename":"test/tatoeba-test.ain-fin.tsv"},{"rfilename":"test/tatoeba-test.ara-ber.tsv"},{"rfilename":"test/tatoeba-test.ara-ber_Latn.tsv"},{"rfilename":"test/tatoeba-test.ara-deu.tsv"},{"rfilename":"test/tatoeba-test.ara-ell.tsv"},{"rfilename":"test/tatoeba-test.ara-eng.tsv"},{"rfilename":"test/tatoeba-test.ara-epo.tsv"},{"rfilename":"test/tatoeba-test.ara-fra.tsv"},{"rfilename":"test/tatoeba-test.ara-heb.tsv"},{"rfilename":"test/tatoeba-test.ara-ita.tsv"},{"rfilename":"test/tatoeba-test.ara-jpn.tsv"},{"rfilename":"test/tatoeba-test.ara-jpn_Hira.tsv"},{"rfilename":"test/tatoeba-test.ara-pol.tsv"},{"rfilename":"test/tatoeba-test.ara-rus.tsv"},{"rfilename":"test/tatoeba-test.ara-spa.tsv"},{"rfilename":"test/tatoeba-test.ara-tur.tsv"},{"rfilename":"test/tatoeba-test.arq-eng.tsv"},{"rfilename":"test/tatoeba-test.avk-fra.tsv"},{"rfilename":"test/tatoeba-test.avk-spa.tsv"},{"rfilename":"test/tatoeba-test.awa-eng.tsv"},{"rfilename":"test/tatoeba-test.aze-eng.tsv"},{"rfilename":"test/tatoeba-test.aze-spa.tsv"},{"rfilename":"test/tatoeba-test.aze-tur.tsv"},{"rfilename":"test/tatoeba-test.aze_Latn-tur.tsv"},{"rfilename":"test/tatoeba-test.bel-deu.tsv"},{"rfilename":"test/tatoeba-test.bel-eng.tsv"},{"rfilename":"test/tatoeba-test.bel-epo.tsv"},{"rfilename":"test/tatoeba-test.bel-fra.tsv"},{"rfilename":"test/tatoeba-test.bel-ita.tsv"},{"rfilename":"test/tatoeba-test.bel-lat.tsv"},{"rfilename":"test/tatoeba-test.bel-nld.tsv"},{"rfilename":"test/tatoeba-test.bel-pol.tsv"},{"rfilename":"test/tatoeba-test.bel-rus.tsv"},{"rfilename":"test/tatoeba-test.bel-spa.tsv"},{"rfilename":"test/tatoeba-test.bel-ukr.tsv"},{"rfilename":"test/tatoeba-test.bel-zho.tsv"},{"rfilename":"test/tatoeba-test.ben-eng.tsv"},{"rfilename":"test/tatoeba-test.ber-deu.tsv"},{"rfilename":"test/tatoeba-test.ber-eng.tsv"},{"rfilename":"test/tatoeba-test.ber-epo.tsv"},{"rfilename":"test/tatoeba-test.ber-fra.tsv"},{"rfilename":"test/tatoeba-test.ber-spa.tsv"},{"rfilename":"test/tatoeba-test.ber_Latn-deu.tsv"},{"rfilename":"test/tatoeba-test.ber_Latn-eng.tsv"},{"rfilename":"test/tatoeba-test.ber_Latn-epo.tsv"},{"rfilename":"test/tatoeba-test.ber_Latn-fra.tsv"},{"rfilename":"test/tatoeba-test.bre-eng.tsv"},{"rfilename":"test/tatoeba-test.bre-fra.tsv"},{"rfilename":"test/tatoeba-test.bua-rus.tsv"},{"rfilename":"test/tatoeba-test.bua_Cyrl-rus.tsv"},{"rfilename":"test/tatoeba-test.bul-bul.tsv"},{"rfilename":"test/tatoeba-test.bul-cmn_Hans.tsv"},{"rfilename":"test/tatoeba-test.bul-deu.tsv"},{"rfilename":"test/tatoeba-test.bul-eng.tsv"},{"rfilename":"test/tatoeba-test.bul-epo.tsv"},{"rfilename":"test/tatoeba-test.bul-fra.tsv"},{"rfilename":"test/tatoeba-test.bul-ita.tsv"},{"rfilename":"test/tatoeba-test.bul-jpn.tsv"},{"rfilename":"test/tatoeba-test.bul-jpn_Hira.tsv"},{"rfilename":"test/tatoeba-test.bul-rus.tsv"},{"rfilename":"test/tatoeba-test.bul-spa.tsv"},{"rfilename":"test/tatoeba-test.bul-tur.tsv"},{"rfilename":"test/tatoeba-test.bul-ukr.tsv"},{"rfilename":"test/tatoeba-test.bul-zho.tsv"},{"rfilename":"test/tatoeba-test.cat-deu.tsv"},{"rfilename":"test/tatoeba-test.cat-eng.tsv"},{"rfilename":"test/tatoeba-test.cat-epo.tsv"},{"rfilename":"test/tatoeba-test.cat-fra.tsv"},{"rfilename":"test/tatoeba-test.cat-ita.tsv"},{"rfilename":"test/tatoeba-test.cat-nld.tsv"},{"rfilename":"test/tatoeba-test.cat-por.tsv"},{"rfilename":"test/tatoeba-test.cat-spa.tsv"},{"rfilename":"test/tatoeba-test.cat-ukr.tsv"},{"rfilename":"test/tatoeba-test.cbk-eng.tsv"},{"rfilename":"test/tatoeba-test.ceb-deu.tsv"},{"rfilename":"test/tatoeba-test.ceb-eng.tsv"},{"rfilename":"test/tatoeba-test.ces-deu.tsv"},{"rfilename":"test/tatoeba-test.ces-eng.tsv"},{"rfilename":"test/tatoeba-test.ces-epo.tsv"},{"rfilename":"test/tatoeba-test.ces-fra.tsv"},{"rfilename":"test/tatoeba-test.ces-hun.tsv"},{"rfilename":"test/tatoeba-test.ces-ita.tsv"},{"rfilename":"test/tatoeba-test.ces-lat.tsv"},{"rfilename":"test/tatoeba-test.ces-pol.tsv"},{"rfilename":"test/tatoeba-test.ces-rus.tsv"},{"rfilename":"test/tatoeba-test.ces-slv.tsv"},{"rfilename":"test/tatoeba-test.ces-spa.tsv"},{"rfilename":"test/tatoeba-test.ces-ukr.tsv"},{"rfilename":"test/tatoeba-test.cha-eng.tsv"},{"rfilename":"test/tatoeba-test.chm-rus.tsv"},{"rfilename":"test/tatoeba-test.chv-eng.tsv"},{"rfilename":"test/tatoeba-test.chv-rus.tsv"},{"rfilename":"test/tatoeba-test.chv-tur.tsv"},{"rfilename":"test/tatoeba-test.cmn_Hans-wuu.tsv"},{"rfilename":"test/tatoeba-test.cor-deu.tsv"},{"rfilename":"test/tatoeba-test.cor-eng.tsv"},{"rfilename":"test/tatoeba-test.cor-epo.tsv"},{"rfilename":"test/tatoeba-test.cor-fra.tsv"},{"rfilename":"test/tatoeba-test.cor-ita.tsv"},{"rfilename":"test/tatoeba-test.cor-rus.tsv"},{"rfilename":"test/tatoeba-test.cor-spa.tsv"},{"rfilename":"test/tatoeba-test.crh-tur.tsv"},{"rfilename":"test/tatoeba-test.cym-eng.tsv"},{"rfilename":"test/tatoeba-test.dan-dan.tsv"},{"rfilename":"test/tatoeba-test.dan-deu.tsv"},{"rfilename":"test/tatoeba-test.dan-eng.tsv"},{"rfilename":"test/tatoeba-test.dan-epo.tsv"},{"rfilename":"test/tatoeba-test.dan-fin.tsv"},{"rfilename":"test/tatoeba-test.dan-fra.tsv"},{"rfilename":"test/tatoeba-test.dan-ita.tsv"},{"rfilename":"test/tatoeba-test.dan-jpn.tsv"},{"rfilename":"test/tatoeba-test.dan-jpn_Hira.tsv"},{"rfilename":"test/tatoeba-test.dan-nld.tsv"},{"rfilename":"test/tatoeba-test.dan-nob.tsv"},{"rfilename":"test/tatoeba-test.dan-nor.tsv"},{"rfilename":"test/tatoeba-test.dan-por.tsv"},{"rfilename":"test/tatoeba-test.dan-rus.tsv"},{"rfilename":"test/tatoeba-test.dan-spa.tsv"},{"rfilename":"test/tatoeba-test.dan-swe.tsv"},{"rfilename":"test/tatoeba-test.dan-tur.tsv"},{"rfilename":"test/tatoeba-test.deu-cmn_Hans.tsv"},{"rfilename":"test/tatoeba-test.deu-cmn_Hant.tsv"},{"rfilename":"test/tatoeba-test.deu-deu.tsv"},{"rfilename":"test/tatoeba-test.deu-dsb.tsv"},{"rfilename":"test/tatoeba-test.deu-ell.tsv"},{"rfilename":"test/tatoeba-test.deu-eng.tsv"},{"rfilename":"test/tatoeba-test.deu-epo.tsv"},{"rfilename":"test/tatoeba-test.deu-est.tsv"},{"rfilename":"test/tatoeba-test.deu-eus.tsv"},{"rfilename":"test/tatoeba-test.deu-fas.tsv"},{"rfilename":"test/tatoeba-test.deu-fin.tsv"},{"rfilename":"test/tatoeba-test.deu-fra.tsv"},{"rfilename":"test/tatoeba-test.deu-frr.tsv"},{"rfilename":"test/tatoeba-test.deu-gos.tsv"},{"rfilename":"test/tatoeba-test.deu-hbs.tsv"},{"rfilename":"test/tatoeba-test.deu-heb.tsv"},{"rfilename":"test/tatoeba-test.deu-hrv.tsv"},{"rfilename":"test/tatoeba-test.deu-hrx.tsv"},{"rfilename":"test/tatoeba-test.deu-hsb.tsv"},{"rfilename":"test/tatoeba-test.deu-hun.tsv"},{"rfilename":"test/tatoeba-test.deu-ido.tsv"},{"rfilename":"test/tatoeba-test.deu-ile.tsv"},{"rfilename":"test/tatoeba-test.deu-ina.tsv"},{"rfilename":"test/tatoeba-test.deu-ind.tsv"},{"rfilename":"test/tatoeba-test.deu-isl.tsv"},{"rfilename":"test/tatoeba-test.deu-ita.tsv"},{"rfilename":"test/tatoeba-test.deu-jbo.tsv"},{"rfilename":"test/tatoeba-test.deu-jpn.tsv"},{"rfilename":"test/tatoeba-test.deu-jpn_Hani.tsv"},{"rfilename":"test/tatoeba-test.deu-jpn_Hira.tsv"},{"rfilename":"test/tatoeba-test.deu-jpn_Kana.tsv"},{"rfilename":"test/tatoeba-test.deu-kab.tsv"},{"rfilename":"test/tatoeba-test.deu-kor.tsv"},{"rfilename":"test/tatoeba-test.deu-kor_Hang.tsv"},{"rfilename":"test/tatoeba-test.deu-kur.tsv"},{"rfilename":"test/tatoeba-test.deu-kur_Latn.tsv"},{"rfilename":"test/tatoeba-test.deu-lad.tsv"},{"rfilename":"test/tatoeba-test.deu-lat.tsv"},{"rfilename":"test/tatoeba-test.deu-lfn.tsv"},{"rfilename":"test/tatoeba-test.deu-lfn_Latn.tsv"},{"rfilename":"test/tatoeba-test.deu-lit.tsv"},{"rfilename":"test/tatoeba-test.deu-ltz.tsv"},{"rfilename":"test/tatoeba-test.deu-msa.tsv"},{"rfilename":"test/tatoeba-test.deu-nds.tsv"},{"rfilename":"test/tatoeba-test.deu-nld.tsv"},{"rfilename":"test/tatoeba-test.deu-nob.tsv"},{"rfilename":"test/tatoeba-test.deu-nor.tsv"},{"rfilename":"test/tatoeba-test.deu-pol.tsv"},{"rfilename":"test/tatoeba-test.deu-por.tsv"},{"rfilename":"test/tatoeba-test.deu-ron.tsv"},{"rfilename":"test/tatoeba-test.deu-run.tsv"},{"rfilename":"test/tatoeba-test.deu-rus.tsv"},{"rfilename":"test/tatoeba-test.deu-slv.tsv"},{"rfilename":"test/tatoeba-test.deu-spa.tsv"},{"rfilename":"test/tatoeba-test.deu-srp_Latn.tsv"},{"rfilename":"test/tatoeba-test.deu-swe.tsv"},{"rfilename":"test/tatoeba-test.deu-swg.tsv"},{"rfilename":"test/tatoeba-test.deu-tat.tsv"},{"rfilename":"test/tatoeba-test.deu-tgl.tsv"},{"rfilename":"test/tatoeba-test.deu-tlh.tsv"},{"rfilename":"test/tatoeba-test.deu-toki.tsv"},{"rfilename":"test/tatoeba-test.deu-tur.tsv"},{"rfilename":"test/tatoeba-test.deu-ukr.tsv"},{"rfilename":"test/tatoeba-test.deu-vie.tsv"},{"rfilename":"test/tatoeba-test.deu-vol.tsv"},{"rfilename":"test/tatoeba-test.deu-yid.tsv"},{"rfilename":"test/tatoeba-test.deu-zho.tsv"},{"rfilename":"test/tatoeba-test.dsb-hsb.tsv"},{"rfilename":"test/tatoeba-test.dsb-slv.tsv"},{"rfilename":"test/tatoeba-test.dtp-eng.tsv"},{"rfilename":"test/tatoeba-test.dtp-jpn.tsv"},{"rfilename":"test/tatoeba-test.dtp-jpn_Hira.tsv"},{"rfilename":"test/tatoeba-test.dtp-msa.tsv"},{"rfilename":"test/tatoeba-test.dtp-zsm_Latn.tsv"},{"rfilename":"test/tatoeba-test.egl-ita.tsv"},{"rfilename":"test/tatoeba-test.ell-ell.tsv"},{"rfilename":"test/tatoeba-test.ell-eng.tsv"},{"rfilename":"test/tatoeba-test.ell-epo.tsv"},{"rfilename":"test/tatoeba-test.ell-fra.tsv"},{"rfilename":"test/tatoeba-test.ell-ita.tsv"},{"rfilename":"test/tatoeba-test.ell-nld.tsv"},{"rfilename":"test/tatoeba-test.ell-por.tsv"},{"rfilename":"test/tatoeba-test.ell-rus.tsv"},{"rfilename":"test/tatoeba-test.ell-spa.tsv"},{"rfilename":"test/tatoeba-test.ell-swe.tsv"},{"rfilename":"test/tatoeba-test.ell-tur.tsv"},{"rfilename":"test/tatoeba-test.eng-bos_Latn.tsv"},{"rfilename":"test/tatoeba-test.eng-cmn_Hans.tsv"},{"rfilename":"test/tatoeba-test.eng-cmn_Hant.tsv"},{"rfilename":"test/tatoeba-test.eng-eng.tsv"},{"rfilename":"test/tatoeba-test.eng-epo.tsv"},{"rfilename":"test/tatoeba-test.eng-est.tsv"},{"rfilename":"test/tatoeba-test.eng-eus.tsv"},{"rfilename":"test/tatoeba-test.eng-fao.tsv"},{"rfilename":"test/tatoeba-test.eng-fas.tsv"},{"rfilename":"test/tatoeba-test.eng-fin.tsv"},{"rfilename":"test/tatoeba-test.eng-fra.tsv"},{"rfilename":"test/tatoeba-test.eng-fry.tsv"},{"rfilename":"test/tatoeba-test.eng-gla.tsv"},{"rfilename":"test/tatoeba-test.eng-gle.tsv"},{"rfilename":"test/tatoeba-test.eng-glg.tsv"},{"rfilename":"test/tatoeba-test.eng-gos.tsv"},{"rfilename":"test/tatoeba-test.eng-got.tsv"},{"rfilename":"test/tatoeba-test.eng-grc.tsv"},{"rfilename":"test/tatoeba-test.eng-gsw.tsv"},{"rfilename":"test/tatoeba-test.eng-hbs.tsv"},{"rfilename":"test/tatoeba-test.eng-heb.tsv"},{"rfilename":"test/tatoeba-test.eng-hin.tsv"},{"rfilename":"test/tatoeba-test.eng-hoc.tsv"},{"rfilename":"test/tatoeba-test.eng-hoc_Latn.tsv"},{"rfilename":"test/tatoeba-test.eng-hrv.tsv"},{"rfilename":"test/tatoeba-test.eng-hrx.tsv"},{"rfilename":"test/tatoeba-test.eng-hun.tsv"},{"rfilename":"test/tatoeba-test.eng-hye.tsv"},{"rfilename":"test/tatoeba-test.eng-ido.tsv"},{"rfilename":"test/tatoeba-test.eng-ido_Latn.tsv"},{"rfilename":"test/tatoeba-test.eng-ile.tsv"},{"rfilename":"test/tatoeba-test.eng-ilo.tsv"},{"rfilename":"test/tatoeba-test.eng-ina.tsv"},{"rfilename":"test/tatoeba-test.eng-ind.tsv"},{"rfilename":"test/tatoeba-test.eng-isl.tsv"},{"rfilename":"test/tatoeba-test.eng-ita.tsv"},{"rfilename":"test/tatoeba-test.eng-jav.tsv"},{"rfilename":"test/tatoeba-test.eng-jbo.tsv"},{"rfilename":"test/tatoeba-test.eng-jbo_Latn.tsv"},{"rfilename":"test/tatoeba-test.eng-jpn.tsv"},{"rfilename":"test/tatoeba-test.eng-jpn_Hani.tsv"},{"rfilename":"test/tatoeba-test.eng-jpn_Hira.tsv"},{"rfilename":"test/tatoeba-test.eng-jpn_Kana.tsv"},{"rfilename":"test/tatoeba-test.eng-kab.tsv"},{"rfilename":"test/tatoeba-test.eng-kat.tsv"},{"rfilename":"test/tatoeba-test.eng-kaz.tsv"},{"rfilename":"test/tatoeba-test.eng-kaz_Cyrl.tsv"},{"rfilename":"test/tatoeba-test.eng-kha.tsv"},{"rfilename":"test/tatoeba-test.eng-khm.tsv"},{"rfilename":"test/tatoeba-test.eng-kor.tsv"},{"rfilename":"test/tatoeba-test.eng-kor_Hang.tsv"},{"rfilename":"test/tatoeba-test.eng-kur.tsv"},{"rfilename":"test/tatoeba-test.eng-kur_Latn.tsv"},{"rfilename":"test/tatoeba-test.eng-kzj.tsv"},{"rfilename":"test/tatoeba-test.eng-lad.tsv"},{"rfilename":"test/tatoeba-test.eng-lad_Latn.tsv"},{"rfilename":"test/tatoeba-test.eng-lat.tsv"},{"rfilename":"test/tatoeba-test.eng-lav.tsv"},{"rfilename":"test/tatoeba-test.eng-lfn.tsv"},{"rfilename":"test/tatoeba-test.eng-lfn_Cyrl.tsv"},{"rfilename":"test/tatoeba-test.eng-lfn_Latn.tsv"},{"rfilename":"test/tatoeba-test.eng-lit.tsv"},{"rfilename":"test/tatoeba-test.eng-ltz.tsv"},{"rfilename":"test/tatoeba-test.eng-mal.tsv"},{"rfilename":"test/tatoeba-test.eng-mar.tsv"},{"rfilename":"test/tatoeba-test.eng-mkd.tsv"},{"rfilename":"test/tatoeba-test.eng-mlt.tsv"},{"rfilename":"test/tatoeba-test.eng-mon.tsv"},{"rfilename":"test/tatoeba-test.eng-mri.tsv"},{"rfilename":"test/tatoeba-test.eng-msa.tsv"},{"rfilename":"test/tatoeba-test.eng-mya.tsv"},{"rfilename":"test/tatoeba-test.eng-nds.tsv"},{"rfilename":"test/tatoeba-test.eng-nld.tsv"},{"rfilename":"test/tatoeba-test.eng-nno.tsv"},{"rfilename":"test/tatoeba-test.eng-nob.tsv"},{"rfilename":"test/tatoeba-test.eng-nor.tsv"},{"rfilename":"test/tatoeba-test.eng-nov.tsv"},{"rfilename":"test/tatoeba-test.eng-nst.tsv"},{"rfilename":"test/tatoeba-test.eng-oci.tsv"},{"rfilename":"test/tatoeba-test.eng-orv.tsv"},{"rfilename":"test/tatoeba-test.eng-ota.tsv"},{"rfilename":"test/tatoeba-test.eng-ota_Arab.tsv"},{"rfilename":"test/tatoeba-test.eng-ota_Latn.tsv"},{"rfilename":"test/tatoeba-test.eng-pam.tsv"},{"rfilename":"test/tatoeba-test.eng-pes.tsv"},{"rfilename":"test/tatoeba-test.eng-pms.tsv"},{"rfilename":"test/tatoeba-test.eng-pol.tsv"},{"rfilename":"test/tatoeba-test.eng-por.tsv"},{"rfilename":"test/tatoeba-test.eng-prg.tsv"},{"rfilename":"test/tatoeba-test.eng-que.tsv"},{"rfilename":"test/tatoeba-test.eng-rom.tsv"},{"rfilename":"test/tatoeba-test.eng-ron.tsv"},{"rfilename":"test/tatoeba-test.eng-run.tsv"},{"rfilename":"test/tatoeba-test.eng-rus.tsv"},{"rfilename":"test/tatoeba-test.eng-slv.tsv"},{"rfilename":"test/tatoeba-test.eng-spa.tsv"},{"rfilename":"test/tatoeba-test.eng-sqi.tsv"},{"rfilename":"test/tatoeba-test.eng-srp_Cyrl.tsv"},{"rfilename":"test/tatoeba-test.eng-srp_Latn.tsv"},{"rfilename":"test/tatoeba-test.eng-swa.tsv"},{"rfilename":"test/tatoeba-test.eng-swe.tsv"},{"rfilename":"test/tatoeba-test.eng-tam.tsv"},{"rfilename":"test/tatoeba-test.eng-tat.tsv"},{"rfilename":"test/tatoeba-test.eng-tel.tsv"},{"rfilename":"test/tatoeba-test.eng-tgl.tsv"},{"rfilename":"test/tatoeba-test.eng-tha.tsv"},{"rfilename":"test/tatoeba-test.eng-tlh.tsv"},{"rfilename":"test/tatoeba-test.eng-toki.tsv"},{"rfilename":"test/tatoeba-test.eng-tuk.tsv"},{"rfilename":"test/tatoeba-test.eng-tuk_Latn.tsv"},{"rfilename":"test/tatoeba-test.eng-tur.tsv"},{"rfilename":"test/tatoeba-test.eng-tzl.tsv"},{"rfilename":"test/tatoeba-test.eng-tzl_Latn.tsv"},{"rfilename":"test/tatoeba-test.eng-uig.tsv"},{"rfilename":"test/tatoeba-test.eng-uig_Arab.tsv"},{"rfilename":"test/tatoeba-test.eng-ukr.tsv"},{"rfilename":"test/tatoeba-test.eng-urd.tsv"},{"rfilename":"test/tatoeba-test.eng-uzb.tsv"},{"rfilename":"test/tatoeba-test.eng-uzb_Latn.tsv"},{"rfilename":"test/tatoeba-test.eng-vie.tsv"},{"rfilename":"test/tatoeba-test.eng-vol.tsv"},{"rfilename":"test/tatoeba-test.eng-war.tsv"},{"rfilename":"test/tatoeba-test.eng-xal.tsv"},{"rfilename":"test/tatoeba-test.eng-yid.tsv"},{"rfilename":"test/tatoeba-test.eng-yue_Hans.tsv"},{"rfilename":"test/tatoeba-test.eng-yue_Hant.tsv"},{"rfilename":"test/tatoeba-test.eng-zho.tsv"},{"rfilename":"test/tatoeba-test.eng-zsm_Latn.tsv"},{"rfilename":"test/tatoeba-test.eng-zza.tsv"},{"rfilename":"test/tatoeba-test.epo-cmn_Hans.tsv"},{"rfilename":"test/tatoeba-test.epo-cmn_Hant.tsv"},{"rfilename":"test/tatoeba-test.epo-epo.tsv"},{"rfilename":"test/tatoeba-test.epo-fas.tsv"},{"rfilename":"test/tatoeba-test.epo-fin.tsv"},{"rfilename":"test/tatoeba-test.epo-fra.tsv"},{"rfilename":"test/tatoeba-test.epo-glg.tsv"},{"rfilename":"test/tatoeba-test.epo-hbs.tsv"},{"rfilename":"test/tatoeba-test.epo-heb.tsv"},{"rfilename":"test/tatoeba-test.epo-hrv.tsv"},{"rfilename":"test/tatoeba-test.epo-hun.tsv"},{"rfilename":"test/tatoeba-test.epo-ido.tsv"},{"rfilename":"test/tatoeba-test.epo-ile.tsv"},{"rfilename":"test/tatoeba-test.epo-ile_Latn.tsv"},{"rfilename":"test/tatoeba-test.epo-ina.tsv"},{"rfilename":"test/tatoeba-test.epo-isl.tsv"},{"rfilename":"test/tatoeba-test.epo-ita.tsv"},{"rfilename":"test/tatoeba-test.epo-jbo.tsv"},{"rfilename":"test/tatoeba-test.epo-jpn.tsv"},{"rfilename":"test/tatoeba-test.epo-jpn_Hani.tsv"},{"rfilename":"test/tatoeba-test.epo-jpn_Hira.tsv"},{"rfilename":"test/tatoeba-test.epo-lad.tsv"},{"rfilename":"test/tatoeba-test.epo-lad_Latn.tsv"},{"rfilename":"test/tatoeba-test.epo-lat.tsv"},{"rfilename":"test/tatoeba-test.epo-lfn.tsv"},{"rfilename":"test/tatoeba-test.epo-lfn_Latn.tsv"},{"rfilename":"test/tatoeba-test.epo-lit.tsv"},{"rfilename":"test/tatoeba-test.epo-nds.tsv"},{"rfilename":"test/tatoeba-test.epo-nld.tsv"},{"rfilename":"test/tatoeba-test.epo-nob.tsv"},{"rfilename":"test/tatoeba-test.epo-nor.tsv"},{"rfilename":"test/tatoeba-test.epo-oci.tsv"},{"rfilename":"test/tatoeba-test.epo-pol.tsv"},{"rfilename":"test/tatoeba-test.epo-por.tsv"},{"rfilename":"test/tatoeba-test.epo-ron.tsv"},{"rfilename":"test/tatoeba-test.epo-rus.tsv"},{"rfilename":"test/tatoeba-test.epo-slv.tsv"},{"rfilename":"test/tatoeba-test.epo-spa.tsv"},{"rfilename":"test/tatoeba-test.epo-srp_Cyrl.tsv"},{"rfilename":"test/tatoeba-test.epo-srp_Latn.tsv"},{"rfilename":"test/tatoeba-test.epo-swe.tsv"},{"rfilename":"test/tatoeba-test.epo-tgl.tsv"},{"rfilename":"test/tatoeba-test.epo-tlh.tsv"},{"rfilename":"test/tatoeba-test.epo-toki.tsv"},{"rfilename":"test/tatoeba-test.epo-tur.tsv"},{"rfilename":"test/tatoeba-test.epo-ukr.tsv"},{"rfilename":"test/tatoeba-test.epo-vie.tsv"},{"rfilename":"test/tatoeba-test.epo-vol.tsv"},{"rfilename":"test/tatoeba-test.epo-yid.tsv"},{"rfilename":"test/tatoeba-test.epo-zho.tsv"},{"rfilename":"test/tatoeba-test.est-rus.tsv"},{"rfilename":"test/tatoeba-test.eus-jpn.tsv"},{"rfilename":"test/tatoeba-test.eus-rus.tsv"},{"rfilename":"test/tatoeba-test.eus-spa.tsv"},{"rfilename":"test/tatoeba-test.fas-fra.tsv"},{"rfilename":"test/tatoeba-test.fin-fin.tsv"},{"rfilename":"test/tatoeba-test.fin-fkv.tsv"},{"rfilename":"test/tatoeba-test.fin-fra.tsv"},{"rfilename":"test/tatoeba-test.fin-heb.tsv"},{"rfilename":"test/tatoeba-test.fin-hun.tsv"},{"rfilename":"test/tatoeba-test.fin-ita.tsv"},{"rfilename":"test/tatoeba-test.fin-jpn.tsv"},{"rfilename":"test/tatoeba-test.fin-jpn_Hani.tsv"},{"rfilename":"test/tatoeba-test.fin-jpn_Hira.tsv"},{"rfilename":"test/tatoeba-test.fin-jpn_Kana.tsv"},{"rfilename":"test/tatoeba-test.fin-kor.tsv"},{"rfilename":"test/tatoeba-test.fin-kor_Hang.tsv"},{"rfilename":"test/tatoeba-test.fin-kur.tsv"},{"rfilename":"test/tatoeba-test.fin-lat.tsv"},{"rfilename":"test/tatoeba-test.fin-nld.tsv"},{"rfilename":"test/tatoeba-test.fin-nno.tsv"},{"rfilename":"test/tatoeba-test.fin-nob.tsv"},{"rfilename":"test/tatoeba-test.fin-nor.tsv"},{"rfilename":"test/tatoeba-test.fin-pol.tsv"},{"rfilename":"test/tatoeba-test.fin-por.tsv"},{"rfilename":"test/tatoeba-test.fin-rus.tsv"},{"rfilename":"test/tatoeba-test.fin-spa.tsv"},{"rfilename":"test/tatoeba-test.fin-swe.tsv"},{"rfilename":"test/tatoeba-test.fin-tur.tsv"},{"rfilename":"test/tatoeba-test.fin-zho.tsv"},{"rfilename":"test/tatoeba-test.fra-cmn_Hans.tsv"},{"rfilename":"test/tatoeba-test.fra-cmn_Hant.tsv"},{"rfilename":"test/tatoeba-test.fra-fra.tsv"},{"rfilename":"test/tatoeba-test.fra-gcf.tsv"},{"rfilename":"test/tatoeba-test.fra-hbs.tsv"},{"rfilename":"test/tatoeba-test.fra-heb.tsv"},{"rfilename":"test/tatoeba-test.fra-hrv.tsv"},{"rfilename":"test/tatoeba-test.fra-hun.tsv"},{"rfilename":"test/tatoeba-test.fra-ido.tsv"},{"rfilename":"test/tatoeba-test.fra-ile.tsv"},{"rfilename":"test/tatoeba-test.fra-ina.tsv"},{"rfilename":"test/tatoeba-test.fra-ind.tsv"},{"rfilename":"test/tatoeba-test.fra-ita.tsv"},{"rfilename":"test/tatoeba-test.fra-jbo.tsv"},{"rfilename":"test/tatoeba-test.fra-jpn.tsv"},{"rfilename":"test/tatoeba-test.fra-jpn_Hani.tsv"},{"rfilename":"test/tatoeba-test.fra-jpn_Hira.tsv"},{"rfilename":"test/tatoeba-test.fra-kab.tsv"},{"rfilename":"test/tatoeba-test.fra-kor.tsv"},{"rfilename":"test/tatoeba-test.fra-kor_Hang.tsv"},{"rfilename":"test/tatoeba-test.fra-lat.tsv"},{"rfilename":"test/tatoeba-test.fra-lfn.tsv"},{"rfilename":"test/tatoeba-test.fra-lfn_Latn.tsv"},{"rfilename":"test/tatoeba-test.fra-msa.tsv"},{"rfilename":"test/tatoeba-test.fra-nds.tsv"},{"rfilename":"test/tatoeba-test.fra-nld.tsv"},{"rfilename":"test/tatoeba-test.fra-nob.tsv"},{"rfilename":"test/tatoeba-test.fra-nor.tsv"},{"rfilename":"test/tatoeba-test.fra-oci.tsv"},{"rfilename":"test/tatoeba-test.fra-pcd.tsv"},{"rfilename":"test/tatoeba-test.fra-pol.tsv"},{"rfilename":"test/tatoeba-test.fra-por.tsv"},{"rfilename":"test/tatoeba-test.fra-ron.tsv"},{"rfilename":"test/tatoeba-test.fra-run.tsv"},{"rfilename":"test/tatoeba-test.fra-rus.tsv"},{"rfilename":"test/tatoeba-test.fra-slv.tsv"},{"rfilename":"test/tatoeba-test.fra-spa.tsv"},{"rfilename":"test/tatoeba-test.fra-swe.tsv"},{"rfilename":"test/tatoeba-test.fra-tat.tsv"},{"rfilename":"test/tatoeba-test.fra-tgl.tsv"},{"rfilename":"test/tatoeba-test.fra-tlh.tsv"},{"rfilename":"test/tatoeba-test.fra-tlh_Latn.tsv"},{"rfilename":"test/tatoeba-test.fra-toki.tsv"},{"rfilename":"test/tatoeba-test.fra-toki_Latn.tsv"},{"rfilename":"test/tatoeba-test.fra-tur.tsv"},{"rfilename":"test/tatoeba-test.fra-uig.tsv"},{"rfilename":"test/tatoeba-test.fra-uig_Arab.tsv"},{"rfilename":"test/tatoeba-test.fra-ukr.tsv"},{"rfilename":"test/tatoeba-test.fra-vie.tsv"},{"rfilename":"test/tatoeba-test.fra-wuu.tsv"},{"rfilename":"test/tatoeba-test.fra-yid.tsv"},{"rfilename":"test/tatoeba-test.fra-zho.tsv"},{"rfilename":"test/tatoeba-test.fry-nld.tsv"},{"rfilename":"test/tatoeba-test.gcf-gcf.tsv"},{"rfilename":"test/tatoeba-test.gla-spa.tsv"},{"rfilename":"test/tatoeba-test.glg-por.tsv"},{"rfilename":"test/tatoeba-test.glg-spa.tsv"},{"rfilename":"test/tatoeba-test.gos-nld.tsv"},{"rfilename":"test/tatoeba-test.grn-por.tsv"},{"rfilename":"test/tatoeba-test.grn-spa.tsv"},{"rfilename":"test/tatoeba-test.hbs-ita.tsv"},{"rfilename":"test/tatoeba-test.hbs-jpn.tsv"},{"rfilename":"test/tatoeba-test.hbs-nor.tsv"},{"rfilename":"test/tatoeba-test.hbs-pol.tsv"},{"rfilename":"test/tatoeba-test.hbs-rus.tsv"},{"rfilename":"test/tatoeba-test.hbs-spa.tsv"},{"rfilename":"test/tatoeba-test.hbs-ukr.tsv"},{"rfilename":"test/tatoeba-test.hbs-zho.tsv"},{"rfilename":"test/tatoeba-test.heb-cmn_Hans.tsv"},{"rfilename":"test/tatoeba-test.heb-cmn_Hant.tsv"},{"rfilename":"test/tatoeba-test.heb-heb.tsv"},{"rfilename":"test/tatoeba-test.heb-hun.tsv"},{"rfilename":"test/tatoeba-test.heb-ina.tsv"},{"rfilename":"test/tatoeba-test.heb-ita.tsv"},{"rfilename":"test/tatoeba-test.heb-jpn.tsv"},{"rfilename":"test/tatoeba-test.heb-jpn_Hira.tsv"},{"rfilename":"test/tatoeba-test.heb-lad.tsv"},{"rfilename":"test/tatoeba-test.heb-lat.tsv"},{"rfilename":"test/tatoeba-test.heb-lfn.tsv"},{"rfilename":"test/tatoeba-test.heb-lfn_Latn.tsv"},{"rfilename":"test/tatoeba-test.heb-nld.tsv"},{"rfilename":"test/tatoeba-test.heb-pol.tsv"},{"rfilename":"test/tatoeba-test.heb-por.tsv"},{"rfilename":"test/tatoeba-test.heb-rus.tsv"},{"rfilename":"test/tatoeba-test.heb-spa.tsv"},{"rfilename":"test/tatoeba-test.heb-tur.tsv"},{"rfilename":"test/tatoeba-test.heb-ukr.tsv"},{"rfilename":"test/tatoeba-test.heb-yid.tsv"},{"rfilename":"test/tatoeba-test.heb-zho.tsv"},{"rfilename":"test/tatoeba-test.hin-urd.tsv"},{"rfilename":"test/tatoeba-test.hin-zho.tsv"},{"rfilename":"test/tatoeba-test.hrv-jpn_Hira.tsv"},{"rfilename":"test/tatoeba-test.hrv-pol.tsv"},{"rfilename":"test/tatoeba-test.hrv-spa.tsv"},{"rfilename":"test/tatoeba-test.hrv-ukr.tsv"},{"rfilename":"test/tatoeba-test.hsb-slv.tsv"},{"rfilename":"test/tatoeba-test.hun-cmn_Hans.tsv"},{"rfilename":"test/tatoeba-test.hun-hun.tsv"},{"rfilename":"test/tatoeba-test.hun-ita.tsv"},{"rfilename":"test/tatoeba-test.hun-jpn.tsv"},{"rfilename":"test/tatoeba-test.hun-jpn_Hani.tsv"},{"rfilename":"test/tatoeba-test.hun-jpn_Hira.tsv"},{"rfilename":"test/tatoeba-test.hun-kor.tsv"},{"rfilename":"test/tatoeba-test.hun-kor_Hang.tsv"},{"rfilename":"test/tatoeba-test.hun-lat.tsv"},{"rfilename":"test/tatoeba-test.hun-nld.tsv"},{"rfilename":"test/tatoeba-test.hun-pol.tsv"},{"rfilename":"test/tatoeba-test.hun-por.tsv"},{"rfilename":"test/tatoeba-test.hun-rus.tsv"},{"rfilename":"test/tatoeba-test.hun-spa.tsv"},{"rfilename":"test/tatoeba-test.hun-swe.tsv"},{"rfilename":"test/tatoeba-test.hun-tur.tsv"},{"rfilename":"test/tatoeba-test.hun-ukr.tsv"},{"rfilename":"test/tatoeba-test.hun-zho.tsv"},{"rfilename":"test/tatoeba-test.hye-rus.tsv"},{"rfilename":"test/tatoeba-test.ido-ina.tsv"},{"rfilename":"test/tatoeba-test.ido-ita.tsv"},{"rfilename":"test/tatoeba-test.ido-lfn.tsv"},{"rfilename":"test/tatoeba-test.ido-spa.tsv"},{"rfilename":"test/tatoeba-test.ido-yid.tsv"},{"rfilename":"test/tatoeba-test.ido_Latn-lfn_Latn.tsv"},{"rfilename":"test/tatoeba-test.ina-ita.tsv"},{"rfilename":"test/tatoeba-test.ina-lad.tsv"},{"rfilename":"test/tatoeba-test.ina-lat.tsv"},{"rfilename":"test/tatoeba-test.ina-lfn.tsv"},{"rfilename":"test/tatoeba-test.ina-nld.tsv"},{"rfilename":"test/tatoeba-test.ina-por.tsv"},{"rfilename":"test/tatoeba-test.ina-rus.tsv"},{"rfilename":"test/tatoeba-test.ina-spa.tsv"},{"rfilename":"test/tatoeba-test.ina-tlh.tsv"},{"rfilename":"test/tatoeba-test.ina-tur.tsv"},{"rfilename":"test/tatoeba-test.ina-yid.tsv"},{"rfilename":"test/tatoeba-test.ina_Latn-lad_Latn.tsv"},{"rfilename":"test/tatoeba-test.ina_Latn-lfn_Latn.tsv"},{"rfilename":"test/tatoeba-test.ina_Latn-tlh_Latn.tsv"},{"rfilename":"test/tatoeba-test.ind-zsm_Latn.tsv"},{"rfilename":"test/tatoeba-test.isl-ita.tsv"},{"rfilename":"test/tatoeba-test.isl-jpn.tsv"},{"rfilename":"test/tatoeba-test.isl-jpn_Hira.tsv"},{"rfilename":"test/tatoeba-test.isl-spa.tsv"},{"rfilename":"test/tatoeba-test.ita-cmn_Hans.tsv"},{"rfilename":"test/tatoeba-test.ita-cmn_Hant.tsv"},{"rfilename":"test/tatoeba-test.ita-ind.tsv"},{"rfilename":"test/tatoeba-test.ita-ita.tsv"},{"rfilename":"test/tatoeba-test.ita-jpn.tsv"},{"rfilename":"test/tatoeba-test.ita-jpn_Hani.tsv"},{"rfilename":"test/tatoeba-test.ita-jpn_Hira.tsv"},{"rfilename":"test/tatoeba-test.ita-lat.tsv"},{"rfilename":"test/tatoeba-test.ita-lit.tsv"},{"rfilename":"test/tatoeba-test.ita-msa.tsv"},{"rfilename":"test/tatoeba-test.ita-nds.tsv"},{"rfilename":"test/tatoeba-test.ita-nld.tsv"},{"rfilename":"test/tatoeba-test.ita-nor.tsv"},{"rfilename":"test/tatoeba-test.ita-pms.tsv"},{"rfilename":"test/tatoeba-test.ita-pol.tsv"},{"rfilename":"test/tatoeba-test.ita-por.tsv"},{"rfilename":"test/tatoeba-test.ita-ron.tsv"},{"rfilename":"test/tatoeba-test.ita-rus.tsv"},{"rfilename":"test/tatoeba-test.ita-spa.tsv"},{"rfilename":"test/tatoeba-test.ita-swe.tsv"},{"rfilename":"test/tatoeba-test.ita-toki.tsv"},{"rfilename":"test/tatoeba-test.ita-tur.tsv"},{"rfilename":"test/tatoeba-test.ita-ukr.tsv"},{"rfilename":"test/tatoeba-test.ita-vie.tsv"},{"rfilename":"test/tatoeba-test.ita-yid.tsv"},{"rfilename":"test/tatoeba-test.ita-zho.tsv"},{"rfilename":"test/tatoeba-test.jbo-jpn.tsv"},{"rfilename":"test/tatoeba-test.jbo-rus.tsv"},{"rfilename":"test/tatoeba-test.jbo-spa.tsv"},{"rfilename":"test/tatoeba-test.jbo-swe.tsv"},{"rfilename":"test/tatoeba-test.jbo-zho.tsv"},{"rfilename":"test/tatoeba-test.jbo_Latn-cmn_Hans.tsv"},{"rfilename":"test/tatoeba-test.jbo_Latn-cmn_Hant.tsv"},{"rfilename":"test/tatoeba-test.jbo_Latn-jpn_Hira.tsv"},{"rfilename":"test/tatoeba-test.jpn-jpn.tsv"},{"rfilename":"test/tatoeba-test.jpn-kor.tsv"},{"rfilename":"test/tatoeba-test.jpn-lit.tsv"},{"rfilename":"test/tatoeba-test.jpn-mar.tsv"},{"rfilename":"test/tatoeba-test.jpn-msa.tsv"},{"rfilename":"test/tatoeba-test.jpn-nds.tsv"},{"rfilename":"test/tatoeba-test.jpn-nld.tsv"},{"rfilename":"test/tatoeba-test.jpn-nor.tsv"},{"rfilename":"test/tatoeba-test.jpn-pol.tsv"},{"rfilename":"test/tatoeba-test.jpn-por.tsv"},{"rfilename":"test/tatoeba-test.jpn-rus.tsv"},{"rfilename":"test/tatoeba-test.jpn-spa.tsv"},{"rfilename":"test/tatoeba-test.jpn-swe.tsv"},{"rfilename":"test/tatoeba-test.jpn-tlh.tsv"},{"rfilename":"test/tatoeba-test.jpn-toki.tsv"},{"rfilename":"test/tatoeba-test.jpn-tur.tsv"},{"rfilename":"test/tatoeba-test.jpn-ukr.tsv"},{"rfilename":"test/tatoeba-test.jpn-vie.tsv"},{"rfilename":"test/tatoeba-test.jpn-zho.tsv"},{"rfilename":"test/tatoeba-test.jpn_Hani-cmn_Hans.tsv"},{"rfilename":"test/tatoeba-test.jpn_Hani-nld.tsv"},{"rfilename":"test/tatoeba-test.jpn_Hani-pol.tsv"},{"rfilename":"test/tatoeba-test.jpn_Hani-por.tsv"},{"rfilename":"test/tatoeba-test.jpn_Hani-rus.tsv"},{"rfilename":"test/tatoeba-test.jpn_Hani-spa.tsv"},{"rfilename":"test/tatoeba-test.jpn_Hira-cmn_Hans.tsv"},{"rfilename":"test/tatoeba-test.jpn_Hira-cmn_Hant.tsv"},{"rfilename":"test/tatoeba-test.jpn_Hira-ind.tsv"},{"rfilename":"test/tatoeba-test.jpn_Hira-jpn_Hira.tsv"},{"rfilename":"test/tatoeba-test.jpn_Hira-kor_Hang.tsv"},{"rfilename":"test/tatoeba-test.jpn_Hira-lit.tsv"},{"rfilename":"test/tatoeba-test.jpn_Hira-mar.tsv"},{"rfilename":"test/tatoeba-test.jpn_Hira-nds.tsv"},{"rfilename":"test/tatoeba-test.jpn_Hira-nld.tsv"},{"rfilename":"test/tatoeba-test.jpn_Hira-nob.tsv"},{"rfilename":"test/tatoeba-test.jpn_Hira-pol.tsv"},{"rfilename":"test/tatoeba-test.jpn_Hira-por.tsv"},{"rfilename":"test/tatoeba-test.jpn_Hira-rus.tsv"},{"rfilename":"test/tatoeba-test.jpn_Hira-spa.tsv"},{"rfilename":"test/tatoeba-test.jpn_Hira-swe.tsv"},{"rfilename":"test/tatoeba-test.jpn_Hira-tlh_Latn.tsv"},{"rfilename":"test/tatoeba-test.jpn_Hira-tur.tsv"},{"rfilename":"test/tatoeba-test.jpn_Hira-ukr.tsv"},{"rfilename":"test/tatoeba-test.jpn_Hira-vie.tsv"},{"rfilename":"test/tatoeba-test.jpn_Kana-rus.tsv"},{"rfilename":"test/tatoeba-test.jpn_Kana-spa.tsv"},{"rfilename":"test/tatoeba-test.kab-kab.tsv"},{"rfilename":"test/tatoeba-test.kab-rus.tsv"},{"rfilename":"test/tatoeba-test.kab-spa.tsv"},{"rfilename":"test/tatoeba-test.kat-rus.tsv"},{"rfilename":"test/tatoeba-test.kaz-rus.tsv"},{"rfilename":"test/tatoeba-test.kaz_Cyrl-rus.tsv"},{"rfilename":"test/tatoeba-test.khm-spa.tsv"},{"rfilename":"test/tatoeba-test.kor-rus.tsv"},{"rfilename":"test/tatoeba-test.kor-spa.tsv"},{"rfilename":"test/tatoeba-test.kor-zho.tsv"},{"rfilename":"test/tatoeba-test.kor_Hang-cmn_Hans.tsv"},{"rfilename":"test/tatoeba-test.kor_Hang-rus.tsv"},{"rfilename":"test/tatoeba-test.kor_Hang-spa.tsv"},{"rfilename":"test/tatoeba-test.kzj-msa.tsv"},{"rfilename":"test/tatoeba-test.kzj_Latn-zsm_Latn.tsv"},{"rfilename":"test/tatoeba-test.lad-lat.tsv"},{"rfilename":"test/tatoeba-test.lad-lfn.tsv"},{"rfilename":"test/tatoeba-test.lad-spa.tsv"},{"rfilename":"test/tatoeba-test.lad-yid.tsv"},{"rfilename":"test/tatoeba-test.lad_Latn-lfn_Latn.tsv"},{"rfilename":"test/tatoeba-test.lad_Latn-spa.tsv"},{"rfilename":"test/tatoeba-test.lad_Latn-yid.tsv"},{"rfilename":"test/tatoeba-test.lat-lat.tsv"},{"rfilename":"test/tatoeba-test.lat-lfn.tsv"},{"rfilename":"test/tatoeba-test.lat-nld.tsv"},{"rfilename":"test/tatoeba-test.lat-nor.tsv"},{"rfilename":"test/tatoeba-test.lat-pol.tsv"},{"rfilename":"test/tatoeba-test.lat-por.tsv"},{"rfilename":"test/tatoeba-test.lat-rus.tsv"},{"rfilename":"test/tatoeba-test.lat-spa.tsv"},{"rfilename":"test/tatoeba-test.lat-tlh.tsv"},{"rfilename":"test/tatoeba-test.lat-ukr.tsv"},{"rfilename":"test/tatoeba-test.lat-yid.tsv"},{"rfilename":"test/tatoeba-test.lat_Latn-lfn_Latn.tsv"},{"rfilename":"test/tatoeba-test.lat_Latn-por.tsv"},{"rfilename":"test/tatoeba-test.lav-rus.tsv"},{"rfilename":"test/tatoeba-test.lfn-por.tsv"},{"rfilename":"test/tatoeba-test.lfn-rus.tsv"},{"rfilename":"test/tatoeba-test.lfn-spa.tsv"},{"rfilename":"test/tatoeba-test.lfn-yid.tsv"},{"rfilename":"test/tatoeba-test.lfn_Cyrl-por.tsv"},{"rfilename":"test/tatoeba-test.lfn_Latn-por.tsv"},{"rfilename":"test/tatoeba-test.lfn_Latn-yid.tsv"},{"rfilename":"test/tatoeba-test.lit-pol.tsv"},{"rfilename":"test/tatoeba-test.lit-rus.tsv"},{"rfilename":"test/tatoeba-test.lit-spa.tsv"},{"rfilename":"test/tatoeba-test.lit-tur.tsv"},{"rfilename":"test/tatoeba-test.ltz-nld.tsv"},{"rfilename":"test/tatoeba-test.mkd-spa.tsv"},{"rfilename":"test/tatoeba-test.msa-msa.tsv"},{"rfilename":"test/tatoeba-test.msa-spa.tsv"},{"rfilename":"test/tatoeba-test.msa-zho.tsv"},{"rfilename":"test/tatoeba-test.nds-nld.tsv"},{"rfilename":"test/tatoeba-test.nds-por.tsv"},{"rfilename":"test/tatoeba-test.nds-rus.tsv"},{"rfilename":"test/tatoeba-test.nds-spa.tsv"},{"rfilename":"test/tatoeba-test.nld-cmn_Hant.tsv"},{"rfilename":"test/tatoeba-test.nld-nld.tsv"},{"rfilename":"test/tatoeba-test.nld-nor.tsv"},{"rfilename":"test/tatoeba-test.nld-pol.tsv"},{"rfilename":"test/tatoeba-test.nld-por.tsv"},{"rfilename":"test/tatoeba-test.nld-ron.tsv"},{"rfilename":"test/tatoeba-test.nld-rus.tsv"},{"rfilename":"test/tatoeba-test.nld-spa.tsv"},{"rfilename":"test/tatoeba-test.nld-toki.tsv"},{"rfilename":"test/tatoeba-test.nld-tur.tsv"},{"rfilename":"test/tatoeba-test.nld-ukr.tsv"},{"rfilename":"test/tatoeba-test.nld-zho.tsv"},{"rfilename":"test/tatoeba-test.nno-nob.tsv"},{"rfilename":"test/tatoeba-test.nob-nno.tsv"},{"rfilename":"test/tatoeba-test.nob-rus.tsv"},{"rfilename":"test/tatoeba-test.nob-spa.tsv"},{"rfilename":"test/tatoeba-test.nob-swe.tsv"},{"rfilename":"test/tatoeba-test.nor-nor.tsv"},{"rfilename":"test/tatoeba-test.nor-pol.tsv"},{"rfilename":"test/tatoeba-test.nor-por.tsv"},{"rfilename":"test/tatoeba-test.nor-rus.tsv"},{"rfilename":"test/tatoeba-test.nor-spa.tsv"},{"rfilename":"test/tatoeba-test.nor-swe.tsv"},{"rfilename":"test/tatoeba-test.nor-ukr.tsv"},{"rfilename":"test/tatoeba-test.nor-zho.tsv"},{"rfilename":"test/tatoeba-test.orv-ukr.tsv"},{"rfilename":"test/tatoeba-test.ota-tur.tsv"},{"rfilename":"test/tatoeba-test.pol-cmn_Hans.tsv"},{"rfilename":"test/tatoeba-test.pol-cmn_Hant.tsv"},{"rfilename":"test/tatoeba-test.pol-por.tsv"},{"rfilename":"test/tatoeba-test.pol-rus.tsv"},{"rfilename":"test/tatoeba-test.pol-spa.tsv"},{"rfilename":"test/tatoeba-test.pol-swe.tsv"},{"rfilename":"test/tatoeba-test.pol-tur.tsv"},{"rfilename":"test/tatoeba-test.pol-ukr.tsv"},{"rfilename":"test/tatoeba-test.pol-zho.tsv"},{"rfilename":"test/tatoeba-test.por-cmn_Hans.tsv"},{"rfilename":"test/tatoeba-test.por-cmn_Hant.tsv"},{"rfilename":"test/tatoeba-test.por-por.tsv"},{"rfilename":"test/tatoeba-test.por-ron.tsv"},{"rfilename":"test/tatoeba-test.por-rus.tsv"},{"rfilename":"test/tatoeba-test.por-spa.tsv"},{"rfilename":"test/tatoeba-test.por-swe.tsv"},{"rfilename":"test/tatoeba-test.por-tgl.tsv"},{"rfilename":"test/tatoeba-test.por-toki.tsv"},{"rfilename":"test/tatoeba-test.por-tur.tsv"},{"rfilename":"test/tatoeba-test.por-ukr.tsv"},{"rfilename":"test/tatoeba-test.por-zho.tsv"},{"rfilename":"test/tatoeba-test.ron-rus.tsv"},{"rfilename":"test/tatoeba-test.ron-spa.tsv"},{"rfilename":"test/tatoeba-test.ron-tur.tsv"},{"rfilename":"test/tatoeba-test.run-rus.tsv"},{"rfilename":"test/tatoeba-test.run-spa.tsv"},{"rfilename":"test/tatoeba-test.rus-cmn_Hans.tsv"},{"rfilename":"test/tatoeba-test.rus-cmn_Hant.tsv"},{"rfilename":"test/tatoeba-test.rus-rus.tsv"},{"rfilename":"test/tatoeba-test.rus-sah.tsv"},{"rfilename":"test/tatoeba-test.rus-slv.tsv"},{"rfilename":"test/tatoeba-test.rus-spa.tsv"},{"rfilename":"test/tatoeba-test.rus-swe.tsv"},{"rfilename":"test/tatoeba-test.rus-tat.tsv"},{"rfilename":"test/tatoeba-test.rus-tlh.tsv"},{"rfilename":"test/tatoeba-test.rus-toki.tsv"},{"rfilename":"test/tatoeba-test.rus-toki_Latn.tsv"},{"rfilename":"test/tatoeba-test.rus-tur.tsv"},{"rfilename":"test/tatoeba-test.rus-uig.tsv"},{"rfilename":"test/tatoeba-test.rus-uig_Arab.tsv"},{"rfilename":"test/tatoeba-test.rus-ukr.tsv"},{"rfilename":"test/tatoeba-test.rus-vie.tsv"},{"rfilename":"test/tatoeba-test.rus-xal.tsv"},{"rfilename":"test/tatoeba-test.rus-yue_Hans.tsv"},{"rfilename":"test/tatoeba-test.rus-zho.tsv"},{"rfilename":"test/tatoeba-test.slv-cmn_Hans.tsv"},{"rfilename":"test/tatoeba-test.slv-ukr.tsv"},{"rfilename":"test/tatoeba-test.slv-zho.tsv"},{"rfilename":"test/tatoeba-test.spa-cmn_Hans.tsv"},{"rfilename":"test/tatoeba-test.spa-cmn_Hant.tsv"},{"rfilename":"test/tatoeba-test.spa-spa.tsv"},{"rfilename":"test/tatoeba-test.spa-swe.tsv"},{"rfilename":"test/tatoeba-test.spa-tat.tsv"},{"rfilename":"test/tatoeba-test.spa-tgl.tsv"},{"rfilename":"test/tatoeba-test.spa-tlh.tsv"},{"rfilename":"test/tatoeba-test.spa-toki.tsv"},{"rfilename":"test/tatoeba-test.spa-tur.tsv"},{"rfilename":"test/tatoeba-test.spa-ukr.tsv"},{"rfilename":"test/tatoeba-test.spa-vie.tsv"},{"rfilename":"test/tatoeba-test.spa-yid.tsv"},{"rfilename":"test/tatoeba-test.spa-zho.tsv"},{"rfilename":"test/tatoeba-test.srp_Cyrl-rus.tsv"},{"rfilename":"test/tatoeba-test.srp_Cyrl-ukr.tsv"},{"rfilename":"test/tatoeba-test.srp_Latn-ita.tsv"},{"rfilename":"test/tatoeba-test.srp_Latn-nob.tsv"},{"rfilename":"test/tatoeba-test.srp_Latn-rus.tsv"},{"rfilename":"test/tatoeba-test.srp_Latn-ukr.tsv"},{"rfilename":"test/tatoeba-test.swe-cmn_Hans.tsv"},{"rfilename":"test/tatoeba-test.swe-cmn_Hant.tsv"},{"rfilename":"test/tatoeba-test.swe-swe.tsv"},{"rfilename":"test/tatoeba-test.swe-tur.tsv"},{"rfilename":"test/tatoeba-test.swe-zho.tsv"},{"rfilename":"test/tatoeba-test.tat-tur.tsv"},{"rfilename":"test/tatoeba-test.tat-vie.tsv"},{"rfilename":"test/tatoeba-test.tlh-yid.tsv"},{"rfilename":"test/tatoeba-test.tlh-zho.tsv"},{"rfilename":"test/tatoeba-test.tlh_Latn-cmn_Hans.tsv"},{"rfilename":"test/tatoeba-test.tlh_Latn-cmn_Hant.tsv"},{"rfilename":"test/tatoeba-test.tlh_Latn-yid.tsv"},{"rfilename":"test/tatoeba-test.tur-cmn_Hans.tsv"},{"rfilename":"test/tatoeba-test.tur-cmn_Hant.tsv"},{"rfilename":"test/tatoeba-test.tur-tur.tsv"},{"rfilename":"test/tatoeba-test.tur-uig.tsv"},{"rfilename":"test/tatoeba-test.tur-ukr.tsv"},{"rfilename":"test/tatoeba-test.tur-uzb.tsv"},{"rfilename":"test/tatoeba-test.tur-zho.tsv"},{"rfilename":"test/tatoeba-test.uig-zho.tsv"},{"rfilename":"test/tatoeba-test.uig_Arab-cmn_Hans.tsv"},{"rfilename":"test/tatoeba-test.uig_Arab-cmn_Hant.tsv"},{"rfilename":"test/tatoeba-test.ukr-cmn_Hans.tsv"},{"rfilename":"test/tatoeba-test.ukr-cmn_Hant.tsv"},{"rfilename":"test/tatoeba-test.ukr-ukr.tsv"},{"rfilename":"test/tatoeba-test.ukr-zho.tsv"},{"rfilename":"test/tatoeba-test.vie-cmn_Hans.tsv"},{"rfilename":"test/tatoeba-test.vie-vie.tsv"},{"rfilename":"test/tatoeba-test.vie-zho.tsv"},{"rfilename":"test/tatoeba-test.wuu-cmn_Hans.tsv"},{"rfilename":"test/tatoeba-test.yid-yid.tsv"},{"rfilename":"test/tatoeba-test.zho-zho.tsv"},{"rfilename":"test/tatoeba-test.zsm_Latn-ind.tsv"}]}