{"_id":"63b3896a54211fcd06323039","id":"jhu-clsp/bernice-pretrain-data","author":"jhu-clsp","sha":"1e8b886a454125e7c7488630971e012264d8fb9d","lastModified":"2023-01-03T21:28:00.000Z","private":false,"gated":false,"disabled":false,"tags":["task_categories:other","annotations_creators:no-annotation","language_creators:found","multilinguality:multilingual","size_categories:1B<n<10B","source_datasets:original","language:en","language:es","language:pt","language:ja","language:ar","language:in","language:ko","language:tr","language:fr","language:tl","language:ru","language:it","language:th","language:de","language:hi","language:pl","language:nl","language:fa","language:et","language:ht","language:ur","language:sv","language:ca","language:el","language:fi","language:cs","language:iw","language:da","language:vi","language:zh","language:ta","language:ro","language:no","language:uk","language:cy","language:ne","language:hu","language:eu","language:sl","language:lv","language:lt","language:bn","language:sr","language:bg","language:mr","language:ml","language:is","language:te","language:gu","language:kn","language:ps","language:ckb","language:si","language:hy","language:or","language:pa","language:am","language:sd","language:my","language:ka","language:km","language:dv","language:lo","language:ug","language:bo","license:mit","twitter","slang","code switch","social","social media"],"citation":"Alexandra DeLucia, Shijie Wu, Aaron Mueller, Carlos Aguirre, Philip Resnik, and Mark Dredze. 2022. \nBernice: A Multilingual Pre-trained Encoder for Twitter. In Proceedings of the 2022 Conference on \nEmpirical Methods in Natural Language Processing, pages 6191–6205, Abu Dhabi, United Arab Emirates. \nAssociation for Computational Linguistics.","description":"Tweet IDs for the 2.5 billion multilingual tweets used to train Bernice, a Twitter encoder.\nThe tweets are from the public 1% Twitter API stream from January 2016 to December 2021. \nTwitter-provided language metadata is provided with the tweet ID. The data contains 66 unique languages, \nas identified by ISO 639 language codes, including `und` for undefined languages.\nTweets need to be re-gathered via the Twitter API.","downloads":5,"likes":1,"cardData":{"annotations_creators":["no-annotation"],"language":["en","es","pt","ja","ar","in","ko","tr","fr","tl","ru","it","th","de","hi","pl","nl","fa","et","ht","ur","sv","ca","el","fi","cs","iw","da","vi","zh","ta","ro","no","uk","cy","ne","hu","eu","sl","lv","lt","bn","sr","bg","mr","ml","is","te","gu","kn","ps","ckb","si","hy","or","pa","am","sd","my","ka","km","dv","lo","ug","bo"],"language_creators":["found"],"license":["mit"],"multilinguality":["multilingual"],"pretty_name":"Bernice Pretrain Data","size_categories":["1B<n<10B"],"source_datasets":["original"],"tags":["twitter","slang","code switch","social","social media"],"task_categories":["other"],"task_ids":[]},"siblings":[{"rfilename":".gitattributes"},{"rfilename":".gitignore"},{"rfilename":"README.md"},{"rfilename":"bernice-pretrain-data.py"},{"rfilename":"data/all/2016_01.txt.gz"},{"rfilename":"data/all/2016_02.txt.gz"},{"rfilename":"data/all/2016_03.txt.gz"},{"rfilename":"data/all/2016_04.txt.gz"},{"rfilename":"data/all/2016_05.txt.gz"},{"rfilename":"data/all/2016_06.txt.gz"},{"rfilename":"data/all/2016_07.txt.gz"},{"rfilename":"data/all/2016_08.txt.gz"},{"rfilename":"data/all/2016_09.txt.gz"},{"rfilename":"data/all/2016_10.txt.gz"},{"rfilename":"data/all/2016_11.txt.gz"},{"rfilename":"data/all/2016_12.txt.gz"},{"rfilename":"data/all/2017_01.txt.gz"},{"rfilename":"data/all/2017_02.txt.gz"},{"rfilename":"data/all/2017_03.txt.gz"},{"rfilename":"data/all/2017_04.txt.gz"},{"rfilename":"data/all/2017_05.txt.gz"},{"rfilename":"data/all/2017_06.txt.gz"},{"rfilename":"data/all/2017_07.txt.gz"},{"rfilename":"data/all/2017_09.txt.gz"},{"rfilename":"data/all/2017_10.txt.gz"},{"rfilename":"data/all/2017_11.txt.gz"},{"rfilename":"data/all/2017_12.txt.gz"},{"rfilename":"data/all/2018_01.txt.gz"},{"rfilename":"data/all/2018_02.txt.gz"},{"rfilename":"data/all/2018_03.txt.gz"},{"rfilename":"data/all/2018_04.txt.gz"},{"rfilename":"data/all/2018_05.txt.gz"},{"rfilename":"data/all/2018_06.txt.gz"},{"rfilename":"data/all/2018_07.txt.gz"},{"rfilename":"data/all/2018_08.txt.gz"},{"rfilename":"data/all/2018_09.txt.gz"},{"rfilename":"data/all/2018_10.txt.gz"},{"rfilename":"data/all/2018_11.txt.gz"},{"rfilename":"data/all/2018_12.txt.gz"},{"rfilename":"data/all/2019_01.txt.gz"},{"rfilename":"data/all/2019_02.txt.gz"},{"rfilename":"data/all/2019_03.txt.gz"},{"rfilename":"data/all/2019_04.txt.gz"},{"rfilename":"data/all/2019_05.txt.gz"},{"rfilename":"data/all/2019_06.txt.gz"},{"rfilename":"data/all/2019_07.txt.gz"},{"rfilename":"data/all/2019_08.txt.gz"},{"rfilename":"data/all/2019_09.txt.gz"},{"rfilename":"data/all/2019_10.txt.gz"},{"rfilename":"data/all/2019_11.txt.gz"},{"rfilename":"data/all/2019_12.txt.gz"},{"rfilename":"data/all/2020_01.txt.gz"},{"rfilename":"data/all/2020_02.txt.gz"},{"rfilename":"data/all/2020_03.txt.gz"},{"rfilename":"data/all/2020_04.txt.gz"},{"rfilename":"data/all/2020_05.txt.gz"},{"rfilename":"data/all/2020_06.txt.gz"},{"rfilename":"data/all/2020_07.txt.gz"},{"rfilename":"data/all/2020_08.txt.gz"},{"rfilename":"data/all/2020_09.txt.gz"},{"rfilename":"data/all/2020_10.txt.gz"},{"rfilename":"data/all/2020_11.txt.gz"},{"rfilename":"data/all/2020_12.txt.gz"},{"rfilename":"data/all/2021_01.txt.gz"},{"rfilename":"data/all/2021_02.txt.gz"},{"rfilename":"data/all/2021_03.txt.gz"},{"rfilename":"data/all/2021_04.txt.gz"},{"rfilename":"data/all/2021_05.txt.gz"},{"rfilename":"data/all/2021_06.txt.gz"},{"rfilename":"data/all/2021_07.txt.gz"},{"rfilename":"data/all/2021_08.txt.gz"},{"rfilename":"data/all/2021_09.txt.gz"},{"rfilename":"data/all/2021_10.txt.gz"},{"rfilename":"data/all/2021_11.txt.gz"},{"rfilename":"data/all/2021_12.txt.gz"},{"rfilename":"data/indic/indic_tweet_ids.txt.gz"},{"rfilename":"indic_languages.txt"}]}