{"_id":"628169a3ecd5bc1392694110","id":"mteb/amazon_massive_intent","author":"mteb","sha":"072a486a144adf7f4479a4a0dddb2152e161e1ea","lastModified":"2022-09-27T19:10:30.000Z","private":false,"gated":false,"disabled":false,"tags":["language:af","language:am","language:ar","language:az","language:bn","language:cy","language:da","language:de","language:el","language:en","language:es","language:fa","language:fr","language:he","language:hi","language:hu","language:hy","language:id","language:is","language:it","language:ja","language:jv","language:ka","language:km","language:kn","language:ko","language:lv","language:ml","language:mn","language:ms","language:my","language:nb","language:nl","language:pl","language:pt","language:ro","language:ru","language:sl","language:sq","language:sv","language:sw","language:ta","language:te","language:th","language:tl","language:tr","language:ur","language:vi","language:zh"],"description":"        MASSIVE is a parallel dataset of > 1M utterances across 51 languages with annotations\n        for the Natural Language Understanding tasks of intent prediction and slot annotation.\n        Utterances span 60 intents and include 55 slot types. MASSIVE was created by localizing\n        the SLURP dataset, composed of general Intelligent Voice Assistant single-shot interactions.","downloads":401,"likes":5,"cardData":{"language":["af","am","ar","az","bn","cy","da","de","el","en","es","fa","fr","he","hi","hu","hy","id","is","it","ja","jv","ka","km","kn","ko","lv","ml","mn","ms","my","nb","nl","pl","pt","ro","ru","sl","sq","sv","sw","ta","te","th","tl","tr","ur","vi","zh"]},"siblings":[{"rfilename":".gitattributes"},{"rfilename":"README.md"},{"rfilename":"amazon-massive-dataset-1.0.tar.gz"},{"rfilename":"amazon_massive_intent.py"}]}