{"_id":"6333236273c07e8aebaf21f9","id":"tner/wikiann","author":"tner","sha":"e17a8195959cef8071410fd7fa8c4130a16a3a72","lastModified":"2022-09-27T18:39:42.000Z","private":false,"gated":false,"disabled":false,"tags":["task_categories:token-classification","task_ids:named-entity-recognition","multilinguality:multilingual","size_categories:10K<100k","language:ace","language:bg","language:da","language:fur","language:ilo","language:lij","language:mzn","language:qu","language:su","language:vi","language:af","language:bh","language:de","language:fy","language:io","language:lmo","language:nap","language:rm","language:sv","language:vls","language:als","language:bn","language:diq","language:ga","language:is","language:ln","language:nds","language:ro","language:sw","language:vo","language:am","language:bo","language:dv","language:gan","language:it","language:lt","language:ne","language:ru","language:szl","language:wa","language:an","language:br","language:el","language:gd","language:ja","language:lv","language:nl","language:rw","language:ta","language:war","language:ang","language:bs","language:eml","language:gl","language:jbo","language:nn","language:sa","language:te","language:wuu","language:ar","language:ca","language:en","language:gn","language:jv","language:mg","language:no","language:sah","language:tg","language:xmf","language:arc","language:eo","language:gu","language:ka","language:mhr","language:nov","language:scn","language:th","language:yi","language:arz","language:cdo","language:es","language:hak","language:kk","language:mi","language:oc","language:sco","language:tk","language:yo","language:as","language:ce","language:et","language:he","language:km","language:min","language:or","language:sd","language:tl","language:zea","language:ast","language:ceb","language:eu","language:hi","language:kn","language:mk","language:os","language:sh","language:tr","language:ay","language:ckb","language:ext","language:hr","language:ko","language:ml","language:pa","language:si","language:tt","language:az","language:co","language:fa","language:hsb","language:ksh","language:mn","language:pdc","language:ug","language:ba","language:crh","language:fi","language:hu","language:ku","language:mr","language:pl","language:sk","language:uk","language:zh","language:bar","language:cs","language:hy","language:ky","language:ms","language:pms","language:sl","language:ur","language:csb","language:fo","language:ia","language:la","language:mt","language:pnb","language:so","language:uz","language:cv","language:fr","language:id","language:lb","language:mwl","language:ps","language:sq","language:vec","language:be","language:cy","language:frr","language:ig","language:li","language:my","language:pt","language:sr"],"citation":"@inproceedings{pan-etal-2017-cross,\n    title = \"Cross-lingual Name Tagging and Linking for 282 Languages\",\n    author = \"Pan, Xiaoman  and\n      Zhang, Boliang  and\n      May, Jonathan  and\n      Nothman, Joel  and\n      Knight, Kevin  and\n      Ji, Heng\",\n    booktitle = \"Proceedings of the 55th Annual Meeting of the Association for Computational Linguistics (Volume 1: Long Papers)\",\n    month = jul,\n    year = \"2017\",\n    address = \"Vancouver, Canada\",\n    publisher = \"Association for Computational Linguistics\",\n    url = \"https://aclanthology.org/P17-1178\",\n    doi = \"10.18653/v1/P17-1178\",\n    pages = \"1946--1958\",\n    abstract = \"The ambitious goal of this work is to develop a cross-lingual name tagging and linking framework for 282 languages that exist in Wikipedia. Given a document in any of these languages, our framework is able to identify name mentions, assign a coarse-grained or fine-grained type to each mention, and link it to an English Knowledge Base (KB) if it is linkable. We achieve this goal by performing a series of new KB mining methods: generating {``}silver-standard{''} annotations by transferring annotations from English to other languages through cross-lingual links and KB properties, refining annotations through self-training and topic selection, deriving language-specific morphology features from anchor links, and mining word translation pairs from cross-lingual links. Both name tagging and linking results for 282 languages are promising on Wikipedia data and on-Wikipedia data.\",\n}","description":"[WikiAnn](https://aclanthology.org/P17-1178/)","downloads":1171,"likes":1,"cardData":{"language":["ace","bg","da","fur","ilo","lij","mzn","qu","su","vi","af","bh","de","fy","io","lmo","nap","rm","sv","vls","als","bn","diq","ga","is","ln","nds","ro","sw","vo","am","bo","dv","gan","it","lt","ne","ru","szl","wa","an","br","el","gd","ja","lv","nl","rw","ta","war","ang","bs","eml","gl","jbo","nn","sa","te","wuu","ar","ca","en","gn","jv","mg","no","sah","tg","xmf","arc","eo","gu","ka","mhr","nov","scn","th","yi","arz","cdo","es","hak","kk","mi","oc","sco","tk","yo","as","ce","et","he","km","min","or","sd","tl","zea","ast","ceb","eu","hi","kn","mk","os","sh","tr","ay","ckb","ext","hr","ko","ml","pa","si","tt","az","co","fa","hsb","ksh","mn","pdc","ug","ba","crh","fi","hu","ku","mr","pl","sk","uk","zh","bar","cs","hy","ky","ms","pms","sl","ur","csb","fo","ia","la","mt","pnb","so","uz","cv","fr","id","lb","mwl","ps","sq","vec","be","cy","frr","ig","li","my","pt","sr"],"multilinguality":["multilingual"],"size_categories":["10K<100k"],"task_categories":["token-classification"],"task_ids":["named-entity-recognition"],"pretty_name":"WikiAnn"},"siblings":[{"rfilename":".gitattributes"},{"rfilename":"README.md"},{"rfilename":"dataset/ace/dev.jsonl"},{"rfilename":"dataset/ace/test.jsonl"},{"rfilename":"dataset/ace/train.jsonl"},{"rfilename":"dataset/af/dev.jsonl"},{"rfilename":"dataset/af/test.jsonl"},{"rfilename":"dataset/af/train.jsonl"},{"rfilename":"dataset/als/dev.jsonl"},{"rfilename":"dataset/als/test.jsonl"},{"rfilename":"dataset/als/train.jsonl"},{"rfilename":"dataset/am/dev.jsonl"},{"rfilename":"dataset/am/test.jsonl"},{"rfilename":"dataset/am/train.jsonl"},{"rfilename":"dataset/an/dev.jsonl"},{"rfilename":"dataset/an/test.jsonl"},{"rfilename":"dataset/an/train.jsonl"},{"rfilename":"dataset/ang/dev.jsonl"},{"rfilename":"dataset/ang/test.jsonl"},{"rfilename":"dataset/ang/train.jsonl"},{"rfilename":"dataset/ar/dev.jsonl"},{"rfilename":"dataset/ar/test.jsonl"},{"rfilename":"dataset/ar/train.jsonl"},{"rfilename":"dataset/arc/dev.jsonl"},{"rfilename":"dataset/arc/test.jsonl"},{"rfilename":"dataset/arc/train.jsonl"},{"rfilename":"dataset/arz/dev.jsonl"},{"rfilename":"dataset/arz/test.jsonl"},{"rfilename":"dataset/arz/train.jsonl"},{"rfilename":"dataset/as/dev.jsonl"},{"rfilename":"dataset/as/test.jsonl"},{"rfilename":"dataset/as/train.jsonl"},{"rfilename":"dataset/ast/dev.jsonl"},{"rfilename":"dataset/ast/test.jsonl"},{"rfilename":"dataset/ast/train.jsonl"},{"rfilename":"dataset/ay/dev.jsonl"},{"rfilename":"dataset/ay/test.jsonl"},{"rfilename":"dataset/ay/train.jsonl"},{"rfilename":"dataset/az/dev.jsonl"},{"rfilename":"dataset/az/test.jsonl"},{"rfilename":"dataset/az/train.jsonl"},{"rfilename":"dataset/ba/dev.jsonl"},{"rfilename":"dataset/ba/test.jsonl"},{"rfilename":"dataset/ba/train.jsonl"},{"rfilename":"dataset/bar/dev.jsonl"},{"rfilename":"dataset/bar/test.jsonl"},{"rfilename":"dataset/bar/train.jsonl"},{"rfilename":"dataset/bat-smg/dev.jsonl"},{"rfilename":"dataset/bat-smg/test.jsonl"},{"rfilename":"dataset/bat-smg/train.jsonl"},{"rfilename":"dataset/be-x-old/dev.jsonl"},{"rfilename":"dataset/be-x-old/test.jsonl"},{"rfilename":"dataset/be-x-old/train.jsonl"},{"rfilename":"dataset/be/dev.jsonl"},{"rfilename":"dataset/be/test.jsonl"},{"rfilename":"dataset/be/train.jsonl"},{"rfilename":"dataset/bg/dev.jsonl"},{"rfilename":"dataset/bg/test.jsonl"},{"rfilename":"dataset/bg/train.jsonl"},{"rfilename":"dataset/bh/dev.jsonl"},{"rfilename":"dataset/bh/test.jsonl"},{"rfilename":"dataset/bh/train.jsonl"},{"rfilename":"dataset/bn/dev.jsonl"},{"rfilename":"dataset/bn/test.jsonl"},{"rfilename":"dataset/bn/train.jsonl"},{"rfilename":"dataset/bo/dev.jsonl"},{"rfilename":"dataset/bo/test.jsonl"},{"rfilename":"dataset/bo/train.jsonl"},{"rfilename":"dataset/br/dev.jsonl"},{"rfilename":"dataset/br/test.jsonl"},{"rfilename":"dataset/br/train.jsonl"},{"rfilename":"dataset/bs/dev.jsonl"},{"rfilename":"dataset/bs/test.jsonl"},{"rfilename":"dataset/bs/train.jsonl"},{"rfilename":"dataset/ca/dev.jsonl"},{"rfilename":"dataset/ca/test.jsonl"},{"rfilename":"dataset/ca/train.jsonl"},{"rfilename":"dataset/cbk-zam/dev.jsonl"},{"rfilename":"dataset/cbk-zam/test.jsonl"},{"rfilename":"dataset/cbk-zam/train.jsonl"},{"rfilename":"dataset/cdo/dev.jsonl"},{"rfilename":"dataset/cdo/test.jsonl"},{"rfilename":"dataset/cdo/train.jsonl"},{"rfilename":"dataset/ce/dev.jsonl"},{"rfilename":"dataset/ce/test.jsonl"},{"rfilename":"dataset/ce/train.jsonl"},{"rfilename":"dataset/ceb/dev.jsonl"},{"rfilename":"dataset/ceb/test.jsonl"},{"rfilename":"dataset/ceb/train.jsonl"},{"rfilename":"dataset/ckb/dev.jsonl"},{"rfilename":"dataset/ckb/test.jsonl"},{"rfilename":"dataset/ckb/train.jsonl"},{"rfilename":"dataset/co/dev.jsonl"},{"rfilename":"dataset/co/test.jsonl"},{"rfilename":"dataset/co/train.jsonl"},{"rfilename":"dataset/crh/dev.jsonl"},{"rfilename":"dataset/crh/test.jsonl"},{"rfilename":"dataset/crh/train.jsonl"},{"rfilename":"dataset/cs/dev.jsonl"},{"rfilename":"dataset/cs/test.jsonl"},{"rfilename":"dataset/cs/train.jsonl"},{"rfilename":"dataset/csb/dev.jsonl"},{"rfilename":"dataset/csb/test.jsonl"},{"rfilename":"dataset/csb/train.jsonl"},{"rfilename":"dataset/cv/dev.jsonl"},{"rfilename":"dataset/cv/test.jsonl"},{"rfilename":"dataset/cv/train.jsonl"},{"rfilename":"dataset/cy/dev.jsonl"},{"rfilename":"dataset/cy/test.jsonl"},{"rfilename":"dataset/cy/train.jsonl"},{"rfilename":"dataset/da/dev.jsonl"},{"rfilename":"dataset/da/test.jsonl"},{"rfilename":"dataset/da/train.jsonl"},{"rfilename":"dataset/de/dev.jsonl"},{"rfilename":"dataset/de/test.jsonl"},{"rfilename":"dataset/de/train.jsonl"},{"rfilename":"dataset/diq/dev.jsonl"},{"rfilename":"dataset/diq/test.jsonl"},{"rfilename":"dataset/diq/train.jsonl"},{"rfilename":"dataset/dv/dev.jsonl"},{"rfilename":"dataset/dv/test.jsonl"},{"rfilename":"dataset/dv/train.jsonl"},{"rfilename":"dataset/el/dev.jsonl"},{"rfilename":"dataset/el/test.jsonl"},{"rfilename":"dataset/el/train.jsonl"},{"rfilename":"dataset/eml/dev.jsonl"},{"rfilename":"dataset/eml/test.jsonl"},{"rfilename":"dataset/eml/train.jsonl"},{"rfilename":"dataset/en/dev.jsonl"},{"rfilename":"dataset/en/test.jsonl"},{"rfilename":"dataset/en/train.jsonl"},{"rfilename":"dataset/eo/dev.jsonl"},{"rfilename":"dataset/eo/test.jsonl"},{"rfilename":"dataset/eo/train.jsonl"},{"rfilename":"dataset/es/dev.jsonl"},{"rfilename":"dataset/es/test.jsonl"},{"rfilename":"dataset/es/train.jsonl"},{"rfilename":"dataset/et/dev.jsonl"},{"rfilename":"dataset/et/test.jsonl"},{"rfilename":"dataset/et/train.jsonl"},{"rfilename":"dataset/eu/dev.jsonl"},{"rfilename":"dataset/eu/test.jsonl"},{"rfilename":"dataset/eu/train.jsonl"},{"rfilename":"dataset/ext/dev.jsonl"},{"rfilename":"dataset/ext/test.jsonl"},{"rfilename":"dataset/ext/train.jsonl"},{"rfilename":"dataset/fa/dev.jsonl"},{"rfilename":"dataset/fa/test.jsonl"},{"rfilename":"dataset/fa/train.jsonl"},{"rfilename":"dataset/fi/dev.jsonl"},{"rfilename":"dataset/fi/test.jsonl"},{"rfilename":"dataset/fi/train.jsonl"},{"rfilename":"dataset/fiu-vro/dev.jsonl"},{"rfilename":"dataset/fiu-vro/test.jsonl"},{"rfilename":"dataset/fiu-vro/train.jsonl"},{"rfilename":"dataset/fo/dev.jsonl"},{"rfilename":"dataset/fo/test.jsonl"},{"rfilename":"dataset/fo/train.jsonl"},{"rfilename":"dataset/fr/dev.jsonl"},{"rfilename":"dataset/fr/test.jsonl"},{"rfilename":"dataset/fr/train.jsonl"},{"rfilename":"dataset/frr/dev.jsonl"},{"rfilename":"dataset/frr/test.jsonl"},{"rfilename":"dataset/frr/train.jsonl"},{"rfilename":"dataset/fur/dev.jsonl"},{"rfilename":"dataset/fur/test.jsonl"},{"rfilename":"dataset/fur/train.jsonl"},{"rfilename":"dataset/fy/dev.jsonl"},{"rfilename":"dataset/fy/test.jsonl"},{"rfilename":"dataset/fy/train.jsonl"},{"rfilename":"dataset/ga/dev.jsonl"},{"rfilename":"dataset/ga/test.jsonl"},{"rfilename":"dataset/ga/train.jsonl"},{"rfilename":"dataset/gan/dev.jsonl"},{"rfilename":"dataset/gan/test.jsonl"},{"rfilename":"dataset/gan/train.jsonl"},{"rfilename":"dataset/gd/dev.jsonl"},{"rfilename":"dataset/gd/test.jsonl"},{"rfilename":"dataset/gd/train.jsonl"},{"rfilename":"dataset/gl/dev.jsonl"},{"rfilename":"dataset/gl/test.jsonl"},{"rfilename":"dataset/gl/train.jsonl"},{"rfilename":"dataset/gn/dev.jsonl"},{"rfilename":"dataset/gn/test.jsonl"},{"rfilename":"dataset/gn/train.jsonl"},{"rfilename":"dataset/gu/dev.jsonl"},{"rfilename":"dataset/gu/test.jsonl"},{"rfilename":"dataset/gu/train.jsonl"},{"rfilename":"dataset/hak/dev.jsonl"},{"rfilename":"dataset/hak/test.jsonl"},{"rfilename":"dataset/hak/train.jsonl"},{"rfilename":"dataset/he/dev.jsonl"},{"rfilename":"dataset/he/test.jsonl"},{"rfilename":"dataset/he/train.jsonl"},{"rfilename":"dataset/hi/dev.jsonl"},{"rfilename":"dataset/hi/test.jsonl"},{"rfilename":"dataset/hi/train.jsonl"},{"rfilename":"dataset/hr/dev.jsonl"},{"rfilename":"dataset/hr/test.jsonl"},{"rfilename":"dataset/hr/train.jsonl"},{"rfilename":"dataset/hsb/dev.jsonl"},{"rfilename":"dataset/hsb/test.jsonl"},{"rfilename":"dataset/hsb/train.jsonl"},{"rfilename":"dataset/hu/dev.jsonl"},{"rfilename":"dataset/hu/test.jsonl"},{"rfilename":"dataset/hu/train.jsonl"},{"rfilename":"dataset/hy/dev.jsonl"},{"rfilename":"dataset/hy/test.jsonl"},{"rfilename":"dataset/hy/train.jsonl"},{"rfilename":"dataset/ia/dev.jsonl"},{"rfilename":"dataset/ia/test.jsonl"},{"rfilename":"dataset/ia/train.jsonl"},{"rfilename":"dataset/id/dev.jsonl"},{"rfilename":"dataset/id/test.jsonl"},{"rfilename":"dataset/id/train.jsonl"},{"rfilename":"dataset/ig/dev.jsonl"},{"rfilename":"dataset/ig/test.jsonl"},{"rfilename":"dataset/ig/train.jsonl"},{"rfilename":"dataset/ilo/dev.jsonl"},{"rfilename":"dataset/ilo/test.jsonl"},{"rfilename":"dataset/ilo/train.jsonl"},{"rfilename":"dataset/io/dev.jsonl"},{"rfilename":"dataset/io/test.jsonl"},{"rfilename":"dataset/io/train.jsonl"},{"rfilename":"dataset/is/dev.jsonl"},{"rfilename":"dataset/is/test.jsonl"},{"rfilename":"dataset/is/train.jsonl"},{"rfilename":"dataset/it/dev.jsonl"},{"rfilename":"dataset/it/test.jsonl"},{"rfilename":"dataset/it/train.jsonl"},{"rfilename":"dataset/ja/dev.jsonl"},{"rfilename":"dataset/ja/test.jsonl"},{"rfilename":"dataset/ja/train.jsonl"},{"rfilename":"dataset/jbo/dev.jsonl"},{"rfilename":"dataset/jbo/test.jsonl"},{"rfilename":"dataset/jbo/train.jsonl"},{"rfilename":"dataset/jv/dev.jsonl"},{"rfilename":"dataset/jv/test.jsonl"},{"rfilename":"dataset/jv/train.jsonl"},{"rfilename":"dataset/ka/dev.jsonl"},{"rfilename":"dataset/ka/test.jsonl"},{"rfilename":"dataset/ka/train.jsonl"},{"rfilename":"dataset/kk/dev.jsonl"},{"rfilename":"dataset/kk/test.jsonl"},{"rfilename":"dataset/kk/train.jsonl"},{"rfilename":"dataset/km/dev.jsonl"},{"rfilename":"dataset/km/test.jsonl"},{"rfilename":"dataset/km/train.jsonl"},{"rfilename":"dataset/kn/dev.jsonl"},{"rfilename":"dataset/kn/test.jsonl"},{"rfilename":"dataset/kn/train.jsonl"},{"rfilename":"dataset/ko/dev.jsonl"},{"rfilename":"dataset/ko/test.jsonl"},{"rfilename":"dataset/ko/train.jsonl"},{"rfilename":"dataset/ksh/dev.jsonl"},{"rfilename":"dataset/ksh/test.jsonl"},{"rfilename":"dataset/ksh/train.jsonl"},{"rfilename":"dataset/ku/dev.jsonl"},{"rfilename":"dataset/ku/test.jsonl"},{"rfilename":"dataset/ku/train.jsonl"},{"rfilename":"dataset/ky/dev.jsonl"},{"rfilename":"dataset/ky/test.jsonl"},{"rfilename":"dataset/ky/train.jsonl"},{"rfilename":"dataset/la/dev.jsonl"},{"rfilename":"dataset/la/test.jsonl"},{"rfilename":"dataset/la/train.jsonl"},{"rfilename":"dataset/label.json"},{"rfilename":"dataset/lb/dev.jsonl"},{"rfilename":"dataset/lb/test.jsonl"},{"rfilename":"dataset/lb/train.jsonl"},{"rfilename":"dataset/li/dev.jsonl"},{"rfilename":"dataset/li/test.jsonl"},{"rfilename":"dataset/li/train.jsonl"},{"rfilename":"dataset/lij/dev.jsonl"},{"rfilename":"dataset/lij/test.jsonl"},{"rfilename":"dataset/lij/train.jsonl"},{"rfilename":"dataset/lmo/dev.jsonl"},{"rfilename":"dataset/lmo/test.jsonl"},{"rfilename":"dataset/lmo/train.jsonl"},{"rfilename":"dataset/ln/dev.jsonl"},{"rfilename":"dataset/ln/test.jsonl"},{"rfilename":"dataset/ln/train.jsonl"},{"rfilename":"dataset/lt/dev.jsonl"},{"rfilename":"dataset/lt/test.jsonl"},{"rfilename":"dataset/lt/train.jsonl"},{"rfilename":"dataset/lv/dev.jsonl"},{"rfilename":"dataset/lv/test.jsonl"},{"rfilename":"dataset/lv/train.jsonl"},{"rfilename":"dataset/map-bms/dev.jsonl"},{"rfilename":"dataset/map-bms/test.jsonl"},{"rfilename":"dataset/map-bms/train.jsonl"},{"rfilename":"dataset/mg/dev.jsonl"},{"rfilename":"dataset/mg/test.jsonl"},{"rfilename":"dataset/mg/train.jsonl"},{"rfilename":"dataset/mhr/dev.jsonl"},{"rfilename":"dataset/mhr/test.jsonl"},{"rfilename":"dataset/mhr/train.jsonl"},{"rfilename":"dataset/mi/dev.jsonl"},{"rfilename":"dataset/mi/test.jsonl"},{"rfilename":"dataset/mi/train.jsonl"},{"rfilename":"dataset/min/dev.jsonl"},{"rfilename":"dataset/min/test.jsonl"},{"rfilename":"dataset/min/train.jsonl"},{"rfilename":"dataset/mk/dev.jsonl"},{"rfilename":"dataset/mk/test.jsonl"},{"rfilename":"dataset/mk/train.jsonl"},{"rfilename":"dataset/ml/dev.jsonl"},{"rfilename":"dataset/ml/test.jsonl"},{"rfilename":"dataset/ml/train.jsonl"},{"rfilename":"dataset/mn/dev.jsonl"},{"rfilename":"dataset/mn/test.jsonl"},{"rfilename":"dataset/mn/train.jsonl"},{"rfilename":"dataset/mr/dev.jsonl"},{"rfilename":"dataset/mr/test.jsonl"},{"rfilename":"dataset/mr/train.jsonl"},{"rfilename":"dataset/ms/dev.jsonl"},{"rfilename":"dataset/ms/test.jsonl"},{"rfilename":"dataset/ms/train.jsonl"},{"rfilename":"dataset/mt/dev.jsonl"},{"rfilename":"dataset/mt/test.jsonl"},{"rfilename":"dataset/mt/train.jsonl"},{"rfilename":"dataset/mwl/dev.jsonl"},{"rfilename":"dataset/mwl/test.jsonl"},{"rfilename":"dataset/mwl/train.jsonl"},{"rfilename":"dataset/my/dev.jsonl"},{"rfilename":"dataset/my/test.jsonl"},{"rfilename":"dataset/my/train.jsonl"},{"rfilename":"dataset/mzn/dev.jsonl"},{"rfilename":"dataset/mzn/test.jsonl"},{"rfilename":"dataset/mzn/train.jsonl"},{"rfilename":"dataset/nap/dev.jsonl"},{"rfilename":"dataset/nap/test.jsonl"},{"rfilename":"dataset/nap/train.jsonl"},{"rfilename":"dataset/nds/dev.jsonl"},{"rfilename":"dataset/nds/test.jsonl"},{"rfilename":"dataset/nds/train.jsonl"},{"rfilename":"dataset/ne/dev.jsonl"},{"rfilename":"dataset/ne/test.jsonl"},{"rfilename":"dataset/ne/train.jsonl"},{"rfilename":"dataset/nl/dev.jsonl"},{"rfilename":"dataset/nl/test.jsonl"},{"rfilename":"dataset/nl/train.jsonl"},{"rfilename":"dataset/nn/dev.jsonl"},{"rfilename":"dataset/nn/test.jsonl"},{"rfilename":"dataset/nn/train.jsonl"},{"rfilename":"dataset/no/dev.jsonl"},{"rfilename":"dataset/no/test.jsonl"},{"rfilename":"dataset/no/train.jsonl"},{"rfilename":"dataset/nov/dev.jsonl"},{"rfilename":"dataset/nov/test.jsonl"},{"rfilename":"dataset/nov/train.jsonl"},{"rfilename":"dataset/oc/dev.jsonl"},{"rfilename":"dataset/oc/test.jsonl"},{"rfilename":"dataset/oc/train.jsonl"},{"rfilename":"dataset/or/dev.jsonl"},{"rfilename":"dataset/or/test.jsonl"},{"rfilename":"dataset/or/train.jsonl"},{"rfilename":"dataset/os/dev.jsonl"},{"rfilename":"dataset/os/test.jsonl"},{"rfilename":"dataset/os/train.jsonl"},{"rfilename":"dataset/pa/dev.jsonl"},{"rfilename":"dataset/pa/test.jsonl"},{"rfilename":"dataset/pa/train.jsonl"},{"rfilename":"dataset/pdc/dev.jsonl"},{"rfilename":"dataset/pdc/test.jsonl"},{"rfilename":"dataset/pdc/train.jsonl"},{"rfilename":"dataset/pl/dev.jsonl"},{"rfilename":"dataset/pl/test.jsonl"},{"rfilename":"dataset/pl/train.jsonl"},{"rfilename":"dataset/pms/dev.jsonl"},{"rfilename":"dataset/pms/test.jsonl"},{"rfilename":"dataset/pms/train.jsonl"},{"rfilename":"dataset/pnb/dev.jsonl"},{"rfilename":"dataset/pnb/test.jsonl"},{"rfilename":"dataset/pnb/train.jsonl"},{"rfilename":"dataset/ps/dev.jsonl"},{"rfilename":"dataset/ps/test.jsonl"},{"rfilename":"dataset/ps/train.jsonl"},{"rfilename":"dataset/pt/dev.jsonl"},{"rfilename":"dataset/pt/test.jsonl"},{"rfilename":"dataset/pt/train.jsonl"},{"rfilename":"dataset/qu/dev.jsonl"},{"rfilename":"dataset/qu/test.jsonl"},{"rfilename":"dataset/qu/train.jsonl"},{"rfilename":"dataset/rm/dev.jsonl"},{"rfilename":"dataset/rm/test.jsonl"},{"rfilename":"dataset/rm/train.jsonl"},{"rfilename":"dataset/ro/dev.jsonl"},{"rfilename":"dataset/ro/test.jsonl"},{"rfilename":"dataset/ro/train.jsonl"},{"rfilename":"dataset/ru/dev.jsonl"},{"rfilename":"dataset/ru/test.jsonl"},{"rfilename":"dataset/ru/train.jsonl"},{"rfilename":"dataset/rw/dev.jsonl"},{"rfilename":"dataset/rw/test.jsonl"},{"rfilename":"dataset/rw/train.jsonl"},{"rfilename":"dataset/sa/dev.jsonl"},{"rfilename":"dataset/sa/test.jsonl"},{"rfilename":"dataset/sa/train.jsonl"},{"rfilename":"dataset/sah/dev.jsonl"},{"rfilename":"dataset/sah/test.jsonl"},{"rfilename":"dataset/sah/train.jsonl"},{"rfilename":"dataset/scn/dev.jsonl"},{"rfilename":"dataset/scn/test.jsonl"},{"rfilename":"dataset/scn/train.jsonl"},{"rfilename":"dataset/sco/dev.jsonl"},{"rfilename":"dataset/sco/test.jsonl"},{"rfilename":"dataset/sco/train.jsonl"},{"rfilename":"dataset/sd/dev.jsonl"},{"rfilename":"dataset/sd/test.jsonl"},{"rfilename":"dataset/sd/train.jsonl"},{"rfilename":"dataset/sh/dev.jsonl"},{"rfilename":"dataset/sh/test.jsonl"},{"rfilename":"dataset/sh/train.jsonl"},{"rfilename":"dataset/si/dev.jsonl"},{"rfilename":"dataset/si/test.jsonl"},{"rfilename":"dataset/si/train.jsonl"},{"rfilename":"dataset/simple/dev.jsonl"},{"rfilename":"dataset/simple/test.jsonl"},{"rfilename":"dataset/simple/train.jsonl"},{"rfilename":"dataset/sk/dev.jsonl"},{"rfilename":"dataset/sk/test.jsonl"},{"rfilename":"dataset/sk/train.jsonl"},{"rfilename":"dataset/sl/dev.jsonl"},{"rfilename":"dataset/sl/test.jsonl"},{"rfilename":"dataset/sl/train.jsonl"},{"rfilename":"dataset/so/dev.jsonl"},{"rfilename":"dataset/so/test.jsonl"},{"rfilename":"dataset/so/train.jsonl"},{"rfilename":"dataset/sq/dev.jsonl"},{"rfilename":"dataset/sq/test.jsonl"},{"rfilename":"dataset/sq/train.jsonl"},{"rfilename":"dataset/sr/dev.jsonl"},{"rfilename":"dataset/sr/test.jsonl"},{"rfilename":"dataset/sr/train.jsonl"},{"rfilename":"dataset/su/dev.jsonl"},{"rfilename":"dataset/su/test.jsonl"},{"rfilename":"dataset/su/train.jsonl"},{"rfilename":"dataset/sv/dev.jsonl"},{"rfilename":"dataset/sv/test.jsonl"},{"rfilename":"dataset/sv/train.jsonl"},{"rfilename":"dataset/sw/dev.jsonl"},{"rfilename":"dataset/sw/test.jsonl"},{"rfilename":"dataset/sw/train.jsonl"},{"rfilename":"dataset/szl/dev.jsonl"},{"rfilename":"dataset/szl/test.jsonl"},{"rfilename":"dataset/szl/train.jsonl"},{"rfilename":"dataset/ta/dev.jsonl"},{"rfilename":"dataset/ta/test.jsonl"},{"rfilename":"dataset/ta/train.jsonl"},{"rfilename":"dataset/te/dev.jsonl"},{"rfilename":"dataset/te/test.jsonl"},{"rfilename":"dataset/te/train.jsonl"},{"rfilename":"dataset/tg/dev.jsonl"},{"rfilename":"dataset/tg/test.jsonl"},{"rfilename":"dataset/tg/train.jsonl"},{"rfilename":"dataset/th/dev.jsonl"},{"rfilename":"dataset/th/test.jsonl"},{"rfilename":"dataset/th/train.jsonl"},{"rfilename":"dataset/tk/dev.jsonl"},{"rfilename":"dataset/tk/test.jsonl"},{"rfilename":"dataset/tk/train.jsonl"},{"rfilename":"dataset/tl/dev.jsonl"},{"rfilename":"dataset/tl/test.jsonl"},{"rfilename":"dataset/tl/train.jsonl"},{"rfilename":"dataset/tr/dev.jsonl"},{"rfilename":"dataset/tr/test.jsonl"},{"rfilename":"dataset/tr/train.jsonl"},{"rfilename":"dataset/tt/dev.jsonl"},{"rfilename":"dataset/tt/test.jsonl"},{"rfilename":"dataset/tt/train.jsonl"},{"rfilename":"dataset/ug/dev.jsonl"},{"rfilename":"dataset/ug/test.jsonl"},{"rfilename":"dataset/ug/train.jsonl"},{"rfilename":"dataset/uk/dev.jsonl"},{"rfilename":"dataset/uk/test.jsonl"},{"rfilename":"dataset/uk/train.jsonl"},{"rfilename":"dataset/ur/dev.jsonl"},{"rfilename":"dataset/ur/test.jsonl"},{"rfilename":"dataset/ur/train.jsonl"},{"rfilename":"dataset/uz/dev.jsonl"},{"rfilename":"dataset/uz/test.jsonl"},{"rfilename":"dataset/uz/train.jsonl"},{"rfilename":"dataset/vec/dev.jsonl"},{"rfilename":"dataset/vec/test.jsonl"},{"rfilename":"dataset/vec/train.jsonl"},{"rfilename":"dataset/vep/dev.jsonl"},{"rfilename":"dataset/vep/test.jsonl"},{"rfilename":"dataset/vep/train.jsonl"},{"rfilename":"dataset/vi/dev.jsonl"},{"rfilename":"dataset/vi/test.jsonl"},{"rfilename":"dataset/vi/train.jsonl"},{"rfilename":"dataset/vls/dev.jsonl"},{"rfilename":"dataset/vls/test.jsonl"},{"rfilename":"dataset/vls/train.jsonl"},{"rfilename":"dataset/vo/dev.jsonl"},{"rfilename":"dataset/vo/test.jsonl"},{"rfilename":"dataset/vo/train.jsonl"},{"rfilename":"dataset/wa/dev.jsonl"},{"rfilename":"dataset/wa/test.jsonl"},{"rfilename":"dataset/wa/train.jsonl"},{"rfilename":"dataset/war/dev.jsonl"},{"rfilename":"dataset/war/test.jsonl"},{"rfilename":"dataset/war/train.jsonl"},{"rfilename":"dataset/wuu/dev.jsonl"},{"rfilename":"dataset/wuu/test.jsonl"},{"rfilename":"dataset/wuu/train.jsonl"},{"rfilename":"dataset/xmf/dev.jsonl"},{"rfilename":"dataset/xmf/test.jsonl"},{"rfilename":"dataset/xmf/train.jsonl"},{"rfilename":"dataset/yi/dev.jsonl"},{"rfilename":"dataset/yi/test.jsonl"},{"rfilename":"dataset/yi/train.jsonl"},{"rfilename":"dataset/yo/dev.jsonl"},{"rfilename":"dataset/yo/test.jsonl"},{"rfilename":"dataset/yo/train.jsonl"},{"rfilename":"dataset/zea/dev.jsonl"},{"rfilename":"dataset/zea/test.jsonl"},{"rfilename":"dataset/zea/train.jsonl"},{"rfilename":"dataset/zh-classical/dev.jsonl"},{"rfilename":"dataset/zh-classical/test.jsonl"},{"rfilename":"dataset/zh-classical/train.jsonl"},{"rfilename":"dataset/zh-min-nan/dev.jsonl"},{"rfilename":"dataset/zh-min-nan/test.jsonl"},{"rfilename":"dataset/zh-min-nan/train.jsonl"},{"rfilename":"dataset/zh-yue/dev.jsonl"},{"rfilename":"dataset/zh-yue/test.jsonl"},{"rfilename":"dataset/zh-yue/train.jsonl"},{"rfilename":"dataset/zh/dev.jsonl"},{"rfilename":"dataset/zh/test.jsonl"},{"rfilename":"dataset/zh/train.jsonl"},{"rfilename":"wikiann.py"}]}