{"_id":"621ffdd236468d709f1824aa","id":"Karavet/ARPA-Armenian-Paraphrase-Corpus","author":"Karavet","sha":"87abd6f78c76155c23440a92131e1b264a8cb703","lastModified":"2022-10-21T16:04:07.000Z","private":false,"gated":false,"disabled":false,"tags":["multilinguality:monolingual","language:hy","arxiv:2009.12615"],"downloads":227,"likes":0,"cardData":{"language":["hy"],"task_categories":["paraphrase","paraphrase detection"],"multilinguality":["monolingual"],"task_ids":["paraphrase","paraphrase detection"]},"siblings":[{"rfilename":".gitattributes"},{"rfilename":"LICENSE"},{"rfilename":"README.md"},{"rfilename":"test.csv"},{"rfilename":"train.csv"}]}