{"_id":"621ffdd236468d709f1824ac","id":"Karavet/pioNER-Armenian-Named-Entity","author":"Karavet","sha":"9da1a1172d636aedfffa1dc60a165ee40ab378d5","lastModified":"2022-10-21T16:07:06.000Z","private":false,"gated":false,"disabled":false,"tags":["task_ids:named-entity-recognition","multilinguality:monolingual","language:hy","license:apache-2.0"],"downloads":123,"likes":1,"cardData":{"language":["hy"],"task_categories":["named-entity-recognition"],"multilinguality":["monolingual"],"task_ids":["named-entity-recognition"],"license":["apache-2.0"]},"siblings":[{"rfilename":".gitattributes"},{"rfilename":"README.md"},{"rfilename":"pioner-gold/test.conll03"},{"rfilename":"pioner-silver/dev.conll03"},{"rfilename":"pioner-silver/train.conll03"}]}