{"_id":"6270021abecab9e2dcf13b16","id":"wikimedia/wit_base","author":"wikimedia","sha":"ff6d4fb32fd566d3a1fa20e946cba3234179465e","lastModified":"2022-11-04T15:09:33.000Z","private":false,"gated":false,"disabled":false,"tags":["task_categories:image-to-text","task_categories:text-retrieval","task_ids:image-captioning","annotations_creators:machine-generated","language_creators:found","multilinguality:multilingual","size_categories:1M<n<10M","source_datasets:original","source_datasets:extended|wikipedia","language:af","language:an","language:ar","language:arz","language:ast","language:az","language:azb","language:ba","language:bar","language:be","language:bg","language:bn","language:br","language:bs","language:ca","language:ce","language:ceb","language:ckb","language:cs","language:cv","language:cy","language:da","language:de","language:el","language:en","language:eo","language:es","language:et","language:eu","language:fa","language:fi","language:fil","language:fr","language:fy","language:ga","language:gl","language:hi","language:hr","language:hsb","language:ht","language:hu","language:hy","language:ia","language:id","language:io","language:is","language:it","language:iw","language:ja","language:jv","language:ka","language:kk","language:kn","language:ko","language:la","language:lah","language:lb","language:lmo","language:lt","language:lv","language:mg","language:mk","language:ml","language:mn","language:mr","language:ms","language:my","language:nan","language:nds","language:ne","language:nl","language:nn","language:no","language:nv","language:oc","language:pa","language:pl","language:pt","language:qu","language:ro","language:ru","language:sco","language:si","language:sk","language:sl","language:sq","language:sr","language:sv","language:sw","language:ta","language:te","language:tg","language:th","language:tr","language:tt","language:uk","language:ur","language:uz","language:vec","language:vi","language:vo","language:war","language:xmf","language:yue","language:zh","license:cc-by-sa-4.0","text-image-retrieval","arxiv:2103.01913","arxiv:1512.03385","arxiv:1905.00641"],"paperswithcode_id":"wit","downloads":1913,"likes":10,"cardData":{"annotations_creators":["machine-generated"],"language_creators":["found"],"language":["af","an","ar","arz","ast","az","azb","ba","bar","be","bg","bn","br","bs","ca","ce","ceb","ckb","cs","cv","cy","da","de","el","en","eo","es","et","eu","fa","fi","fil","fr","fy","ga","gl","hi","hr","hsb","ht","hu","hy","ia","id","io","is","it","iw","ja","jv","ka","kk","kn","ko","la","lah","lb","lmo","lt","lv","mg","mk","ml","mn","mr","ms","my","nan","nds","ne","nl","nn","no","nv","oc","pa","pl","pt","qu","ro","ru","sco","si","sk","sl","sq","sr","sv","sw","ta","te","tg","th","tr","tt","uk","ur","uz","vec","vi","vo","war","xmf","yue","zh"],"license":["cc-by-sa-4.0"],"multilinguality":["multilingual"],"size_categories":["1M<n<10M"],"source_datasets":["original","extended|wikipedia"],"task_categories":["image-to-text","text-retrieval"],"task_ids":["image-captioning"],"paperswithcode_id":"wit","pretty_name":"Wikipedia-based Image Text","language_bcp47":["af","an","ar","arz","ast","az","azb","ba","bar","be","be-tarask","bg","bn","br","bs","ca","ce","ceb","ckb","cs","cv","cy","da","de","el","en","eo","es","et","eu","fa","fi","fil","fr","fy","ga","gl","hi","hr","hsb","ht","hu","hy","ia","id","io","is","it","iw","ja","jv","ka","kk","kn","ko","la","lah","lb","lmo","lt","lv","mg","mk","ml","mn","mr","ms","my","nan","nds","ne","nl","nn","no","nv","oc","pa","pl","pt","qu","ro","ru","sco","si","sk","sl","sq","sr","sr-Latn","sv","sw","ta","te","tg","th","tr","tt","uk","ur","uz","vec","vi","vo","war","xmf","yue","zh","zh-TW"],"tags":["text-image-retrieval"]},"siblings":[{"rfilename":".gitattributes"},{"rfilename":"README.md"},{"rfilename":"data/train-00000-of-00330.parquet"},{"rfilename":"data/train-00001-of-00330.parquet"},{"rfilename":"data/train-00002-of-00330.parquet"},{"rfilename":"data/train-00003-of-00330.parquet"},{"rfilename":"data/train-00004-of-00330.parquet"},{"rfilename":"data/train-00005-of-00330.parquet"},{"rfilename":"data/train-00006-of-00330.parquet"},{"rfilename":"data/train-00007-of-00330.parquet"},{"rfilename":"data/train-00008-of-00330.parquet"},{"rfilename":"data/train-00009-of-00330.parquet"},{"rfilename":"data/train-00010-of-00330.parquet"},{"rfilename":"data/train-00011-of-00330.parquet"},{"rfilename":"data/train-00012-of-00330.parquet"},{"rfilename":"data/train-00013-of-00330.parquet"},{"rfilename":"data/train-00014-of-00330.parquet"},{"rfilename":"data/train-00015-of-00330.parquet"},{"rfilename":"data/train-00016-of-00330.parquet"},{"rfilename":"data/train-00017-of-00330.parquet"},{"rfilename":"data/train-00018-of-00330.parquet"},{"rfilename":"data/train-00019-of-00330.parquet"},{"rfilename":"data/train-00020-of-00330.parquet"},{"rfilename":"data/train-00021-of-00330.parquet"},{"rfilename":"data/train-00022-of-00330.parquet"},{"rfilename":"data/train-00023-of-00330.parquet"},{"rfilename":"data/train-00024-of-00330.parquet"},{"rfilename":"data/train-00025-of-00330.parquet"},{"rfilename":"data/train-00026-of-00330.parquet"},{"rfilename":"data/train-00027-of-00330.parquet"},{"rfilename":"data/train-00028-of-00330.parquet"},{"rfilename":"data/train-00029-of-00330.parquet"},{"rfilename":"data/train-00030-of-00330.parquet"},{"rfilename":"data/train-00031-of-00330.parquet"},{"rfilename":"data/train-00032-of-00330.parquet"},{"rfilename":"data/train-00033-of-00330.parquet"},{"rfilename":"data/train-00034-of-00330.parquet"},{"rfilename":"data/train-00035-of-00330.parquet"},{"rfilename":"data/train-00036-of-00330.parquet"},{"rfilename":"data/train-00037-of-00330.parquet"},{"rfilename":"data/train-00038-of-00330.parquet"},{"rfilename":"data/train-00039-of-00330.parquet"},{"rfilename":"data/train-00040-of-00330.parquet"},{"rfilename":"data/train-00041-of-00330.parquet"},{"rfilename":"data/train-00042-of-00330.parquet"},{"rfilename":"data/train-00043-of-00330.parquet"},{"rfilename":"data/train-00044-of-00330.parquet"},{"rfilename":"data/train-00045-of-00330.parquet"},{"rfilename":"data/train-00046-of-00330.parquet"},{"rfilename":"data/train-00047-of-00330.parquet"},{"rfilename":"data/train-00048-of-00330.parquet"},{"rfilename":"data/train-00049-of-00330.parquet"},{"rfilename":"data/train-00050-of-00330.parquet"},{"rfilename":"data/train-00051-of-00330.parquet"},{"rfilename":"data/train-00052-of-00330.parquet"},{"rfilename":"data/train-00053-of-00330.parquet"},{"rfilename":"data/train-00054-of-00330.parquet"},{"rfilename":"data/train-00055-of-00330.parquet"},{"rfilename":"data/train-00056-of-00330.parquet"},{"rfilename":"data/train-00057-of-00330.parquet"},{"rfilename":"data/train-00058-of-00330.parquet"},{"rfilename":"data/train-00059-of-00330.parquet"},{"rfilename":"data/train-00060-of-00330.parquet"},{"rfilename":"data/train-00061-of-00330.parquet"},{"rfilename":"data/train-00062-of-00330.parquet"},{"rfilename":"data/train-00063-of-00330.parquet"},{"rfilename":"data/train-00064-of-00330.parquet"},{"rfilename":"data/train-00065-of-00330.parquet"},{"rfilename":"data/train-00066-of-00330.parquet"},{"rfilename":"data/train-00067-of-00330.parquet"},{"rfilename":"data/train-00068-of-00330.parquet"},{"rfilename":"data/train-00069-of-00330.parquet"},{"rfilename":"data/train-00070-of-00330.parquet"},{"rfilename":"data/train-00071-of-00330.parquet"},{"rfilename":"data/train-00072-of-00330.parquet"},{"rfilename":"data/train-00073-of-00330.parquet"},{"rfilename":"data/train-00074-of-00330.parquet"},{"rfilename":"data/train-00075-of-00330.parquet"},{"rfilename":"data/train-00076-of-00330.parquet"},{"rfilename":"data/train-00077-of-00330.parquet"},{"rfilename":"data/train-00078-of-00330.parquet"},{"rfilename":"data/train-00079-of-00330.parquet"},{"rfilename":"data/train-00080-of-00330.parquet"},{"rfilename":"data/train-00081-of-00330.parquet"},{"rfilename":"data/train-00082-of-00330.parquet"},{"rfilename":"data/train-00083-of-00330.parquet"},{"rfilename":"data/train-00084-of-00330.parquet"},{"rfilename":"data/train-00085-of-00330.parquet"},{"rfilename":"data/train-00086-of-00330.parquet"},{"rfilename":"data/train-00087-of-00330.parquet"},{"rfilename":"data/train-00088-of-00330.parquet"},{"rfilename":"data/train-00089-of-00330.parquet"},{"rfilename":"data/train-00090-of-00330.parquet"},{"rfilename":"data/train-00091-of-00330.parquet"},{"rfilename":"data/train-00092-of-00330.parquet"},{"rfilename":"data/train-00093-of-00330.parquet"},{"rfilename":"data/train-00094-of-00330.parquet"},{"rfilename":"data/train-00095-of-00330.parquet"},{"rfilename":"data/train-00096-of-00330.parquet"},{"rfilename":"data/train-00097-of-00330.parquet"},{"rfilename":"data/train-00098-of-00330.parquet"},{"rfilename":"data/train-00099-of-00330.parquet"},{"rfilename":"data/train-00100-of-00330.parquet"},{"rfilename":"data/train-00101-of-00330.parquet"},{"rfilename":"data/train-00102-of-00330.parquet"},{"rfilename":"data/train-00103-of-00330.parquet"},{"rfilename":"data/train-00104-of-00330.parquet"},{"rfilename":"data/train-00105-of-00330.parquet"},{"rfilename":"data/train-00106-of-00330.parquet"},{"rfilename":"data/train-00107-of-00330.parquet"},{"rfilename":"data/train-00108-of-00330.parquet"},{"rfilename":"data/train-00109-of-00330.parquet"},{"rfilename":"data/train-00110-of-00330.parquet"},{"rfilename":"data/train-00111-of-00330.parquet"},{"rfilename":"data/train-00112-of-00330.parquet"},{"rfilename":"data/train-00113-of-00330.parquet"},{"rfilename":"data/train-00114-of-00330.parquet"},{"rfilename":"data/train-00115-of-00330.parquet"},{"rfilename":"data/train-00116-of-00330.parquet"},{"rfilename":"data/train-00117-of-00330.parquet"},{"rfilename":"data/train-00118-of-00330.parquet"},{"rfilename":"data/train-00119-of-00330.parquet"},{"rfilename":"data/train-00120-of-00330.parquet"},{"rfilename":"data/train-00121-of-00330.parquet"},{"rfilename":"data/train-00122-of-00330.parquet"},{"rfilename":"data/train-00123-of-00330.parquet"},{"rfilename":"data/train-00124-of-00330.parquet"},{"rfilename":"data/train-00125-of-00330.parquet"},{"rfilename":"data/train-00126-of-00330.parquet"},{"rfilename":"data/train-00127-of-00330.parquet"},{"rfilename":"data/train-00128-of-00330.parquet"},{"rfilename":"data/train-00129-of-00330.parquet"},{"rfilename":"data/train-00130-of-00330.parquet"},{"rfilename":"data/train-00131-of-00330.parquet"},{"rfilename":"data/train-00132-of-00330.parquet"},{"rfilename":"data/train-00133-of-00330.parquet"},{"rfilename":"data/train-00134-of-00330.parquet"},{"rfilename":"data/train-00135-of-00330.parquet"},{"rfilename":"data/train-00136-of-00330.parquet"},{"rfilename":"data/train-00137-of-00330.parquet"},{"rfilename":"data/train-00138-of-00330.parquet"},{"rfilename":"data/train-00139-of-00330.parquet"},{"rfilename":"data/train-00140-of-00330.parquet"},{"rfilename":"data/train-00141-of-00330.parquet"},{"rfilename":"data/train-00142-of-00330.parquet"},{"rfilename":"data/train-00143-of-00330.parquet"},{"rfilename":"data/train-00144-of-00330.parquet"},{"rfilename":"data/train-00145-of-00330.parquet"},{"rfilename":"data/train-00146-of-00330.parquet"},{"rfilename":"data/train-00147-of-00330.parquet"},{"rfilename":"data/train-00148-of-00330.parquet"},{"rfilename":"data/train-00149-of-00330.parquet"},{"rfilename":"data/train-00150-of-00330.parquet"},{"rfilename":"data/train-00151-of-00330.parquet"},{"rfilename":"data/train-00152-of-00330.parquet"},{"rfilename":"data/train-00153-of-00330.parquet"},{"rfilename":"data/train-00154-of-00330.parquet"},{"rfilename":"data/train-00155-of-00330.parquet"},{"rfilename":"data/train-00156-of-00330.parquet"},{"rfilename":"data/train-00157-of-00330.parquet"},{"rfilename":"data/train-00158-of-00330.parquet"},{"rfilename":"data/train-00159-of-00330.parquet"},{"rfilename":"data/train-00160-of-00330.parquet"},{"rfilename":"data/train-00161-of-00330.parquet"},{"rfilename":"data/train-00162-of-00330.parquet"},{"rfilename":"data/train-00163-of-00330.parquet"},{"rfilename":"data/train-00164-of-00330.parquet"},{"rfilename":"data/train-00165-of-00330.parquet"},{"rfilename":"data/train-00166-of-00330.parquet"},{"rfilename":"data/train-00167-of-00330.parquet"},{"rfilename":"data/train-00168-of-00330.parquet"},{"rfilename":"data/train-00169-of-00330.parquet"},{"rfilename":"data/train-00170-of-00330.parquet"},{"rfilename":"data/train-00171-of-00330.parquet"},{"rfilename":"data/train-00172-of-00330.parquet"},{"rfilename":"data/train-00173-of-00330.parquet"},{"rfilename":"data/train-00174-of-00330.parquet"},{"rfilename":"data/train-00175-of-00330.parquet"},{"rfilename":"data/train-00176-of-00330.parquet"},{"rfilename":"data/train-00177-of-00330.parquet"},{"rfilename":"data/train-00178-of-00330.parquet"},{"rfilename":"data/train-00179-of-00330.parquet"},{"rfilename":"data/train-00180-of-00330.parquet"},{"rfilename":"data/train-00181-of-00330.parquet"},{"rfilename":"data/train-00182-of-00330.parquet"},{"rfilename":"data/train-00183-of-00330.parquet"},{"rfilename":"data/train-00184-of-00330.parquet"},{"rfilename":"data/train-00185-of-00330.parquet"},{"rfilename":"data/train-00186-of-00330.parquet"},{"rfilename":"data/train-00187-of-00330.parquet"},{"rfilename":"data/train-00188-of-00330.parquet"},{"rfilename":"data/train-00189-of-00330.parquet"},{"rfilename":"data/train-00190-of-00330.parquet"},{"rfilename":"data/train-00191-of-00330.parquet"},{"rfilename":"data/train-00192-of-00330.parquet"},{"rfilename":"data/train-00193-of-00330.parquet"},{"rfilename":"data/train-00194-of-00330.parquet"},{"rfilename":"data/train-00195-of-00330.parquet"},{"rfilename":"data/train-00196-of-00330.parquet"},{"rfilename":"data/train-00197-of-00330.parquet"},{"rfilename":"data/train-00198-of-00330.parquet"},{"rfilename":"data/train-00199-of-00330.parquet"},{"rfilename":"data/train-00200-of-00330.parquet"},{"rfilename":"data/train-00201-of-00330.parquet"},{"rfilename":"data/train-00202-of-00330.parquet"},{"rfilename":"data/train-00203-of-00330.parquet"},{"rfilename":"data/train-00204-of-00330.parquet"},{"rfilename":"data/train-00205-of-00330.parquet"},{"rfilename":"data/train-00206-of-00330.parquet"},{"rfilename":"data/train-00207-of-00330.parquet"},{"rfilename":"data/train-00208-of-00330.parquet"},{"rfilename":"data/train-00209-of-00330.parquet"},{"rfilename":"data/train-00210-of-00330.parquet"},{"rfilename":"data/train-00211-of-00330.parquet"},{"rfilename":"data/train-00212-of-00330.parquet"},{"rfilename":"data/train-00213-of-00330.parquet"},{"rfilename":"data/train-00214-of-00330.parquet"},{"rfilename":"data/train-00215-of-00330.parquet"},{"rfilename":"data/train-00216-of-00330.parquet"},{"rfilename":"data/train-00217-of-00330.parquet"},{"rfilename":"data/train-00218-of-00330.parquet"},{"rfilename":"data/train-00219-of-00330.parquet"},{"rfilename":"data/train-00220-of-00330.parquet"},{"rfilename":"data/train-00221-of-00330.parquet"},{"rfilename":"data/train-00222-of-00330.parquet"},{"rfilename":"data/train-00223-of-00330.parquet"},{"rfilename":"data/train-00224-of-00330.parquet"},{"rfilename":"data/train-00225-of-00330.parquet"},{"rfilename":"data/train-00226-of-00330.parquet"},{"rfilename":"data/train-00227-of-00330.parquet"},{"rfilename":"data/train-00228-of-00330.parquet"},{"rfilename":"data/train-00229-of-00330.parquet"},{"rfilename":"data/train-00230-of-00330.parquet"},{"rfilename":"data/train-00231-of-00330.parquet"},{"rfilename":"data/train-00232-of-00330.parquet"},{"rfilename":"data/train-00233-of-00330.parquet"},{"rfilename":"data/train-00234-of-00330.parquet"},{"rfilename":"data/train-00235-of-00330.parquet"},{"rfilename":"data/train-00236-of-00330.parquet"},{"rfilename":"data/train-00237-of-00330.parquet"},{"rfilename":"data/train-00238-of-00330.parquet"},{"rfilename":"data/train-00239-of-00330.parquet"},{"rfilename":"data/train-00240-of-00330.parquet"},{"rfilename":"data/train-00241-of-00330.parquet"},{"rfilename":"data/train-00242-of-00330.parquet"},{"rfilename":"data/train-00243-of-00330.parquet"},{"rfilename":"data/train-00244-of-00330.parquet"},{"rfilename":"data/train-00245-of-00330.parquet"},{"rfilename":"data/train-00246-of-00330.parquet"},{"rfilename":"data/train-00247-of-00330.parquet"},{"rfilename":"data/train-00248-of-00330.parquet"},{"rfilename":"data/train-00249-of-00330.parquet"},{"rfilename":"data/train-00250-of-00330.parquet"},{"rfilename":"data/train-00251-of-00330.parquet"},{"rfilename":"data/train-00252-of-00330.parquet"},{"rfilename":"data/train-00253-of-00330.parquet"},{"rfilename":"data/train-00254-of-00330.parquet"},{"rfilename":"data/train-00255-of-00330.parquet"},{"rfilename":"data/train-00256-of-00330.parquet"},{"rfilename":"data/train-00257-of-00330.parquet"},{"rfilename":"data/train-00258-of-00330.parquet"},{"rfilename":"data/train-00259-of-00330.parquet"},{"rfilename":"data/train-00260-of-00330.parquet"},{"rfilename":"data/train-00261-of-00330.parquet"},{"rfilename":"data/train-00262-of-00330.parquet"},{"rfilename":"data/train-00263-of-00330.parquet"},{"rfilename":"data/train-00264-of-00330.parquet"},{"rfilename":"data/train-00265-of-00330.parquet"},{"rfilename":"data/train-00266-of-00330.parquet"},{"rfilename":"data/train-00267-of-00330.parquet"},{"rfilename":"data/train-00268-of-00330.parquet"},{"rfilename":"data/train-00269-of-00330.parquet"},{"rfilename":"data/train-00270-of-00330.parquet"},{"rfilename":"data/train-00271-of-00330.parquet"},{"rfilename":"data/train-00272-of-00330.parquet"},{"rfilename":"data/train-00273-of-00330.parquet"},{"rfilename":"data/train-00274-of-00330.parquet"},{"rfilename":"data/train-00275-of-00330.parquet"},{"rfilename":"data/train-00276-of-00330.parquet"},{"rfilename":"data/train-00277-of-00330.parquet"},{"rfilename":"data/train-00278-of-00330.parquet"},{"rfilename":"data/train-00279-of-00330.parquet"},{"rfilename":"data/train-00280-of-00330.parquet"},{"rfilename":"data/train-00281-of-00330.parquet"},{"rfilename":"data/train-00282-of-00330.parquet"},{"rfilename":"data/train-00283-of-00330.parquet"},{"rfilename":"data/train-00284-of-00330.parquet"},{"rfilename":"data/train-00285-of-00330.parquet"},{"rfilename":"data/train-00286-of-00330.parquet"},{"rfilename":"data/train-00287-of-00330.parquet"},{"rfilename":"data/train-00288-of-00330.parquet"},{"rfilename":"data/train-00289-of-00330.parquet"},{"rfilename":"data/train-00290-of-00330.parquet"},{"rfilename":"data/train-00291-of-00330.parquet"},{"rfilename":"data/train-00292-of-00330.parquet"},{"rfilename":"data/train-00293-of-00330.parquet"},{"rfilename":"data/train-00294-of-00330.parquet"},{"rfilename":"data/train-00295-of-00330.parquet"},{"rfilename":"data/train-00296-of-00330.parquet"},{"rfilename":"data/train-00297-of-00330.parquet"},{"rfilename":"data/train-00298-of-00330.parquet"},{"rfilename":"data/train-00299-of-00330.parquet"},{"rfilename":"data/train-00300-of-00330.parquet"},{"rfilename":"data/train-00301-of-00330.parquet"},{"rfilename":"data/train-00302-of-00330.parquet"},{"rfilename":"data/train-00303-of-00330.parquet"},{"rfilename":"data/train-00304-of-00330.parquet"},{"rfilename":"data/train-00305-of-00330.parquet"},{"rfilename":"data/train-00306-of-00330.parquet"},{"rfilename":"data/train-00307-of-00330.parquet"},{"rfilename":"data/train-00308-of-00330.parquet"},{"rfilename":"data/train-00309-of-00330.parquet"},{"rfilename":"data/train-00310-of-00330.parquet"},{"rfilename":"data/train-00311-of-00330.parquet"},{"rfilename":"data/train-00312-of-00330.parquet"},{"rfilename":"data/train-00313-of-00330.parquet"},{"rfilename":"data/train-00314-of-00330.parquet"},{"rfilename":"data/train-00315-of-00330.parquet"},{"rfilename":"data/train-00316-of-00330.parquet"},{"rfilename":"data/train-00317-of-00330.parquet"},{"rfilename":"data/train-00318-of-00330.parquet"},{"rfilename":"data/train-00319-of-00330.parquet"},{"rfilename":"data/train-00320-of-00330.parquet"},{"rfilename":"data/train-00321-of-00330.parquet"},{"rfilename":"data/train-00322-of-00330.parquet"},{"rfilename":"data/train-00323-of-00330.parquet"},{"rfilename":"data/train-00324-of-00330.parquet"},{"rfilename":"data/train-00325-of-00330.parquet"},{"rfilename":"data/train-00326-of-00330.parquet"},{"rfilename":"data/train-00327-of-00330.parquet"},{"rfilename":"data/train-00328-of-00330.parquet"},{"rfilename":"data/train-00329-of-00330.parquet"},{"rfilename":"dataset_infos.json"},{"rfilename":"scripts/corrected_examples.py"},{"rfilename":"scripts/wit.py"}]}