{"_id":"623ae7ab948807cf4db00532","id":"nthngdy/oscar-small","author":"nthngdy","sha":"686600ca31931048cbb9f0acc98b83c29d0036b9","lastModified":"2023-03-08T09:57:45.000Z","private":false,"gated":false,"disabled":false,"tags":["task_categories:text-generation","task_ids:language-modeling","annotations_creators:no-annotation","language_creators:found","multilinguality:multilingual","source_datasets:oscar","language:af","language:am","language:ar","language:arz","language:as","language:az","language:azb","language:ba","language:be","language:bg","language:bn","language:bo","language:br","language:ca","language:ce","language:ceb","language:ckb","language:cs","language:cv","language:cy","language:da","language:de","language:dv","language:el","language:en","language:eo","language:es","language:et","language:eu","language:fa","language:fi","language:fr","language:fy","language:ga","language:gl","language:gu","language:he","language:hi","language:hr","language:hu","language:hy","language:id","language:is","language:it","language:ja","language:ka","language:kk","language:km","language:kn","language:ko","language:ku","language:ky","language:la","language:lb","language:lo","language:lt","language:lv","language:mg","language:mhr","language:mk","language:ml","language:mn","language:mr","language:ms","language:mt","language:my","language:nds","language:ne","language:nl","language:nn","language:no","language:or","language:os","language:pa","language:pl","language:pnb","language:ps","language:pt","language:ro","language:ru","language:sa","language:sah","language:sd","language:sh","language:si","language:sk","language:sl","language:sq","language:sr","language:sv","language:sw","language:ta","language:te","language:tg","language:th","language:tk","language:tl","language:tr","language:tt","language:ug","language:uk","language:ur","language:uz","language:vi","language:yi","language:zh","license:cc0-1.0","arxiv:2010.14571"],"citation":"@inproceedings{ortiz-suarez-etal-2020-monolingual,\n    title = \"A Monolingual Approach to Contextualized Word Embeddings for Mid-Resource Languages\",\n    author = \"Ortiz Su{\\'a}rez, Pedro Javier  and\n      Romary, Laurent  and\n      Sagot, Benoit\",\n    booktitle = \"Proceedings of the 58th Annual Meeting of the Association for Computational Linguistics\",\n    month = jul,\n    year = \"2020\",\n    address = \"Online\",\n    publisher = \"Association for Computational Linguistics\",\n    url = \"https://www.aclweb.org/anthology/2020.acl-main.156\",\n    pages = \"1703--1714\",\n    abstract = \"We use the multilingual OSCAR corpus, extracted from Common Crawl via language classification, filtering and cleaning, to train monolingual contextualized word embeddings (ELMo) for five mid-resource languages. We then compare the performance of OSCAR-based and Wikipedia-based ELMo embeddings for these languages on the part-of-speech tagging and parsing tasks. We show that, despite the noise in the Common-Crawl-based OSCAR data, embeddings trained on OSCAR perform much better than monolingual embeddings trained on Wikipedia. They actually equal or improve the current state of the art in tagging and parsing for all five languages. In particular, they also improve over multilingual Wikipedia-based contextual embeddings (multilingual BERT), which almost always constitutes the previous state of the art, thereby showing that the benefit of a larger, more diverse corpus surpasses the cross-lingual benefit of multilingual embedding architectures.\",\n}\n@inproceedings{OrtizSuarezSagotRomary2019,\n  author    = {Pedro Javier {Ortiz Su{\\'a}rez} and Benoit Sagot and Laurent Romary},\n  title     = {Asynchronous pipelines for processing huge corpora on medium to low resource infrastructures},\n  series = {Proceedings of the Workshop on Challenges in the Management of Large Corpora (CMLC-7) 2019. Cardiff, 22nd July 2019},\n  editor    = {Piotr Bański and Adrien Barbaresi and Hanno Biber and Evelyn Breiteneder and Simon Clematide and Marc Kupietz and Harald L{\\\"u}ngen and Caroline Iliadi},\n  publisher = {Leibniz-Institut f{\\\"u}r Deutsche Sprache},\n  address   = {Mannheim},\n  doi       = {10.14618/ids-pub-9021},\n  url       = {http://nbn-resolving.de/urn:nbn:de:bsz:mh39-90215},\n  pages     = {9 -- 16},\n  year      = {2019},\n  abstract  = {Common Crawl is a considerably large, heterogeneous multilingual corpus comprised of crawled documents from the internet, surpassing 20TB of data and distributed as a set of more than 50 thousand plain text files where each contains many documents written in a wide variety of languages. Even though each document has a metadata block associated to it, this data lacks any information about the language in which each document is written, making it extremely difficult to use Common Crawl for monolingual applications. We propose a general, highly parallel, multithreaded pipeline to clean and classify Common Crawl by language; we specifically design it so that it runs efficiently on medium to low resource infrastructures where I/O speeds are the main constraint. We develop the pipeline so that it can be easily reapplied to any kind of heterogeneous corpus and so that it can be parameterised to a wide range of infrastructures. We also distribute a 6.3TB version of Common Crawl, filtered, classified by language, shuffled at line level in order to avoid copyright issues, and ready to be used for NLP applications.},\n  language  = {en}\n}","description":"The Open Super-large Crawled ALMAnaCH coRpus is a huge multilingual corpus obtained by language classification and filtering of the Common Crawl corpus using the goclassy architecture.\\","paperswithcode_id":"oscar","downloads":171,"likes":4,"cardData":{"annotations_creators":["no-annotation"],"language_creators":["found"],"language":["af","am","ar","arz","as","az","azb","ba","be","bg","bn","bo","br","ca","ce","ceb","ckb","cs","cv","cy","da","de","dv","el","en","eo","es","et","eu","fa","fi","fr","fy","ga","gl","gu","he","hi","hr","hu","hy","id","is","it","ja","ka","kk","km","kn","ko","ku","ky","la","lb","lo","lt","lv","mg","mhr","mk","ml","mn","mr","ms","mt","my","nds","ne","nl","nn","no","or","os","pa","pl","pnb","ps","pt","ro","ru","sa","sah","sd","sh","si","sk","sl","sq","sr","sv","sw","ta","te","tg","th","tk","tl","tr","tt","ug","uk","ur","uz","vi","yi","zh"],"license":["cc0-1.0"],"multilinguality":["multilingual"],"source_datasets":["oscar"],"task_categories":["text-generation"],"task_ids":["language-modeling"],"paperswithcode_id":"oscar","pretty_name":"OSCAR"},"siblings":[{"rfilename":".gitattributes"},{"rfilename":"README.md"},{"rfilename":"data/af.gz"},{"rfilename":"data/am.gz"},{"rfilename":"data/ar.gz"},{"rfilename":"data/arz.gz"},{"rfilename":"data/as.gz"},{"rfilename":"data/az.gz"},{"rfilename":"data/azb.gz"},{"rfilename":"data/ba.gz"},{"rfilename":"data/be.gz"},{"rfilename":"data/bg.gz"},{"rfilename":"data/bn.gz"},{"rfilename":"data/bo.gz"},{"rfilename":"data/br.gz"},{"rfilename":"data/ca.gz"},{"rfilename":"data/ce.gz"},{"rfilename":"data/ceb.gz"},{"rfilename":"data/ckb.gz"},{"rfilename":"data/cs.gz"},{"rfilename":"data/cv.gz"},{"rfilename":"data/cy.gz"},{"rfilename":"data/da.gz"},{"rfilename":"data/de.gz"},{"rfilename":"data/dv.gz"},{"rfilename":"data/el.gz"},{"rfilename":"data/en.gz"},{"rfilename":"data/eo.gz"},{"rfilename":"data/es.gz"},{"rfilename":"data/et.gz"},{"rfilename":"data/eu.gz"},{"rfilename":"data/fa.gz"},{"rfilename":"data/fi.gz"},{"rfilename":"data/fr.gz"},{"rfilename":"data/fy.gz"},{"rfilename":"data/ga.gz"},{"rfilename":"data/gl.gz"},{"rfilename":"data/gu.gz"},{"rfilename":"data/he.gz"},{"rfilename":"data/hi.gz"},{"rfilename":"data/hr.gz"},{"rfilename":"data/hu.gz"},{"rfilename":"data/hy.gz"},{"rfilename":"data/id.gz"},{"rfilename":"data/is.gz"},{"rfilename":"data/it.gz"},{"rfilename":"data/ja.gz"},{"rfilename":"data/ka.gz"},{"rfilename":"data/kk.gz"},{"rfilename":"data/km.gz"},{"rfilename":"data/kn.gz"},{"rfilename":"data/ko.gz"},{"rfilename":"data/ku.gz"},{"rfilename":"data/ky.gz"},{"rfilename":"data/la.gz"},{"rfilename":"data/lb.gz"},{"rfilename":"data/lo.gz"},{"rfilename":"data/lt.gz"},{"rfilename":"data/lv.gz"},{"rfilename":"data/mg.gz"},{"rfilename":"data/mhr.gz"},{"rfilename":"data/mk.gz"},{"rfilename":"data/ml.gz"},{"rfilename":"data/mn.gz"},{"rfilename":"data/mr.gz"},{"rfilename":"data/ms.gz"},{"rfilename":"data/mt.gz"},{"rfilename":"data/my.gz"},{"rfilename":"data/nds.gz"},{"rfilename":"data/ne.gz"},{"rfilename":"data/nl.gz"},{"rfilename":"data/nn.gz"},{"rfilename":"data/no.gz"},{"rfilename":"data/or.gz"},{"rfilename":"data/os.gz"},{"rfilename":"data/pa.gz"},{"rfilename":"data/pl.gz"},{"rfilename":"data/pnb.gz"},{"rfilename":"data/ps.gz"},{"rfilename":"data/pt.gz"},{"rfilename":"data/ro.gz"},{"rfilename":"data/ru.gz"},{"rfilename":"data/sa.gz"},{"rfilename":"data/sah.gz"},{"rfilename":"data/sd.gz"},{"rfilename":"data/sh.gz"},{"rfilename":"data/si.gz"},{"rfilename":"data/sk.gz"},{"rfilename":"data/sl.gz"},{"rfilename":"data/sq.gz"},{"rfilename":"data/sr.gz"},{"rfilename":"data/sv.gz"},{"rfilename":"data/sw.gz"},{"rfilename":"data/ta.gz"},{"rfilename":"data/te.gz"},{"rfilename":"data/tg.gz"},{"rfilename":"data/th.gz"},{"rfilename":"data/tk.gz"},{"rfilename":"data/tl.gz"},{"rfilename":"data/tr.gz"},{"rfilename":"data/tt.gz"},{"rfilename":"data/ug.gz"},{"rfilename":"data/uk.gz"},{"rfilename":"data/ur.gz"},{"rfilename":"data/uz.gz"},{"rfilename":"data/vi.gz"},{"rfilename":"data/yi.gz"},{"rfilename":"data/zh.gz"},{"rfilename":"oscar-small.py"}]}