{"_id":"62359a534266c6917d404c09","id":"yhavinga/ccmatrix","author":"yhavinga","sha":"9d4d238fbdad8ccfc9058cdcda552527f54bca2a","lastModified":"2023-03-09T07:44:58.000Z","private":false,"gated":false,"disabled":false,"tags":["task_categories:text2text-generation","task_categories:translation","annotations_creators:found","language_creators:found","multilinguality:multilingual","source_datasets:original","language:af","language:am","language:ar","language:ast","language:az","language:be","language:bg","language:bn","language:br","language:ca","language:ceb","language:cs","language:cy","language:da","language:de","language:el","language:en","language:eo","language:es","language:et","language:eu","language:fa","language:fi","language:fr","language:fy","language:ga","language:gd","language:gl","language:ha","language:he","language:hi","language:hr","language:hu","language:hy","language:id","language:ig","language:ilo","language:is","language:it","language:ja","language:jv","language:ka","language:kk","language:km","language:ko","language:la","language:lb","language:lg","language:lt","language:lv","language:mg","language:mk","language:ml","language:mr","language:ms","language:my","language:ne","language:nl","language:no","language:oc","language:om","language:or","language:pl","language:pt","language:ro","language:ru","language:sd","language:si","language:sk","language:sl","language:so","language:sq","language:sr","language:su","language:sv","language:sw","language:ta","language:tl","language:tr","language:tt","language:uk","language:ur","language:uz","language:vi","language:wo","language:xh","language:yi","language:yo","language:zh","language:zu","language:se","license:unknown","conditional-text-generation","arxiv:1911.04944","arxiv:1911.00359","arxiv:2010.11125"],"citation":" Guillaume Wenzek, Marie-Anne Lachaux, Alexis Conneau, Vishrav Chaudhary, Francisco Guzmán, Armand Jouli and Edouard Grave, CCNet: Extracting High Quality Monolingual Datasets from Web Crawl Data","description":"CCMatrix: Mining Billions of High-Quality Parallel Sentences on the WEB\n\nWe show that margin-based bitext mining in LASER's multilingual sentence space can be applied to\nmonolingual corpora of billions of sentences to produce high quality aligned translation data.\nWe use thirty-two snapshots of a curated common crawl corpus [1] totaling 69 billion unique sentences.\nUsing one unified approach for 80 languages, we were able to mine 10.8 billion parallel sentences,\nout of which only 2.9 billion are aligned with English.\n\nIMPORTANT: Please cite reference [2][3] if you use this data.\n\n[1] Guillaume Wenzek, Marie-Anne Lachaux, Alexis Conneau, Vishrav Chaudhary, Francisco Guzmán, Armand Jouli\n    and Edouard Grave, CCNet: Extracting High Quality Monolingual Datasets from Web Crawl Data\n\n[2] Holger Schwenk, Guillaume Wenzek, Sergey Edunov, Edouard Grave and Armand Joulin,\n    CCMatrix: Mining Billions of High-Quality Parallel Sentences on the WEB\n\n[3] Angela Fan, Shruti Bhosale, Holger Schwenk, Zhiyi Ma, Ahmed El-Kishky, Siddharth Goyal, Mandeep Baines,\n    Onur Celebi, Guillaume Wenzek, Vishrav Chaudhary, Naman Goyal, Tom Birch, Vitaliy Liptchinsky,\n    Sergey Edunov, Edouard Grave, Michael Auli, and Armand Joulin.\n    Beyond English-Centric Multilingual Machine Translation\n    \n90 languages, 1,197 bitexts\ntotal number of files: 90\ntotal number of tokens: 112.14G\ntotal number of sentence fragments: 7.37G","paperswithcode_id":"ccmatrix","downloads":1733,"likes":6,"cardData":{"annotations_creators":["found"],"language_creators":["found"],"language":["af","am","ar","ast","az","be","bg","bn","br","ca","ceb","cs","cy","da","de","el","en","eo","es","et","eu","fa","fi","fr","fy","ga","gd","gl","ha","he","hi","hr","hu","hy","id","ig","ilo","is","it","ja","jv","ka","kk","km","ko","la","lb","lg","lt","lv","mg","mk","ml","mr","ms","my","ne","nl","no","oc","om","or","pl","pt","ro","ru","sd","si","sk","sl","so","sq","sr","su","sv","sw","ta","tl","tr","tt","uk","ur","uz","vi","wo","xh","yi","yo","zh","zu","se"],"license":["unknown"],"multilinguality":["multilingual"],"size_categories":{"en-nl":["n<110M"],"en-af":["n<9M"],"en-lt":["<24M"]},"source_datasets":["original"],"task_categories":["text2text-generation","translation"],"task_ids":[],"paperswithcode_id":"ccmatrix","pretty_name":"CCMatrixV1","tags":["conditional-text-generation"]},"siblings":[{"rfilename":".gitattributes"},{"rfilename":"README.md"},{"rfilename":"ccmatrix.py"},{"rfilename":"language_pairs_cache.py"},{"rfilename":"test_ccmatrix.py"}]}