{"_id":"639f66290d679f539438a532","id":"Kosasih-1/autotrain-data-aneroxqa","author":"Kosasih-1","sha":"b51a2d2754388e249e2a74a3e60b38d2d8484b30","lastModified":"2023-01-10T08:12:45.000Z","private":false,"gated":false,"disabled":false,"tags":["task_categories:question-answering","size_categories:n>1T","language:en","language:aa","language:ab","language:ae","language:as","language:av","language:ar","language:ay","language:az","language:ba","language:be","language:bh","language:bg","language:bi","language:bm","language:bn","language:bo","language:br","language:bs","language:ca","language:ce","language:ch","language:co","language:cr","language:cs","language:cu","language:cv","language:cy","language:da","language:de","language:dv","language:dz","language:ee","language:el","language:eo","language:es","language:et","language:eu","language:fa","language:ff","language:fi","language:fj","language:fo","language:fr","language:fy","language:ga","language:gd","language:gl","language:gn","language:gu","language:gv","language:ha","language:he","language:hi","language:ho","language:hr","language:ht","language:hu","language:hy","language:hz","language:ia","language:id","language:ie","language:ig","language:ii","language:ik","language:io","language:is","language:it","language:iu","language:ja","language:jv","language:ka","language:ki","language:kg","language:kj","language:kk","language:an","language:kl","language:km","language:kn","language:am","language:ko","language:af","language:ak","language:kr","language:ks","language:ky","language:la","language:lg","language:li","language:ln","language:lb","language:lo","language:lu","language:lv","language:mg","language:mh","language:mi","language:lt","language:ml","language:mk","language:mr","language:ms","language:mt","language:my","language:na","language:mn","language:nb","language:ne","language:ng","language:nl","language:nn","language:no","language:nd","language:nv","language:ady","language:aed","language:ase","language:ach","language:sq","language:bem","language:bzs","language:bcl","language:ber","language:ceb","language:swc","language:chk","language:csg","language:csn","language:cel","language:crs","language:zh","language:ny","language:kw","language:kbd","language:efi","language:fon","language:fse","language:gil","language:guw","language:gaa","language:hil","language:zai","language:ilo","language:iso","language:kqn","language:kwy","language:kwn","language:kab","language:rn","language:kv","language:ku","language:rw","language:luo","language:lue","language:lus","language:loz","language:lua","language:lun","language:mos","language:mfe","language:mfs","language:nyk","language:niu","language:se","language:nr","language:nso","language:os","language:om","language:oj","language:oc","language:or","language:pt","language:pag","language:pap","language:pis","language:pon","language:ps","language:pl","language:pi","language:pa","language:prl","language:qu","language:roa","language:run","language:ru","language:ro","language:rm","language:rnd","language:sk","language:si","language:sl","language:sm","language:sn","language:so","language:sr","language:ss","language:st","language:zu","language:sg","language:sv","language:sw","language:srn","language:ssp","language:su","language:sd","language:sc","language:sa","language:sah","language:ti","language:tk","language:tl","language:tn","language:to","language:tr","language:ts","language:tt","language:tw","language:ty","language:tll","language:tvl","language:toi","language:tiv","language:tpi","language:tum","language:tzo","language:th","language:tg","language:te","language:ta","language:tdt","language:umb","language:ur","language:uk","language:uz","language:ug","language:vsl","language:vo","language:vi","language:ve","language:wal","language:war","language:wo","language:wa","language:wls","language:xh","language:yua","language:yue","language:yo","language:yap","language:yi","language:zne","language:za","license:mit"],"downloads":0,"likes":0,"cardData":{"language":["en","aa","ab","ae","as","av","ar","ay","az","ba","be","bh","bg","bi","bm","bn","bo","br","bs","ca","ce","ch","co","cr","cs","cu","cv","cy","da","de","dv","dz","ee","el","eo","es","et","eu","fa","ff","fi","fj","fo","fr","fy","ga","gd","gl","gn","gu","gv","ha","he","hi","ho","hr","ht","hu","hy","hz","ia","id","ie","ig","ii","ik","io","is","it","iu","ja","jv","ka","ki","kg","kj","kk","an","kl","km","kn","am","ko","af","ak","kr","ks","ky","la","lg","li","ln","lb","lo","lu","lv","mg","mh","mi","lt","ml","mk","mr","ms","mt","my","na","mn","nb","ne","ng","nl","nn","no","nd","nv","ady","aed","ase","ach","sq","bem","bzs","bcl","ber","ceb","swc","chk","csg","csn","cel","crs","zh","ny","kw","kbd","efi","fon","fse","gil","guw","gaa","hil","zai","ilo","iso","kqn","kwy","kwn","kab","rn","kv","ku","rw","luo","lue","lus","loz","lua","lun","mos","mfe","mfs","nyk","niu","se","nr","nso","os","om","oj","oc","or","pt","pag","pap","pis","pon","ps","pl","pi","pa","prl","qu","roa","run","ru","ro","rm","rnd","sk","si","sl","sm","sn","so","sr","ss","st","zu","sg","sv","sw","srn","ssp","su","sd","sc","sa","sah","ti","tk","tl","tn","to","tr","ts","tt","tw","ty","tll","tvl","toi","tiv","tpi","tum","tzo","th","tg","te","ta","tdt","umb","ur","uk","uz","ug","vsl","vo","vi","ve","wal","war","wo","wa","wls","xh","yua","yue","yo","yap","yi","zne","za"],"license":"mit","task_categories":["question-answering"],"pretty_name":"AneroxQa","size_categories":["n>1T"]},"siblings":[{"rfilename":".gitattributes"},{"rfilename":"README.md"},{"rfilename":"processed/dataset_dict.json"},{"rfilename":"processed/train/dataset.arrow"},{"rfilename":"processed/train/dataset_info.json"},{"rfilename":"processed/train/state.json"},{"rfilename":"processed/valid/dataset.arrow"},{"rfilename":"processed/valid/dataset_info.json"},{"rfilename":"processed/valid/state.json"}]}