{"data": [{"country": "Oman", "year": "2020", "timeperiod": "8", "export": "-", "import_origin": "19.1", "import_consigment": "19.0"}, {"country": "Oman", "year": "2020", "timeperiod": "10", "export": "-", "import_origin": "36.4", "import_consigment": "36.4"}, {"country": "Oman", "year": "2020", "timeperiod": "11", "export": "-", "import_origin": "35.9", "import_consigment": "35.5"}, {"country": "Oman", "year": "2020", "timeperiod": "Year", "export": "-", "import_origin": "308.0", "import_consigment": "262.5"}, {"country": "Oman", "year": "2019", "timeperiod": "1", "export": "-", "import_origin": "13.3", "import_consigment": "-"}, {"country": "Oman", "year": "2019", "timeperiod": "2", "export": "-", "import_origin": "161.2", "import_consigment": "134.1"}, {"country": "Oman", "year": "2019", "timeperiod": "3", "export": "-", "import_origin": "1.8", "import_consigment": "-"}, {"country": "Oman", "year": "2019", "timeperiod": "4", "export": "29.3", "import_origin": "55.4", "import_consigment": "-"}, {"country": "Oman", "year": "2019", "timeperiod": "5", "export": "2082.2", "import_origin": "-", "import_consigment": "-"}, {"country": "Oman", "year": "2019", "timeperiod": "6", "export": "-", "import_origin": "8.2", "import_consigment": "-"}, {"country": "Oman", "year": "2019", "timeperiod": "8", "export": "2043.9", "import_origin": "0.5", "import_consigment": "-"}, {"country": "Oman", "year": "2019", "timeperiod": "9", "export": "-", "import_origin": "-", "import_consigment": "-"}, {"country": "Oman", "year": "2019", "timeperiod": "10", "export": "-", "import_origin": "-", "import_consigment": "-"}, {"country": "Oman", "year": "2019", "timeperiod": "11", "export": "1.2", "import_origin": "7.8", "import_consigment": "1.6"}, {"country": "Oman", "year": "2019", "timeperiod": "12", "export": "-", "import_origin": "-", "import_consigment": "5.1"}, {"country": "Oman", "year": "2019", "timeperiod": "Year", "export": "4156.6", "import_origin": "248.1", "import_consigment": "140.9"}, {"country": "Oman", "year": "2018", "timeperiod": "2", "export": "-", "import_origin": "2.9", "import_consigment": "-"}, {"country": "Oman", "year": "2018", "timeperiod": "3", "export": "-", "import_origin": "36.2", "import_consigment": "18.6"}, {"country": "Oman", "year": "2018", "timeperiod": "4", "export": "47.1", "import_origin": "-", "import_consigment": "-"}, {"country": "Oman", "year": "2018", "timeperiod": "6", "export": "63.1", "import_origin": "13.6", "import_consigment": "-"}, {"country": "Oman", "year": "2018", "timeperiod": "7", "export": "21.8", "import_origin": "35.4", "import_consigment": "33.9"}, {"country": "Oman", "year": "2018", "timeperiod": "10", "export": "3.2", "import_origin": "16.8", "import_consigment": "-"}, {"country": "Oman", "year": "2018", "timeperiod": "11", "export": "63.1", "import_origin": "-", "import_consigment": "-"}, {"country": "Oman", "year": "2018", "timeperiod": "12", "export": "-", "import_origin": "1.7", "import_consigment": "-"}, {"country": "Oman", "year": "2018", "timeperiod": "Year", "export": "198.4", "import_origin": "106.5", "import_consigment": "52.5"}]}