{"data": [{"country": "Hong Kong", "year": "2020", "timeperiod": "11", "export": "800.3", "import_origin": "173.2", "import_consigment": "9076.8"}, {"country": "Hong Kong", "year": "2020", "timeperiod": "12", "export": "2448.8", "import_origin": "123.4", "import_consigment": "3744.2"}, {"country": "Hong Kong", "year": "2020", "timeperiod": "Year", "export": "5361.4", "import_origin": "1775.6", "import_consigment": "89540.5"}, {"country": "Hong Kong", "year": "2019", "timeperiod": "1", "export": "252.6", "import_origin": "3.1", "import_consigment": "4115.8"}, {"country": "Hong Kong", "year": "2019", "timeperiod": "2", "export": "251.9", "import_origin": "87.2", "import_consigment": "2947.6"}, {"country": "Hong Kong", "year": "2019", "timeperiod": "3", "export": "898.8", "import_origin": "295.6", "import_consigment": "6807.8"}, {"country": "Hong Kong", "year": "2019", "timeperiod": "4", "export": "1392.4", "import_origin": "567.2", "import_consigment": "5369.2"}, {"country": "Hong Kong", "year": "2019", "timeperiod": "5", "export": "824.7", "import_origin": "92.9", "import_consigment": "3881.9"}, {"country": "Hong Kong", "year": "2019", "timeperiod": "6", "export": "115.2", "import_origin": "84.0", "import_consigment": "7813.1"}, {"country": "Hong Kong", "year": "2019", "timeperiod": "7", "export": "114.2", "import_origin": "664.4", "import_consigment": "3733.2"}, {"country": "Hong Kong", "year": "2019", "timeperiod": "8", "export": "41.4", "import_origin": "575.0", "import_consigment": "5230.3"}, {"country": "Hong Kong", "year": "2019", "timeperiod": "9", "export": "204.0", "import_origin": "190.0", "import_consigment": "5126.0"}, {"country": "Hong Kong", "year": "2019", "timeperiod": "10", "export": "47.1", "import_origin": "3196.2", "import_consigment": "12006.6"}, {"country": "Hong Kong", "year": "2019", "timeperiod": "11", "export": "60.1", "import_origin": "155.3", "import_consigment": "4106.4"}, {"country": "Hong Kong", "year": "2019", "timeperiod": "12", "export": "82.4", "import_origin": "4855.2", "import_consigment": "9472.9"}, {"country": "Hong Kong", "year": "2019", "timeperiod": "Year", "export": "4285.0", "import_origin": "10766.0", "import_consigment": "70610.6"}, {"country": "Hong Kong", "year": "2018", "timeperiod": "1", "export": "28.8", "import_origin": "742.9", "import_consigment": "2710.6"}, {"country": "Hong Kong", "year": "2018", "timeperiod": "2", "export": "886.8", "import_origin": "1123.7", "import_consigment": "3674.2"}, {"country": "Hong Kong", "year": "2018", "timeperiod": "3", "export": "767.2", "import_origin": "911.7", "import_consigment": "3638.4"}, {"country": "Hong Kong", "year": "2018", "timeperiod": "4", "export": "748.8", "import_origin": "1242.3", "import_consigment": "2811.5"}, {"country": "Hong Kong", "year": "2018", "timeperiod": "5", "export": "489.3", "import_origin": "613.8", "import_consigment": "12887.8"}, {"country": "Hong Kong", "year": "2018", "timeperiod": "6", "export": "144.8", "import_origin": "787.9", "import_consigment": "4196.5"}, {"country": "Hong Kong", "year": "2018", "timeperiod": "7", "export": "1535.6", "import_origin": "339.3", "import_consigment": "3718.8"}, {"country": "Hong Kong", "year": "2018", "timeperiod": "8", "export": "37.1", "import_origin": "1817.6", "import_consigment": "7463.2"}, {"country": "Hong Kong", "year": "2018", "timeperiod": "9", "export": "37.6", "import_origin": "321.8", "import_consigment": "12846.0"}]}