{"data": [{"country": "Gambia", "year": "2017", "timeperiod": "4", "export": "14.4", "import_origin": "-", "import_consigment": "-"}, {"country": "Gambia", "year": "2017", "timeperiod": "Year", "export": "14.4", "import_origin": "1.2", "import_consigment": "-"}, {"country": "Palestinian Territory, Occupied", "year": "2023", "timeperiod": "1", "export": "-", "import_origin": "12.0", "import_consigment": "-"}, {"country": "Palestinian Territory, Occupied", "year": "2023", "timeperiod": "Year", "export": "-", "import_origin": "12.0", "import_consigment": "-"}, {"country": "Palestinian Territory, Occupied", "year": "2022", "timeperiod": "2", "export": "-", "import_origin": "0.3", "import_consigment": "-"}, {"country": "Palestinian Territory, Occupied", "year": "2022", "timeperiod": "3", "export": "74.4", "import_origin": "-", "import_consigment": "-"}, {"country": "Palestinian Territory, Occupied", "year": "2022", "timeperiod": "4", "export": "-", "import_origin": "51.1", "import_consigment": "-"}, {"country": "Palestinian Territory, Occupied", "year": "2022", "timeperiod": "6", "export": "-", "import_origin": "57.2", "import_consigment": "-"}, {"country": "Palestinian Territory, Occupied", "year": "2022", "timeperiod": "11", "export": "-", "import_origin": "31.7", "import_consigment": "-"}, {"country": "Palestinian Territory, Occupied", "year": "2022", "timeperiod": "Year", "export": "74.4", "import_origin": "140.3", "import_consigment": "-"}, {"country": "Palestinian Territory, Occupied", "year": "2021", "timeperiod": "2", "export": "-", "import_origin": "0.9", "import_consigment": "-"}, {"country": "Palestinian Territory, Occupied", "year": "2021", "timeperiod": "3", "export": "11.7", "import_origin": "-", "import_consigment": "-"}, {"country": "Palestinian Territory, Occupied", "year": "2021", "timeperiod": "4", "export": "-", "import_origin": "0.4", "import_consigment": "-"}, {"country": "Palestinian Territory, Occupied", "year": "2021", "timeperiod": "6", "export": "14.1", "import_origin": "13.9", "import_consigment": "-"}, {"country": "Palestinian Territory, Occupied", "year": "2021", "timeperiod": "7", "export": "-", "import_origin": "-", "import_consigment": "-"}, {"country": "Palestinian Territory, Occupied", "year": "2021", "timeperiod": "8", "export": "14.3", "import_origin": "99.3", "import_consigment": "-"}, {"country": "Palestinian Territory, Occupied", "year": "2021", "timeperiod": "11", "export": "-", "import_origin": "24.6", "import_consigment": "-"}, {"country": "Palestinian Territory, Occupied", "year": "2021", "timeperiod": "Year", "export": "40.1", "import_origin": "139.0", "import_consigment": "-"}, {"country": "Palestinian Territory, Occupied", "year": "2020", "timeperiod": "7", "export": "-", "import_origin": "66.3", "import_consigment": "-"}, {"country": "Palestinian Territory, Occupied", "year": "2020", "timeperiod": "9", "export": "-", "import_origin": "34.8", "import_consigment": "-"}, {"country": "Palestinian Territory, Occupied", "year": "2020", "timeperiod": "10", "export": "-", "import_origin": "-", "import_consigment": "-"}, {"country": "Palestinian Territory, Occupied", "year": "2020", "timeperiod": "Year", "export": "-", "import_origin": "101.1", "import_consigment": "-"}, {"country": "Palestinian Territory, Occupied", "year": "2019", "timeperiod": "1", "export": "-", "import_origin": "48.0", "import_consigment": "-"}, {"country": "Palestinian Territory, Occupied", "year": "2019", "timeperiod": "4", "export": "16.3", "import_origin": "-", "import_consigment": "-"}, {"country": "Palestinian Territory, Occupied", "year": "2019", "timeperiod": "5", "export": "47.1", "import_origin": "-", "import_consigment": "-"}]}