{"data": [{"country": "Kyrgyzstan", "year": "2019", "timeperiod": "7", "export": "59.8", "import_origin": "-", "import_consigment": "-"}, {"country": "Kyrgyzstan", "year": "2019", "timeperiod": "8", "export": "453.7", "import_origin": "2.8", "import_consigment": "-"}, {"country": "Kyrgyzstan", "year": "2019", "timeperiod": "9", "export": "57.7", "import_origin": "4.7", "import_consigment": "-"}, {"country": "Kyrgyzstan", "year": "2019", "timeperiod": "10", "export": "739.2", "import_origin": "0.2", "import_consigment": "-"}, {"country": "Kyrgyzstan", "year": "2019", "timeperiod": "11", "export": "271.5", "import_origin": "122.9", "import_consigment": "122.6"}, {"country": "Kyrgyzstan", "year": "2019", "timeperiod": "12", "export": "96.8", "import_origin": "44.6", "import_consigment": "43.1"}, {"country": "Kyrgyzstan", "year": "2019", "timeperiod": "Year", "export": "3152.1", "import_origin": "224.7", "import_consigment": "264.6"}, {"country": "Kyrgyzstan", "year": "2018", "timeperiod": "1", "export": "9.9", "import_origin": "10.6", "import_consigment": "10.6"}, {"country": "Kyrgyzstan", "year": "2018", "timeperiod": "2", "export": "205.7", "import_origin": "-", "import_consigment": "87.8"}, {"country": "Kyrgyzstan", "year": "2018", "timeperiod": "3", "export": "-", "import_origin": "2.7", "import_consigment": "27.0"}, {"country": "Kyrgyzstan", "year": "2018", "timeperiod": "4", "export": "-", "import_origin": "68.2", "import_consigment": "113.1"}, {"country": "Kyrgyzstan", "year": "2018", "timeperiod": "5", "export": "-", "import_origin": "27.1", "import_consigment": "27.1"}, {"country": "Kyrgyzstan", "year": "2018", "timeperiod": "6", "export": "124.5", "import_origin": "-", "import_consigment": "-"}, {"country": "Kyrgyzstan", "year": "2018", "timeperiod": "7", "export": "53.5", "import_origin": "27.9", "import_consigment": "27.9"}, {"country": "Kyrgyzstan", "year": "2018", "timeperiod": "8", "export": "77.4", "import_origin": "24.5", "import_consigment": "22.1"}, {"country": "Kyrgyzstan", "year": "2018", "timeperiod": "9", "export": "136.6", "import_origin": "52.9", "import_consigment": "17.4"}, {"country": "Kyrgyzstan", "year": "2018", "timeperiod": "10", "export": "107.4", "import_origin": "-", "import_consigment": "-"}, {"country": "Kyrgyzstan", "year": "2018", "timeperiod": "11", "export": "9.4", "import_origin": "24.1", "import_consigment": "11.4"}, {"country": "Kyrgyzstan", "year": "2018", "timeperiod": "12", "export": "246.1", "import_origin": "62.2", "import_consigment": "60.4"}, {"country": "Kyrgyzstan", "year": "2018", "timeperiod": "Year", "export": "970.5", "import_origin": "300.2", "import_consigment": "404.8"}, {"country": "Kyrgyzstan", "year": "2017", "timeperiod": "1", "export": "22.8", "import_origin": "-", "import_consigment": "6.2"}, {"country": "Kyrgyzstan", "year": "2017", "timeperiod": "2", "export": "96.8", "import_origin": "-", "import_consigment": "-"}, {"country": "Kyrgyzstan", "year": "2017", "timeperiod": "3", "export": "133.0", "import_origin": "-", "import_consigment": "-"}, {"country": "Kyrgyzstan", "year": "2017", "timeperiod": "4", "export": "107.5", "import_origin": "-", "import_consigment": "-"}, {"country": "Kyrgyzstan", "year": "2017", "timeperiod": "5", "export": "33.2", "import_origin": "3.0", "import_consigment": "3.0"}]}