{"data": [{"country": "Mexico", "year": "2020", "timeperiod": "9", "export": "-", "import_origin": "762.5", "import_consigment": "61.0"}, {"country": "Mexico", "year": "2020", "timeperiod": "10", "export": "0.1", "import_origin": "966.6", "import_consigment": "55.6"}, {"country": "Mexico", "year": "2020", "timeperiod": "11", "export": "-", "import_origin": "973.8", "import_consigment": "149.4"}, {"country": "Mexico", "year": "2020", "timeperiod": "12", "export": "-", "import_origin": "1341.9", "import_consigment": "44.3"}, {"country": "Mexico", "year": "2020", "timeperiod": "Year", "export": "3.0", "import_origin": "11051.2", "import_consigment": "635.0"}, {"country": "Mexico", "year": "2019", "timeperiod": "1", "export": "11.7", "import_origin": "595.3", "import_consigment": "29.5"}, {"country": "Mexico", "year": "2019", "timeperiod": "2", "export": "-", "import_origin": "716.2", "import_consigment": "42.0"}, {"country": "Mexico", "year": "2019", "timeperiod": "3", "export": "-", "import_origin": "841.8", "import_consigment": "-"}, {"country": "Mexico", "year": "2019", "timeperiod": "4", "export": "-", "import_origin": "898.8", "import_consigment": "3.5"}, {"country": "Mexico", "year": "2019", "timeperiod": "5", "export": "399.7", "import_origin": "1320.3", "import_consigment": "62.7"}, {"country": "Mexico", "year": "2019", "timeperiod": "6", "export": "-", "import_origin": "1066.5", "import_consigment": "-"}, {"country": "Mexico", "year": "2019", "timeperiod": "7", "export": "7.7", "import_origin": "1490.3", "import_consigment": "89.4"}, {"country": "Mexico", "year": "2019", "timeperiod": "8", "export": "-", "import_origin": "2574.6", "import_consigment": "-"}, {"country": "Mexico", "year": "2019", "timeperiod": "9", "export": "-", "import_origin": "2744.3", "import_consigment": "102.2"}, {"country": "Mexico", "year": "2019", "timeperiod": "10", "export": "-", "import_origin": "3364.3", "import_consigment": "0.6"}, {"country": "Mexico", "year": "2019", "timeperiod": "11", "export": "-", "import_origin": "3161.2", "import_consigment": "62.6"}, {"country": "Mexico", "year": "2019", "timeperiod": "12", "export": "6.1", "import_origin": "2920.1", "import_consigment": "1.9"}, {"country": "Mexico", "year": "2019", "timeperiod": "Year", "export": "425.2", "import_origin": "21693.7", "import_consigment": "394.6"}, {"country": "Mexico", "year": "2018", "timeperiod": "1", "export": "16.3", "import_origin": "564.5", "import_consigment": "11.3"}, {"country": "Mexico", "year": "2018", "timeperiod": "2", "export": "0.7", "import_origin": "727.9", "import_consigment": "59.1"}, {"country": "Mexico", "year": "2018", "timeperiod": "3", "export": "-", "import_origin": "908.7", "import_consigment": "113.5"}, {"country": "Mexico", "year": "2018", "timeperiod": "4", "export": "6.1", "import_origin": "813.6", "import_consigment": "188.9"}, {"country": "Mexico", "year": "2018", "timeperiod": "5", "export": "-", "import_origin": "1021.2", "import_consigment": "11.2"}, {"country": "Mexico", "year": "2018", "timeperiod": "6", "export": "-", "import_origin": "1146.6", "import_consigment": "78.4"}, {"country": "Mexico", "year": "2018", "timeperiod": "7", "export": "-", "import_origin": "1156.1", "import_consigment": "495.3"}]}