{"data": [{"country": "Bahrain", "year": "2019", "timeperiod": "4", "export": "-", "import_origin": "0.1", "import_consigment": "-"}, {"country": "Bahrain", "year": "2019", "timeperiod": "5", "export": "-", "import_origin": "0.4", "import_consigment": "0.8"}, {"country": "Bahrain", "year": "2019", "timeperiod": "6", "export": "-", "import_origin": "0.7", "import_consigment": "0.1"}, {"country": "Bahrain", "year": "2019", "timeperiod": "7", "export": "-", "import_origin": "0.1", "import_consigment": "3.2"}, {"country": "Bahrain", "year": "2019", "timeperiod": "8", "export": "-", "import_origin": "1.3", "import_consigment": "2.3"}, {"country": "Bahrain", "year": "2019", "timeperiod": "9", "export": "0.2", "import_origin": "0.6", "import_consigment": "0.7"}, {"country": "Bahrain", "year": "2019", "timeperiod": "10", "export": "3.0", "import_origin": "0.2", "import_consigment": "0.7"}, {"country": "Bahrain", "year": "2019", "timeperiod": "11", "export": "72.9", "import_origin": "-", "import_consigment": "0.7"}, {"country": "Bahrain", "year": "2019", "timeperiod": "12", "export": "-", "import_origin": "18.9", "import_consigment": "19.4"}, {"country": "Bahrain", "year": "2019", "timeperiod": "Year", "export": "76.1", "import_origin": "22.5", "import_consigment": "27.8"}, {"country": "Bahrain", "year": "2018", "timeperiod": "1", "export": "-", "import_origin": "-", "import_consigment": "-"}, {"country": "Bahrain", "year": "2018", "timeperiod": "2", "export": "-", "import_origin": "3.2", "import_consigment": "3.2"}, {"country": "Bahrain", "year": "2018", "timeperiod": "3", "export": "0.1", "import_origin": "59.3", "import_consigment": "59.3"}, {"country": "Bahrain", "year": "2018", "timeperiod": "5", "export": "12.8", "import_origin": "-", "import_consigment": "-"}, {"country": "Bahrain", "year": "2018", "timeperiod": "6", "export": "-", "import_origin": "0.4", "import_consigment": "0.9"}, {"country": "Bahrain", "year": "2018", "timeperiod": "7", "export": "0.3", "import_origin": "0.1", "import_consigment": "-"}, {"country": "Bahrain", "year": "2018", "timeperiod": "9", "export": "-", "import_origin": "0.3", "import_consigment": "-"}, {"country": "Bahrain", "year": "2018", "timeperiod": "10", "export": "78.5", "import_origin": "0.2", "import_consigment": "0.1"}, {"country": "Bahrain", "year": "2018", "timeperiod": "12", "export": "0.2", "import_origin": "12.8", "import_consigment": "-"}, {"country": "Bahrain", "year": "2018", "timeperiod": "Year", "export": "92.0", "import_origin": "76.3", "import_consigment": "63.5"}, {"country": "Bahrain", "year": "2017", "timeperiod": "3", "export": "-", "import_origin": "13.5", "import_consigment": "-"}, {"country": "Bahrain", "year": "2017", "timeperiod": "4", "export": "0.6", "import_origin": "-", "import_consigment": "-"}, {"country": "Bahrain", "year": "2017", "timeperiod": "10", "export": "1.0", "import_origin": "-", "import_consigment": "-"}, {"country": "Bahrain", "year": "2017", "timeperiod": "11", "export": "-", "import_origin": "0.3", "import_consigment": "-"}, {"country": "Bahrain", "year": "2017", "timeperiod": "12", "export": "-", "import_origin": "14.3", "import_consigment": "-"}]}