{"data": [{"country": "North Macedonia", "year": "2022", "timeperiod": "1", "export": "-", "import_origin": "61.1", "import_consigment": "50.2"}, {"country": "North Macedonia", "year": "2022", "timeperiod": "2", "export": "-", "import_origin": "117.0", "import_consigment": "83.6"}, {"country": "North Macedonia", "year": "2022", "timeperiod": "3", "export": "-", "import_origin": "116.6", "import_consigment": "89.4"}, {"country": "North Macedonia", "year": "2022", "timeperiod": "4", "export": "44.7", "import_origin": "60.6", "import_consigment": "31.4"}, {"country": "North Macedonia", "year": "2022", "timeperiod": "5", "export": "-", "import_origin": "125.4", "import_consigment": "114.7"}, {"country": "North Macedonia", "year": "2022", "timeperiod": "6", "export": "-", "import_origin": "102.6", "import_consigment": "10.2"}, {"country": "North Macedonia", "year": "2022", "timeperiod": "7", "export": "-", "import_origin": "119.3", "import_consigment": "117.7"}, {"country": "North Macedonia", "year": "2022", "timeperiod": "8", "export": "-", "import_origin": "243.5", "import_consigment": "125.4"}, {"country": "North Macedonia", "year": "2022", "timeperiod": "9", "export": "3.7", "import_origin": "302.2", "import_consigment": "431.6"}, {"country": "North Macedonia", "year": "2022", "timeperiod": "10", "export": "-", "import_origin": "138.7", "import_consigment": "147.6"}, {"country": "North Macedonia", "year": "2022", "timeperiod": "11", "export": "-", "import_origin": "337.4", "import_consigment": "308.5"}, {"country": "North Macedonia", "year": "2022", "timeperiod": "12", "export": "-", "import_origin": "39.5", "import_consigment": "29.2"}, {"country": "North Macedonia", "year": "2022", "timeperiod": "Year", "export": "48.4", "import_origin": "1763.7", "import_consigment": "1539.3"}, {"country": "North Macedonia", "year": "2021", "timeperiod": "1", "export": "-", "import_origin": "110.6", "import_consigment": "16.8"}, {"country": "North Macedonia", "year": "2021", "timeperiod": "2", "export": "-", "import_origin": "40.4", "import_consigment": "34.7"}, {"country": "North Macedonia", "year": "2021", "timeperiod": "3", "export": "-", "import_origin": "152.3", "import_consigment": "52.9"}, {"country": "North Macedonia", "year": "2021", "timeperiod": "4", "export": "-", "import_origin": "186.2", "import_consigment": "77.4"}, {"country": "North Macedonia", "year": "2021", "timeperiod": "5", "export": "-", "import_origin": "168.7", "import_consigment": "57.2"}, {"country": "North Macedonia", "year": "2021", "timeperiod": "6", "export": "-", "import_origin": "34.8", "import_consigment": "41.0"}, {"country": "North Macedonia", "year": "2021", "timeperiod": "7", "export": "-", "import_origin": "99.1", "import_consigment": "84.4"}, {"country": "North Macedonia", "year": "2021", "timeperiod": "8", "export": "-", "import_origin": "111.3", "import_consigment": "84.4"}, {"country": "North Macedonia", "year": "2021", "timeperiod": "9", "export": "-", "import_origin": "31.5", "import_consigment": "-"}, {"country": "North Macedonia", "year": "2021", "timeperiod": "10", "export": "-", "import_origin": "157.3", "import_consigment": "104.0"}, {"country": "North Macedonia", "year": "2021", "timeperiod": "11", "export": "-", "import_origin": "49.6", "import_consigment": "38.5"}, {"country": "North Macedonia", "year": "2021", "timeperiod": "12", "export": "-", "import_origin": "271.0", "import_consigment": "163.1"}]}