{"data": [{"country": "India", "year": "2022", "timeperiod": "4", "export": "33.0", "import_origin": "6678.9", "import_consigment": "3743.6"}, {"country": "India", "year": "2022", "timeperiod": "5", "export": "6626.6", "import_origin": "27107.1", "import_consigment": "3426.6"}, {"country": "India", "year": "2022", "timeperiod": "6", "export": "29673.4", "import_origin": "12118.7", "import_consigment": "6517.1"}, {"country": "India", "year": "2022", "timeperiod": "7", "export": "10546.6", "import_origin": "9988.0", "import_consigment": "4468.5"}, {"country": "India", "year": "2022", "timeperiod": "8", "export": "7584.1", "import_origin": "34573.1", "import_consigment": "11599.2"}, {"country": "India", "year": "2022", "timeperiod": "9", "export": "529.7", "import_origin": "35706.8", "import_consigment": "9576.5"}, {"country": "India", "year": "2022", "timeperiod": "10", "export": "4646.1", "import_origin": "34270.6", "import_consigment": "7450.7"}, {"country": "India", "year": "2022", "timeperiod": "11", "export": "5874.7", "import_origin": "28028.8", "import_consigment": "8980.0"}, {"country": "India", "year": "2022", "timeperiod": "12", "export": "278.6", "import_origin": "42856.6", "import_consigment": "13471.3"}, {"country": "India", "year": "2022", "timeperiod": "Year", "export": "99421.6", "import_origin": "259173.0", "import_consigment": "80755.3"}, {"country": "India", "year": "2021", "timeperiod": "1", "export": "6772.8", "import_origin": "7348.0", "import_consigment": "2123.5"}, {"country": "India", "year": "2021", "timeperiod": "2", "export": "7887.9", "import_origin": "3432.9", "import_consigment": "2189.3"}, {"country": "India", "year": "2021", "timeperiod": "3", "export": "7100.6", "import_origin": "5198.9", "import_consigment": "3379.6"}, {"country": "India", "year": "2021", "timeperiod": "4", "export": "5399.9", "import_origin": "6544.6", "import_consigment": "2966.4"}, {"country": "India", "year": "2021", "timeperiod": "5", "export": "8090.0", "import_origin": "8355.8", "import_consigment": "5013.3"}, {"country": "India", "year": "2021", "timeperiod": "6", "export": "15142.7", "import_origin": "7048.9", "import_consigment": "4560.1"}, {"country": "India", "year": "2021", "timeperiod": "7", "export": "11817.3", "import_origin": "7529.2", "import_consigment": "5888.4"}, {"country": "India", "year": "2021", "timeperiod": "8", "export": "10221.0", "import_origin": "10289.5", "import_consigment": "6863.3"}, {"country": "India", "year": "2021", "timeperiod": "9", "export": "10340.5", "import_origin": "6108.3", "import_consigment": "4433.9"}, {"country": "India", "year": "2021", "timeperiod": "10", "export": "13761.2", "import_origin": "8850.3", "import_consigment": "6600.2"}, {"country": "India", "year": "2021", "timeperiod": "11", "export": "16093.1", "import_origin": "9442.5", "import_consigment": "6185.9"}, {"country": "India", "year": "2021", "timeperiod": "12", "export": "14070.3", "import_origin": "9284.9", "import_consigment": "4363.7"}, {"country": "India", "year": "2021", "timeperiod": "Year", "export": "126697.4", "import_origin": "89434.1", "import_consigment": "54567.7"}, {"country": "India", "year": "2020", "timeperiod": "1", "export": "9.5", "import_origin": "7125.9", "import_consigment": "3301.7"}, {"country": "India", "year": "2020", "timeperiod": "2", "export": "-", "import_origin": "6868.8", "import_consigment": "2718.4"}]}