{"data": [{"country": "Guatemala", "year": "2022", "timeperiod": "10", "export": "-", "import_origin": "14.7", "import_consigment": "-"}, {"country": "Guatemala", "year": "2022", "timeperiod": "11", "export": "-", "import_origin": "4.1", "import_consigment": "-"}, {"country": "Guatemala", "year": "2022", "timeperiod": "12", "export": "-", "import_origin": "18.2", "import_consigment": "-"}, {"country": "Guatemala", "year": "2022", "timeperiod": "Year", "export": "0.5", "import_origin": "174.7", "import_consigment": "-"}, {"country": "Guatemala", "year": "2021", "timeperiod": "1", "export": "-", "import_origin": "2.2", "import_consigment": "-"}, {"country": "Guatemala", "year": "2021", "timeperiod": "2", "export": "-", "import_origin": "2.8", "import_consigment": "-"}, {"country": "Guatemala", "year": "2021", "timeperiod": "3", "export": "-", "import_origin": "11.7", "import_consigment": "-"}, {"country": "Guatemala", "year": "2021", "timeperiod": "4", "export": "-", "import_origin": "1.4", "import_consigment": "-"}, {"country": "Guatemala", "year": "2021", "timeperiod": "5", "export": "-", "import_origin": "1.0", "import_consigment": "-"}, {"country": "Guatemala", "year": "2021", "timeperiod": "6", "export": "-", "import_origin": "2.9", "import_consigment": "-"}, {"country": "Guatemala", "year": "2021", "timeperiod": "7", "export": "-", "import_origin": "4.7", "import_consigment": "-"}, {"country": "Guatemala", "year": "2021", "timeperiod": "8", "export": "-", "import_origin": "4.2", "import_consigment": "-"}, {"country": "Guatemala", "year": "2021", "timeperiod": "9", "export": "-", "import_origin": "86.8", "import_consigment": "85.1"}, {"country": "Guatemala", "year": "2021", "timeperiod": "10", "export": "-", "import_origin": "30.3", "import_consigment": "-"}, {"country": "Guatemala", "year": "2021", "timeperiod": "11", "export": "-", "import_origin": "11.0", "import_consigment": "-"}, {"country": "Guatemala", "year": "2021", "timeperiod": "12", "export": "-", "import_origin": "2.3", "import_consigment": "-"}, {"country": "Guatemala", "year": "2021", "timeperiod": "Year", "export": "-", "import_origin": "161.3", "import_consigment": "85.1"}, {"country": "Guatemala", "year": "2020", "timeperiod": "1", "export": "-", "import_origin": "16.0", "import_consigment": "-"}, {"country": "Guatemala", "year": "2020", "timeperiod": "2", "export": "-", "import_origin": "3.1", "import_consigment": "-"}, {"country": "Guatemala", "year": "2020", "timeperiod": "3", "export": "-", "import_origin": "2.6", "import_consigment": "-"}, {"country": "Guatemala", "year": "2020", "timeperiod": "5", "export": "-", "import_origin": "5.2", "import_consigment": "-"}, {"country": "Guatemala", "year": "2020", "timeperiod": "6", "export": "-", "import_origin": "10.2", "import_consigment": "-"}, {"country": "Guatemala", "year": "2020", "timeperiod": "7", "export": "-", "import_origin": "21.7", "import_consigment": "-"}, {"country": "Guatemala", "year": "2020", "timeperiod": "8", "export": "-", "import_origin": "0.7", "import_consigment": "-"}, {"country": "Guatemala", "year": "2020", "timeperiod": "9", "export": "-", "import_origin": "0.1", "import_consigment": "-"}]}