{"data": [{"country": "Saudi Arabia", "year": "2021", "timeperiod": "6", "export": "61.2", "import_origin": "19.8", "import_consigment": "0.3"}, {"country": "Saudi Arabia", "year": "2021", "timeperiod": "7", "export": "167.4", "import_origin": "390.7", "import_consigment": "372.4"}, {"country": "Saudi Arabia", "year": "2021", "timeperiod": "8", "export": "232.0", "import_origin": "-", "import_consigment": "5.4"}, {"country": "Saudi Arabia", "year": "2021", "timeperiod": "9", "export": "19.9", "import_origin": "25.9", "import_consigment": "-"}, {"country": "Saudi Arabia", "year": "2021", "timeperiod": "10", "export": "514.4", "import_origin": "151.7", "import_consigment": "135.8"}, {"country": "Saudi Arabia", "year": "2021", "timeperiod": "11", "export": "110.4", "import_origin": "201.7", "import_consigment": "179.1"}, {"country": "Saudi Arabia", "year": "2021", "timeperiod": "12", "export": "72.8", "import_origin": "122.3", "import_consigment": "99.4"}, {"country": "Saudi Arabia", "year": "2021", "timeperiod": "Year", "export": "1845.9", "import_origin": "1445.0", "import_consigment": "1228.9"}, {"country": "Saudi Arabia", "year": "2020", "timeperiod": "1", "export": "7.5", "import_origin": "134.2", "import_consigment": "0.3"}, {"country": "Saudi Arabia", "year": "2020", "timeperiod": "2", "export": "49.3", "import_origin": "376.6", "import_consigment": "335.1"}, {"country": "Saudi Arabia", "year": "2020", "timeperiod": "3", "export": "25.3", "import_origin": "109.2", "import_consigment": "67.6"}, {"country": "Saudi Arabia", "year": "2020", "timeperiod": "4", "export": "83.6", "import_origin": "175.7", "import_consigment": "12.4"}, {"country": "Saudi Arabia", "year": "2020", "timeperiod": "5", "export": "99.4", "import_origin": "40.1", "import_consigment": "14.6"}, {"country": "Saudi Arabia", "year": "2020", "timeperiod": "6", "export": "135.3", "import_origin": "149.6", "import_consigment": "158.2"}, {"country": "Saudi Arabia", "year": "2020", "timeperiod": "7", "export": "50.9", "import_origin": "134.2", "import_consigment": "131.6"}, {"country": "Saudi Arabia", "year": "2020", "timeperiod": "8", "export": "18.3", "import_origin": "78.3", "import_consigment": "0.1"}, {"country": "Saudi Arabia", "year": "2020", "timeperiod": "9", "export": "153.6", "import_origin": "164.2", "import_consigment": "42.8"}, {"country": "Saudi Arabia", "year": "2020", "timeperiod": "10", "export": "81.1", "import_origin": "34.8", "import_consigment": "0.6"}, {"country": "Saudi Arabia", "year": "2020", "timeperiod": "11", "export": "80.7", "import_origin": "11.8", "import_consigment": "0.3"}, {"country": "Saudi Arabia", "year": "2020", "timeperiod": "12", "export": "99.5", "import_origin": "286.7", "import_consigment": "270.3"}, {"country": "Saudi Arabia", "year": "2020", "timeperiod": "Year", "export": "884.5", "import_origin": "1695.5", "import_consigment": "1033.9"}, {"country": "Saudi Arabia", "year": "2019", "timeperiod": "1", "export": "-", "import_origin": "83.1", "import_consigment": "71.8"}, {"country": "Saudi Arabia", "year": "2019", "timeperiod": "2", "export": "113.7", "import_origin": "380.1", "import_consigment": "210.7"}, {"country": "Saudi Arabia", "year": "2019", "timeperiod": "3", "export": "306.7", "import_origin": "200.6", "import_consigment": "-"}, {"country": "Saudi Arabia", "year": "2019", "timeperiod": "4", "export": "136.1", "import_origin": "507.6", "import_consigment": "256.4"}]}