{"data": [{"country": "Jordan", "year": "2019", "timeperiod": "2", "export": "-", "import_origin": "0.6", "import_consigment": "0.1"}, {"country": "Jordan", "year": "2019", "timeperiod": "3", "export": "-", "import_origin": "51.8", "import_consigment": "49.7"}, {"country": "Jordan", "year": "2019", "timeperiod": "4", "export": "-", "import_origin": "1.7", "import_consigment": "-"}, {"country": "Jordan", "year": "2019", "timeperiod": "5", "export": "-", "import_origin": "-", "import_consigment": "0.5"}, {"country": "Jordan", "year": "2019", "timeperiod": "6", "export": "0.4", "import_origin": "0.4", "import_consigment": "-"}, {"country": "Jordan", "year": "2019", "timeperiod": "7", "export": "-", "import_origin": "0.8", "import_consigment": "-"}, {"country": "Jordan", "year": "2019", "timeperiod": "8", "export": "-", "import_origin": "2.0", "import_consigment": "-"}, {"country": "Jordan", "year": "2019", "timeperiod": "9", "export": "-", "import_origin": "2.9", "import_consigment": "0.8"}, {"country": "Jordan", "year": "2019", "timeperiod": "10", "export": "1.0", "import_origin": "2.0", "import_consigment": "0.9"}, {"country": "Jordan", "year": "2019", "timeperiod": "11", "export": "453.2", "import_origin": "3.7", "import_consigment": "0.8"}, {"country": "Jordan", "year": "2019", "timeperiod": "12", "export": "307.3", "import_origin": "10.6", "import_consigment": "10.5"}, {"country": "Jordan", "year": "2019", "timeperiod": "Year", "export": "762.0", "import_origin": "76.5", "import_consigment": "63.3"}, {"country": "Jordan", "year": "2018", "timeperiod": "2", "export": "-", "import_origin": "0.1", "import_consigment": "-"}, {"country": "Jordan", "year": "2018", "timeperiod": "3", "export": "-", "import_origin": "51.0", "import_consigment": "41.8"}, {"country": "Jordan", "year": "2018", "timeperiod": "4", "export": "-", "import_origin": "0.7", "import_consigment": "-"}, {"country": "Jordan", "year": "2018", "timeperiod": "5", "export": "-", "import_origin": "25.3", "import_consigment": "26.5"}, {"country": "Jordan", "year": "2018", "timeperiod": "6", "export": "-", "import_origin": "4.7", "import_consigment": "3.9"}, {"country": "Jordan", "year": "2018", "timeperiod": "7", "export": "-", "import_origin": "67.7", "import_consigment": "64.6"}, {"country": "Jordan", "year": "2018", "timeperiod": "8", "export": "-", "import_origin": "1.7", "import_consigment": "-"}, {"country": "Jordan", "year": "2018", "timeperiod": "9", "export": "-", "import_origin": "2.5", "import_consigment": "6.0"}, {"country": "Jordan", "year": "2018", "timeperiod": "10", "export": "-", "import_origin": "0.8", "import_consigment": "590.9"}, {"country": "Jordan", "year": "2018", "timeperiod": "11", "export": "11.8", "import_origin": "0.8", "import_consigment": "-"}, {"country": "Jordan", "year": "2018", "timeperiod": "12", "export": "7.8", "import_origin": "13.8", "import_consigment": "13.3"}, {"country": "Jordan", "year": "2018", "timeperiod": "Year", "export": "19.7", "import_origin": "169.2", "import_consigment": "746.9"}, {"country": "Jordan", "year": "2017", "timeperiod": "2", "export": "0.1", "import_origin": "35.1", "import_consigment": "34.6"}]}