{"data": [{"country": "Panama", "year": "2017", "timeperiod": "4", "export": "-", "import_origin": "0.2", "import_consigment": "-"}, {"country": "Panama", "year": "2017", "timeperiod": "5", "export": "-", "import_origin": "0.3", "import_consigment": "-"}, {"country": "Panama", "year": "2017", "timeperiod": "6", "export": "-", "import_origin": "-", "import_consigment": "8.1"}, {"country": "Panama", "year": "2017", "timeperiod": "8", "export": "-", "import_origin": "3.5", "import_consigment": "21.9"}, {"country": "Panama", "year": "2017", "timeperiod": "9", "export": "-", "import_origin": "-", "import_consigment": "-"}, {"country": "Panama", "year": "2017", "timeperiod": "10", "export": "-", "import_origin": "-", "import_consigment": "15.8"}, {"country": "Panama", "year": "2017", "timeperiod": "11", "export": "-", "import_origin": "7.4", "import_consigment": "-"}, {"country": "Panama", "year": "2017", "timeperiod": "12", "export": "-", "import_origin": "4.3", "import_consigment": "-"}, {"country": "Panama", "year": "2017", "timeperiod": "Year", "export": "-", "import_origin": "17.9", "import_consigment": "45.8"}, {"country": "Papua New Guinea", "year": "2022", "timeperiod": "4", "export": "-", "import_origin": "16.9", "import_consigment": "-"}, {"country": "Papua New Guinea", "year": "2022", "timeperiod": "6", "export": "-", "import_origin": "21.3", "import_consigment": "-"}, {"country": "Papua New Guinea", "year": "2022", "timeperiod": "8", "export": "-", "import_origin": "0.2", "import_consigment": "-"}, {"country": "Papua New Guinea", "year": "2022", "timeperiod": "9", "export": "-", "import_origin": "5.2", "import_consigment": "-"}, {"country": "Papua New Guinea", "year": "2022", "timeperiod": "11", "export": "-", "import_origin": "0.2", "import_consigment": "-"}, {"country": "Papua New Guinea", "year": "2022", "timeperiod": "Year", "export": "-", "import_origin": "43.8", "import_consigment": "-"}, {"country": "Papua New Guinea", "year": "2021", "timeperiod": "2", "export": "-", "import_origin": "33.7", "import_consigment": "-"}, {"country": "Papua New Guinea", "year": "2021", "timeperiod": "10", "export": "-", "import_origin": "1.8", "import_consigment": "-"}, {"country": "Papua New Guinea", "year": "2021", "timeperiod": "Year", "export": "-", "import_origin": "35.5", "import_consigment": "-"}, {"country": "Papua New Guinea", "year": "2020", "timeperiod": "4", "export": "-", "import_origin": "47.8", "import_consigment": "-"}, {"country": "Papua New Guinea", "year": "2020", "timeperiod": "Year", "export": "-", "import_origin": "47.8", "import_consigment": "-"}, {"country": "Papua New Guinea", "year": "2019", "timeperiod": "1", "export": "-", "import_origin": "46.5", "import_consigment": "-"}, {"country": "Papua New Guinea", "year": "2019", "timeperiod": "9", "export": "-", "import_origin": "39.5", "import_consigment": "39.5"}, {"country": "Papua New Guinea", "year": "2019", "timeperiod": "Year", "export": "-", "import_origin": "86.0", "import_consigment": "39.5"}, {"country": "Papua New Guinea", "year": "2017", "timeperiod": "9", "export": "-", "import_origin": "54.9", "import_consigment": "-"}, {"country": "Papua New Guinea", "year": "2017", "timeperiod": "Year", "export": "-", "import_origin": "54.9", "import_consigment": "-"}]}