{"data": [{"country": "Egypt", "year": "2021", "timeperiod": "8", "export": "-", "import_origin": "439.1", "import_consigment": "329.0"}, {"country": "Egypt", "year": "2021", "timeperiod": "9", "export": "-", "import_origin": "485.6", "import_consigment": "285.5"}, {"country": "Egypt", "year": "2021", "timeperiod": "10", "export": "-", "import_origin": "955.6", "import_consigment": "244.6"}, {"country": "Egypt", "year": "2021", "timeperiod": "11", "export": "-", "import_origin": "2020.3", "import_consigment": "930.6"}, {"country": "Egypt", "year": "2021", "timeperiod": "12", "export": "-", "import_origin": "5101.7", "import_consigment": "2223.9"}, {"country": "Egypt", "year": "2021", "timeperiod": "Year", "export": "20.5", "import_origin": "14123.0", "import_consigment": "6757.5"}, {"country": "Egypt", "year": "2020", "timeperiod": "1", "export": "-", "import_origin": "125.6", "import_consigment": "77.9"}, {"country": "Egypt", "year": "2020", "timeperiod": "2", "export": "-", "import_origin": "227.8", "import_consigment": "141.1"}, {"country": "Egypt", "year": "2020", "timeperiod": "3", "export": "-", "import_origin": "517.1", "import_consigment": "428.7"}, {"country": "Egypt", "year": "2020", "timeperiod": "4", "export": "-", "import_origin": "581.3", "import_consigment": "290.2"}, {"country": "Egypt", "year": "2020", "timeperiod": "5", "export": "-", "import_origin": "365.6", "import_consigment": "315.7"}, {"country": "Egypt", "year": "2020", "timeperiod": "6", "export": "4.9", "import_origin": "806.6", "import_consigment": "693.7"}, {"country": "Egypt", "year": "2020", "timeperiod": "7", "export": "-", "import_origin": "167.4", "import_consigment": "112.2"}, {"country": "Egypt", "year": "2020", "timeperiod": "8", "export": "-", "import_origin": "212.5", "import_consigment": "104.4"}, {"country": "Egypt", "year": "2020", "timeperiod": "9", "export": "-", "import_origin": "474.7", "import_consigment": "308.4"}, {"country": "Egypt", "year": "2020", "timeperiod": "10", "export": "6.0", "import_origin": "234.6", "import_consigment": "124.6"}, {"country": "Egypt", "year": "2020", "timeperiod": "11", "export": "0.4", "import_origin": "95.5", "import_consigment": "67.9"}, {"country": "Egypt", "year": "2020", "timeperiod": "12", "export": "-", "import_origin": "332.6", "import_consigment": "297.2"}, {"country": "Egypt", "year": "2020", "timeperiod": "Year", "export": "11.3", "import_origin": "4141.2", "import_consigment": "2962.0"}, {"country": "Egypt", "year": "2019", "timeperiod": "1", "export": "-", "import_origin": "210.3", "import_consigment": "162.4"}, {"country": "Egypt", "year": "2019", "timeperiod": "2", "export": "-", "import_origin": "198.5", "import_consigment": "71.6"}, {"country": "Egypt", "year": "2019", "timeperiod": "3", "export": "-", "import_origin": "660.0", "import_consigment": "369.9"}, {"country": "Egypt", "year": "2019", "timeperiod": "4", "export": "1.2", "import_origin": "1511.6", "import_consigment": "841.4"}, {"country": "Egypt", "year": "2019", "timeperiod": "5", "export": "1.0", "import_origin": "555.6", "import_consigment": "298.4"}, {"country": "Egypt", "year": "2019", "timeperiod": "6", "export": "-", "import_origin": "186.2", "import_consigment": "118.1"}]}