{"data": [{"country": "Sri Lanka", "year": "2020", "timeperiod": "9", "export": "-", "import_origin": "188.4", "import_consigment": "102.8"}, {"country": "Sri Lanka", "year": "2020", "timeperiod": "10", "export": "-", "import_origin": "164.6", "import_consigment": "119.5"}, {"country": "Sri Lanka", "year": "2020", "timeperiod": "11", "export": "-", "import_origin": "197.1", "import_consigment": "76.4"}, {"country": "Sri Lanka", "year": "2020", "timeperiod": "12", "export": "-", "import_origin": "103.3", "import_consigment": "47.0"}, {"country": "Sri Lanka", "year": "2020", "timeperiod": "Year", "export": "-", "import_origin": "2421.6", "import_consigment": "1398.0"}, {"country": "Sri Lanka", "year": "2019", "timeperiod": "1", "export": "-", "import_origin": "234.8", "import_consigment": "188.2"}, {"country": "Sri Lanka", "year": "2019", "timeperiod": "2", "export": "-", "import_origin": "97.7", "import_consigment": "5.5"}, {"country": "Sri Lanka", "year": "2019", "timeperiod": "3", "export": "-", "import_origin": "217.3", "import_consigment": "83.3"}, {"country": "Sri Lanka", "year": "2019", "timeperiod": "4", "export": "-", "import_origin": "215.0", "import_consigment": "53.8"}, {"country": "Sri Lanka", "year": "2019", "timeperiod": "5", "export": "-", "import_origin": "78.4", "import_consigment": "25.2"}, {"country": "Sri Lanka", "year": "2019", "timeperiod": "6", "export": "-", "import_origin": "62.0", "import_consigment": "22.1"}, {"country": "Sri Lanka", "year": "2019", "timeperiod": "7", "export": "-", "import_origin": "85.7", "import_consigment": "54.9"}, {"country": "Sri Lanka", "year": "2019", "timeperiod": "8", "export": "-", "import_origin": "306.7", "import_consigment": "178.0"}, {"country": "Sri Lanka", "year": "2019", "timeperiod": "9", "export": "-", "import_origin": "121.9", "import_consigment": "37.1"}, {"country": "Sri Lanka", "year": "2019", "timeperiod": "10", "export": "-", "import_origin": "198.9", "import_consigment": "92.5"}, {"country": "Sri Lanka", "year": "2019", "timeperiod": "11", "export": "-", "import_origin": "109.6", "import_consigment": "6.3"}, {"country": "Sri Lanka", "year": "2019", "timeperiod": "12", "export": "-", "import_origin": "340.3", "import_consigment": "268.3"}, {"country": "Sri Lanka", "year": "2019", "timeperiod": "Year", "export": "-", "import_origin": "2068.4", "import_consigment": "1015.3"}, {"country": "Sri Lanka", "year": "2018", "timeperiod": "1", "export": "-", "import_origin": "275.7", "import_consigment": "224.0"}, {"country": "Sri Lanka", "year": "2018", "timeperiod": "2", "export": "-", "import_origin": "184.2", "import_consigment": "43.4"}, {"country": "Sri Lanka", "year": "2018", "timeperiod": "3", "export": "-", "import_origin": "103.0", "import_consigment": "13.3"}, {"country": "Sri Lanka", "year": "2018", "timeperiod": "4", "export": "-", "import_origin": "296.9", "import_consigment": "66.8"}, {"country": "Sri Lanka", "year": "2018", "timeperiod": "5", "export": "-", "import_origin": "170.7", "import_consigment": "48.5"}, {"country": "Sri Lanka", "year": "2018", "timeperiod": "6", "export": "-", "import_origin": "86.0", "import_consigment": "26.7"}, {"country": "Sri Lanka", "year": "2018", "timeperiod": "7", "export": "-", "import_origin": "158.1", "import_consigment": "87.2"}]}