{"data": [{"country": "Romania", "year": "2017", "timeperiod": "1", "export": "-", "import_origin": "421.3", "import_consigment": "121.2"}, {"country": "Romania", "year": "2017", "timeperiod": "2", "export": "-", "import_origin": "522.6", "import_consigment": "301.4"}, {"country": "Romania", "year": "2017", "timeperiod": "3", "export": "-", "import_origin": "503.6", "import_consigment": "278.3"}, {"country": "Romania", "year": "2017", "timeperiod": "4", "export": "-", "import_origin": "461.8", "import_consigment": "32.5"}, {"country": "Romania", "year": "2017", "timeperiod": "5", "export": "3488.8", "import_origin": "540.1", "import_consigment": "150.2"}, {"country": "Romania", "year": "2017", "timeperiod": "6", "export": "4.4", "import_origin": "694.0", "import_consigment": "317.5"}, {"country": "Romania", "year": "2017", "timeperiod": "7", "export": "-", "import_origin": "991.3", "import_consigment": "260.9"}, {"country": "Romania", "year": "2017", "timeperiod": "8", "export": "-", "import_origin": "825.5", "import_consigment": "147.5"}, {"country": "Romania", "year": "2017", "timeperiod": "9", "export": "48.0", "import_origin": "948.6", "import_consigment": "180.2"}, {"country": "Romania", "year": "2017", "timeperiod": "10", "export": "-", "import_origin": "900.5", "import_consigment": "541.8"}, {"country": "Romania", "year": "2017", "timeperiod": "11", "export": "-", "import_origin": "697.1", "import_consigment": "170.9"}, {"country": "Romania", "year": "2017", "timeperiod": "12", "export": "1.6", "import_origin": "1440.4", "import_consigment": "970.8"}, {"country": "Romania", "year": "2017", "timeperiod": "Year", "export": "3542.9", "import_origin": "8946.8", "import_consigment": "3473.3"}, {"country": "Russian Federation", "year": "2023", "timeperiod": "1", "export": "354925.1", "import_origin": "188344.6", "import_consigment": "187162.1"}, {"country": "Russian Federation", "year": "2023", "timeperiod": "Year", "export": "354925.1", "import_origin": "188344.6", "import_consigment": "187162.1"}, {"country": "Russian Federation", "year": "2022", "timeperiod": "1", "export": "68041.1", "import_origin": "158409.8", "import_consigment": "173132.0"}, {"country": "Russian Federation", "year": "2022", "timeperiod": "2", "export": "81208.5", "import_origin": "168985.5", "import_consigment": "178329.5"}, {"country": "Russian Federation", "year": "2022", "timeperiod": "3", "export": "37673.3", "import_origin": "120364.9", "import_consigment": "123771.0"}, {"country": "Russian Federation", "year": "2022", "timeperiod": "4", "export": "94772.0", "import_origin": "173979.3", "import_consigment": "190463.1"}, {"country": "Russian Federation", "year": "2022", "timeperiod": "5", "export": "107482.1", "import_origin": "224035.8", "import_consigment": "231306.3"}, {"country": "Russian Federation", "year": "2022", "timeperiod": "6", "export": "157927.5", "import_origin": "245879.4", "import_consigment": "251709.8"}, {"country": "Russian Federation", "year": "2022", "timeperiod": "7", "export": "221136.4", "import_origin": "251136.1", "import_consigment": "264279.1"}, {"country": "Russian Federation", "year": "2022", "timeperiod": "8", "export": "298850.0", "import_origin": "242045.0", "import_consigment": "266958.4"}, {"country": "Russian Federation", "year": "2022", "timeperiod": "9", "export": "349002.1", "import_origin": "221391.6", "import_consigment": "270581.5"}, {"country": "Russian Federation", "year": "2022", "timeperiod": "10", "export": "329605.9", "import_origin": "284053.5", "import_consigment": "340983.5"}]}