{"data": [{"country": "Argentina", "year": "2019", "timeperiod": "7", "export": "-", "import_origin": "1486.9", "import_consigment": "1356.8"}, {"country": "Argentina", "year": "2019", "timeperiod": "8", "export": "-", "import_origin": "607.2", "import_consigment": "602.0"}, {"country": "Argentina", "year": "2019", "timeperiod": "9", "export": "-", "import_origin": "3108.6", "import_consigment": "3094.6"}, {"country": "Argentina", "year": "2019", "timeperiod": "10", "export": "-", "import_origin": "907.9", "import_consigment": "882.6"}, {"country": "Argentina", "year": "2019", "timeperiod": "11", "export": "-", "import_origin": "1492.0", "import_consigment": "1256.9"}, {"country": "Argentina", "year": "2019", "timeperiod": "12", "export": "-", "import_origin": "1886.4", "import_consigment": "1649.5"}, {"country": "Argentina", "year": "2019", "timeperiod": "Year", "export": "-", "import_origin": "15010.5", "import_consigment": "14684.6"}, {"country": "Argentina", "year": "2018", "timeperiod": "1", "export": "-", "import_origin": "1602.8", "import_consigment": "1485.7"}, {"country": "Argentina", "year": "2018", "timeperiod": "2", "export": "-", "import_origin": "222.3", "import_consigment": "140.5"}, {"country": "Argentina", "year": "2018", "timeperiod": "3", "export": "-", "import_origin": "98.1", "import_consigment": "-"}, {"country": "Argentina", "year": "2018", "timeperiod": "4", "export": "0.1", "import_origin": "28.4", "import_consigment": "17.9"}, {"country": "Argentina", "year": "2018", "timeperiod": "5", "export": "-", "import_origin": "1146.8", "import_consigment": "1072.1"}, {"country": "Argentina", "year": "2018", "timeperiod": "6", "export": "-", "import_origin": "74.5", "import_consigment": "-"}, {"country": "Argentina", "year": "2018", "timeperiod": "7", "export": "-", "import_origin": "86.1", "import_consigment": "49.3"}, {"country": "Argentina", "year": "2018", "timeperiod": "8", "export": "-", "import_origin": "3151.1", "import_consigment": "3053.2"}, {"country": "Argentina", "year": "2018", "timeperiod": "9", "export": "-", "import_origin": "41.4", "import_consigment": "32.6"}, {"country": "Argentina", "year": "2018", "timeperiod": "10", "export": "-", "import_origin": "2683.3", "import_consigment": "2650.7"}, {"country": "Argentina", "year": "2018", "timeperiod": "11", "export": "-", "import_origin": "114.7", "import_consigment": "105.0"}, {"country": "Argentina", "year": "2018", "timeperiod": "12", "export": "-", "import_origin": "21.7", "import_consigment": "10.9"}, {"country": "Argentina", "year": "2018", "timeperiod": "Year", "export": "0.1", "import_origin": "9271.1", "import_consigment": "8617.8"}, {"country": "Argentina", "year": "2017", "timeperiod": "1", "export": "-", "import_origin": "874.6", "import_consigment": "872.7"}, {"country": "Argentina", "year": "2017", "timeperiod": "2", "export": "-", "import_origin": "28.1", "import_consigment": "0.5"}, {"country": "Argentina", "year": "2017", "timeperiod": "3", "export": "-", "import_origin": "1381.1", "import_consigment": "1353.8"}, {"country": "Argentina", "year": "2017", "timeperiod": "4", "export": "1.2", "import_origin": "25.1", "import_consigment": "17.0"}, {"country": "Argentina", "year": "2017", "timeperiod": "5", "export": "-", "import_origin": "1366.6", "import_consigment": "1362.0"}]}