{"data": [{"country": "Anguilla", "year": "2021", "timeperiod": "11", "export": "-", "import_origin": "5.1", "import_consigment": "-"}, {"country": "Anguilla", "year": "2021", "timeperiod": "12", "export": "-", "import_origin": "20.5", "import_consigment": "-"}, {"country": "Anguilla", "year": "2021", "timeperiod": "Year", "export": "-", "import_origin": "906.1", "import_consigment": "-"}, {"country": "Anguilla", "year": "2020", "timeperiod": "1", "export": "-", "import_origin": "5.6", "import_consigment": "-"}, {"country": "Anguilla", "year": "2020", "timeperiod": "2", "export": "-", "import_origin": "9.5", "import_consigment": "-"}, {"country": "Anguilla", "year": "2020", "timeperiod": "3", "export": "-", "import_origin": "12.8", "import_consigment": "-"}, {"country": "Anguilla", "year": "2020", "timeperiod": "4", "export": "-", "import_origin": "2.2", "import_consigment": "34.4"}, {"country": "Anguilla", "year": "2020", "timeperiod": "5", "export": "-", "import_origin": "5.8", "import_consigment": "0.5"}, {"country": "Anguilla", "year": "2020", "timeperiod": "6", "export": "-", "import_origin": "0.2", "import_consigment": "-"}, {"country": "Anguilla", "year": "2020", "timeperiod": "7", "export": "-", "import_origin": "18.0", "import_consigment": "-"}, {"country": "Anguilla", "year": "2020", "timeperiod": "8", "export": "-", "import_origin": "9.0", "import_consigment": "-"}, {"country": "Anguilla", "year": "2020", "timeperiod": "9", "export": "-", "import_origin": "6.3", "import_consigment": "-"}, {"country": "Anguilla", "year": "2020", "timeperiod": "10", "export": "-", "import_origin": "24.5", "import_consigment": "-"}, {"country": "Anguilla", "year": "2020", "timeperiod": "11", "export": "-", "import_origin": "7.3", "import_consigment": "-"}, {"country": "Anguilla", "year": "2020", "timeperiod": "12", "export": "-", "import_origin": "10.5", "import_consigment": "-"}, {"country": "Anguilla", "year": "2020", "timeperiod": "Year", "export": "-", "import_origin": "111.7", "import_consigment": "34.9"}, {"country": "Anguilla", "year": "2019", "timeperiod": "1", "export": "-", "import_origin": "1.0", "import_consigment": "5.7"}, {"country": "Anguilla", "year": "2019", "timeperiod": "2", "export": "-", "import_origin": "19.7", "import_consigment": "-"}, {"country": "Anguilla", "year": "2019", "timeperiod": "3", "export": "-", "import_origin": "87.8", "import_consigment": "-"}, {"country": "Anguilla", "year": "2019", "timeperiod": "4", "export": "-", "import_origin": "13.0", "import_consigment": "-"}, {"country": "Anguilla", "year": "2019", "timeperiod": "5", "export": "-", "import_origin": "29.4", "import_consigment": "-"}, {"country": "Anguilla", "year": "2019", "timeperiod": "6", "export": "-", "import_origin": "20.1", "import_consigment": "-"}, {"country": "Anguilla", "year": "2019", "timeperiod": "7", "export": "-", "import_origin": "12.1", "import_consigment": "-"}, {"country": "Anguilla", "year": "2019", "timeperiod": "8", "export": "-", "import_origin": "12.9", "import_consigment": "-"}, {"country": "Anguilla", "year": "2019", "timeperiod": "9", "export": "-", "import_origin": "58.7", "import_consigment": "-"}]}