{"data": [{"country": "Moldova, Republic of", "year": "2022", "timeperiod": "5", "export": "253.5", "import_origin": "625.9", "import_consigment": "603.6"}, {"country": "Moldova, Republic of", "year": "2022", "timeperiod": "6", "export": "407.8", "import_origin": "340.7", "import_consigment": "420.6"}, {"country": "Moldova, Republic of", "year": "2022", "timeperiod": "7", "export": "422.2", "import_origin": "737.4", "import_consigment": "738.6"}, {"country": "Moldova, Republic of", "year": "2022", "timeperiod": "8", "export": "804.0", "import_origin": "354.6", "import_consigment": "476.4"}, {"country": "Moldova, Republic of", "year": "2022", "timeperiod": "9", "export": "1156.1", "import_origin": "278.5", "import_consigment": "972.3"}, {"country": "Moldova, Republic of", "year": "2022", "timeperiod": "10", "export": "19.2", "import_origin": "147.0", "import_consigment": "146.0"}, {"country": "Moldova, Republic of", "year": "2022", "timeperiod": "11", "export": "429.1", "import_origin": "196.0", "import_consigment": "195.3"}, {"country": "Moldova, Republic of", "year": "2022", "timeperiod": "12", "export": "151.8", "import_origin": "400.0", "import_consigment": "418.7"}, {"country": "Moldova, Republic of", "year": "2022", "timeperiod": "Year", "export": "4334.5", "import_origin": "3458.0", "import_consigment": "4317.8"}, {"country": "Moldova, Republic of", "year": "2021", "timeperiod": "1", "export": "115.4", "import_origin": "2.0", "import_consigment": "-"}, {"country": "Moldova, Republic of", "year": "2021", "timeperiod": "2", "export": "244.4", "import_origin": "72.8", "import_consigment": "74.8"}, {"country": "Moldova, Republic of", "year": "2021", "timeperiod": "3", "export": "420.0", "import_origin": "89.3", "import_consigment": "51.1"}, {"country": "Moldova, Republic of", "year": "2021", "timeperiod": "4", "export": "155.6", "import_origin": "41.1", "import_consigment": "50.5"}, {"country": "Moldova, Republic of", "year": "2021", "timeperiod": "5", "export": "192.1", "import_origin": "141.2", "import_consigment": "241.2"}, {"country": "Moldova, Republic of", "year": "2021", "timeperiod": "6", "export": "266.4", "import_origin": "11.9", "import_consigment": "8.0"}, {"country": "Moldova, Republic of", "year": "2021", "timeperiod": "7", "export": "178.1", "import_origin": "97.9", "import_consigment": "76.5"}, {"country": "Moldova, Republic of", "year": "2021", "timeperiod": "8", "export": "182.6", "import_origin": "119.0", "import_consigment": "90.0"}, {"country": "Moldova, Republic of", "year": "2021", "timeperiod": "9", "export": "426.9", "import_origin": "174.2", "import_consigment": "156.6"}, {"country": "Moldova, Republic of", "year": "2021", "timeperiod": "10", "export": "256.7", "import_origin": "56.8", "import_consigment": "45.3"}, {"country": "Moldova, Republic of", "year": "2021", "timeperiod": "11", "export": "322.7", "import_origin": "264.3", "import_consigment": "247.0"}, {"country": "Moldova, Republic of", "year": "2021", "timeperiod": "12", "export": "487.2", "import_origin": "124.3", "import_consigment": "104.8"}, {"country": "Moldova, Republic of", "year": "2021", "timeperiod": "Year", "export": "3248.2", "import_origin": "1194.8", "import_consigment": "1145.6"}, {"country": "Moldova, Republic of", "year": "2020", "timeperiod": "1", "export": "-", "import_origin": "43.5", "import_consigment": "31.5"}, {"country": "Moldova, Republic of", "year": "2020", "timeperiod": "2", "export": "152.0", "import_origin": "101.0", "import_consigment": "84.7"}, {"country": "Moldova, Republic of", "year": "2020", "timeperiod": "3", "export": "34.7", "import_origin": "166.4", "import_consigment": "208.8"}]}