{"data": [{"country": "Puerto Rico", "year": "2022", "timeperiod": "10", "export": "-", "import_origin": "0.1", "import_consigment": "-"}, {"country": "Puerto Rico", "year": "2022", "timeperiod": "12", "export": "-", "import_origin": "2.1", "import_consigment": "-"}, {"country": "Puerto Rico", "year": "2022", "timeperiod": "Year", "export": "-", "import_origin": "554.0", "import_consigment": "-"}, {"country": "Puerto Rico", "year": "2021", "timeperiod": "1", "export": "-", "import_origin": "6.0", "import_consigment": "-"}, {"country": "Puerto Rico", "year": "2021", "timeperiod": "2", "export": "1.8", "import_origin": "0.6", "import_consigment": "-"}, {"country": "Puerto Rico", "year": "2021", "timeperiod": "3", "export": "-", "import_origin": "7.1", "import_consigment": "-"}, {"country": "Puerto Rico", "year": "2021", "timeperiod": "4", "export": "-", "import_origin": "1.5", "import_consigment": "-"}, {"country": "Puerto Rico", "year": "2021", "timeperiod": "5", "export": "-", "import_origin": "754.0", "import_consigment": "-"}, {"country": "Puerto Rico", "year": "2021", "timeperiod": "6", "export": "-", "import_origin": "4.8", "import_consigment": "-"}, {"country": "Puerto Rico", "year": "2021", "timeperiod": "7", "export": "89.9", "import_origin": "52.7", "import_consigment": "-"}, {"country": "Puerto Rico", "year": "2021", "timeperiod": "8", "export": "-", "import_origin": "14.4", "import_consigment": "-"}, {"country": "Puerto Rico", "year": "2021", "timeperiod": "9", "export": "50.7", "import_origin": "20.7", "import_consigment": "-"}, {"country": "Puerto Rico", "year": "2021", "timeperiod": "10", "export": "-", "import_origin": "6.3", "import_consigment": "-"}, {"country": "Puerto Rico", "year": "2021", "timeperiod": "11", "export": "-", "import_origin": "7.6", "import_consigment": "-"}, {"country": "Puerto Rico", "year": "2021", "timeperiod": "12", "export": "53.2", "import_origin": "54.5", "import_consigment": "-"}, {"country": "Puerto Rico", "year": "2021", "timeperiod": "Year", "export": "195.5", "import_origin": "930.2", "import_consigment": "-"}, {"country": "Puerto Rico", "year": "2020", "timeperiod": "1", "export": "-", "import_origin": "49.9", "import_consigment": "-"}, {"country": "Puerto Rico", "year": "2020", "timeperiod": "2", "export": "-", "import_origin": "0.9", "import_consigment": "-"}, {"country": "Puerto Rico", "year": "2020", "timeperiod": "3", "export": "-", "import_origin": "0.1", "import_consigment": "-"}, {"country": "Puerto Rico", "year": "2020", "timeperiod": "5", "export": "-", "import_origin": "1.1", "import_consigment": "-"}, {"country": "Puerto Rico", "year": "2020", "timeperiod": "6", "export": "-", "import_origin": "3.2", "import_consigment": "-"}, {"country": "Puerto Rico", "year": "2020", "timeperiod": "7", "export": "-", "import_origin": "2.7", "import_consigment": "-"}, {"country": "Puerto Rico", "year": "2020", "timeperiod": "8", "export": "-", "import_origin": "0.6", "import_consigment": "-"}, {"country": "Puerto Rico", "year": "2020", "timeperiod": "9", "export": "-", "import_origin": "7.9", "import_consigment": "-"}, {"country": "Puerto Rico", "year": "2020", "timeperiod": "10", "export": "-", "import_origin": "8.9", "import_consigment": "-"}]}