{"data": [{"country": "Bulgaria", "year": "2017", "timeperiod": "Year", "export": "282332.3", "import_origin": "39966.8", "import_consigment": "41150.6"}, {"country": "Myanmar", "year": "2023", "timeperiod": "1", "export": "-", "import_origin": "272.5", "import_consigment": "-"}, {"country": "Myanmar", "year": "2023", "timeperiod": "Year", "export": "-", "import_origin": "272.5", "import_consigment": "-"}, {"country": "Myanmar", "year": "2022", "timeperiod": "1", "export": "-", "import_origin": "166.7", "import_consigment": "-"}, {"country": "Myanmar", "year": "2022", "timeperiod": "2", "export": "-", "import_origin": "144.3", "import_consigment": "-"}, {"country": "Myanmar", "year": "2022", "timeperiod": "3", "export": "-", "import_origin": "192.9", "import_consigment": "-"}, {"country": "Myanmar", "year": "2022", "timeperiod": "4", "export": "-", "import_origin": "117.0", "import_consigment": "-"}, {"country": "Myanmar", "year": "2022", "timeperiod": "5", "export": "-", "import_origin": "89.7", "import_consigment": "-"}, {"country": "Myanmar", "year": "2022", "timeperiod": "6", "export": "1.5", "import_origin": "49.3", "import_consigment": "-"}, {"country": "Myanmar", "year": "2022", "timeperiod": "7", "export": "-", "import_origin": "198.1", "import_consigment": "-"}, {"country": "Myanmar", "year": "2022", "timeperiod": "8", "export": "-", "import_origin": "393.2", "import_consigment": "-"}, {"country": "Myanmar", "year": "2022", "timeperiod": "9", "export": "-", "import_origin": "495.8", "import_consigment": "-"}, {"country": "Myanmar", "year": "2022", "timeperiod": "10", "export": "-", "import_origin": "519.3", "import_consigment": "-"}, {"country": "Myanmar", "year": "2022", "timeperiod": "11", "export": "-", "import_origin": "719.8", "import_consigment": "-"}, {"country": "Myanmar", "year": "2022", "timeperiod": "12", "export": "-", "import_origin": "559.4", "import_consigment": "-"}, {"country": "Myanmar", "year": "2022", "timeperiod": "Year", "export": "1.5", "import_origin": "3645.5", "import_consigment": "-"}, {"country": "Myanmar", "year": "2021", "timeperiod": "1", "export": "-", "import_origin": "134.0", "import_consigment": "-"}, {"country": "Myanmar", "year": "2021", "timeperiod": "2", "export": "-", "import_origin": "239.1", "import_consigment": "-"}, {"country": "Myanmar", "year": "2021", "timeperiod": "3", "export": "-", "import_origin": "325.9", "import_consigment": "-"}, {"country": "Myanmar", "year": "2021", "timeperiod": "4", "export": "-", "import_origin": "136.3", "import_consigment": "-"}, {"country": "Myanmar", "year": "2021", "timeperiod": "5", "export": "-", "import_origin": "94.0", "import_consigment": "-"}, {"country": "Myanmar", "year": "2021", "timeperiod": "6", "export": "-", "import_origin": "104.9", "import_consigment": "-"}, {"country": "Myanmar", "year": "2021", "timeperiod": "7", "export": "-", "import_origin": "91.5", "import_consigment": "-"}, {"country": "Myanmar", "year": "2021", "timeperiod": "8", "export": "-", "import_origin": "169.7", "import_consigment": "-"}, {"country": "Myanmar", "year": "2021", "timeperiod": "9", "export": "-", "import_origin": "206.2", "import_consigment": "-"}]}