{"data": [{"country": null, "year": "2021", "timeperiod": "12", "export": "1150.5", "import_origin": "-", "import_consigment": "-"}, {"country": null, "year": "2021", "timeperiod": "Year", "export": "6319.4", "import_origin": "722.1", "import_consigment": "722.1"}, {"country": null, "year": "2020", "timeperiod": "1", "export": "345.9", "import_origin": "333.7", "import_consigment": "333.7"}, {"country": null, "year": "2020", "timeperiod": "2", "export": "283.5", "import_origin": "338.4", "import_consigment": "338.4"}, {"country": null, "year": "2020", "timeperiod": "3", "export": "134.4", "import_origin": "526.5", "import_consigment": "526.5"}, {"country": null, "year": "2020", "timeperiod": "4", "export": "62.3", "import_origin": "1031.8", "import_consigment": "1031.8"}, {"country": null, "year": "2020", "timeperiod": "5", "export": "40.3", "import_origin": "2180.5", "import_consigment": "2180.5"}, {"country": null, "year": "2020", "timeperiod": "6", "export": "36.4", "import_origin": "1433.1", "import_consigment": "1433.1"}, {"country": null, "year": "2020", "timeperiod": "7", "export": "68.4", "import_origin": "501.4", "import_consigment": "501.4"}, {"country": null, "year": "2020", "timeperiod": "8", "export": "43.7", "import_origin": "831.6", "import_consigment": "831.6"}, {"country": null, "year": "2020", "timeperiod": "9", "export": "37.2", "import_origin": "876.0", "import_consigment": "876.0"}, {"country": null, "year": "2020", "timeperiod": "10", "export": "22.1", "import_origin": "1190.1", "import_consigment": "1190.1"}, {"country": null, "year": "2020", "timeperiod": "11", "export": "26.8", "import_origin": "458.9", "import_consigment": "458.9"}, {"country": null, "year": "2020", "timeperiod": "12", "export": "469.8", "import_origin": "1.0", "import_consigment": "1.0"}, {"country": null, "year": "2020", "timeperiod": "Year", "export": "1570.7", "import_origin": "9703.0", "import_consigment": "9703.0"}, {"country": null, "year": "2019", "timeperiod": "1", "export": "553.5", "import_origin": "298.7", "import_consigment": "298.7"}, {"country": null, "year": "2019", "timeperiod": "2", "export": "467.1", "import_origin": "180.3", "import_consigment": "180.3"}, {"country": null, "year": "2019", "timeperiod": "3", "export": "346.6", "import_origin": "226.8", "import_consigment": "226.8"}, {"country": null, "year": "2019", "timeperiod": "4", "export": "199.3", "import_origin": "635.3", "import_consigment": "635.3"}, {"country": null, "year": "2019", "timeperiod": "5", "export": "123.7", "import_origin": "1521.3", "import_consigment": "1521.3"}, {"country": null, "year": "2019", "timeperiod": "6", "export": "44.1", "import_origin": "1230.5", "import_consigment": "1230.5"}, {"country": null, "year": "2019", "timeperiod": "7", "export": "190.8", "import_origin": "550.4", "import_consigment": "550.4"}, {"country": null, "year": "2019", "timeperiod": "8", "export": "225.5", "import_origin": "257.1", "import_consigment": "257.1"}, {"country": null, "year": "2019", "timeperiod": "9", "export": "78.4", "import_origin": "552.0", "import_consigment": "552.0"}, {"country": null, "year": "2019", "timeperiod": "10", "export": "108.7", "import_origin": "628.8", "import_consigment": "628.8"}]}