{"data": [{"country": "Ghana", "year": "2019", "timeperiod": "10", "export": "-", "import_origin": "-", "import_consigment": "-"}, {"country": "Ghana", "year": "2019", "timeperiod": "11", "export": "-", "import_origin": "2.6", "import_consigment": "-"}, {"country": "Ghana", "year": "2019", "timeperiod": "12", "export": "-", "import_origin": "142.0", "import_consigment": "-"}, {"country": "Ghana", "year": "2019", "timeperiod": "Year", "export": "51.4", "import_origin": "430.0", "import_consigment": "260.9"}, {"country": "Ghana", "year": "2018", "timeperiod": "1", "export": "-", "import_origin": "175.4", "import_consigment": "-"}, {"country": "Ghana", "year": "2018", "timeperiod": "2", "export": "-", "import_origin": "56.9", "import_consigment": "56.9"}, {"country": "Ghana", "year": "2018", "timeperiod": "3", "export": "-", "import_origin": "114.5", "import_consigment": "-"}, {"country": "Ghana", "year": "2018", "timeperiod": "4", "export": "-", "import_origin": "134.3", "import_consigment": "-"}, {"country": "Ghana", "year": "2018", "timeperiod": "5", "export": "-", "import_origin": "205.6", "import_consigment": "-"}, {"country": "Ghana", "year": "2018", "timeperiod": "8", "export": "-", "import_origin": "10.5", "import_consigment": "-"}, {"country": "Ghana", "year": "2018", "timeperiod": "10", "export": "-", "import_origin": "4.7", "import_consigment": "5.3"}, {"country": "Ghana", "year": "2018", "timeperiod": "12", "export": "-", "import_origin": "3.1", "import_consigment": "-"}, {"country": "Ghana", "year": "2018", "timeperiod": "Year", "export": "-", "import_origin": "705.0", "import_consigment": "62.2"}, {"country": "Ghana", "year": "2017", "timeperiod": "1", "export": "-", "import_origin": "81.0", "import_consigment": "-"}, {"country": "Ghana", "year": "2017", "timeperiod": "3", "export": "-", "import_origin": "3.0", "import_consigment": "-"}, {"country": "Ghana", "year": "2017", "timeperiod": "4", "export": "-", "import_origin": "196.5", "import_consigment": "-"}, {"country": "Ghana", "year": "2017", "timeperiod": "5", "export": "-", "import_origin": "16.1", "import_consigment": "-"}, {"country": "Ghana", "year": "2017", "timeperiod": "6", "export": "-", "import_origin": "0.8", "import_consigment": "-"}, {"country": "Ghana", "year": "2017", "timeperiod": "7", "export": "-", "import_origin": "80.8", "import_consigment": "-"}, {"country": "Ghana", "year": "2017", "timeperiod": "8", "export": "-", "import_origin": "193.1", "import_consigment": "-"}, {"country": "Ghana", "year": "2017", "timeperiod": "9", "export": "-", "import_origin": "64.2", "import_consigment": "-"}, {"country": "Ghana", "year": "2017", "timeperiod": "10", "export": "-", "import_origin": "67.1", "import_consigment": "-"}, {"country": "Ghana", "year": "2017", "timeperiod": "11", "export": "-", "import_origin": "1.3", "import_consigment": "-"}, {"country": "Ghana", "year": "2017", "timeperiod": "12", "export": "-", "import_origin": "5.0", "import_consigment": "-"}, {"country": "Ghana", "year": "2017", "timeperiod": "Year", "export": "-", "import_origin": "709.0", "import_consigment": "-"}]}