{"data": [{"country": "Serbia", "year": "2019", "timeperiod": "1", "export": "-", "import_origin": "53.3", "import_consigment": "23.2"}, {"country": "Serbia", "year": "2019", "timeperiod": "2", "export": "11.7", "import_origin": "188.3", "import_consigment": "80.7"}, {"country": "Serbia", "year": "2019", "timeperiod": "3", "export": "1.2", "import_origin": "74.0", "import_consigment": "225.4"}, {"country": "Serbia", "year": "2019", "timeperiod": "4", "export": "0.2", "import_origin": "148.0", "import_consigment": "105.4"}, {"country": "Serbia", "year": "2019", "timeperiod": "5", "export": "-", "import_origin": "397.4", "import_consigment": "369.9"}, {"country": "Serbia", "year": "2019", "timeperiod": "6", "export": "-", "import_origin": "157.8", "import_consigment": "117.2"}, {"country": "Serbia", "year": "2019", "timeperiod": "7", "export": "0.1", "import_origin": "356.1", "import_consigment": "302.7"}, {"country": "Serbia", "year": "2019", "timeperiod": "8", "export": "7.9", "import_origin": "236.0", "import_consigment": "194.5"}, {"country": "Serbia", "year": "2019", "timeperiod": "9", "export": "0.4", "import_origin": "135.2", "import_consigment": "79.7"}, {"country": "Serbia", "year": "2019", "timeperiod": "10", "export": "5.7", "import_origin": "241.7", "import_consigment": "170.5"}, {"country": "Serbia", "year": "2019", "timeperiod": "11", "export": "-", "import_origin": "160.6", "import_consigment": "94.5"}, {"country": "Serbia", "year": "2019", "timeperiod": "12", "export": "9.3", "import_origin": "265.7", "import_consigment": "201.6"}, {"country": "Serbia", "year": "2019", "timeperiod": "Year", "export": "36.5", "import_origin": "2414.0", "import_consigment": "1965.2"}, {"country": "Serbia", "year": "2018", "timeperiod": "1", "export": "1.4", "import_origin": "119.1", "import_consigment": "49.8"}, {"country": "Serbia", "year": "2018", "timeperiod": "2", "export": "-", "import_origin": "50.6", "import_consigment": "138.0"}, {"country": "Serbia", "year": "2018", "timeperiod": "3", "export": "-", "import_origin": "270.8", "import_consigment": "62.6"}, {"country": "Serbia", "year": "2018", "timeperiod": "4", "export": "6.3", "import_origin": "277.4", "import_consigment": "112.2"}, {"country": "Serbia", "year": "2018", "timeperiod": "5", "export": "-", "import_origin": "403.1", "import_consigment": "327.8"}, {"country": "Serbia", "year": "2018", "timeperiod": "6", "export": "-", "import_origin": "159.6", "import_consigment": "122.3"}, {"country": "Serbia", "year": "2018", "timeperiod": "7", "export": "-", "import_origin": "336.5", "import_consigment": "408.4"}, {"country": "Serbia", "year": "2018", "timeperiod": "8", "export": "63.8", "import_origin": "309.1", "import_consigment": "270.9"}, {"country": "Serbia", "year": "2018", "timeperiod": "9", "export": "-", "import_origin": "175.4", "import_consigment": "163.4"}, {"country": "Serbia", "year": "2018", "timeperiod": "10", "export": "15.7", "import_origin": "796.1", "import_consigment": "562.8"}, {"country": "Serbia", "year": "2018", "timeperiod": "11", "export": "89.8", "import_origin": "200.5", "import_consigment": "141.3"}, {"country": "Serbia", "year": "2018", "timeperiod": "12", "export": "0.6", "import_origin": "268.0", "import_consigment": "230.1"}]}