{"data": [{"country": "Zimbabwe", "year": "2019", "timeperiod": "3", "export": "-", "import_origin": "1122.8", "import_consigment": "1122.8"}, {"country": "Zimbabwe", "year": "2019", "timeperiod": "4", "export": "-", "import_origin": "2054.4", "import_consigment": "2047.2"}, {"country": "Zimbabwe", "year": "2019", "timeperiod": "5", "export": "-", "import_origin": "948.5", "import_consigment": "948.5"}, {"country": "Zimbabwe", "year": "2019", "timeperiod": "6", "export": "-", "import_origin": "2518.1", "import_consigment": "2511.8"}, {"country": "Zimbabwe", "year": "2019", "timeperiod": "7", "export": "-", "import_origin": "633.9", "import_consigment": "633.9"}, {"country": "Zimbabwe", "year": "2019", "timeperiod": "8", "export": "-", "import_origin": "1634.9", "import_consigment": "1634.9"}, {"country": "Zimbabwe", "year": "2019", "timeperiod": "9", "export": "-", "import_origin": "5.1", "import_consigment": "-"}, {"country": "Zimbabwe", "year": "2019", "timeperiod": "10", "export": "-", "import_origin": "10.3", "import_consigment": "-"}, {"country": "Zimbabwe", "year": "2019", "timeperiod": "11", "export": "-", "import_origin": "1509.1", "import_consigment": "1498.7"}, {"country": "Zimbabwe", "year": "2019", "timeperiod": "12", "export": "-", "import_origin": "5826.8", "import_consigment": "5804.1"}, {"country": "Zimbabwe", "year": "2019", "timeperiod": "Year", "export": "-", "import_origin": "17189.5", "import_consigment": "17120.9"}, {"country": "Zimbabwe", "year": "2018", "timeperiod": "1", "export": "-", "import_origin": "3547.9", "import_consigment": "3547.9"}, {"country": "Zimbabwe", "year": "2018", "timeperiod": "2", "export": "-", "import_origin": "1031.7", "import_consigment": "1031.7"}, {"country": "Zimbabwe", "year": "2018", "timeperiod": "3", "export": "-", "import_origin": "899.0", "import_consigment": "899.0"}, {"country": "Zimbabwe", "year": "2018", "timeperiod": "4", "export": "-", "import_origin": "899.0", "import_consigment": "899.0"}, {"country": "Zimbabwe", "year": "2018", "timeperiod": "5", "export": "-", "import_origin": "2029.3", "import_consigment": "2022.4"}, {"country": "Zimbabwe", "year": "2018", "timeperiod": "6", "export": "-", "import_origin": "0.2", "import_consigment": "0.2"}, {"country": "Zimbabwe", "year": "2018", "timeperiod": "7", "export": "-", "import_origin": "2346.6", "import_consigment": "2337.5"}, {"country": "Zimbabwe", "year": "2018", "timeperiod": "8", "export": "-", "import_origin": "26.1", "import_consigment": "-"}, {"country": "Zimbabwe", "year": "2018", "timeperiod": "10", "export": "-", "import_origin": "1517.1", "import_consigment": "1507.4"}, {"country": "Zimbabwe", "year": "2018", "timeperiod": "11", "export": "-", "import_origin": "3576.6", "import_consigment": "3550.5"}, {"country": "Zimbabwe", "year": "2018", "timeperiod": "12", "export": "-", "import_origin": "3377.5", "import_consigment": "3368.8"}, {"country": "Zimbabwe", "year": "2018", "timeperiod": "Year", "export": "-", "import_origin": "19251.1", "import_consigment": "19164.6"}, {"country": "Zimbabwe", "year": "2017", "timeperiod": "1", "export": "-", "import_origin": "2796.7", "import_consigment": "2796.7"}, {"country": "Zimbabwe", "year": "2017", "timeperiod": "2", "export": "-", "import_origin": "1943.7", "import_consigment": "1943.7"}]}