{"data": [{"country": "Belize", "year": "2021", "timeperiod": "1", "export": "92.6", "import_origin": "-", "import_consigment": "-"}, {"country": "Belize", "year": "2021", "timeperiod": "Year", "export": "92.6", "import_origin": "-", "import_consigment": "-"}, {"country": "Belize", "year": "2019", "timeperiod": "5", "export": "-", "import_origin": "2.7", "import_consigment": "-"}, {"country": "Belize", "year": "2019", "timeperiod": "6", "export": "-", "import_origin": "13.9", "import_consigment": "-"}, {"country": "Belize", "year": "2019", "timeperiod": "7", "export": "-", "import_origin": "36.4", "import_consigment": "-"}, {"country": "Belize", "year": "2019", "timeperiod": "8", "export": "-", "import_origin": "3.0", "import_consigment": "-"}, {"country": "Belize", "year": "2019", "timeperiod": "10", "export": "247.0", "import_origin": "-", "import_consigment": "-"}, {"country": "Belize", "year": "2019", "timeperiod": "12", "export": "215.0", "import_origin": "-", "import_consigment": "-"}, {"country": "Belize", "year": "2019", "timeperiod": "Year", "export": "462.0", "import_origin": "55.9", "import_consigment": "-"}, {"country": "Belize", "year": "2018", "timeperiod": "2", "export": "42.7", "import_origin": "-", "import_consigment": "-"}, {"country": "Belize", "year": "2018", "timeperiod": "3", "export": "21.6", "import_origin": "-", "import_consigment": "-"}, {"country": "Belize", "year": "2018", "timeperiod": "12", "export": "0.3", "import_origin": "-", "import_consigment": "-"}, {"country": "Belize", "year": "2018", "timeperiod": "Year", "export": "64.6", "import_origin": "-", "import_consigment": "-"}, {"country": "Belize", "year": "2017", "timeperiod": "6", "export": "-", "import_origin": "-", "import_consigment": "-"}, {"country": "Belize", "year": "2017", "timeperiod": "9", "export": "19.4", "import_origin": "-", "import_consigment": "-"}, {"country": "Belize", "year": "2017", "timeperiod": "Year", "export": "19.4", "import_origin": "-", "import_consigment": "-"}, {"country": "British Indian Ocean Territory", "year": "2023", "timeperiod": "1", "export": "-", "import_origin": "-", "import_consigment": "-"}, {"country": "British Indian Ocean Territory", "year": "2023", "timeperiod": "Year", "export": "-", "import_origin": "-", "import_consigment": "-"}, {"country": "British Indian Ocean Territory", "year": "2022", "timeperiod": "10", "export": "-", "import_origin": "-", "import_consigment": "-"}, {"country": "British Indian Ocean Territory", "year": "2022", "timeperiod": "12", "export": "-", "import_origin": "0.1", "import_consigment": "-"}, {"country": "British Indian Ocean Territory", "year": "2022", "timeperiod": "Year", "export": "-", "import_origin": "0.1", "import_consigment": "-"}, {"country": "Solomon Islands", "year": "2022", "timeperiod": "2", "export": "-", "import_origin": "0.5", "import_consigment": "-"}, {"country": "Solomon Islands", "year": "2022", "timeperiod": "Year", "export": "-", "import_origin": "0.5", "import_consigment": "-"}, {"country": "Solomon Islands", "year": "2019", "timeperiod": "11", "export": "-", "import_origin": "3.1", "import_consigment": "-"}, {"country": "Solomon Islands", "year": "2019", "timeperiod": "Year", "export": "-", "import_origin": "3.1", "import_consigment": "-"}]}