{"data": [{"country": "Tunisia", "year": "2019", "timeperiod": "12", "export": "-", "import_origin": "193.4", "import_consigment": "-"}, {"country": "Tunisia", "year": "2019", "timeperiod": "Year", "export": "-", "import_origin": "1725.3", "import_consigment": "68.2"}, {"country": "Tunisia", "year": "2018", "timeperiod": "1", "export": "-", "import_origin": "140.1", "import_consigment": "-"}, {"country": "Tunisia", "year": "2018", "timeperiod": "2", "export": "-", "import_origin": "284.6", "import_consigment": "-"}, {"country": "Tunisia", "year": "2018", "timeperiod": "3", "export": "-", "import_origin": "294.3", "import_consigment": "5.6"}, {"country": "Tunisia", "year": "2018", "timeperiod": "4", "export": "-", "import_origin": "152.3", "import_consigment": "-"}, {"country": "Tunisia", "year": "2018", "timeperiod": "5", "export": "-", "import_origin": "92.3", "import_consigment": "21.8"}, {"country": "Tunisia", "year": "2018", "timeperiod": "6", "export": "-", "import_origin": "45.0", "import_consigment": "71.5"}, {"country": "Tunisia", "year": "2018", "timeperiod": "7", "export": "-", "import_origin": "232.5", "import_consigment": "-"}, {"country": "Tunisia", "year": "2018", "timeperiod": "8", "export": "-", "import_origin": "288.8", "import_consigment": "-"}, {"country": "Tunisia", "year": "2018", "timeperiod": "9", "export": "-", "import_origin": "178.7", "import_consigment": "-"}, {"country": "Tunisia", "year": "2018", "timeperiod": "10", "export": "-", "import_origin": "106.5", "import_consigment": "-"}, {"country": "Tunisia", "year": "2018", "timeperiod": "11", "export": "-", "import_origin": "66.1", "import_consigment": "76.5"}, {"country": "Tunisia", "year": "2018", "timeperiod": "12", "export": "-", "import_origin": "53.6", "import_consigment": "-"}, {"country": "Tunisia", "year": "2018", "timeperiod": "Year", "export": "-", "import_origin": "1934.9", "import_consigment": "175.5"}, {"country": "Tunisia", "year": "2017", "timeperiod": "1", "export": "-", "import_origin": "48.1", "import_consigment": "-"}, {"country": "Tunisia", "year": "2017", "timeperiod": "2", "export": "-", "import_origin": "58.5", "import_consigment": "-"}, {"country": "Tunisia", "year": "2017", "timeperiod": "3", "export": "-", "import_origin": "50.0", "import_consigment": "-"}, {"country": "Tunisia", "year": "2017", "timeperiod": "4", "export": "-", "import_origin": "42.4", "import_consigment": "-"}, {"country": "Tunisia", "year": "2017", "timeperiod": "5", "export": "-", "import_origin": "26.6", "import_consigment": "-"}, {"country": "Tunisia", "year": "2017", "timeperiod": "6", "export": "-", "import_origin": "46.8", "import_consigment": "-"}, {"country": "Tunisia", "year": "2017", "timeperiod": "7", "export": "-", "import_origin": "216.4", "import_consigment": "10.0"}, {"country": "Tunisia", "year": "2017", "timeperiod": "8", "export": "-", "import_origin": "160.5", "import_consigment": "-"}, {"country": "Tunisia", "year": "2017", "timeperiod": "9", "export": "5.5", "import_origin": "121.2", "import_consigment": "-"}, {"country": "Tunisia", "year": "2017", "timeperiod": "10", "export": "-", "import_origin": "111.1", "import_consigment": "-"}]}