{"data": [{"country": "Netherlands", "year": "2019", "timeperiod": "6", "export": "15187.9", "import_origin": "2625.1", "import_consigment": "6313.3"}, {"country": "Netherlands", "year": "2019", "timeperiod": "7", "export": "14472.1", "import_origin": "3531.1", "import_consigment": "5697.2"}, {"country": "Netherlands", "year": "2019", "timeperiod": "8", "export": "10981.7", "import_origin": "3177.2", "import_consigment": "5330.9"}, {"country": "Netherlands", "year": "2019", "timeperiod": "9", "export": "12607.9", "import_origin": "3196.5", "import_consigment": "63440.6"}, {"country": "Netherlands", "year": "2019", "timeperiod": "10", "export": "13156.9", "import_origin": "2770.2", "import_consigment": "5769.2"}, {"country": "Netherlands", "year": "2019", "timeperiod": "11", "export": "10992.4", "import_origin": "4400.8", "import_consigment": "7599.2"}, {"country": "Netherlands", "year": "2019", "timeperiod": "12", "export": "10730.3", "import_origin": "5147.8", "import_consigment": "9975.3"}, {"country": "Netherlands", "year": "2019", "timeperiod": "Year", "export": "153851.3", "import_origin": "40037.0", "import_consigment": "131937.8"}, {"country": "Netherlands", "year": "2018", "timeperiod": "1", "export": "9172.7", "import_origin": "1723.6", "import_consigment": "3918.0"}, {"country": "Netherlands", "year": "2018", "timeperiod": "2", "export": "10618.9", "import_origin": "4008.7", "import_consigment": "7737.3"}, {"country": "Netherlands", "year": "2018", "timeperiod": "3", "export": "8754.5", "import_origin": "2864.5", "import_consigment": "5317.6"}, {"country": "Netherlands", "year": "2018", "timeperiod": "4", "export": "10433.1", "import_origin": "3622.6", "import_consigment": "5388.2"}, {"country": "Netherlands", "year": "2018", "timeperiod": "5", "export": "10047.1", "import_origin": "6553.9", "import_consigment": "9721.7"}, {"country": "Netherlands", "year": "2018", "timeperiod": "6", "export": "9174.9", "import_origin": "6497.8", "import_consigment": "9747.4"}, {"country": "Netherlands", "year": "2018", "timeperiod": "7", "export": "9803.4", "import_origin": "3056.2", "import_consigment": "6647.0"}, {"country": "Netherlands", "year": "2018", "timeperiod": "8", "export": "8353.0", "import_origin": "4713.0", "import_consigment": "9277.2"}, {"country": "Netherlands", "year": "2018", "timeperiod": "9", "export": "9758.4", "import_origin": "6886.6", "import_consigment": "8146.8"}, {"country": "Netherlands", "year": "2018", "timeperiod": "10", "export": "18161.9", "import_origin": "4691.6", "import_consigment": "7302.1"}, {"country": "Netherlands", "year": "2018", "timeperiod": "11", "export": "13122.8", "import_origin": "5687.1", "import_consigment": "7424.3"}, {"country": "Netherlands", "year": "2018", "timeperiod": "12", "export": "14955.4", "import_origin": "5563.8", "import_consigment": "8092.5"}, {"country": "Netherlands", "year": "2018", "timeperiod": "Year", "export": "132356.2", "import_origin": "55869.4", "import_consigment": "88720.3"}, {"country": "Netherlands", "year": "2017", "timeperiod": "1", "export": "3352.8", "import_origin": "1684.9", "import_consigment": "2946.2"}, {"country": "Netherlands", "year": "2017", "timeperiod": "2", "export": "6686.9", "import_origin": "1777.5", "import_consigment": "3389.9"}, {"country": "Netherlands", "year": "2017", "timeperiod": "3", "export": "8020.5", "import_origin": "1646.5", "import_consigment": "4121.9"}, {"country": "Netherlands", "year": "2017", "timeperiod": "4", "export": "7638.0", "import_origin": "2745.3", "import_consigment": "6464.6"}]}