{"data": [{"country": "Brazil", "year": "2022", "timeperiod": "8", "export": "-", "import_origin": "4178.1", "import_consigment": "2302.1"}, {"country": "Brazil", "year": "2022", "timeperiod": "9", "export": "-", "import_origin": "13512.4", "import_consigment": "10233.9"}, {"country": "Brazil", "year": "2022", "timeperiod": "10", "export": "-", "import_origin": "20725.0", "import_consigment": "18229.0"}, {"country": "Brazil", "year": "2022", "timeperiod": "11", "export": "0.6", "import_origin": "5261.5", "import_consigment": "1366.3"}, {"country": "Brazil", "year": "2022", "timeperiod": "12", "export": "285.0", "import_origin": "6091.6", "import_consigment": "1694.4"}, {"country": "Brazil", "year": "2022", "timeperiod": "Year", "export": "285.6", "import_origin": "84021.6", "import_consigment": "52122.2"}, {"country": "Brazil", "year": "2021", "timeperiod": "1", "export": "0.1", "import_origin": "2726.3", "import_consigment": "433.6"}, {"country": "Brazil", "year": "2021", "timeperiod": "2", "export": "-", "import_origin": "1257.3", "import_consigment": "8.7"}, {"country": "Brazil", "year": "2021", "timeperiod": "3", "export": "-", "import_origin": "2993.2", "import_consigment": "2765.6"}, {"country": "Brazil", "year": "2021", "timeperiod": "4", "export": "-", "import_origin": "2793.1", "import_consigment": "1318.5"}, {"country": "Brazil", "year": "2021", "timeperiod": "5", "export": "-", "import_origin": "2404.9", "import_consigment": "948.7"}, {"country": "Brazil", "year": "2021", "timeperiod": "6", "export": "-", "import_origin": "3217.7", "import_consigment": "1951.5"}, {"country": "Brazil", "year": "2021", "timeperiod": "7", "export": "-", "import_origin": "5248.4", "import_consigment": "2661.8"}, {"country": "Brazil", "year": "2021", "timeperiod": "8", "export": "-", "import_origin": "2127.9", "import_consigment": "965.7"}, {"country": "Brazil", "year": "2021", "timeperiod": "9", "export": "35.2", "import_origin": "5567.1", "import_consigment": "3237.8"}, {"country": "Brazil", "year": "2021", "timeperiod": "10", "export": "0.7", "import_origin": "3351.6", "import_consigment": "504.0"}, {"country": "Brazil", "year": "2021", "timeperiod": "11", "export": "-", "import_origin": "11592.8", "import_consigment": "7911.0"}, {"country": "Brazil", "year": "2021", "timeperiod": "12", "export": "-", "import_origin": "11637.0", "import_consigment": "8349.9"}, {"country": "Brazil", "year": "2021", "timeperiod": "Year", "export": "35.9", "import_origin": "54917.4", "import_consigment": "31056.7"}, {"country": "Brazil", "year": "2020", "timeperiod": "1", "export": "-", "import_origin": "2605.2", "import_consigment": "1457.1"}, {"country": "Brazil", "year": "2020", "timeperiod": "2", "export": "-", "import_origin": "2708.3", "import_consigment": "2182.0"}, {"country": "Brazil", "year": "2020", "timeperiod": "3", "export": "-", "import_origin": "3563.3", "import_consigment": "2391.8"}, {"country": "Brazil", "year": "2020", "timeperiod": "4", "export": "-", "import_origin": "4384.3", "import_consigment": "3749.3"}, {"country": "Brazil", "year": "2020", "timeperiod": "5", "export": "-", "import_origin": "4363.1", "import_consigment": "2154.5"}, {"country": "Brazil", "year": "2020", "timeperiod": "6", "export": "-", "import_origin": "5761.0", "import_consigment": "4582.3"}]}