{"data": [{"country": "Nepal", "year": "2017", "timeperiod": "4", "export": "-", "import_origin": "4.7", "import_consigment": "-"}, {"country": "Nepal", "year": "2017", "timeperiod": "6", "export": "-", "import_origin": "0.3", "import_consigment": "0.3"}, {"country": "Nepal", "year": "2017", "timeperiod": "12", "export": "-", "import_origin": "11.0", "import_consigment": "10.7"}, {"country": "Nepal", "year": "2017", "timeperiod": "Year", "export": "-", "import_origin": "16.0", "import_consigment": "11.1"}, {"country": "Netherlands", "year": "2023", "timeperiod": "1", "export": "30175.0", "import_origin": "5073.9", "import_consigment": "13589.3"}, {"country": "Netherlands", "year": "2023", "timeperiod": "Year", "export": "30175.0", "import_origin": "5073.9", "import_consigment": "13589.3"}, {"country": "Netherlands", "year": "2022", "timeperiod": "1", "export": "23298.2", "import_origin": "2007.3", "import_consigment": "4961.8"}, {"country": "Netherlands", "year": "2022", "timeperiod": "2", "export": "18436.4", "import_origin": "2616.0", "import_consigment": "6406.3"}, {"country": "Netherlands", "year": "2022", "timeperiod": "3", "export": "13750.9", "import_origin": "2934.4", "import_consigment": "7862.7"}, {"country": "Netherlands", "year": "2022", "timeperiod": "4", "export": "21339.2", "import_origin": "5254.3", "import_consigment": "10937.2"}, {"country": "Netherlands", "year": "2022", "timeperiod": "5", "export": "22634.7", "import_origin": "6519.0", "import_consigment": "10967.2"}, {"country": "Netherlands", "year": "2022", "timeperiod": "6", "export": "17609.0", "import_origin": "3564.4", "import_consigment": "11201.5"}, {"country": "Netherlands", "year": "2022", "timeperiod": "7", "export": "16944.2", "import_origin": "3984.9", "import_consigment": "8831.7"}, {"country": "Netherlands", "year": "2022", "timeperiod": "8", "export": "9964.4", "import_origin": "5113.2", "import_consigment": "8916.3"}, {"country": "Netherlands", "year": "2022", "timeperiod": "9", "export": "19500.7", "import_origin": "3206.7", "import_consigment": "12595.9"}, {"country": "Netherlands", "year": "2022", "timeperiod": "10", "export": "16283.0", "import_origin": "5394.8", "import_consigment": "17414.1"}, {"country": "Netherlands", "year": "2022", "timeperiod": "11", "export": "13367.0", "import_origin": "5976.8", "import_consigment": "14313.6"}, {"country": "Netherlands", "year": "2022", "timeperiod": "12", "export": "21736.7", "import_origin": "7722.4", "import_consigment": "22373.3"}, {"country": "Netherlands", "year": "2022", "timeperiod": "Year", "export": "214864.4", "import_origin": "54294.3", "import_consigment": "136781.7"}, {"country": "Netherlands", "year": "2021", "timeperiod": "1", "export": "5523.2", "import_origin": "1940.7", "import_consigment": "3084.9"}, {"country": "Netherlands", "year": "2021", "timeperiod": "2", "export": "12816.2", "import_origin": "1797.5", "import_consigment": "4956.9"}, {"country": "Netherlands", "year": "2021", "timeperiod": "3", "export": "9475.3", "import_origin": "2424.3", "import_consigment": "5459.8"}, {"country": "Netherlands", "year": "2021", "timeperiod": "4", "export": "12247.3", "import_origin": "6068.1", "import_consigment": "9647.7"}, {"country": "Netherlands", "year": "2021", "timeperiod": "5", "export": "12950.0", "import_origin": "2760.8", "import_consigment": "6031.0"}, {"country": "Netherlands", "year": "2021", "timeperiod": "6", "export": "18140.6", "import_origin": "2994.2", "import_consigment": "7858.2"}]}