{"data": [{"country": "Austria", "year": "2018", "timeperiod": "9", "export": "867.8", "import_origin": "1695.2", "import_consigment": "2669.2"}, {"country": "Austria", "year": "2018", "timeperiod": "10", "export": "538.9", "import_origin": "3501.3", "import_consigment": "3002.3"}, {"country": "Austria", "year": "2018", "timeperiod": "11", "export": "467.0", "import_origin": "7205.0", "import_consigment": "5256.2"}, {"country": "Austria", "year": "2018", "timeperiod": "12", "export": "596.5", "import_origin": "1867.5", "import_consigment": "1998.1"}, {"country": "Austria", "year": "2018", "timeperiod": "Year", "export": "6370.5", "import_origin": "28772.5", "import_consigment": "35440.7"}, {"country": "Austria", "year": "2017", "timeperiod": "1", "export": "136.6", "import_origin": "744.5", "import_consigment": "1059.2"}, {"country": "Austria", "year": "2017", "timeperiod": "2", "export": "60.3", "import_origin": "984.9", "import_consigment": "1174.6"}, {"country": "Austria", "year": "2017", "timeperiod": "3", "export": "77.8", "import_origin": "1035.2", "import_consigment": "949.2"}, {"country": "Austria", "year": "2017", "timeperiod": "4", "export": "22.3", "import_origin": "2154.4", "import_consigment": "3728.1"}, {"country": "Austria", "year": "2017", "timeperiod": "5", "export": "36.2", "import_origin": "786.5", "import_consigment": "476.7"}, {"country": "Austria", "year": "2017", "timeperiod": "6", "export": "14.4", "import_origin": "919.7", "import_consigment": "1079.9"}, {"country": "Austria", "year": "2017", "timeperiod": "7", "export": "55.0", "import_origin": "1158.7", "import_consigment": "1872.3"}, {"country": "Austria", "year": "2017", "timeperiod": "8", "export": "246.6", "import_origin": "1504.7", "import_consigment": "1865.0"}, {"country": "Austria", "year": "2017", "timeperiod": "9", "export": "120.4", "import_origin": "3384.4", "import_consigment": "4729.9"}, {"country": "Austria", "year": "2017", "timeperiod": "10", "export": "293.1", "import_origin": "5868.7", "import_consigment": "6459.5"}, {"country": "Austria", "year": "2017", "timeperiod": "11", "export": "391.5", "import_origin": "1457.0", "import_consigment": "1922.5"}, {"country": "Austria", "year": "2017", "timeperiod": "12", "export": "489.0", "import_origin": "975.5", "import_consigment": "1203.4"}, {"country": "Austria", "year": "2017", "timeperiod": "Year", "export": "1943.1", "import_origin": "20974.3", "import_consigment": "26520.2"}, {"country": "Bahamas", "year": "2022", "timeperiod": "6", "export": "-", "import_origin": "0.6", "import_consigment": "-"}, {"country": "Bahamas", "year": "2022", "timeperiod": "7", "export": "-", "import_origin": "0.1", "import_consigment": "-"}, {"country": "Bahamas", "year": "2022", "timeperiod": "9", "export": "-", "import_origin": "1.2", "import_consigment": "-"}, {"country": "Bahamas", "year": "2022", "timeperiod": "10", "export": "-", "import_origin": "0.4", "import_consigment": "-"}, {"country": "Bahamas", "year": "2022", "timeperiod": "11", "export": "-", "import_origin": "0.9", "import_consigment": "-"}, {"country": "Bahamas", "year": "2022", "timeperiod": "12", "export": "-", "import_origin": "2.7", "import_consigment": "-"}, {"country": "Bahamas", "year": "2022", "timeperiod": "Year", "export": "-", "import_origin": "5.9", "import_consigment": "-"}]}