{"data": [{"country": "Canada", "year": "2021", "timeperiod": "Year", "export": "5582.8", "import_origin": "20562.5", "import_consigment": "13446.9"}, {"country": "Canada", "year": "2020", "timeperiod": "1", "export": "482.5", "import_origin": "2269.1", "import_consigment": "1036.9"}, {"country": "Canada", "year": "2020", "timeperiod": "2", "export": "483.1", "import_origin": "865.2", "import_consigment": "479.3"}, {"country": "Canada", "year": "2020", "timeperiod": "3", "export": "176.3", "import_origin": "1091.1", "import_consigment": "539.2"}, {"country": "Canada", "year": "2020", "timeperiod": "4", "export": "0.5", "import_origin": "1243.7", "import_consigment": "835.4"}, {"country": "Canada", "year": "2020", "timeperiod": "5", "export": "86.4", "import_origin": "640.3", "import_consigment": "470.8"}, {"country": "Canada", "year": "2020", "timeperiod": "6", "export": "283.9", "import_origin": "1356.5", "import_consigment": "986.9"}, {"country": "Canada", "year": "2020", "timeperiod": "7", "export": "1133.0", "import_origin": "1025.1", "import_consigment": "621.3"}, {"country": "Canada", "year": "2020", "timeperiod": "8", "export": "120.2", "import_origin": "1062.5", "import_consigment": "543.9"}, {"country": "Canada", "year": "2020", "timeperiod": "9", "export": "135.6", "import_origin": "692.4", "import_consigment": "406.6"}, {"country": "Canada", "year": "2020", "timeperiod": "10", "export": "68.7", "import_origin": "625.3", "import_consigment": "444.9"}, {"country": "Canada", "year": "2020", "timeperiod": "11", "export": "200.7", "import_origin": "2695.8", "import_consigment": "2491.2"}, {"country": "Canada", "year": "2020", "timeperiod": "12", "export": "286.3", "import_origin": "1037.8", "import_consigment": "573.8"}, {"country": "Canada", "year": "2020", "timeperiod": "Year", "export": "3457.2", "import_origin": "14604.8", "import_consigment": "9430.2"}, {"country": "Canada", "year": "2019", "timeperiod": "1", "export": "3286.1", "import_origin": "2581.0", "import_consigment": "939.0"}, {"country": "Canada", "year": "2019", "timeperiod": "2", "export": "4574.2", "import_origin": "1046.2", "import_consigment": "321.6"}, {"country": "Canada", "year": "2019", "timeperiod": "3", "export": "8778.2", "import_origin": "1571.4", "import_consigment": "941.8"}, {"country": "Canada", "year": "2019", "timeperiod": "4", "export": "3552.5", "import_origin": "1692.9", "import_consigment": "621.5"}, {"country": "Canada", "year": "2019", "timeperiod": "5", "export": "4080.5", "import_origin": "3118.6", "import_consigment": "1485.0"}, {"country": "Canada", "year": "2019", "timeperiod": "6", "export": "8205.7", "import_origin": "2247.2", "import_consigment": "646.2"}, {"country": "Canada", "year": "2019", "timeperiod": "7", "export": "4206.9", "import_origin": "1943.4", "import_consigment": "546.3"}, {"country": "Canada", "year": "2019", "timeperiod": "8", "export": "3947.6", "import_origin": "4067.3", "import_consigment": "1007.8"}, {"country": "Canada", "year": "2019", "timeperiod": "9", "export": "6340.8", "import_origin": "3737.9", "import_consigment": "361.2"}, {"country": "Canada", "year": "2019", "timeperiod": "10", "export": "9443.2", "import_origin": "3737.7", "import_consigment": "664.4"}, {"country": "Canada", "year": "2019", "timeperiod": "11", "export": "1184.5", "import_origin": "4951.4", "import_consigment": "1674.9"}]}