{"data": [{"country": "Palestinian Territory, Occupied", "year": "2019", "timeperiod": "7", "export": "-", "import_origin": "49.9", "import_consigment": "-"}, {"country": "Palestinian Territory, Occupied", "year": "2019", "timeperiod": "8", "export": "-", "import_origin": "61.3", "import_consigment": "-"}, {"country": "Palestinian Territory, Occupied", "year": "2019", "timeperiod": "11", "export": "-", "import_origin": "40.2", "import_consigment": "-"}, {"country": "Palestinian Territory, Occupied", "year": "2019", "timeperiod": "Year", "export": "63.4", "import_origin": "199.5", "import_consigment": "-"}, {"country": "Palestinian Territory, Occupied", "year": "2018", "timeperiod": "8", "export": "-", "import_origin": "41.3", "import_consigment": "-"}, {"country": "Palestinian Territory, Occupied", "year": "2018", "timeperiod": "11", "export": "-", "import_origin": "56.2", "import_consigment": "-"}, {"country": "Palestinian Territory, Occupied", "year": "2018", "timeperiod": "Year", "export": "-", "import_origin": "97.4", "import_consigment": "-"}, {"country": "Palestinian Territory, Occupied", "year": "2017", "timeperiod": "1", "export": "-", "import_origin": "34.7", "import_consigment": "-"}, {"country": "Palestinian Territory, Occupied", "year": "2017", "timeperiod": "3", "export": "-", "import_origin": "-", "import_consigment": "-"}, {"country": "Palestinian Territory, Occupied", "year": "2017", "timeperiod": "4", "export": "-", "import_origin": "59.4", "import_consigment": "-"}, {"country": "Palestinian Territory, Occupied", "year": "2017", "timeperiod": "8", "export": "-", "import_origin": "71.8", "import_consigment": "-"}, {"country": "Palestinian Territory, Occupied", "year": "2017", "timeperiod": "10", "export": "-", "import_origin": "0.4", "import_consigment": "-"}, {"country": "Palestinian Territory, Occupied", "year": "2017", "timeperiod": "11", "export": "-", "import_origin": "0.1", "import_consigment": "-"}, {"country": "Palestinian Territory, Occupied", "year": "2017", "timeperiod": "12", "export": "-", "import_origin": "47.3", "import_consigment": "-"}, {"country": "Palestinian Territory, Occupied", "year": "2017", "timeperiod": "Year", "export": "-", "import_origin": "213.7", "import_consigment": "-"}, {"country": "Germany", "year": "2023", "timeperiod": "1", "export": "7942.5", "import_origin": "43785.2", "import_consigment": "48168.5"}, {"country": "Germany", "year": "2023", "timeperiod": "Year", "export": "7942.5", "import_origin": "43785.2", "import_consigment": "48168.5"}, {"country": "Germany", "year": "2022", "timeperiod": "1", "export": "5531.5", "import_origin": "18881.8", "import_consigment": "20328.6"}, {"country": "Germany", "year": "2022", "timeperiod": "2", "export": "9629.7", "import_origin": "20449.5", "import_consigment": "19177.5"}, {"country": "Germany", "year": "2022", "timeperiod": "3", "export": "12253.7", "import_origin": "21061.4", "import_consigment": "23703.3"}, {"country": "Germany", "year": "2022", "timeperiod": "4", "export": "10853.2", "import_origin": "21051.9", "import_consigment": "20101.3"}, {"country": "Germany", "year": "2022", "timeperiod": "5", "export": "8310.7", "import_origin": "24938.5", "import_consigment": "28076.6"}, {"country": "Germany", "year": "2022", "timeperiod": "6", "export": "8013.9", "import_origin": "31192.2", "import_consigment": "34807.2"}, {"country": "Germany", "year": "2022", "timeperiod": "7", "export": "10020.3", "import_origin": "32500.7", "import_consigment": "40613.0"}, {"country": "Germany", "year": "2022", "timeperiod": "8", "export": "9164.8", "import_origin": "40687.5", "import_consigment": "51454.1"}]}