{"data": [{"country": "Ecuador", "year": "2019", "timeperiod": "7", "export": "-", "import_origin": "860.8", "import_consigment": "580.2"}, {"country": "Ecuador", "year": "2019", "timeperiod": "8", "export": "-", "import_origin": "913.3", "import_consigment": "503.8"}, {"country": "Ecuador", "year": "2019", "timeperiod": "9", "export": "-", "import_origin": "817.8", "import_consigment": "449.4"}, {"country": "Ecuador", "year": "2019", "timeperiod": "10", "export": "-", "import_origin": "1347.0", "import_consigment": "793.3"}, {"country": "Ecuador", "year": "2019", "timeperiod": "11", "export": "-", "import_origin": "1208.3", "import_consigment": "715.9"}, {"country": "Ecuador", "year": "2019", "timeperiod": "12", "export": "-", "import_origin": "1933.1", "import_consigment": "1211.8"}, {"country": "Ecuador", "year": "2019", "timeperiod": "Year", "export": "-", "import_origin": "15374.8", "import_consigment": "7419.5"}, {"country": "Ecuador", "year": "2018", "timeperiod": "1", "export": "-", "import_origin": "180.0", "import_consigment": "110.4"}, {"country": "Ecuador", "year": "2018", "timeperiod": "2", "export": "-", "import_origin": "579.2", "import_consigment": "299.4"}, {"country": "Ecuador", "year": "2018", "timeperiod": "3", "export": "0.1", "import_origin": "1933.5", "import_consigment": "1662.4"}, {"country": "Ecuador", "year": "2018", "timeperiod": "4", "export": "-", "import_origin": "1319.5", "import_consigment": "995.7"}, {"country": "Ecuador", "year": "2018", "timeperiod": "5", "export": "-", "import_origin": "3876.9", "import_consigment": "2726.0"}, {"country": "Ecuador", "year": "2018", "timeperiod": "6", "export": "-", "import_origin": "922.2", "import_consigment": "470.9"}, {"country": "Ecuador", "year": "2018", "timeperiod": "7", "export": "-", "import_origin": "915.2", "import_consigment": "483.2"}, {"country": "Ecuador", "year": "2018", "timeperiod": "8", "export": "-", "import_origin": "767.1", "import_consigment": "235.2"}, {"country": "Ecuador", "year": "2018", "timeperiod": "9", "export": "-", "import_origin": "1039.4", "import_consigment": "707.0"}, {"country": "Ecuador", "year": "2018", "timeperiod": "10", "export": "-", "import_origin": "1271.6", "import_consigment": "752.2"}, {"country": "Ecuador", "year": "2018", "timeperiod": "11", "export": "-", "import_origin": "950.1", "import_consigment": "587.1"}, {"country": "Ecuador", "year": "2018", "timeperiod": "12", "export": "-", "import_origin": "1336.8", "import_consigment": "745.5"}, {"country": "Ecuador", "year": "2018", "timeperiod": "Year", "export": "0.1", "import_origin": "15091.6", "import_consigment": "9774.8"}, {"country": "Ecuador", "year": "2017", "timeperiod": "1", "export": "-", "import_origin": "558.3", "import_consigment": "542.1"}, {"country": "Ecuador", "year": "2017", "timeperiod": "2", "export": "-", "import_origin": "1189.4", "import_consigment": "902.9"}, {"country": "Ecuador", "year": "2017", "timeperiod": "3", "export": "-", "import_origin": "984.0", "import_consigment": "748.1"}, {"country": "Ecuador", "year": "2017", "timeperiod": "4", "export": "-", "import_origin": "1229.5", "import_consigment": "1134.3"}, {"country": "Ecuador", "year": "2017", "timeperiod": "5", "export": "-", "import_origin": "678.7", "import_consigment": "543.2"}]}