{"data": [{"country": "Moldova, Republic of", "year": "2018", "timeperiod": "3", "export": "147.2", "import_origin": "161.2", "import_consigment": "194.7"}, {"country": "Moldova, Republic of", "year": "2018", "timeperiod": "4", "export": "5.8", "import_origin": "208.1", "import_consigment": "287.7"}, {"country": "Moldova, Republic of", "year": "2018", "timeperiod": "5", "export": "96.0", "import_origin": "190.3", "import_consigment": "159.9"}, {"country": "Moldova, Republic of", "year": "2018", "timeperiod": "6", "export": "233.7", "import_origin": "36.3", "import_consigment": "22.4"}, {"country": "Moldova, Republic of", "year": "2018", "timeperiod": "7", "export": "16.4", "import_origin": "335.3", "import_consigment": "343.1"}, {"country": "Moldova, Republic of", "year": "2018", "timeperiod": "8", "export": "59.8", "import_origin": "111.1", "import_consigment": "101.4"}, {"country": "Moldova, Republic of", "year": "2018", "timeperiod": "9", "export": "137.1", "import_origin": "266.7", "import_consigment": "248.8"}, {"country": "Moldova, Republic of", "year": "2018", "timeperiod": "10", "export": "85.1", "import_origin": "344.1", "import_consigment": "286.1"}, {"country": "Moldova, Republic of", "year": "2018", "timeperiod": "11", "export": "132.2", "import_origin": "297.0", "import_consigment": "294.9"}, {"country": "Moldova, Republic of", "year": "2018", "timeperiod": "12", "export": "303.9", "import_origin": "223.1", "import_consigment": "389.3"}, {"country": "Moldova, Republic of", "year": "2018", "timeperiod": "Year", "export": "1410.4", "import_origin": "2391.4", "import_consigment": "2505.3"}, {"country": "Moldova, Republic of", "year": "2017", "timeperiod": "1", "export": "-", "import_origin": "11.1", "import_consigment": "2.7"}, {"country": "Moldova, Republic of", "year": "2017", "timeperiod": "2", "export": "52.1", "import_origin": "24.3", "import_consigment": "78.0"}, {"country": "Moldova, Republic of", "year": "2017", "timeperiod": "3", "export": "110.9", "import_origin": "72.5", "import_consigment": "59.7"}, {"country": "Moldova, Republic of", "year": "2017", "timeperiod": "4", "export": "32.5", "import_origin": "58.4", "import_consigment": "53.6"}, {"country": "Moldova, Republic of", "year": "2017", "timeperiod": "5", "export": "10.9", "import_origin": "78.2", "import_consigment": "70.5"}, {"country": "Moldova, Republic of", "year": "2017", "timeperiod": "6", "export": "81.2", "import_origin": "139.7", "import_consigment": "204.7"}, {"country": "Moldova, Republic of", "year": "2017", "timeperiod": "7", "export": "-", "import_origin": "58.5", "import_consigment": "15.6"}, {"country": "Moldova, Republic of", "year": "2017", "timeperiod": "8", "export": "19.2", "import_origin": "173.9", "import_consigment": "147.4"}, {"country": "Moldova, Republic of", "year": "2017", "timeperiod": "9", "export": "87.8", "import_origin": "108.9", "import_consigment": "171.9"}, {"country": "Moldova, Republic of", "year": "2017", "timeperiod": "10", "export": "4.1", "import_origin": "84.3", "import_consigment": "65.4"}, {"country": "Moldova, Republic of", "year": "2017", "timeperiod": "11", "export": "127.7", "import_origin": "258.1", "import_consigment": "232.0"}, {"country": "Moldova, Republic of", "year": "2017", "timeperiod": "12", "export": "108.2", "import_origin": "206.8", "import_consigment": "274.3"}, {"country": "Moldova, Republic of", "year": "2017", "timeperiod": "Year", "export": "634.6", "import_origin": "1274.7", "import_consigment": "1375.8"}, {"country": "Montenegro", "year": "2023", "timeperiod": "1", "export": "-", "import_origin": "11.6", "import_consigment": "-"}]}