{"data": [{"country": "Serbia", "year": "2018", "timeperiod": "Year", "export": "177.7", "import_origin": "3366.4", "import_consigment": "2589.7"}, {"country": "Serbia", "year": "2017", "timeperiod": "1", "export": "-", "import_origin": "253.8", "import_consigment": "209.3"}, {"country": "Serbia", "year": "2017", "timeperiod": "2", "export": "-", "import_origin": "44.9", "import_consigment": "17.4"}, {"country": "Serbia", "year": "2017", "timeperiod": "3", "export": "112.0", "import_origin": "20.9", "import_consigment": "21.9"}, {"country": "Serbia", "year": "2017", "timeperiod": "4", "export": "-", "import_origin": "250.8", "import_consigment": "191.5"}, {"country": "Serbia", "year": "2017", "timeperiod": "5", "export": "-", "import_origin": "40.2", "import_consigment": "-"}, {"country": "Serbia", "year": "2017", "timeperiod": "6", "export": "-", "import_origin": "402.1", "import_consigment": "194.7"}, {"country": "Serbia", "year": "2017", "timeperiod": "7", "export": "-", "import_origin": "195.9", "import_consigment": "155.5"}, {"country": "Serbia", "year": "2017", "timeperiod": "8", "export": "-", "import_origin": "67.0", "import_consigment": "38.1"}, {"country": "Serbia", "year": "2017", "timeperiod": "9", "export": "-", "import_origin": "312.5", "import_consigment": "107.7"}, {"country": "Serbia", "year": "2017", "timeperiod": "10", "export": "117.3", "import_origin": "358.0", "import_consigment": "183.2"}, {"country": "Serbia", "year": "2017", "timeperiod": "11", "export": "0.2", "import_origin": "162.4", "import_consigment": "64.2"}, {"country": "Serbia", "year": "2017", "timeperiod": "12", "export": "14.5", "import_origin": "230.3", "import_consigment": "185.8"}, {"country": "Serbia", "year": "2017", "timeperiod": "Year", "export": "244.0", "import_origin": "2338.7", "import_consigment": "1369.3"}, {"country": "Seychelles", "year": "2021", "timeperiod": "2", "export": "1.0", "import_origin": "-", "import_consigment": "-"}, {"country": "Seychelles", "year": "2021", "timeperiod": "3", "export": "28.9", "import_origin": "-", "import_consigment": "-"}, {"country": "Seychelles", "year": "2021", "timeperiod": "5", "export": "46.0", "import_origin": "5.0", "import_consigment": "-"}, {"country": "Seychelles", "year": "2021", "timeperiod": "7", "export": "-", "import_origin": "-", "import_consigment": "-"}, {"country": "Seychelles", "year": "2021", "timeperiod": "10", "export": "-", "import_origin": "7.2", "import_consigment": "-"}, {"country": "Seychelles", "year": "2021", "timeperiod": "Year", "export": "75.9", "import_origin": "12.2", "import_consigment": "-"}, {"country": "Seychelles", "year": "2020", "timeperiod": "11", "export": "0.6", "import_origin": "-", "import_consigment": "-"}, {"country": "Seychelles", "year": "2020", "timeperiod": "Year", "export": "0.6", "import_origin": "-", "import_consigment": "-"}, {"country": "Seychelles", "year": "2019", "timeperiod": "2", "export": "0.1", "import_origin": "-", "import_consigment": "-"}, {"country": "Seychelles", "year": "2019", "timeperiod": "3", "export": "8.3", "import_origin": "-", "import_consigment": "-"}, {"country": "Seychelles", "year": "2019", "timeperiod": "4", "export": "5.4", "import_origin": "-", "import_consigment": "3.8"}]}