{"data": [{"country": "Italy", "year": "2023", "timeperiod": "1", "export": "2593.6", "import_origin": "23212.6", "import_consigment": "20399.0"}, {"country": "Italy", "year": "2023", "timeperiod": "Year", "export": "2593.6", "import_origin": "23212.6", "import_consigment": "20399.0"}, {"country": "Italy", "year": "2022", "timeperiod": "1", "export": "3616.2", "import_origin": "11605.4", "import_consigment": "9401.9"}, {"country": "Italy", "year": "2022", "timeperiod": "2", "export": "7101.8", "import_origin": "15166.5", "import_consigment": "13019.5"}, {"country": "Italy", "year": "2022", "timeperiod": "3", "export": "4957.5", "import_origin": "16685.0", "import_consigment": "15149.1"}, {"country": "Italy", "year": "2022", "timeperiod": "4", "export": "6085.9", "import_origin": "22620.1", "import_consigment": "20991.9"}, {"country": "Italy", "year": "2022", "timeperiod": "5", "export": "5081.2", "import_origin": "19156.4", "import_consigment": "16910.4"}, {"country": "Italy", "year": "2022", "timeperiod": "6", "export": "5031.7", "import_origin": "24486.0", "import_consigment": "21902.6"}, {"country": "Italy", "year": "2022", "timeperiod": "7", "export": "5297.4", "import_origin": "23885.6", "import_consigment": "21276.6"}, {"country": "Italy", "year": "2022", "timeperiod": "8", "export": "6885.2", "import_origin": "26625.7", "import_consigment": "24059.4"}, {"country": "Italy", "year": "2022", "timeperiod": "9", "export": "4790.0", "import_origin": "27175.3", "import_consigment": "24558.0"}, {"country": "Italy", "year": "2022", "timeperiod": "10", "export": "6263.2", "import_origin": "24283.9", "import_consigment": "21569.3"}, {"country": "Italy", "year": "2022", "timeperiod": "11", "export": "4916.5", "import_origin": "31370.9", "import_consigment": "28032.1"}, {"country": "Italy", "year": "2022", "timeperiod": "12", "export": "5074.4", "import_origin": "36062.5", "import_consigment": "28307.8"}, {"country": "Italy", "year": "2022", "timeperiod": "Year", "export": "65101.1", "import_origin": "279123.3", "import_consigment": "245178.7"}, {"country": "Italy", "year": "2021", "timeperiod": "1", "export": "2283.9", "import_origin": "12083.3", "import_consigment": "10929.7"}, {"country": "Italy", "year": "2021", "timeperiod": "2", "export": "2819.8", "import_origin": "14599.7", "import_consigment": "13716.0"}, {"country": "Italy", "year": "2021", "timeperiod": "3", "export": "3606.4", "import_origin": "19412.8", "import_consigment": "14529.8"}, {"country": "Italy", "year": "2021", "timeperiod": "4", "export": "5723.4", "import_origin": "20502.6", "import_consigment": "17804.6"}, {"country": "Italy", "year": "2021", "timeperiod": "5", "export": "6323.5", "import_origin": "17734.5", "import_consigment": "14612.4"}, {"country": "Italy", "year": "2021", "timeperiod": "6", "export": "4973.3", "import_origin": "16477.7", "import_consigment": "14966.3"}, {"country": "Italy", "year": "2021", "timeperiod": "7", "export": "6838.7", "import_origin": "21366.0", "import_consigment": "19022.4"}, {"country": "Italy", "year": "2021", "timeperiod": "8", "export": "4764.0", "import_origin": "23252.8", "import_consigment": "21485.3"}, {"country": "Italy", "year": "2021", "timeperiod": "9", "export": "6828.2", "import_origin": "18685.0", "import_consigment": "16330.2"}, {"country": "Italy", "year": "2021", "timeperiod": "10", "export": "6644.4", "import_origin": "24699.6", "import_consigment": "21375.1"}]}