{"data": [{"country": "Russian Federation", "year": "2018", "timeperiod": "9", "export": "59482.6", "import_origin": "99513.9", "import_consigment": "112613.8"}, {"country": "Russian Federation", "year": "2018", "timeperiod": "10", "export": "66016.0", "import_origin": "115082.8", "import_consigment": "125515.6"}, {"country": "Russian Federation", "year": "2018", "timeperiod": "11", "export": "56272.8", "import_origin": "129398.9", "import_consigment": "141993.9"}, {"country": "Russian Federation", "year": "2018", "timeperiod": "12", "export": "59505.2", "import_origin": "110032.4", "import_consigment": "123732.4"}, {"country": "Russian Federation", "year": "2018", "timeperiod": "Year", "export": "666126.1", "import_origin": "1259687.9", "import_consigment": "1396367.1"}, {"country": "Russian Federation", "year": "2017", "timeperiod": "1", "export": "29735.7", "import_origin": "84422.3", "import_consigment": "89182.3"}, {"country": "Russian Federation", "year": "2017", "timeperiod": "2", "export": "36629.8", "import_origin": "88244.6", "import_consigment": "94304.4"}, {"country": "Russian Federation", "year": "2017", "timeperiod": "3", "export": "36677.8", "import_origin": "89016.7", "import_consigment": "95621.1"}, {"country": "Russian Federation", "year": "2017", "timeperiod": "4", "export": "31774.7", "import_origin": "85826.5", "import_consigment": "92306.6"}, {"country": "Russian Federation", "year": "2017", "timeperiod": "5", "export": "44794.5", "import_origin": "88990.4", "import_consigment": "98764.9"}, {"country": "Russian Federation", "year": "2017", "timeperiod": "6", "export": "44914.6", "import_origin": "82051.0", "import_consigment": "90347.5"}, {"country": "Russian Federation", "year": "2017", "timeperiod": "7", "export": "45679.9", "import_origin": "93273.4", "import_consigment": "102535.7"}, {"country": "Russian Federation", "year": "2017", "timeperiod": "8", "export": "52006.8", "import_origin": "70665.9", "import_consigment": "79174.8"}, {"country": "Russian Federation", "year": "2017", "timeperiod": "9", "export": "81093.8", "import_origin": "111112.4", "import_consigment": "119024.8"}, {"country": "Russian Federation", "year": "2017", "timeperiod": "10", "export": "49503.3", "import_origin": "118392.1", "import_consigment": "126770.6"}, {"country": "Russian Federation", "year": "2017", "timeperiod": "11", "export": "54927.4", "import_origin": "126440.3", "import_consigment": "137151.9"}, {"country": "Russian Federation", "year": "2017", "timeperiod": "12", "export": "49518.1", "import_origin": "134798.2", "import_consigment": "144588.5"}, {"country": "Russian Federation", "year": "2017", "timeperiod": "Year", "export": "557256.2", "import_origin": "1173233.7", "import_consigment": "1269773.1"}, {"country": "Rwanda", "year": "2023", "timeperiod": "1", "export": "-", "import_origin": "4.1", "import_consigment": "-"}, {"country": "Rwanda", "year": "2023", "timeperiod": "Year", "export": "-", "import_origin": "4.1", "import_consigment": "-"}, {"country": "Rwanda", "year": "2022", "timeperiod": "2", "export": "-", "import_origin": "10.0", "import_consigment": "-"}, {"country": "Rwanda", "year": "2022", "timeperiod": "3", "export": "-", "import_origin": "0.5", "import_consigment": "-"}, {"country": "Rwanda", "year": "2022", "timeperiod": "5", "export": "-", "import_origin": "36.0", "import_consigment": "-"}, {"country": "Rwanda", "year": "2022", "timeperiod": "6", "export": "-", "import_origin": "8.8", "import_consigment": "-"}, {"country": "Rwanda", "year": "2022", "timeperiod": "7", "export": "-", "import_origin": "35.3", "import_consigment": "-"}]}