{"data": [{"country": "Brazil", "year": "2020", "timeperiod": "7", "export": "0.7", "import_origin": "2950.8", "import_consigment": "1182.1"}, {"country": "Brazil", "year": "2020", "timeperiod": "8", "export": "-", "import_origin": "4168.3", "import_consigment": "1747.4"}, {"country": "Brazil", "year": "2020", "timeperiod": "9", "export": "-", "import_origin": "2953.4", "import_consigment": "452.9"}, {"country": "Brazil", "year": "2020", "timeperiod": "10", "export": "0.6", "import_origin": "1549.5", "import_consigment": "254.9"}, {"country": "Brazil", "year": "2020", "timeperiod": "11", "export": "-", "import_origin": "9368.4", "import_consigment": "8420.7"}, {"country": "Brazil", "year": "2020", "timeperiod": "12", "export": "0.8", "import_origin": "10531.3", "import_consigment": "7888.7"}, {"country": "Brazil", "year": "2020", "timeperiod": "Year", "export": "2.1", "import_origin": "54906.9", "import_consigment": "36463.8"}, {"country": "Brazil", "year": "2019", "timeperiod": "1", "export": "-", "import_origin": "1569.5", "import_consigment": "849.2"}, {"country": "Brazil", "year": "2019", "timeperiod": "2", "export": "-", "import_origin": "5069.3", "import_consigment": "3638.7"}, {"country": "Brazil", "year": "2019", "timeperiod": "3", "export": "-", "import_origin": "1662.6", "import_consigment": "964.1"}, {"country": "Brazil", "year": "2019", "timeperiod": "4", "export": "-", "import_origin": "6241.9", "import_consigment": "3549.8"}, {"country": "Brazil", "year": "2019", "timeperiod": "5", "export": "-", "import_origin": "6267.5", "import_consigment": "4334.3"}, {"country": "Brazil", "year": "2019", "timeperiod": "6", "export": "-", "import_origin": "13369.6", "import_consigment": "11627.4"}, {"country": "Brazil", "year": "2019", "timeperiod": "7", "export": "-", "import_origin": "9959.2", "import_consigment": "6728.5"}, {"country": "Brazil", "year": "2019", "timeperiod": "8", "export": "-", "import_origin": "3403.9", "import_consigment": "1899.5"}, {"country": "Brazil", "year": "2019", "timeperiod": "9", "export": "-", "import_origin": "2512.8", "import_consigment": "1393.9"}, {"country": "Brazil", "year": "2019", "timeperiod": "10", "export": "-", "import_origin": "5028.0", "import_consigment": "2696.6"}, {"country": "Brazil", "year": "2019", "timeperiod": "11", "export": "-", "import_origin": "4902.0", "import_consigment": "2964.3"}, {"country": "Brazil", "year": "2019", "timeperiod": "12", "export": "-", "import_origin": "7561.0", "import_consigment": "4249.1"}, {"country": "Brazil", "year": "2019", "timeperiod": "Year", "export": "-", "import_origin": "67547.1", "import_consigment": "44895.5"}, {"country": "Brazil", "year": "2018", "timeperiod": "1", "export": "-", "import_origin": "4802.6", "import_consigment": "4422.3"}, {"country": "Brazil", "year": "2018", "timeperiod": "2", "export": "-", "import_origin": "3449.3", "import_consigment": "2672.1"}, {"country": "Brazil", "year": "2018", "timeperiod": "3", "export": "75.2", "import_origin": "2095.0", "import_consigment": "1191.6"}, {"country": "Brazil", "year": "2018", "timeperiod": "4", "export": "-", "import_origin": "5159.5", "import_consigment": "4166.3"}, {"country": "Brazil", "year": "2018", "timeperiod": "5", "export": "-", "import_origin": "4671.5", "import_consigment": "2986.5"}]}