{"data": [{"country": "Faeroe Islands", "year": "2019", "timeperiod": "4", "export": "-", "import_origin": "14.3", "import_consigment": "-"}, {"country": "Faeroe Islands", "year": "2019", "timeperiod": "5", "export": "-", "import_origin": "31.0", "import_consigment": "-"}, {"country": "Faeroe Islands", "year": "2019", "timeperiod": "6", "export": "-", "import_origin": "28.8", "import_consigment": "-"}, {"country": "Faeroe Islands", "year": "2019", "timeperiod": "7", "export": "-", "import_origin": "17.4", "import_consigment": "-"}, {"country": "Faeroe Islands", "year": "2019", "timeperiod": "8", "export": "-", "import_origin": "22.8", "import_consigment": "-"}, {"country": "Faeroe Islands", "year": "2019", "timeperiod": "9", "export": "-", "import_origin": "20.7", "import_consigment": "-"}, {"country": "Faeroe Islands", "year": "2019", "timeperiod": "10", "export": "-", "import_origin": "18.0", "import_consigment": "-"}, {"country": "Faeroe Islands", "year": "2019", "timeperiod": "11", "export": "-", "import_origin": "19.4", "import_consigment": "-"}, {"country": "Faeroe Islands", "year": "2019", "timeperiod": "12", "export": "-", "import_origin": "17.3", "import_consigment": "-"}, {"country": "Faeroe Islands", "year": "2019", "timeperiod": "Year", "export": "-", "import_origin": "261.9", "import_consigment": "-"}, {"country": "Faeroe Islands", "year": "2018", "timeperiod": "1", "export": "-", "import_origin": "9.2", "import_consigment": "-"}, {"country": "Faeroe Islands", "year": "2018", "timeperiod": "2", "export": "-", "import_origin": "20.7", "import_consigment": "-"}, {"country": "Faeroe Islands", "year": "2018", "timeperiod": "3", "export": "-", "import_origin": "12.7", "import_consigment": "-"}, {"country": "Faeroe Islands", "year": "2018", "timeperiod": "4", "export": "-", "import_origin": "16.2", "import_consigment": "-"}, {"country": "Faeroe Islands", "year": "2018", "timeperiod": "5", "export": "-", "import_origin": "16.3", "import_consigment": "-"}, {"country": "Faeroe Islands", "year": "2018", "timeperiod": "6", "export": "-", "import_origin": "14.9", "import_consigment": "-"}, {"country": "Faeroe Islands", "year": "2018", "timeperiod": "7", "export": "-", "import_origin": "16.5", "import_consigment": "-"}, {"country": "Faeroe Islands", "year": "2018", "timeperiod": "8", "export": "-", "import_origin": "18.3", "import_consigment": "-"}, {"country": "Faeroe Islands", "year": "2018", "timeperiod": "9", "export": "-", "import_origin": "29.6", "import_consigment": "-"}, {"country": "Faeroe Islands", "year": "2018", "timeperiod": "10", "export": "-", "import_origin": "19.6", "import_consigment": "-"}, {"country": "Faeroe Islands", "year": "2018", "timeperiod": "11", "export": "-", "import_origin": "16.5", "import_consigment": "-"}, {"country": "Faeroe Islands", "year": "2018", "timeperiod": "12", "export": "-", "import_origin": "24.9", "import_consigment": "-"}, {"country": "Faeroe Islands", "year": "2018", "timeperiod": "Year", "export": "-", "import_origin": "215.4", "import_consigment": "-"}, {"country": "Faeroe Islands", "year": "2017", "timeperiod": "1", "export": "-", "import_origin": "4.2", "import_consigment": "-"}, {"country": "Faeroe Islands", "year": "2017", "timeperiod": "2", "export": "-", "import_origin": "9.0", "import_consigment": "-"}]}