{"data": [{"country": "Iceland", "year": "2018", "timeperiod": "6", "export": "-", "import_origin": "0.6", "import_consigment": "-"}, {"country": "Iceland", "year": "2018", "timeperiod": "8", "export": "-", "import_origin": "120.0", "import_consigment": "110.0"}, {"country": "Iceland", "year": "2018", "timeperiod": "9", "export": "-", "import_origin": "0.4", "import_consigment": "-"}, {"country": "Iceland", "year": "2018", "timeperiod": "10", "export": "13.2", "import_origin": "348.8", "import_consigment": "301.3"}, {"country": "Iceland", "year": "2018", "timeperiod": "11", "export": "-", "import_origin": "313.0", "import_consigment": "258.6"}, {"country": "Iceland", "year": "2018", "timeperiod": "12", "export": "-", "import_origin": "208.4", "import_consigment": "138.1"}, {"country": "Iceland", "year": "2018", "timeperiod": "Year", "export": "13.2", "import_origin": "1268.6", "import_consigment": "1067.0"}, {"country": "Iceland", "year": "2017", "timeperiod": "1", "export": "-", "import_origin": "40.3", "import_consigment": "-"}, {"country": "Iceland", "year": "2017", "timeperiod": "2", "export": "-", "import_origin": "30.0", "import_consigment": "-"}, {"country": "Iceland", "year": "2017", "timeperiod": "3", "export": "-", "import_origin": "22.1", "import_consigment": "-"}, {"country": "Iceland", "year": "2017", "timeperiod": "4", "export": "-", "import_origin": "3.9", "import_consigment": "3.7"}, {"country": "Iceland", "year": "2017", "timeperiod": "5", "export": "-", "import_origin": "1.8", "import_consigment": "1.8"}, {"country": "Iceland", "year": "2017", "timeperiod": "6", "export": "-", "import_origin": "0.1", "import_consigment": "-"}, {"country": "Iceland", "year": "2017", "timeperiod": "7", "export": "-", "import_origin": "260.2", "import_consigment": "260.2"}, {"country": "Iceland", "year": "2017", "timeperiod": "8", "export": "-", "import_origin": "1.7", "import_consigment": "-"}, {"country": "Iceland", "year": "2017", "timeperiod": "9", "export": "-", "import_origin": "14.3", "import_consigment": "-"}, {"country": "Iceland", "year": "2017", "timeperiod": "10", "export": "-", "import_origin": "30.5", "import_consigment": "-"}, {"country": "Iceland", "year": "2017", "timeperiod": "11", "export": "-", "import_origin": "69.2", "import_consigment": "-"}, {"country": "Iceland", "year": "2017", "timeperiod": "12", "export": "-", "import_origin": "15.0", "import_consigment": "-"}, {"country": "Iceland", "year": "2017", "timeperiod": "Year", "export": "-", "import_origin": "489.0", "import_consigment": "265.7"}, {"country": "India", "year": "2023", "timeperiod": "1", "export": "6.6", "import_origin": "45177.0", "import_consigment": "37532.4"}, {"country": "India", "year": "2023", "timeperiod": "Year", "export": "6.6", "import_origin": "45177.0", "import_consigment": "37532.4"}, {"country": "India", "year": "2022", "timeperiod": "1", "export": "14709.4", "import_origin": "6740.2", "import_consigment": "5189.8"}, {"country": "India", "year": "2022", "timeperiod": "2", "export": "5546.5", "import_origin": "9615.8", "import_consigment": "4223.6"}, {"country": "India", "year": "2022", "timeperiod": "3", "export": "13373.1", "import_origin": "11488.5", "import_consigment": "2108.3"}]}