{"data": [{"country": "Slovakia", "year": "2021", "timeperiod": "10", "export": "1112.6", "import_origin": "783.5", "import_consigment": "1991.3"}, {"country": "Slovakia", "year": "2021", "timeperiod": "11", "export": "2404.9", "import_origin": "620.0", "import_consigment": "1605.4"}, {"country": "Slovakia", "year": "2021", "timeperiod": "12", "export": "702.7", "import_origin": "900.3", "import_consigment": "2069.9"}, {"country": "Slovakia", "year": "2021", "timeperiod": "Year", "export": "14302.1", "import_origin": "9992.8", "import_consigment": "19632.7"}, {"country": "Slovakia", "year": "2020", "timeperiod": "1", "export": "-", "import_origin": "487.4", "import_consigment": "142.6"}, {"country": "Slovakia", "year": "2020", "timeperiod": "2", "export": "-", "import_origin": "585.4", "import_consigment": "335.8"}, {"country": "Slovakia", "year": "2020", "timeperiod": "3", "export": "16.9", "import_origin": "1556.6", "import_consigment": "1805.5"}, {"country": "Slovakia", "year": "2020", "timeperiod": "4", "export": "16.4", "import_origin": "522.8", "import_consigment": "481.8"}, {"country": "Slovakia", "year": "2020", "timeperiod": "5", "export": "35.3", "import_origin": "1046.3", "import_consigment": "2293.8"}, {"country": "Slovakia", "year": "2020", "timeperiod": "6", "export": "730.0", "import_origin": "605.8", "import_consigment": "561.3"}, {"country": "Slovakia", "year": "2020", "timeperiod": "7", "export": "-", "import_origin": "1282.1", "import_consigment": "841.6"}, {"country": "Slovakia", "year": "2020", "timeperiod": "8", "export": "973.9", "import_origin": "548.6", "import_consigment": "1642.3"}, {"country": "Slovakia", "year": "2020", "timeperiod": "9", "export": "2338.2", "import_origin": "627.4", "import_consigment": "1991.3"}, {"country": "Slovakia", "year": "2020", "timeperiod": "10", "export": "1150.4", "import_origin": "708.1", "import_consigment": "1608.3"}, {"country": "Slovakia", "year": "2020", "timeperiod": "11", "export": "2393.1", "import_origin": "663.8", "import_consigment": "1247.3"}, {"country": "Slovakia", "year": "2020", "timeperiod": "12", "export": "658.5", "import_origin": "750.6", "import_consigment": "1915.2"}, {"country": "Slovakia", "year": "2020", "timeperiod": "Year", "export": "8312.8", "import_origin": "9384.9", "import_consigment": "14866.7"}, {"country": "Slovakia", "year": "2019", "timeperiod": "1", "export": "14.2", "import_origin": "416.8", "import_consigment": "263.5"}, {"country": "Slovakia", "year": "2019", "timeperiod": "2", "export": "97.0", "import_origin": "234.7", "import_consigment": "68.6"}, {"country": "Slovakia", "year": "2019", "timeperiod": "3", "export": "16.9", "import_origin": "363.4", "import_consigment": "279.6"}, {"country": "Slovakia", "year": "2019", "timeperiod": "4", "export": "-", "import_origin": "1150.6", "import_consigment": "565.0"}, {"country": "Slovakia", "year": "2019", "timeperiod": "5", "export": "16.8", "import_origin": "549.9", "import_consigment": "468.3"}, {"country": "Slovakia", "year": "2019", "timeperiod": "6", "export": "29.2", "import_origin": "722.2", "import_consigment": "407.6"}, {"country": "Slovakia", "year": "2019", "timeperiod": "7", "export": "33.4", "import_origin": "1589.0", "import_consigment": "57.0"}, {"country": "Slovakia", "year": "2019", "timeperiod": "8", "export": "34.1", "import_origin": "401.0", "import_consigment": "577.9"}]}