{"data": [{"country": "Unknown country", "year": "2019", "timeperiod": "3", "export": "657.8", "import_origin": "2955.8", "import_consigment": "41.9"}, {"country": "Unknown country", "year": "2019", "timeperiod": "4", "export": "663.1", "import_origin": "2929.0", "import_consigment": "196.4"}, {"country": "Unknown country", "year": "2019", "timeperiod": "5", "export": "731.4", "import_origin": "3466.1", "import_consigment": "54.1"}, {"country": "Unknown country", "year": "2019", "timeperiod": "6", "export": "701.6", "import_origin": "2370.3", "import_consigment": "168.0"}, {"country": "Unknown country", "year": "2019", "timeperiod": "7", "export": "728.8", "import_origin": "3209.6", "import_consigment": "201.0"}, {"country": "Unknown country", "year": "2019", "timeperiod": "8", "export": "818.9", "import_origin": "2551.7", "import_consigment": "91.5"}, {"country": "Unknown country", "year": "2019", "timeperiod": "9", "export": "836.7", "import_origin": "5186.8", "import_consigment": "187.1"}, {"country": "Unknown country", "year": "2019", "timeperiod": "10", "export": "1259.3", "import_origin": "4856.5", "import_consigment": "135.7"}, {"country": "Unknown country", "year": "2019", "timeperiod": "11", "export": "1774.3", "import_origin": "4560.3", "import_consigment": "148.3"}, {"country": "Unknown country", "year": "2019", "timeperiod": "12", "export": "1178.7", "import_origin": "4883.2", "import_consigment": "311.0"}, {"country": "Unknown country", "year": "2019", "timeperiod": "Year", "export": "9735.8", "import_origin": "43083.9", "import_consigment": "1650.2"}, {"country": "Unknown country", "year": "2018", "timeperiod": "1", "export": "1043.6", "import_origin": "1622.2", "import_consigment": "186.2"}, {"country": "Unknown country", "year": "2018", "timeperiod": "2", "export": "1105.0", "import_origin": "1766.6", "import_consigment": "288.6"}, {"country": "Unknown country", "year": "2018", "timeperiod": "3", "export": "1327.3", "import_origin": "4677.3", "import_consigment": "171.9"}, {"country": "Unknown country", "year": "2018", "timeperiod": "4", "export": "1038.1", "import_origin": "2123.0", "import_consigment": "234.6"}, {"country": "Unknown country", "year": "2018", "timeperiod": "5", "export": "1169.1", "import_origin": "4934.6", "import_consigment": "197.5"}, {"country": "Unknown country", "year": "2018", "timeperiod": "6", "export": "1187.7", "import_origin": "3172.1", "import_consigment": "268.5"}, {"country": "Unknown country", "year": "2018", "timeperiod": "7", "export": "1060.6", "import_origin": "4345.5", "import_consigment": "114.8"}, {"country": "Unknown country", "year": "2018", "timeperiod": "8", "export": "1076.8", "import_origin": "10251.4", "import_consigment": "160.2"}, {"country": "Unknown country", "year": "2018", "timeperiod": "9", "export": "1034.9", "import_origin": "3452.4", "import_consigment": "246.9"}, {"country": "Unknown country", "year": "2018", "timeperiod": "10", "export": "1496.0", "import_origin": "3315.3", "import_consigment": "266.8"}, {"country": "Unknown country", "year": "2018", "timeperiod": "11", "export": "1478.2", "import_origin": "2290.6", "import_consigment": "181.6"}, {"country": "Unknown country", "year": "2018", "timeperiod": "12", "export": "2064.6", "import_origin": "2815.5", "import_consigment": "86.9"}, {"country": "Unknown country", "year": "2018", "timeperiod": "Year", "export": "15081.8", "import_origin": "44766.6", "import_consigment": "2404.5"}, {"country": "Unknown country", "year": "2017", "timeperiod": "1", "export": "884.4", "import_origin": "2101.4", "import_consigment": "903.6"}]}