{"data": [{"country": "Costa Rica", "year": "2018", "timeperiod": "10", "export": "-", "import_origin": "384.6", "import_consigment": "300.8"}, {"country": "Costa Rica", "year": "2018", "timeperiod": "11", "export": "-", "import_origin": "259.9", "import_consigment": "161.1"}, {"country": "Costa Rica", "year": "2018", "timeperiod": "12", "export": "-", "import_origin": "1014.3", "import_consigment": "438.8"}, {"country": "Costa Rica", "year": "2018", "timeperiod": "Year", "export": "-", "import_origin": "2554.1", "import_consigment": "946.7"}, {"country": "Costa Rica", "year": "2017", "timeperiod": "1", "export": "-", "import_origin": "10.0", "import_consigment": "-"}, {"country": "Costa Rica", "year": "2017", "timeperiod": "2", "export": "-", "import_origin": "71.8", "import_consigment": "-"}, {"country": "Costa Rica", "year": "2017", "timeperiod": "3", "export": "-", "import_origin": "68.9", "import_consigment": "-"}, {"country": "Costa Rica", "year": "2017", "timeperiod": "4", "export": "-", "import_origin": "12.5", "import_consigment": "-"}, {"country": "Costa Rica", "year": "2017", "timeperiod": "5", "export": "-", "import_origin": "7.8", "import_consigment": "-"}, {"country": "Costa Rica", "year": "2017", "timeperiod": "6", "export": "-", "import_origin": "26.1", "import_consigment": "-"}, {"country": "Costa Rica", "year": "2017", "timeperiod": "7", "export": "-", "import_origin": "27.7", "import_consigment": "-"}, {"country": "Costa Rica", "year": "2017", "timeperiod": "8", "export": "-", "import_origin": "20.0", "import_consigment": "-"}, {"country": "Costa Rica", "year": "2017", "timeperiod": "9", "export": "-", "import_origin": "18.0", "import_consigment": "-"}, {"country": "Costa Rica", "year": "2017", "timeperiod": "10", "export": "-", "import_origin": "42.1", "import_consigment": "-"}, {"country": "Costa Rica", "year": "2017", "timeperiod": "11", "export": "-", "import_origin": "95.3", "import_consigment": "-"}, {"country": "Costa Rica", "year": "2017", "timeperiod": "12", "export": "-", "import_origin": "374.5", "import_consigment": "3.4"}, {"country": "Costa Rica", "year": "2017", "timeperiod": "Year", "export": "-", "import_origin": "774.7", "import_consigment": "3.4"}, {"country": "Croatia", "year": "2023", "timeperiod": "1", "export": "17.6", "import_origin": "1015.2", "import_consigment": "1124.9"}, {"country": "Croatia", "year": "2023", "timeperiod": "Year", "export": "17.6", "import_origin": "1015.2", "import_consigment": "1124.9"}, {"country": "Croatia", "year": "2022", "timeperiod": "1", "export": "-", "import_origin": "66.7", "import_consigment": "108.1"}, {"country": "Croatia", "year": "2022", "timeperiod": "2", "export": "-", "import_origin": "154.6", "import_consigment": "-"}, {"country": "Croatia", "year": "2022", "timeperiod": "3", "export": "71.6", "import_origin": "11.8", "import_consigment": "1.3"}, {"country": "Croatia", "year": "2022", "timeperiod": "4", "export": "30.3", "import_origin": "15.0", "import_consigment": "51.9"}, {"country": "Croatia", "year": "2022", "timeperiod": "5", "export": "27.5", "import_origin": "73.3", "import_consigment": "12.8"}, {"country": "Croatia", "year": "2022", "timeperiod": "6", "export": "37.7", "import_origin": "93.9", "import_consigment": "95.7"}]}