{"data": [{"country": "Japan", "year": "2019", "timeperiod": "11", "export": "21.7", "import_origin": "23327.2", "import_consigment": "6055.1"}, {"country": "Japan", "year": "2019", "timeperiod": "12", "export": "773.1", "import_origin": "45912.6", "import_consigment": "21750.8"}, {"country": "Japan", "year": "2019", "timeperiod": "Year", "export": "1483.1", "import_origin": "207785.4", "import_consigment": "65630.6"}, {"country": "Japan", "year": "2018", "timeperiod": "1", "export": "23.1", "import_origin": "6639.2", "import_consigment": "3099.8"}, {"country": "Japan", "year": "2018", "timeperiod": "2", "export": "56.1", "import_origin": "8847.3", "import_consigment": "3962.6"}, {"country": "Japan", "year": "2018", "timeperiod": "3", "export": "33.9", "import_origin": "10069.1", "import_consigment": "2611.9"}, {"country": "Japan", "year": "2018", "timeperiod": "4", "export": "1.0", "import_origin": "6154.7", "import_consigment": "1983.4"}, {"country": "Japan", "year": "2018", "timeperiod": "5", "export": "-", "import_origin": "7744.9", "import_consigment": "2260.5"}, {"country": "Japan", "year": "2018", "timeperiod": "6", "export": "0.7", "import_origin": "10218.5", "import_consigment": "2379.2"}, {"country": "Japan", "year": "2018", "timeperiod": "7", "export": "38.0", "import_origin": "8287.0", "import_consigment": "1506.8"}, {"country": "Japan", "year": "2018", "timeperiod": "8", "export": "134.4", "import_origin": "9015.1", "import_consigment": "3282.6"}, {"country": "Japan", "year": "2018", "timeperiod": "9", "export": "7.3", "import_origin": "6190.5", "import_consigment": "1190.2"}, {"country": "Japan", "year": "2018", "timeperiod": "10", "export": "39.7", "import_origin": "8847.3", "import_consigment": "2790.4"}, {"country": "Japan", "year": "2018", "timeperiod": "11", "export": "22.6", "import_origin": "9149.9", "import_consigment": "2443.8"}, {"country": "Japan", "year": "2018", "timeperiod": "12", "export": "18.6", "import_origin": "7893.8", "import_consigment": "2394.4"}, {"country": "Japan", "year": "2018", "timeperiod": "Year", "export": "375.4", "import_origin": "99057.2", "import_consigment": "29905.8"}, {"country": "Japan", "year": "2017", "timeperiod": "1", "export": "25.1", "import_origin": "2594.9", "import_consigment": "1347.8"}, {"country": "Japan", "year": "2017", "timeperiod": "2", "export": "9.3", "import_origin": "2494.0", "import_consigment": "1005.2"}, {"country": "Japan", "year": "2017", "timeperiod": "3", "export": "126.7", "import_origin": "5508.7", "import_consigment": "1844.3"}, {"country": "Japan", "year": "2017", "timeperiod": "4", "export": "37.0", "import_origin": "7163.2", "import_consigment": "1435.8"}, {"country": "Japan", "year": "2017", "timeperiod": "5", "export": "19.9", "import_origin": "3987.6", "import_consigment": "2211.6"}, {"country": "Japan", "year": "2017", "timeperiod": "6", "export": "0.1", "import_origin": "7224.3", "import_consigment": "3229.3"}, {"country": "Japan", "year": "2017", "timeperiod": "7", "export": "1.8", "import_origin": "8182.9", "import_consigment": "2510.3"}, {"country": "Japan", "year": "2017", "timeperiod": "8", "export": "27.2", "import_origin": "8252.8", "import_consigment": "4268.7"}, {"country": "Japan", "year": "2017", "timeperiod": "9", "export": "80.7", "import_origin": "9878.3", "import_consigment": "5261.3"}]}