{"data": [{"country": "India", "year": "2020", "timeperiod": "3", "export": "5.9", "import_origin": "5642.2", "import_consigment": "3041.4"}, {"country": "India", "year": "2020", "timeperiod": "4", "export": "-", "import_origin": "5457.8", "import_consigment": "4502.8"}, {"country": "India", "year": "2020", "timeperiod": "5", "export": "9.2", "import_origin": "4288.7", "import_consigment": "3316.8"}, {"country": "India", "year": "2020", "timeperiod": "6", "export": "-", "import_origin": "3623.2", "import_consigment": "2670.8"}, {"country": "India", "year": "2020", "timeperiod": "7", "export": "-", "import_origin": "5375.0", "import_consigment": "4095.0"}, {"country": "India", "year": "2020", "timeperiod": "8", "export": "0.5", "import_origin": "6663.6", "import_consigment": "5089.1"}, {"country": "India", "year": "2020", "timeperiod": "9", "export": "30358.7", "import_origin": "9556.2", "import_consigment": "6364.6"}, {"country": "India", "year": "2020", "timeperiod": "10", "export": "22761.1", "import_origin": "12347.8", "import_consigment": "9192.1"}, {"country": "India", "year": "2020", "timeperiod": "11", "export": "7370.9", "import_origin": "7770.2", "import_consigment": "5239.4"}, {"country": "India", "year": "2020", "timeperiod": "12", "export": "12930.8", "import_origin": "10563.1", "import_consigment": "5164.1"}, {"country": "India", "year": "2020", "timeperiod": "Year", "export": "73446.6", "import_origin": "85282.4", "import_consigment": "54696.2"}, {"country": "India", "year": "2019", "timeperiod": "1", "export": "38.7", "import_origin": "4589.8", "import_consigment": "3926.8"}, {"country": "India", "year": "2019", "timeperiod": "2", "export": "42.4", "import_origin": "6947.9", "import_consigment": "2775.0"}, {"country": "India", "year": "2019", "timeperiod": "3", "export": "42.8", "import_origin": "16263.1", "import_consigment": "5207.7"}, {"country": "India", "year": "2019", "timeperiod": "4", "export": "0.5", "import_origin": "6108.3", "import_consigment": "4749.6"}, {"country": "India", "year": "2019", "timeperiod": "5", "export": "211.3", "import_origin": "9834.2", "import_consigment": "6749.1"}, {"country": "India", "year": "2019", "timeperiod": "6", "export": "345.6", "import_origin": "9172.4", "import_consigment": "3876.0"}, {"country": "India", "year": "2019", "timeperiod": "7", "export": "474.3", "import_origin": "7463.0", "import_consigment": "2499.5"}, {"country": "India", "year": "2019", "timeperiod": "8", "export": "1230.6", "import_origin": "10963.4", "import_consigment": "6364.3"}, {"country": "India", "year": "2019", "timeperiod": "9", "export": "995.1", "import_origin": "13439.7", "import_consigment": "5985.4"}, {"country": "India", "year": "2019", "timeperiod": "10", "export": "25.1", "import_origin": "17998.5", "import_consigment": "7817.0"}, {"country": "India", "year": "2019", "timeperiod": "11", "export": "56.2", "import_origin": "13460.7", "import_consigment": "6133.8"}, {"country": "India", "year": "2019", "timeperiod": "12", "export": "27.6", "import_origin": "12055.8", "import_consigment": "5224.9"}, {"country": "India", "year": "2019", "timeperiod": "Year", "export": "3490.0", "import_origin": "128296.9", "import_consigment": "61309.2"}, {"country": "India", "year": "2018", "timeperiod": "1", "export": "-", "import_origin": "5450.3", "import_consigment": "3780.1"}]}