{"data": [{"country": "Cambodia", "year": "2020", "timeperiod": "6", "export": "-", "import_origin": "96.3", "import_consigment": "-"}, {"country": "Cambodia", "year": "2020", "timeperiod": "7", "export": "-", "import_origin": "300.2", "import_consigment": "-"}, {"country": "Cambodia", "year": "2020", "timeperiod": "8", "export": "-", "import_origin": "167.7", "import_consigment": "-"}, {"country": "Cambodia", "year": "2020", "timeperiod": "9", "export": "-", "import_origin": "222.2", "import_consigment": "-"}, {"country": "Cambodia", "year": "2020", "timeperiod": "10", "export": "-", "import_origin": "128.4", "import_consigment": "0.2"}, {"country": "Cambodia", "year": "2020", "timeperiod": "11", "export": "-", "import_origin": "802.1", "import_consigment": "630.0"}, {"country": "Cambodia", "year": "2020", "timeperiod": "12", "export": "-", "import_origin": "1242.3", "import_consigment": "632.0"}, {"country": "Cambodia", "year": "2020", "timeperiod": "Year", "export": "-", "import_origin": "3646.9", "import_consigment": "1262.2"}, {"country": "Cambodia", "year": "2019", "timeperiod": "1", "export": "-", "import_origin": "167.8", "import_consigment": "-"}, {"country": "Cambodia", "year": "2019", "timeperiod": "2", "export": "-", "import_origin": "263.3", "import_consigment": "-"}, {"country": "Cambodia", "year": "2019", "timeperiod": "3", "export": "-", "import_origin": "220.5", "import_consigment": "-"}, {"country": "Cambodia", "year": "2019", "timeperiod": "4", "export": "-", "import_origin": "333.9", "import_consigment": "-"}, {"country": "Cambodia", "year": "2019", "timeperiod": "5", "export": "-", "import_origin": "106.7", "import_consigment": "-"}, {"country": "Cambodia", "year": "2019", "timeperiod": "6", "export": "-", "import_origin": "107.2", "import_consigment": "-"}, {"country": "Cambodia", "year": "2019", "timeperiod": "7", "export": "-", "import_origin": "138.2", "import_consigment": "-"}, {"country": "Cambodia", "year": "2019", "timeperiod": "8", "export": "-", "import_origin": "317.5", "import_consigment": "0.1"}, {"country": "Cambodia", "year": "2019", "timeperiod": "9", "export": "-", "import_origin": "267.0", "import_consigment": "-"}, {"country": "Cambodia", "year": "2019", "timeperiod": "10", "export": "-", "import_origin": "305.5", "import_consigment": "-"}, {"country": "Cambodia", "year": "2019", "timeperiod": "11", "export": "-", "import_origin": "187.6", "import_consigment": "-"}, {"country": "Cambodia", "year": "2019", "timeperiod": "12", "export": "-", "import_origin": "140.8", "import_consigment": "-"}, {"country": "Cambodia", "year": "2019", "timeperiod": "Year", "export": "-", "import_origin": "2555.9", "import_consigment": "0.1"}, {"country": "Cambodia", "year": "2018", "timeperiod": "1", "export": "-", "import_origin": "477.8", "import_consigment": "-"}, {"country": "Cambodia", "year": "2018", "timeperiod": "2", "export": "-", "import_origin": "325.5", "import_consigment": "-"}, {"country": "Cambodia", "year": "2018", "timeperiod": "3", "export": "-", "import_origin": "1259.1", "import_consigment": "-"}, {"country": "Cambodia", "year": "2018", "timeperiod": "4", "export": "-", "import_origin": "291.0", "import_consigment": "-"}]}