{"data": [{"country": "Zambia", "year": "2022", "timeperiod": "12", "export": "-", "import_origin": "39.6", "import_consigment": "5.1"}, {"country": "Zambia", "year": "2022", "timeperiod": "Year", "export": "-", "import_origin": "249.1", "import_consigment": "5.1"}, {"country": "Zambia", "year": "2021", "timeperiod": "2", "export": "-", "import_origin": "38.8", "import_consigment": "-"}, {"country": "Zambia", "year": "2021", "timeperiod": "6", "export": "-", "import_origin": "21.3", "import_consigment": "-"}, {"country": "Zambia", "year": "2021", "timeperiod": "7", "export": "-", "import_origin": "-", "import_consigment": "-"}, {"country": "Zambia", "year": "2021", "timeperiod": "9", "export": "-", "import_origin": "45.4", "import_consigment": "-"}, {"country": "Zambia", "year": "2021", "timeperiod": "10", "export": "-", "import_origin": "25.8", "import_consigment": "-"}, {"country": "Zambia", "year": "2021", "timeperiod": "12", "export": "-", "import_origin": "28.4", "import_consigment": "-"}, {"country": "Zambia", "year": "2021", "timeperiod": "Year", "export": "-", "import_origin": "159.8", "import_consigment": "-"}, {"country": "Zambia", "year": "2020", "timeperiod": "1", "export": "-", "import_origin": "-", "import_consigment": "-"}, {"country": "Zambia", "year": "2020", "timeperiod": "2", "export": "-", "import_origin": "0.1", "import_consigment": "-"}, {"country": "Zambia", "year": "2020", "timeperiod": "3", "export": "-", "import_origin": "3.1", "import_consigment": "-"}, {"country": "Zambia", "year": "2020", "timeperiod": "8", "export": "-", "import_origin": "0.1", "import_consigment": "-"}, {"country": "Zambia", "year": "2020", "timeperiod": "9", "export": "-", "import_origin": "20.8", "import_consigment": "-"}, {"country": "Zambia", "year": "2020", "timeperiod": "Year", "export": "-", "import_origin": "24.1", "import_consigment": "-"}, {"country": "Zambia", "year": "2019", "timeperiod": "1", "export": "-", "import_origin": "17.6", "import_consigment": "-"}, {"country": "Zambia", "year": "2019", "timeperiod": "2", "export": "-", "import_origin": "51.5", "import_consigment": "-"}, {"country": "Zambia", "year": "2019", "timeperiod": "3", "export": "-", "import_origin": "-", "import_consigment": "-"}, {"country": "Zambia", "year": "2019", "timeperiod": "4", "export": "-", "import_origin": "29.1", "import_consigment": "-"}, {"country": "Zambia", "year": "2019", "timeperiod": "6", "export": "-", "import_origin": "25.0", "import_consigment": "-"}, {"country": "Zambia", "year": "2019", "timeperiod": "9", "export": "-", "import_origin": "7.4", "import_consigment": "-"}, {"country": "Zambia", "year": "2019", "timeperiod": "10", "export": "-", "import_origin": "18.0", "import_consigment": "-"}, {"country": "Zambia", "year": "2019", "timeperiod": "11", "export": "-", "import_origin": "17.0", "import_consigment": "-"}, {"country": "Zambia", "year": "2019", "timeperiod": "12", "export": "-", "import_origin": "28.7", "import_consigment": "-"}, {"country": "Zambia", "year": "2019", "timeperiod": "Year", "export": "-", "import_origin": "194.3", "import_consigment": "-"}]}