{"data": [{"country": "Malawi", "year": "2023", "timeperiod": "Year", "export": "-", "import_origin": "0.5", "import_consigment": "-"}, {"country": "Malawi", "year": "2022", "timeperiod": "4", "export": "-", "import_origin": "5.2", "import_consigment": "-"}, {"country": "Malawi", "year": "2022", "timeperiod": "6", "export": "-", "import_origin": "-", "import_consigment": "-"}, {"country": "Malawi", "year": "2022", "timeperiod": "8", "export": "-", "import_origin": "6.6", "import_consigment": "-"}, {"country": "Malawi", "year": "2022", "timeperiod": "9", "export": "-", "import_origin": "6.5", "import_consigment": "-"}, {"country": "Malawi", "year": "2022", "timeperiod": "10", "export": "-", "import_origin": "61.2", "import_consigment": "-"}, {"country": "Malawi", "year": "2022", "timeperiod": "11", "export": "-", "import_origin": "0.2", "import_consigment": "-"}, {"country": "Malawi", "year": "2022", "timeperiod": "Year", "export": "-", "import_origin": "79.7", "import_consigment": "-"}, {"country": "Malawi", "year": "2021", "timeperiod": "2", "export": "-", "import_origin": "15.6", "import_consigment": "-"}, {"country": "Malawi", "year": "2021", "timeperiod": "3", "export": "-", "import_origin": "1085.3", "import_consigment": "1085.3"}, {"country": "Malawi", "year": "2021", "timeperiod": "5", "export": "-", "import_origin": "723.5", "import_consigment": "723.5"}, {"country": "Malawi", "year": "2021", "timeperiod": "6", "export": "-", "import_origin": "1114.5", "import_consigment": "1113.5"}, {"country": "Malawi", "year": "2021", "timeperiod": "7", "export": "-", "import_origin": "742.3", "import_consigment": "742.3"}, {"country": "Malawi", "year": "2021", "timeperiod": "9", "export": "-", "import_origin": "13.2", "import_consigment": "-"}, {"country": "Malawi", "year": "2021", "timeperiod": "10", "export": "-", "import_origin": "3.7", "import_consigment": "-"}, {"country": "Malawi", "year": "2021", "timeperiod": "12", "export": "-", "import_origin": "5.7", "import_consigment": "-"}, {"country": "Malawi", "year": "2021", "timeperiod": "Year", "export": "-", "import_origin": "3703.7", "import_consigment": "3664.6"}, {"country": "Malawi", "year": "2020", "timeperiod": "2", "export": "-", "import_origin": "1828.2", "import_consigment": "1828.0"}, {"country": "Malawi", "year": "2020", "timeperiod": "3", "export": "-", "import_origin": "2260.0", "import_consigment": "2260.0"}, {"country": "Malawi", "year": "2020", "timeperiod": "4", "export": "-", "import_origin": "1089.5", "import_consigment": "1089.5"}, {"country": "Malawi", "year": "2020", "timeperiod": "5", "export": "-", "import_origin": "1477.4", "import_consigment": "1477.4"}, {"country": "Malawi", "year": "2020", "timeperiod": "9", "export": "-", "import_origin": "0.1", "import_consigment": "-"}, {"country": "Malawi", "year": "2020", "timeperiod": "12", "export": "-", "import_origin": "0.1", "import_consigment": "-"}, {"country": "Malawi", "year": "2020", "timeperiod": "Year", "export": "-", "import_origin": "6655.3", "import_consigment": "6654.9"}, {"country": "Malawi", "year": "2019", "timeperiod": "3", "export": "-", "import_origin": "1268.0", "import_consigment": "1266.8"}]}