{"data": [{"country": "Serbia", "year": "2021", "timeperiod": "2", "export": "-", "import_origin": "145.2", "import_consigment": "75.0"}, {"country": "Serbia", "year": "2021", "timeperiod": "3", "export": "7.0", "import_origin": "139.9", "import_consigment": "106.2"}, {"country": "Serbia", "year": "2021", "timeperiod": "4", "export": "4.4", "import_origin": "155.9", "import_consigment": "46.3"}, {"country": "Serbia", "year": "2021", "timeperiod": "5", "export": "4.1", "import_origin": "143.1", "import_consigment": "46.0"}, {"country": "Serbia", "year": "2021", "timeperiod": "6", "export": "30.1", "import_origin": "164.5", "import_consigment": "72.1"}, {"country": "Serbia", "year": "2021", "timeperiod": "7", "export": "2.8", "import_origin": "163.1", "import_consigment": "40.8"}, {"country": "Serbia", "year": "2021", "timeperiod": "8", "export": "57.6", "import_origin": "229.3", "import_consigment": "106.6"}, {"country": "Serbia", "year": "2021", "timeperiod": "9", "export": "2.0", "import_origin": "240.0", "import_consigment": "27.1"}, {"country": "Serbia", "year": "2021", "timeperiod": "10", "export": "-", "import_origin": "209.2", "import_consigment": "52.9"}, {"country": "Serbia", "year": "2021", "timeperiod": "11", "export": "-", "import_origin": "169.3", "import_consigment": "37.6"}, {"country": "Serbia", "year": "2021", "timeperiod": "12", "export": "0.3", "import_origin": "306.5", "import_consigment": "107.5"}, {"country": "Serbia", "year": "2021", "timeperiod": "Year", "export": "117.9", "import_origin": "2128.6", "import_consigment": "794.7"}, {"country": "Serbia", "year": "2020", "timeperiod": "1", "export": "8.5", "import_origin": "31.1", "import_consigment": "3.4"}, {"country": "Serbia", "year": "2020", "timeperiod": "2", "export": "12.8", "import_origin": "319.9", "import_consigment": "124.3"}, {"country": "Serbia", "year": "2020", "timeperiod": "3", "export": "47.9", "import_origin": "86.0", "import_consigment": "35.1"}, {"country": "Serbia", "year": "2020", "timeperiod": "4", "export": "-", "import_origin": "275.3", "import_consigment": "219.3"}, {"country": "Serbia", "year": "2020", "timeperiod": "5", "export": "4.5", "import_origin": "160.7", "import_consigment": "99.0"}, {"country": "Serbia", "year": "2020", "timeperiod": "6", "export": "21.7", "import_origin": "437.2", "import_consigment": "402.9"}, {"country": "Serbia", "year": "2020", "timeperiod": "7", "export": "-", "import_origin": "267.7", "import_consigment": "214.2"}, {"country": "Serbia", "year": "2020", "timeperiod": "8", "export": "9.2", "import_origin": "452.2", "import_consigment": "423.4"}, {"country": "Serbia", "year": "2020", "timeperiod": "9", "export": "9.3", "import_origin": "196.7", "import_consigment": "170.3"}, {"country": "Serbia", "year": "2020", "timeperiod": "10", "export": "9.3", "import_origin": "248.0", "import_consigment": "174.7"}, {"country": "Serbia", "year": "2020", "timeperiod": "11", "export": "0.1", "import_origin": "108.2", "import_consigment": "45.1"}, {"country": "Serbia", "year": "2020", "timeperiod": "12", "export": "0.9", "import_origin": "115.7", "import_consigment": "43.0"}, {"country": "Serbia", "year": "2020", "timeperiod": "Year", "export": "124.1", "import_origin": "2698.7", "import_consigment": "1954.7"}]}