{"data": [{"country": "Latvia", "year": "2020", "timeperiod": "11", "export": "236.3", "import_origin": "799.0", "import_consigment": "1003.6"}, {"country": "Latvia", "year": "2020", "timeperiod": "12", "export": "274.8", "import_origin": "605.2", "import_consigment": "1079.7"}, {"country": "Latvia", "year": "2020", "timeperiod": "Year", "export": "3689.1", "import_origin": "4488.6", "import_consigment": "10732.3"}, {"country": "Latvia", "year": "2019", "timeperiod": "1", "export": "-", "import_origin": "225.2", "import_consigment": "439.5"}, {"country": "Latvia", "year": "2019", "timeperiod": "2", "export": "591.4", "import_origin": "497.3", "import_consigment": "825.6"}, {"country": "Latvia", "year": "2019", "timeperiod": "3", "export": "664.9", "import_origin": "302.0", "import_consigment": "964.6"}, {"country": "Latvia", "year": "2019", "timeperiod": "4", "export": "171.1", "import_origin": "275.3", "import_consigment": "735.5"}, {"country": "Latvia", "year": "2019", "timeperiod": "5", "export": "272.7", "import_origin": "332.3", "import_consigment": "998.9"}, {"country": "Latvia", "year": "2019", "timeperiod": "6", "export": "356.8", "import_origin": "142.5", "import_consigment": "383.2"}, {"country": "Latvia", "year": "2019", "timeperiod": "7", "export": "378.6", "import_origin": "416.8", "import_consigment": "752.6"}, {"country": "Latvia", "year": "2019", "timeperiod": "8", "export": "117.9", "import_origin": "188.6", "import_consigment": "726.2"}, {"country": "Latvia", "year": "2019", "timeperiod": "9", "export": "496.6", "import_origin": "224.2", "import_consigment": "690.8"}, {"country": "Latvia", "year": "2019", "timeperiod": "10", "export": "646.4", "import_origin": "318.1", "import_consigment": "900.2"}, {"country": "Latvia", "year": "2019", "timeperiod": "11", "export": "493.5", "import_origin": "432.9", "import_consigment": "783.3"}, {"country": "Latvia", "year": "2019", "timeperiod": "12", "export": "202.0", "import_origin": "270.0", "import_consigment": "844.1"}, {"country": "Latvia", "year": "2019", "timeperiod": "Year", "export": "4392.0", "import_origin": "3625.4", "import_consigment": "9044.5"}, {"country": "Latvia", "year": "2018", "timeperiod": "1", "export": "65.3", "import_origin": "247.5", "import_consigment": "435.4"}, {"country": "Latvia", "year": "2018", "timeperiod": "2", "export": "568.7", "import_origin": "119.2", "import_consigment": "432.5"}, {"country": "Latvia", "year": "2018", "timeperiod": "3", "export": "147.2", "import_origin": "203.0", "import_consigment": "590.5"}, {"country": "Latvia", "year": "2018", "timeperiod": "4", "export": "261.3", "import_origin": "491.2", "import_consigment": "805.8"}, {"country": "Latvia", "year": "2018", "timeperiod": "5", "export": "287.4", "import_origin": "278.7", "import_consigment": "1400.6"}, {"country": "Latvia", "year": "2018", "timeperiod": "6", "export": "202.6", "import_origin": "232.8", "import_consigment": "775.8"}, {"country": "Latvia", "year": "2018", "timeperiod": "7", "export": "119.1", "import_origin": "227.8", "import_consigment": "780.9"}, {"country": "Latvia", "year": "2018", "timeperiod": "8", "export": "144.7", "import_origin": "214.9", "import_consigment": "617.2"}, {"country": "Latvia", "year": "2018", "timeperiod": "9", "export": "526.6", "import_origin": "233.3", "import_consigment": "778.7"}]}