{"data": [{"country": "Albania", "year": "2019", "timeperiod": "2", "export": "-", "import_origin": "402.5", "import_consigment": "-"}, {"country": "Albania", "year": "2019", "timeperiod": "3", "export": "-", "import_origin": "194.3", "import_consigment": "-"}, {"country": "Albania", "year": "2019", "timeperiod": "4", "export": "-", "import_origin": "174.6", "import_consigment": "-"}, {"country": "Albania", "year": "2019", "timeperiod": "5", "export": "-", "import_origin": "8.6", "import_consigment": "-"}, {"country": "Albania", "year": "2019", "timeperiod": "6", "export": "-", "import_origin": "95.6", "import_consigment": "-"}, {"country": "Albania", "year": "2019", "timeperiod": "7", "export": "-", "import_origin": "180.1", "import_consigment": "-"}, {"country": "Albania", "year": "2019", "timeperiod": "8", "export": "-", "import_origin": "178.9", "import_consigment": "-"}, {"country": "Albania", "year": "2019", "timeperiod": "9", "export": "-", "import_origin": "48.8", "import_consigment": "-"}, {"country": "Albania", "year": "2019", "timeperiod": "10", "export": "2.4", "import_origin": "34.7", "import_consigment": "-"}, {"country": "Albania", "year": "2019", "timeperiod": "11", "export": "-", "import_origin": "36.9", "import_consigment": "-"}, {"country": "Albania", "year": "2019", "timeperiod": "12", "export": "-", "import_origin": "222.3", "import_consigment": "-"}, {"country": "Albania", "year": "2019", "timeperiod": "Year", "export": "2.4", "import_origin": "1746.3", "import_consigment": "-"}, {"country": "Albania", "year": "2018", "timeperiod": "1", "export": "2.0", "import_origin": "9.5", "import_consigment": "-"}, {"country": "Albania", "year": "2018", "timeperiod": "2", "export": "-", "import_origin": "292.2", "import_consigment": "-"}, {"country": "Albania", "year": "2018", "timeperiod": "3", "export": "-", "import_origin": "142.9", "import_consigment": "-"}, {"country": "Albania", "year": "2018", "timeperiod": "4", "export": "-", "import_origin": "158.4", "import_consigment": "-"}, {"country": "Albania", "year": "2018", "timeperiod": "5", "export": "-", "import_origin": "24.6", "import_consigment": "-"}, {"country": "Albania", "year": "2018", "timeperiod": "6", "export": "-", "import_origin": "48.8", "import_consigment": "-"}, {"country": "Albania", "year": "2018", "timeperiod": "7", "export": "-", "import_origin": "269.3", "import_consigment": "-"}, {"country": "Albania", "year": "2018", "timeperiod": "8", "export": "-", "import_origin": "286.8", "import_consigment": "-"}, {"country": "Albania", "year": "2018", "timeperiod": "9", "export": "-", "import_origin": "96.1", "import_consigment": "-"}, {"country": "Albania", "year": "2018", "timeperiod": "10", "export": "2.2", "import_origin": "90.9", "import_consigment": "-"}, {"country": "Albania", "year": "2018", "timeperiod": "11", "export": "-", "import_origin": "15.6", "import_consigment": "-"}, {"country": "Albania", "year": "2018", "timeperiod": "12", "export": "-", "import_origin": "209.8", "import_consigment": "-"}, {"country": "Albania", "year": "2018", "timeperiod": "Year", "export": "4.2", "import_origin": "1644.8", "import_consigment": "-"}]}