{"data": [{"country": "Hong Kong", "year": "2022", "timeperiod": "12", "export": "1605.1", "import_origin": "221.9", "import_consigment": "23098.2"}, {"country": "Hong Kong", "year": "2022", "timeperiod": "Year", "export": "25638.7", "import_origin": "2693.5", "import_consigment": "173640.2"}, {"country": "Hong Kong", "year": "2021", "timeperiod": "1", "export": "757.1", "import_origin": "8919.8", "import_consigment": "13417.3"}, {"country": "Hong Kong", "year": "2021", "timeperiod": "2", "export": "186.7", "import_origin": "24.4", "import_consigment": "6550.5"}, {"country": "Hong Kong", "year": "2021", "timeperiod": "3", "export": "667.6", "import_origin": "362.0", "import_consigment": "4093.0"}, {"country": "Hong Kong", "year": "2021", "timeperiod": "4", "export": "1489.0", "import_origin": "37.9", "import_consigment": "7487.2"}, {"country": "Hong Kong", "year": "2021", "timeperiod": "5", "export": "1684.6", "import_origin": "721.2", "import_consigment": "15777.0"}, {"country": "Hong Kong", "year": "2021", "timeperiod": "6", "export": "731.0", "import_origin": "315.4", "import_consigment": "5664.9"}, {"country": "Hong Kong", "year": "2021", "timeperiod": "7", "export": "223.6", "import_origin": "47.5", "import_consigment": "17063.0"}, {"country": "Hong Kong", "year": "2021", "timeperiod": "8", "export": "719.2", "import_origin": "9.5", "import_consigment": "4541.1"}, {"country": "Hong Kong", "year": "2021", "timeperiod": "9", "export": "2026.1", "import_origin": "43.8", "import_consigment": "5810.8"}, {"country": "Hong Kong", "year": "2021", "timeperiod": "10", "export": "369.0", "import_origin": "443.8", "import_consigment": "15710.7"}, {"country": "Hong Kong", "year": "2021", "timeperiod": "11", "export": "378.9", "import_origin": "21.5", "import_consigment": "3611.8"}, {"country": "Hong Kong", "year": "2021", "timeperiod": "12", "export": "692.9", "import_origin": "35.7", "import_consigment": "16641.4"}, {"country": "Hong Kong", "year": "2021", "timeperiod": "Year", "export": "9925.7", "import_origin": "10982.5", "import_consigment": "116368.6"}, {"country": "Hong Kong", "year": "2020", "timeperiod": "1", "export": "107.6", "import_origin": "197.8", "import_consigment": "11762.1"}, {"country": "Hong Kong", "year": "2020", "timeperiod": "2", "export": "74.9", "import_origin": "130.4", "import_consigment": "12852.7"}, {"country": "Hong Kong", "year": "2020", "timeperiod": "3", "export": "13.3", "import_origin": "25.1", "import_consigment": "1553.6"}, {"country": "Hong Kong", "year": "2020", "timeperiod": "4", "export": "2.3", "import_origin": "60.5", "import_consigment": "2491.5"}, {"country": "Hong Kong", "year": "2020", "timeperiod": "5", "export": "608.3", "import_origin": "16.6", "import_consigment": "3149.1"}, {"country": "Hong Kong", "year": "2020", "timeperiod": "6", "export": "62.3", "import_origin": "153.1", "import_consigment": "5268.1"}, {"country": "Hong Kong", "year": "2020", "timeperiod": "7", "export": "531.6", "import_origin": "137.2", "import_consigment": "3922.5"}, {"country": "Hong Kong", "year": "2020", "timeperiod": "8", "export": "91.9", "import_origin": "277.0", "import_consigment": "16480.1"}, {"country": "Hong Kong", "year": "2020", "timeperiod": "9", "export": "300.5", "import_origin": "247.8", "import_consigment": "4609.0"}, {"country": "Hong Kong", "year": "2020", "timeperiod": "10", "export": "319.7", "import_origin": "233.4", "import_consigment": "14630.7"}]}