{"data": [{"country": "Germany", "year": "2020", "timeperiod": "8", "export": "6028.2", "import_origin": "27239.2", "import_consigment": "28730.5"}, {"country": "Germany", "year": "2020", "timeperiod": "9", "export": "3491.0", "import_origin": "38625.2", "import_consigment": "38875.5"}, {"country": "Germany", "year": "2020", "timeperiod": "10", "export": "5870.2", "import_origin": "17546.9", "import_consigment": "21182.0"}, {"country": "Germany", "year": "2020", "timeperiod": "11", "export": "6847.5", "import_origin": "29050.0", "import_consigment": "25620.6"}, {"country": "Germany", "year": "2020", "timeperiod": "12", "export": "5336.3", "import_origin": "21906.7", "import_consigment": "20771.0"}, {"country": "Germany", "year": "2020", "timeperiod": "Year", "export": "56472.3", "import_origin": "240778.9", "import_consigment": "242851.8"}, {"country": "Germany", "year": "2019", "timeperiod": "1", "export": "4181.4", "import_origin": "14113.0", "import_consigment": "10774.2"}, {"country": "Germany", "year": "2019", "timeperiod": "2", "export": "5940.1", "import_origin": "18882.3", "import_consigment": "14219.7"}, {"country": "Germany", "year": "2019", "timeperiod": "3", "export": "7426.5", "import_origin": "18859.3", "import_consigment": "14538.6"}, {"country": "Germany", "year": "2019", "timeperiod": "4", "export": "4861.3", "import_origin": "21768.3", "import_consigment": "17328.6"}, {"country": "Germany", "year": "2019", "timeperiod": "5", "export": "6492.4", "import_origin": "25032.4", "import_consigment": "19045.5"}, {"country": "Germany", "year": "2019", "timeperiod": "6", "export": "4832.1", "import_origin": "29283.1", "import_consigment": "19363.0"}, {"country": "Germany", "year": "2019", "timeperiod": "7", "export": "6909.2", "import_origin": "32586.3", "import_consigment": "23161.4"}, {"country": "Germany", "year": "2019", "timeperiod": "8", "export": "6398.3", "import_origin": "25814.3", "import_consigment": "16859.0"}, {"country": "Germany", "year": "2019", "timeperiod": "9", "export": "5041.2", "import_origin": "55897.7", "import_consigment": "24234.8"}, {"country": "Germany", "year": "2019", "timeperiod": "10", "export": "6360.6", "import_origin": "37457.0", "import_consigment": "20323.4"}, {"country": "Germany", "year": "2019", "timeperiod": "11", "export": "5993.5", "import_origin": "41724.0", "import_consigment": "24380.8"}, {"country": "Germany", "year": "2019", "timeperiod": "12", "export": "5180.5", "import_origin": "62289.8", "import_consigment": "35352.4"}, {"country": "Germany", "year": "2019", "timeperiod": "Year", "export": "69617.0", "import_origin": "383707.4", "import_consigment": "239581.5"}, {"country": "Germany", "year": "2018", "timeperiod": "1", "export": "6068.5", "import_origin": "11713.3", "import_consigment": "9776.7"}, {"country": "Germany", "year": "2018", "timeperiod": "2", "export": "21029.2", "import_origin": "26518.6", "import_consigment": "22454.0"}, {"country": "Germany", "year": "2018", "timeperiod": "3", "export": "10217.1", "import_origin": "24784.2", "import_consigment": "22413.6"}, {"country": "Germany", "year": "2018", "timeperiod": "4", "export": "13797.8", "import_origin": "25997.5", "import_consigment": "24287.0"}, {"country": "Germany", "year": "2018", "timeperiod": "5", "export": "14683.4", "import_origin": "27251.7", "import_consigment": "24014.9"}, {"country": "Germany", "year": "2018", "timeperiod": "6", "export": "13912.2", "import_origin": "20664.8", "import_consigment": "17146.5"}]}