{"data": [{"country": "Dominican Republic", "year": "2021", "timeperiod": "11", "export": "-", "import_origin": "16.0", "import_consigment": "-"}, {"country": "Dominican Republic", "year": "2021", "timeperiod": "12", "export": "-", "import_origin": "29.7", "import_consigment": "18.0"}, {"country": "Dominican Republic", "year": "2021", "timeperiod": "Year", "export": "10.2", "import_origin": "197.9", "import_consigment": "55.5"}, {"country": "Dominican Republic", "year": "2020", "timeperiod": "1", "export": "-", "import_origin": "37.8", "import_consigment": "-"}, {"country": "Dominican Republic", "year": "2020", "timeperiod": "2", "export": "-", "import_origin": "8.1", "import_consigment": "-"}, {"country": "Dominican Republic", "year": "2020", "timeperiod": "3", "export": "-", "import_origin": "3.7", "import_consigment": "-"}, {"country": "Dominican Republic", "year": "2020", "timeperiod": "4", "export": "-", "import_origin": "1.3", "import_consigment": "-"}, {"country": "Dominican Republic", "year": "2020", "timeperiod": "5", "export": "-", "import_origin": "29.6", "import_consigment": "-"}, {"country": "Dominican Republic", "year": "2020", "timeperiod": "6", "export": "-", "import_origin": "14.5", "import_consigment": "-"}, {"country": "Dominican Republic", "year": "2020", "timeperiod": "7", "export": "-", "import_origin": "15.0", "import_consigment": "-"}, {"country": "Dominican Republic", "year": "2020", "timeperiod": "8", "export": "-", "import_origin": "6.3", "import_consigment": "-"}, {"country": "Dominican Republic", "year": "2020", "timeperiod": "9", "export": "-", "import_origin": "2.7", "import_consigment": "-"}, {"country": "Dominican Republic", "year": "2020", "timeperiod": "10", "export": "5.2", "import_origin": "19.4", "import_consigment": "-"}, {"country": "Dominican Republic", "year": "2020", "timeperiod": "11", "export": "-", "import_origin": "13.4", "import_consigment": "4.9"}, {"country": "Dominican Republic", "year": "2020", "timeperiod": "12", "export": "-", "import_origin": "4.9", "import_consigment": "-"}, {"country": "Dominican Republic", "year": "2020", "timeperiod": "Year", "export": "5.2", "import_origin": "156.9", "import_consigment": "4.9"}, {"country": "Dominican Republic", "year": "2019", "timeperiod": "1", "export": "1.7", "import_origin": "29.7", "import_consigment": "-"}, {"country": "Dominican Republic", "year": "2019", "timeperiod": "2", "export": "-", "import_origin": "4.3", "import_consigment": "-"}, {"country": "Dominican Republic", "year": "2019", "timeperiod": "3", "export": "-", "import_origin": "36.8", "import_consigment": "29.6"}, {"country": "Dominican Republic", "year": "2019", "timeperiod": "4", "export": "-", "import_origin": "25.3", "import_consigment": "-"}, {"country": "Dominican Republic", "year": "2019", "timeperiod": "5", "export": "-", "import_origin": "2.7", "import_consigment": "-"}, {"country": "Dominican Republic", "year": "2019", "timeperiod": "6", "export": "-", "import_origin": "3.7", "import_consigment": "-"}, {"country": "Dominican Republic", "year": "2019", "timeperiod": "8", "export": "-", "import_origin": "31.0", "import_consigment": "18.9"}, {"country": "Dominican Republic", "year": "2019", "timeperiod": "9", "export": "1.6", "import_origin": "18.1", "import_consigment": "-"}, {"country": "Dominican Republic", "year": "2019", "timeperiod": "10", "export": "-", "import_origin": "4.8", "import_consigment": "0.9"}]}