{"data": [{"country": "Tajikistan", "year": "2021", "timeperiod": "3", "export": "174.9", "import_origin": "0.6", "import_consigment": "-"}, {"country": "Tajikistan", "year": "2021", "timeperiod": "4", "export": "106.0", "import_origin": "0.1", "import_consigment": "-"}, {"country": "Tajikistan", "year": "2021", "timeperiod": "5", "export": "98.5", "import_origin": "-", "import_consigment": "-"}, {"country": "Tajikistan", "year": "2021", "timeperiod": "6", "export": "24.3", "import_origin": "16.2", "import_consigment": "-"}, {"country": "Tajikistan", "year": "2021", "timeperiod": "7", "export": "42.0", "import_origin": "5.4", "import_consigment": "-"}, {"country": "Tajikistan", "year": "2021", "timeperiod": "8", "export": "66.5", "import_origin": "11.9", "import_consigment": "-"}, {"country": "Tajikistan", "year": "2021", "timeperiod": "9", "export": "48.8", "import_origin": "0.1", "import_consigment": "-"}, {"country": "Tajikistan", "year": "2021", "timeperiod": "10", "export": "135.8", "import_origin": "5.4", "import_consigment": "-"}, {"country": "Tajikistan", "year": "2021", "timeperiod": "11", "export": "81.0", "import_origin": "17.2", "import_consigment": "-"}, {"country": "Tajikistan", "year": "2021", "timeperiod": "12", "export": "172.2", "import_origin": "0.9", "import_consigment": "-"}, {"country": "Tajikistan", "year": "2021", "timeperiod": "Year", "export": "999.3", "import_origin": "58.0", "import_consigment": "0.1"}, {"country": "Tajikistan", "year": "2020", "timeperiod": "1", "export": "35.4", "import_origin": "0.4", "import_consigment": "-"}, {"country": "Tajikistan", "year": "2020", "timeperiod": "2", "export": "135.4", "import_origin": "-", "import_consigment": "-"}, {"country": "Tajikistan", "year": "2020", "timeperiod": "3", "export": "139.5", "import_origin": "0.5", "import_consigment": "-"}, {"country": "Tajikistan", "year": "2020", "timeperiod": "5", "export": "-", "import_origin": "0.7", "import_consigment": "-"}, {"country": "Tajikistan", "year": "2020", "timeperiod": "6", "export": "72.8", "import_origin": "-", "import_consigment": "-"}, {"country": "Tajikistan", "year": "2020", "timeperiod": "9", "export": "21.7", "import_origin": "0.4", "import_consigment": "-"}, {"country": "Tajikistan", "year": "2020", "timeperiod": "10", "export": "164.9", "import_origin": "-", "import_consigment": "69.3"}, {"country": "Tajikistan", "year": "2020", "timeperiod": "11", "export": "15.0", "import_origin": "2.7", "import_consigment": "1.4"}, {"country": "Tajikistan", "year": "2020", "timeperiod": "12", "export": "37.5", "import_origin": "5.4", "import_consigment": "-"}, {"country": "Tajikistan", "year": "2020", "timeperiod": "Year", "export": "622.2", "import_origin": "10.0", "import_consigment": "70.7"}, {"country": "Tajikistan", "year": "2019", "timeperiod": "1", "export": "161.0", "import_origin": "-", "import_consigment": "-"}, {"country": "Tajikistan", "year": "2019", "timeperiod": "2", "export": "245.8", "import_origin": "0.3", "import_consigment": "-"}, {"country": "Tajikistan", "year": "2019", "timeperiod": "3", "export": "161.7", "import_origin": "-", "import_consigment": "-"}, {"country": "Tajikistan", "year": "2019", "timeperiod": "4", "export": "231.9", "import_origin": "0.2", "import_consigment": "-"}]}