{"data": [{"country": "Mauritius", "year": "2021", "timeperiod": "2", "export": "-", "import_origin": "35.9", "import_consigment": "-"}, {"country": "Mauritius", "year": "2021", "timeperiod": "3", "export": "-", "import_origin": "39.7", "import_consigment": "-"}, {"country": "Mauritius", "year": "2021", "timeperiod": "4", "export": "-", "import_origin": "50.8", "import_consigment": "-"}, {"country": "Mauritius", "year": "2021", "timeperiod": "5", "export": "-", "import_origin": "127.8", "import_consigment": "-"}, {"country": "Mauritius", "year": "2021", "timeperiod": "6", "export": "-", "import_origin": "4.9", "import_consigment": "-"}, {"country": "Mauritius", "year": "2021", "timeperiod": "7", "export": "-", "import_origin": "80.3", "import_consigment": "-"}, {"country": "Mauritius", "year": "2021", "timeperiod": "8", "export": "-", "import_origin": "73.3", "import_consigment": "-"}, {"country": "Mauritius", "year": "2021", "timeperiod": "9", "export": "-", "import_origin": "63.2", "import_consigment": "-"}, {"country": "Mauritius", "year": "2021", "timeperiod": "10", "export": "-", "import_origin": "62.7", "import_consigment": "-"}, {"country": "Mauritius", "year": "2021", "timeperiod": "11", "export": "-", "import_origin": "25.3", "import_consigment": "-"}, {"country": "Mauritius", "year": "2021", "timeperiod": "12", "export": "-", "import_origin": "44.5", "import_consigment": "-"}, {"country": "Mauritius", "year": "2021", "timeperiod": "Year", "export": "-", "import_origin": "615.3", "import_consigment": "-"}, {"country": "Mauritius", "year": "2020", "timeperiod": "1", "export": "-", "import_origin": "2.0", "import_consigment": "-"}, {"country": "Mauritius", "year": "2020", "timeperiod": "2", "export": "-", "import_origin": "4.7", "import_consigment": "-"}, {"country": "Mauritius", "year": "2020", "timeperiod": "3", "export": "-", "import_origin": "20.3", "import_consigment": "-"}, {"country": "Mauritius", "year": "2020", "timeperiod": "4", "export": "-", "import_origin": "0.3", "import_consigment": "-"}, {"country": "Mauritius", "year": "2020", "timeperiod": "5", "export": "-", "import_origin": "5.6", "import_consigment": "-"}, {"country": "Mauritius", "year": "2020", "timeperiod": "6", "export": "-", "import_origin": "13.2", "import_consigment": "-"}, {"country": "Mauritius", "year": "2020", "timeperiod": "7", "export": "-", "import_origin": "13.2", "import_consigment": "-"}, {"country": "Mauritius", "year": "2020", "timeperiod": "8", "export": "-", "import_origin": "2.7", "import_consigment": "-"}, {"country": "Mauritius", "year": "2020", "timeperiod": "9", "export": "-", "import_origin": "5.5", "import_consigment": "-"}, {"country": "Mauritius", "year": "2020", "timeperiod": "10", "export": "-", "import_origin": "7.9", "import_consigment": "-"}, {"country": "Mauritius", "year": "2020", "timeperiod": "11", "export": "-", "import_origin": "3.0", "import_consigment": "-"}, {"country": "Mauritius", "year": "2020", "timeperiod": "12", "export": "-", "import_origin": "75.9", "import_consigment": "-"}, {"country": "Mauritius", "year": "2020", "timeperiod": "Year", "export": "-", "import_origin": "154.4", "import_consigment": "-"}]}