{"data": [{"country": "Jordan", "year": "2017", "timeperiod": "3", "export": "0.6", "import_origin": "38.9", "import_consigment": "36.2"}, {"country": "Jordan", "year": "2017", "timeperiod": "4", "export": "-", "import_origin": "13.9", "import_consigment": "11.5"}, {"country": "Jordan", "year": "2017", "timeperiod": "5", "export": "-", "import_origin": "3.4", "import_consigment": "-"}, {"country": "Jordan", "year": "2017", "timeperiod": "6", "export": "-", "import_origin": "1.7", "import_consigment": "-"}, {"country": "Jordan", "year": "2017", "timeperiod": "7", "export": "-", "import_origin": "2.1", "import_consigment": "6.1"}, {"country": "Jordan", "year": "2017", "timeperiod": "8", "export": "0.5", "import_origin": "1.2", "import_consigment": "-"}, {"country": "Jordan", "year": "2017", "timeperiod": "9", "export": "-", "import_origin": "0.8", "import_consigment": "-"}, {"country": "Jordan", "year": "2017", "timeperiod": "10", "export": "-", "import_origin": "3.1", "import_consigment": "-"}, {"country": "Jordan", "year": "2017", "timeperiod": "11", "export": "-", "import_origin": "4.3", "import_consigment": "0.3"}, {"country": "Jordan", "year": "2017", "timeperiod": "12", "export": "-", "import_origin": "5.5", "import_consigment": "0.5"}, {"country": "Jordan", "year": "2017", "timeperiod": "Year", "export": "1.2", "import_origin": "110.0", "import_consigment": "89.2"}, {"country": "Kenya", "year": "2023", "timeperiod": "1", "export": "-", "import_origin": "16.1", "import_consigment": "-"}, {"country": "Kenya", "year": "2023", "timeperiod": "Year", "export": "-", "import_origin": "16.1", "import_consigment": "-"}, {"country": "Kenya", "year": "2022", "timeperiod": "1", "export": "-", "import_origin": "14.8", "import_consigment": "-"}, {"country": "Kenya", "year": "2022", "timeperiod": "2", "export": "-", "import_origin": "3.7", "import_consigment": "-"}, {"country": "Kenya", "year": "2022", "timeperiod": "3", "export": "-", "import_origin": "4.1", "import_consigment": "-"}, {"country": "Kenya", "year": "2022", "timeperiod": "4", "export": "-", "import_origin": "79.1", "import_consigment": "3.9"}, {"country": "Kenya", "year": "2022", "timeperiod": "5", "export": "-", "import_origin": "82.9", "import_consigment": "81.6"}, {"country": "Kenya", "year": "2022", "timeperiod": "6", "export": "-", "import_origin": "112.9", "import_consigment": "81.1"}, {"country": "Kenya", "year": "2022", "timeperiod": "7", "export": "-", "import_origin": "22.3", "import_consigment": "2.0"}, {"country": "Kenya", "year": "2022", "timeperiod": "8", "export": "-", "import_origin": "37.9", "import_consigment": "-"}, {"country": "Kenya", "year": "2022", "timeperiod": "9", "export": "-", "import_origin": "43.6", "import_consigment": "5.3"}, {"country": "Kenya", "year": "2022", "timeperiod": "10", "export": "-", "import_origin": "12.9", "import_consigment": "2.2"}, {"country": "Kenya", "year": "2022", "timeperiod": "11", "export": "-", "import_origin": "25.5", "import_consigment": "0.6"}, {"country": "Kenya", "year": "2022", "timeperiod": "12", "export": "-", "import_origin": "16.0", "import_consigment": "2.7"}]}