{"data": [{"country": "Australia", "year": "2017", "timeperiod": "1", "export": "-", "import_origin": "570.9", "import_consigment": "575.5"}, {"country": "Australia", "year": "2017", "timeperiod": "2", "export": "2.2", "import_origin": "368.7", "import_consigment": "60.1"}, {"country": "Australia", "year": "2017", "timeperiod": "3", "export": "49.7", "import_origin": "189.9", "import_consigment": "129.5"}, {"country": "Australia", "year": "2017", "timeperiod": "4", "export": "0.2", "import_origin": "432.1", "import_consigment": "351.4"}, {"country": "Australia", "year": "2017", "timeperiod": "5", "export": "-", "import_origin": "26.3", "import_consigment": "16.1"}, {"country": "Australia", "year": "2017", "timeperiod": "6", "export": "6.0", "import_origin": "68.2", "import_consigment": "52.1"}, {"country": "Australia", "year": "2017", "timeperiod": "7", "export": "2.0", "import_origin": "155.1", "import_consigment": "146.1"}, {"country": "Australia", "year": "2017", "timeperiod": "8", "export": "21.0", "import_origin": "223.8", "import_consigment": "198.7"}, {"country": "Australia", "year": "2017", "timeperiod": "9", "export": "5.3", "import_origin": "203.8", "import_consigment": "124.2"}, {"country": "Australia", "year": "2017", "timeperiod": "10", "export": "19.0", "import_origin": "847.1", "import_consigment": "746.2"}, {"country": "Australia", "year": "2017", "timeperiod": "11", "export": "5.7", "import_origin": "585.4", "import_consigment": "474.7"}, {"country": "Australia", "year": "2017", "timeperiod": "12", "export": "5.2", "import_origin": "674.8", "import_consigment": "669.2"}, {"country": "Australia", "year": "2017", "timeperiod": "Year", "export": "116.3", "import_origin": "4346.0", "import_consigment": "3543.8"}, {"country": "Austria", "year": "2023", "timeperiod": "1", "export": "104.0", "import_origin": "9186.3", "import_consigment": "2996.3"}, {"country": "Austria", "year": "2023", "timeperiod": "Year", "export": "104.0", "import_origin": "9186.3", "import_consigment": "2996.3"}, {"country": "Austria", "year": "2022", "timeperiod": "1", "export": "245.8", "import_origin": "2488.5", "import_consigment": "2893.1"}, {"country": "Austria", "year": "2022", "timeperiod": "2", "export": "15.0", "import_origin": "1229.0", "import_consigment": "1437.5"}, {"country": "Austria", "year": "2022", "timeperiod": "3", "export": "13.4", "import_origin": "1280.7", "import_consigment": "2281.9"}, {"country": "Austria", "year": "2022", "timeperiod": "4", "export": "93.3", "import_origin": "2340.8", "import_consigment": "1342.8"}, {"country": "Austria", "year": "2022", "timeperiod": "5", "export": "277.9", "import_origin": "2667.2", "import_consigment": "2116.8"}, {"country": "Austria", "year": "2022", "timeperiod": "6", "export": "9.8", "import_origin": "1449.8", "import_consigment": "2673.3"}, {"country": "Austria", "year": "2022", "timeperiod": "7", "export": "36.6", "import_origin": "2434.7", "import_consigment": "2139.4"}, {"country": "Austria", "year": "2022", "timeperiod": "8", "export": "15.4", "import_origin": "7350.8", "import_consigment": "5938.7"}, {"country": "Austria", "year": "2022", "timeperiod": "9", "export": "219.5", "import_origin": "7512.3", "import_consigment": "4546.1"}, {"country": "Austria", "year": "2022", "timeperiod": "10", "export": "585.3", "import_origin": "4529.7", "import_consigment": "3110.3"}]}