{"data": [{"country": null, "year": "2019", "timeperiod": "11", "export": "375.2", "import_origin": "403.9", "import_consigment": "403.9"}, {"country": null, "year": "2019", "timeperiod": "12", "export": "325.0", "import_origin": "356.1", "import_consigment": "356.1"}, {"country": null, "year": "2019", "timeperiod": "Year", "export": "3037.9", "import_origin": "6841.2", "import_consigment": "6841.2"}, {"country": null, "year": "2018", "timeperiod": "1", "export": "547.2", "import_origin": "162.7", "import_consigment": "162.7"}, {"country": null, "year": "2018", "timeperiod": "2", "export": "430.2", "import_origin": "145.9", "import_consigment": "145.9"}, {"country": null, "year": "2018", "timeperiod": "3", "export": "346.7", "import_origin": "307.8", "import_consigment": "307.8"}, {"country": null, "year": "2018", "timeperiod": "4", "export": "113.9", "import_origin": "590.1", "import_consigment": "590.1"}, {"country": null, "year": "2018", "timeperiod": "5", "export": "31.0", "import_origin": "858.9", "import_consigment": "858.9"}, {"country": null, "year": "2018", "timeperiod": "6", "export": "59.9", "import_origin": "784.3", "import_consigment": "784.3"}, {"country": null, "year": "2018", "timeperiod": "7", "export": "285.6", "import_origin": "177.8", "import_consigment": "177.8"}, {"country": null, "year": "2018", "timeperiod": "8", "export": "475.5", "import_origin": "146.8", "import_consigment": "146.8"}, {"country": null, "year": "2018", "timeperiod": "9", "export": "124.4", "import_origin": "286.8", "import_consigment": "286.8"}, {"country": null, "year": "2018", "timeperiod": "10", "export": "281.3", "import_origin": "428.6", "import_consigment": "428.6"}, {"country": null, "year": "2018", "timeperiod": "11", "export": "421.0", "import_origin": "189.1", "import_consigment": "189.1"}, {"country": null, "year": "2018", "timeperiod": "12", "export": "452.9", "import_origin": "267.9", "import_consigment": "267.9"}, {"country": null, "year": "2018", "timeperiod": "Year", "export": "3569.7", "import_origin": "4346.7", "import_consigment": "4346.7"}, {"country": null, "year": "2017", "timeperiod": "1", "export": "285.7", "import_origin": "72.4", "import_consigment": "72.4"}, {"country": null, "year": "2017", "timeperiod": "2", "export": "274.1", "import_origin": "46.5", "import_consigment": "46.5"}, {"country": null, "year": "2017", "timeperiod": "3", "export": "114.9", "import_origin": "207.8", "import_consigment": "207.8"}, {"country": null, "year": "2017", "timeperiod": "4", "export": "142.6", "import_origin": "258.7", "import_consigment": "258.7"}, {"country": null, "year": "2017", "timeperiod": "5", "export": "81.1", "import_origin": "551.2", "import_consigment": "551.2"}, {"country": null, "year": "2017", "timeperiod": "6", "export": "62.5", "import_origin": "622.6", "import_consigment": "622.6"}, {"country": null, "year": "2017", "timeperiod": "7", "export": "567.0", "import_origin": "197.4", "import_consigment": "197.4"}, {"country": null, "year": "2017", "timeperiod": "8", "export": "604.6", "import_origin": "69.5", "import_consigment": "69.5"}, {"country": null, "year": "2017", "timeperiod": "9", "export": "463.0", "import_origin": "221.0", "import_consigment": "221.0"}]}