{"data": [{"country": "Australia", "year": "2019", "timeperiod": "2", "export": "2.8", "import_origin": "98.0", "import_consigment": "49.8"}, {"country": "Australia", "year": "2019", "timeperiod": "3", "export": "1.9", "import_origin": "162.4", "import_consigment": "20.9"}, {"country": "Australia", "year": "2019", "timeperiod": "4", "export": "27.4", "import_origin": "262.7", "import_consigment": "226.1"}, {"country": "Australia", "year": "2019", "timeperiod": "5", "export": "21.8", "import_origin": "200.4", "import_consigment": "101.2"}, {"country": "Australia", "year": "2019", "timeperiod": "6", "export": "2.3", "import_origin": "340.0", "import_consigment": "125.3"}, {"country": "Australia", "year": "2019", "timeperiod": "7", "export": "-", "import_origin": "137.2", "import_consigment": "71.6"}, {"country": "Australia", "year": "2019", "timeperiod": "8", "export": "15.0", "import_origin": "71.4", "import_consigment": "59.4"}, {"country": "Australia", "year": "2019", "timeperiod": "9", "export": "1.6", "import_origin": "295.2", "import_consigment": "271.5"}, {"country": "Australia", "year": "2019", "timeperiod": "10", "export": "0.2", "import_origin": "411.4", "import_consigment": "256.0"}, {"country": "Australia", "year": "2019", "timeperiod": "11", "export": "3.0", "import_origin": "569.3", "import_consigment": "265.7"}, {"country": "Australia", "year": "2019", "timeperiod": "12", "export": "15.1", "import_origin": "526.2", "import_consigment": "171.0"}, {"country": "Australia", "year": "2019", "timeperiod": "Year", "export": "91.1", "import_origin": "3260.5", "import_consigment": "1739.5"}, {"country": "Australia", "year": "2018", "timeperiod": "1", "export": "0.2", "import_origin": "97.2", "import_consigment": "45.2"}, {"country": "Australia", "year": "2018", "timeperiod": "2", "export": "1.7", "import_origin": "220.8", "import_consigment": "176.0"}, {"country": "Australia", "year": "2018", "timeperiod": "3", "export": "2.7", "import_origin": "385.3", "import_consigment": "628.5"}, {"country": "Australia", "year": "2018", "timeperiod": "4", "export": "20.7", "import_origin": "150.7", "import_consigment": "139.3"}, {"country": "Australia", "year": "2018", "timeperiod": "5", "export": "1.2", "import_origin": "435.1", "import_consigment": "399.1"}, {"country": "Australia", "year": "2018", "timeperiod": "6", "export": "7.5", "import_origin": "732.4", "import_consigment": "566.7"}, {"country": "Australia", "year": "2018", "timeperiod": "7", "export": "2.4", "import_origin": "494.3", "import_consigment": "465.7"}, {"country": "Australia", "year": "2018", "timeperiod": "8", "export": "2.4", "import_origin": "276.5", "import_consigment": "241.5"}, {"country": "Australia", "year": "2018", "timeperiod": "9", "export": "26.6", "import_origin": "60.7", "import_consigment": "47.3"}, {"country": "Australia", "year": "2018", "timeperiod": "10", "export": "8.7", "import_origin": "207.3", "import_consigment": "127.9"}, {"country": "Australia", "year": "2018", "timeperiod": "11", "export": "-", "import_origin": "134.6", "import_consigment": "40.3"}, {"country": "Australia", "year": "2018", "timeperiod": "12", "export": "3.1", "import_origin": "96.9", "import_consigment": "48.2"}, {"country": "Australia", "year": "2018", "timeperiod": "Year", "export": "77.3", "import_origin": "3291.8", "import_consigment": "2925.7"}]}