{"data": [{"country": "Zambia", "year": "2018", "timeperiod": "5", "export": "-", "import_origin": "4.7", "import_consigment": "-"}, {"country": "Zambia", "year": "2018", "timeperiod": "7", "export": "-", "import_origin": "6.2", "import_consigment": "-"}, {"country": "Zambia", "year": "2018", "timeperiod": "8", "export": "-", "import_origin": "17.2", "import_consigment": "-"}, {"country": "Zambia", "year": "2018", "timeperiod": "10", "export": "-", "import_origin": "6.2", "import_consigment": "-"}, {"country": "Zambia", "year": "2018", "timeperiod": "11", "export": "-", "import_origin": "36.5", "import_consigment": "-"}, {"country": "Zambia", "year": "2018", "timeperiod": "12", "export": "-", "import_origin": "20.2", "import_consigment": "-"}, {"country": "Zambia", "year": "2018", "timeperiod": "Year", "export": "-", "import_origin": "91.0", "import_consigment": "-"}, {"country": "Unknown country", "year": "2023", "timeperiod": "1", "export": "609.9", "import_origin": "7623.8", "import_consigment": "544.7"}, {"country": "Unknown country", "year": "2023", "timeperiod": "Year", "export": "609.9", "import_origin": "7623.8", "import_consigment": "544.7"}, {"country": "Unknown country", "year": "2022", "timeperiod": "1", "export": "367.1", "import_origin": "4255.3", "import_consigment": "100.5"}, {"country": "Unknown country", "year": "2022", "timeperiod": "2", "export": "681.8", "import_origin": "5033.2", "import_consigment": "18.6"}, {"country": "Unknown country", "year": "2022", "timeperiod": "3", "export": "745.9", "import_origin": "3178.6", "import_consigment": "1298.9"}, {"country": "Unknown country", "year": "2022", "timeperiod": "4", "export": "444.7", "import_origin": "8835.7", "import_consigment": "201.5"}, {"country": "Unknown country", "year": "2022", "timeperiod": "5", "export": "834.0", "import_origin": "8123.7", "import_consigment": "995.4"}, {"country": "Unknown country", "year": "2022", "timeperiod": "6", "export": "957.1", "import_origin": "8721.0", "import_consigment": "133.7"}, {"country": "Unknown country", "year": "2022", "timeperiod": "7", "export": "1532.7", "import_origin": "12006.0", "import_consigment": "110.5"}, {"country": "Unknown country", "year": "2022", "timeperiod": "8", "export": "1555.1", "import_origin": "13715.5", "import_consigment": "395.9"}, {"country": "Unknown country", "year": "2022", "timeperiod": "9", "export": "1646.0", "import_origin": "19873.6", "import_consigment": "232.7"}, {"country": "Unknown country", "year": "2022", "timeperiod": "10", "export": "1638.5", "import_origin": "13138.4", "import_consigment": "66.2"}, {"country": "Unknown country", "year": "2022", "timeperiod": "11", "export": "1830.6", "import_origin": "15251.3", "import_consigment": "810.1"}, {"country": "Unknown country", "year": "2022", "timeperiod": "12", "export": "1846.6", "import_origin": "18968.5", "import_consigment": "693.6"}, {"country": "Unknown country", "year": "2022", "timeperiod": "Year", "export": "14080.0", "import_origin": "131100.8", "import_consigment": "5057.6"}, {"country": "Unknown country", "year": "2021", "timeperiod": "1", "export": "78.1", "import_origin": "1808.1", "import_consigment": "59.0"}, {"country": "Unknown country", "year": "2021", "timeperiod": "2", "export": "198.9", "import_origin": "2735.3", "import_consigment": "72.1"}, {"country": "Unknown country", "year": "2021", "timeperiod": "3", "export": "423.1", "import_origin": "3946.5", "import_consigment": "25.5"}]}