{"data": [{"country": "Sudan", "year": "2019", "timeperiod": "5", "export": "-", "import_origin": "14.9", "import_consigment": "-"}, {"country": "Sudan", "year": "2019", "timeperiod": "6", "export": "94.5", "import_origin": "18.4", "import_consigment": "-"}, {"country": "Sudan", "year": "2019", "timeperiod": "7", "export": "-", "import_origin": "11.1", "import_consigment": "-"}, {"country": "Sudan", "year": "2019", "timeperiod": "8", "export": "-", "import_origin": "1.2", "import_consigment": "-"}, {"country": "Sudan", "year": "2019", "timeperiod": "9", "export": "-", "import_origin": "22.1", "import_consigment": "-"}, {"country": "Sudan", "year": "2019", "timeperiod": "10", "export": "-", "import_origin": "13.2", "import_consigment": "-"}, {"country": "Sudan", "year": "2019", "timeperiod": "11", "export": "-", "import_origin": "16.8", "import_consigment": "-"}, {"country": "Sudan", "year": "2019", "timeperiod": "12", "export": "-", "import_origin": "1.6", "import_consigment": "-"}, {"country": "Sudan", "year": "2019", "timeperiod": "Year", "export": "94.5", "import_origin": "205.6", "import_consigment": "59.6"}, {"country": "Sudan", "year": "2018", "timeperiod": "2", "export": "-", "import_origin": "11.0", "import_consigment": "-"}, {"country": "Sudan", "year": "2018", "timeperiod": "3", "export": "-", "import_origin": "9.0", "import_consigment": "-"}, {"country": "Sudan", "year": "2018", "timeperiod": "5", "export": "53.0", "import_origin": "23.8", "import_consigment": "-"}, {"country": "Sudan", "year": "2018", "timeperiod": "6", "export": "-", "import_origin": "4.1", "import_consigment": "-"}, {"country": "Sudan", "year": "2018", "timeperiod": "7", "export": "-", "import_origin": "10.6", "import_consigment": "-"}, {"country": "Sudan", "year": "2018", "timeperiod": "8", "export": "-", "import_origin": "9.5", "import_consigment": "-"}, {"country": "Sudan", "year": "2018", "timeperiod": "9", "export": "-", "import_origin": "3.0", "import_consigment": "-"}, {"country": "Sudan", "year": "2018", "timeperiod": "10", "export": "-", "import_origin": "11.3", "import_consigment": "-"}, {"country": "Sudan", "year": "2018", "timeperiod": "11", "export": "-", "import_origin": "3.8", "import_consigment": "-"}, {"country": "Sudan", "year": "2018", "timeperiod": "12", "export": "79.2", "import_origin": "16.6", "import_consigment": "-"}, {"country": "Sudan", "year": "2018", "timeperiod": "Year", "export": "132.3", "import_origin": "102.8", "import_consigment": "-"}, {"country": "Sudan", "year": "2017", "timeperiod": "2", "export": "-", "import_origin": "3.2", "import_consigment": "-"}, {"country": "Sudan", "year": "2017", "timeperiod": "3", "export": "-", "import_origin": "5.0", "import_consigment": "-"}, {"country": "Sudan", "year": "2017", "timeperiod": "4", "export": "-", "import_origin": "9.7", "import_consigment": "-"}, {"country": "Sudan", "year": "2017", "timeperiod": "5", "export": "-", "import_origin": "2.0", "import_consigment": "-"}, {"country": "Sudan", "year": "2017", "timeperiod": "6", "export": "-", "import_origin": "2.0", "import_consigment": "-"}]}