{"data": [{"country": "Iraq", "year": "2021", "timeperiod": "1", "export": "6457.8", "import_origin": "-", "import_consigment": "-"}, {"country": "Iraq", "year": "2021", "timeperiod": "2", "export": "8798.0", "import_origin": "50.7", "import_consigment": "50.7"}, {"country": "Iraq", "year": "2021", "timeperiod": "3", "export": "9843.8", "import_origin": "335.3", "import_consigment": "267.1"}, {"country": "Iraq", "year": "2021", "timeperiod": "4", "export": "16728.9", "import_origin": "322.1", "import_consigment": "418.4"}, {"country": "Iraq", "year": "2021", "timeperiod": "5", "export": "10768.7", "import_origin": "174.3", "import_consigment": "204.6"}, {"country": "Iraq", "year": "2021", "timeperiod": "6", "export": "9125.0", "import_origin": "542.3", "import_consigment": "577.8"}, {"country": "Iraq", "year": "2021", "timeperiod": "7", "export": "18675.5", "import_origin": "285.9", "import_consigment": "285.9"}, {"country": "Iraq", "year": "2021", "timeperiod": "8", "export": "16503.6", "import_origin": "776.9", "import_consigment": "696.1"}, {"country": "Iraq", "year": "2021", "timeperiod": "9", "export": "15980.0", "import_origin": "1410.4", "import_consigment": "1321.4"}, {"country": "Iraq", "year": "2021", "timeperiod": "10", "export": "21016.1", "import_origin": "265.7", "import_consigment": "265.7"}, {"country": "Iraq", "year": "2021", "timeperiod": "11", "export": "23208.3", "import_origin": "215.5", "import_consigment": "173.4"}, {"country": "Iraq", "year": "2021", "timeperiod": "12", "export": "20207.9", "import_origin": "361.7", "import_consigment": "322.0"}, {"country": "Iraq", "year": "2021", "timeperiod": "Year", "export": "177313.6", "import_origin": "4740.8", "import_consigment": "4582.9"}, {"country": "Iraq", "year": "2020", "timeperiod": "1", "export": "8547.8", "import_origin": "-", "import_consigment": "-"}, {"country": "Iraq", "year": "2020", "timeperiod": "2", "export": "12792.6", "import_origin": "150.6", "import_consigment": "150.6"}, {"country": "Iraq", "year": "2020", "timeperiod": "3", "export": "5108.5", "import_origin": "-", "import_consigment": "-"}, {"country": "Iraq", "year": "2020", "timeperiod": "4", "export": "14046.8", "import_origin": "-", "import_consigment": "-"}, {"country": "Iraq", "year": "2020", "timeperiod": "5", "export": "17550.5", "import_origin": "-", "import_consigment": "-"}, {"country": "Iraq", "year": "2020", "timeperiod": "6", "export": "18209.8", "import_origin": "309.6", "import_consigment": "247.8"}, {"country": "Iraq", "year": "2020", "timeperiod": "7", "export": "16965.1", "import_origin": "622.5", "import_consigment": "435.3"}, {"country": "Iraq", "year": "2020", "timeperiod": "8", "export": "10922.2", "import_origin": "580.1", "import_consigment": "501.1"}, {"country": "Iraq", "year": "2020", "timeperiod": "9", "export": "13412.5", "import_origin": "477.5", "import_consigment": "464.6"}, {"country": "Iraq", "year": "2020", "timeperiod": "10", "export": "16861.6", "import_origin": "-", "import_consigment": "114.0"}, {"country": "Iraq", "year": "2020", "timeperiod": "11", "export": "15038.0", "import_origin": "36.3", "import_consigment": "195.7"}, {"country": "Iraq", "year": "2020", "timeperiod": "12", "export": "14371.4", "import_origin": "107.4", "import_consigment": "107.4"}]}