{"data": [{"country": "Botswana", "year": "2018", "timeperiod": "1", "export": "-", "import_origin": "1057.4", "import_consigment": "-"}, {"country": "Botswana", "year": "2018", "timeperiod": "4", "export": "-", "import_origin": "275.4", "import_consigment": "-"}, {"country": "Botswana", "year": "2018", "timeperiod": "5", "export": "-", "import_origin": "280.7", "import_consigment": "-"}, {"country": "Botswana", "year": "2018", "timeperiod": "7", "export": "-", "import_origin": "398.4", "import_consigment": "-"}, {"country": "Botswana", "year": "2018", "timeperiod": "8", "export": "-", "import_origin": "141.4", "import_consigment": "-"}, {"country": "Botswana", "year": "2018", "timeperiod": "10", "export": "-", "import_origin": "215.8", "import_consigment": "-"}, {"country": "Botswana", "year": "2018", "timeperiod": "11", "export": "-", "import_origin": "308.9", "import_consigment": "-"}, {"country": "Botswana", "year": "2018", "timeperiod": "12", "export": "-", "import_origin": "307.6", "import_consigment": "-"}, {"country": "Botswana", "year": "2018", "timeperiod": "Year", "export": "-", "import_origin": "2985.6", "import_consigment": "-"}, {"country": "Botswana", "year": "2017", "timeperiod": "3", "export": "-", "import_origin": "184.5", "import_consigment": "-"}, {"country": "Botswana", "year": "2017", "timeperiod": "4", "export": "-", "import_origin": "401.7", "import_consigment": "-"}, {"country": "Botswana", "year": "2017", "timeperiod": "5", "export": "-", "import_origin": "25.5", "import_consigment": "-"}, {"country": "Botswana", "year": "2017", "timeperiod": "6", "export": "-", "import_origin": "9.7", "import_consigment": "-"}, {"country": "Botswana", "year": "2017", "timeperiod": "7", "export": "-", "import_origin": "148.1", "import_consigment": "-"}, {"country": "Botswana", "year": "2017", "timeperiod": "9", "export": "-", "import_origin": "412.2", "import_consigment": "-"}, {"country": "Botswana", "year": "2017", "timeperiod": "Year", "export": "-", "import_origin": "1181.7", "import_consigment": "-"}, {"country": "Brazil", "year": "2023", "timeperiod": "1", "export": "-", "import_origin": "1546.4", "import_consigment": "536.2"}, {"country": "Brazil", "year": "2023", "timeperiod": "Year", "export": "-", "import_origin": "1546.4", "import_consigment": "536.2"}, {"country": "Brazil", "year": "2022", "timeperiod": "1", "export": "-", "import_origin": "1434.7", "import_consigment": "138.9"}, {"country": "Brazil", "year": "2022", "timeperiod": "2", "export": "-", "import_origin": "2843.8", "import_consigment": "1479.5"}, {"country": "Brazil", "year": "2022", "timeperiod": "3", "export": "-", "import_origin": "4251.9", "import_consigment": "1733.5"}, {"country": "Brazil", "year": "2022", "timeperiod": "4", "export": "-", "import_origin": "8153.3", "import_consigment": "6136.7"}, {"country": "Brazil", "year": "2022", "timeperiod": "5", "export": "-", "import_origin": "11248.0", "import_consigment": "7975.7"}, {"country": "Brazil", "year": "2022", "timeperiod": "6", "export": "-", "import_origin": "2681.2", "import_consigment": "442.8"}, {"country": "Brazil", "year": "2022", "timeperiod": "7", "export": "-", "import_origin": "3640.1", "import_consigment": "389.3"}]}