{"data": [{"country": "China", "year": "2019", "timeperiod": "4", "export": "16350.6", "import_origin": "57315.8", "import_consigment": "33774.8"}, {"country": "China", "year": "2019", "timeperiod": "5", "export": "17881.0", "import_origin": "53872.4", "import_consigment": "34722.3"}, {"country": "China", "year": "2019", "timeperiod": "6", "export": "21045.4", "import_origin": "57721.3", "import_consigment": "39911.2"}, {"country": "China", "year": "2019", "timeperiod": "7", "export": "14731.4", "import_origin": "58821.3", "import_consigment": "40960.9"}, {"country": "China", "year": "2019", "timeperiod": "8", "export": "13514.3", "import_origin": "64273.0", "import_consigment": "39664.2"}, {"country": "China", "year": "2019", "timeperiod": "9", "export": "9429.1", "import_origin": "61782.6", "import_consigment": "37922.1"}, {"country": "China", "year": "2019", "timeperiod": "10", "export": "15182.8", "import_origin": "77851.9", "import_consigment": "48067.4"}, {"country": "China", "year": "2019", "timeperiod": "11", "export": "17207.2", "import_origin": "68779.0", "import_consigment": "36752.5"}, {"country": "China", "year": "2019", "timeperiod": "12", "export": "32848.7", "import_origin": "83868.3", "import_consigment": "37638.2"}, {"country": "China", "year": "2019", "timeperiod": "Year", "export": "193709.7", "import_origin": "751428.7", "import_consigment": "463302.8"}, {"country": "China", "year": "2018", "timeperiod": "1", "export": "12776.6", "import_origin": "38435.1", "import_consigment": "26353.5"}, {"country": "China", "year": "2018", "timeperiod": "2", "export": "3536.8", "import_origin": "48959.3", "import_consigment": "27432.0"}, {"country": "China", "year": "2018", "timeperiod": "3", "export": "10515.7", "import_origin": "50716.9", "import_consigment": "28950.8"}, {"country": "China", "year": "2018", "timeperiod": "4", "export": "4783.0", "import_origin": "48113.9", "import_consigment": "30277.2"}, {"country": "China", "year": "2018", "timeperiod": "5", "export": "9957.6", "import_origin": "57018.7", "import_consigment": "29858.1"}, {"country": "China", "year": "2018", "timeperiod": "6", "export": "9113.4", "import_origin": "47514.5", "import_consigment": "26812.8"}, {"country": "China", "year": "2018", "timeperiod": "7", "export": "10465.8", "import_origin": "56103.3", "import_consigment": "30550.2"}, {"country": "China", "year": "2018", "timeperiod": "8", "export": "13523.3", "import_origin": "58659.7", "import_consigment": "32326.4"}, {"country": "China", "year": "2018", "timeperiod": "9", "export": "3772.8", "import_origin": "79030.5", "import_consigment": "45770.0"}, {"country": "China", "year": "2018", "timeperiod": "10", "export": "7474.4", "import_origin": "67995.9", "import_consigment": "42684.2"}, {"country": "China", "year": "2018", "timeperiod": "11", "export": "8173.1", "import_origin": "55433.9", "import_consigment": "29812.9"}, {"country": "China", "year": "2018", "timeperiod": "12", "export": "13129.9", "import_origin": "55605.0", "import_consigment": "31992.4"}, {"country": "China", "year": "2018", "timeperiod": "Year", "export": "107222.4", "import_origin": "663586.7", "import_consigment": "382820.6"}, {"country": "China", "year": "2017", "timeperiod": "1", "export": "8514.2", "import_origin": "28112.6", "import_consigment": "17116.2"}, {"country": "China", "year": "2017", "timeperiod": "2", "export": "9253.7", "import_origin": "36351.1", "import_consigment": "22343.4"}]}