{"data": [{"country": "Belgium", "year": "2020", "timeperiod": "6", "export": "1922.2", "import_origin": "1624.0", "import_consigment": "3455.8"}, {"country": "Belgium", "year": "2020", "timeperiod": "7", "export": "4298.5", "import_origin": "3753.9", "import_consigment": "3820.8"}, {"country": "Belgium", "year": "2020", "timeperiod": "8", "export": "3090.7", "import_origin": "4402.1", "import_consigment": "6347.0"}, {"country": "Belgium", "year": "2020", "timeperiod": "9", "export": "4227.6", "import_origin": "4590.0", "import_consigment": "5815.3"}, {"country": "Belgium", "year": "2020", "timeperiod": "10", "export": "2362.2", "import_origin": "3719.6", "import_consigment": "4968.0"}, {"country": "Belgium", "year": "2020", "timeperiod": "11", "export": "3341.1", "import_origin": "5022.2", "import_consigment": "3458.0"}, {"country": "Belgium", "year": "2020", "timeperiod": "12", "export": "5187.5", "import_origin": "1497.7", "import_consigment": "3105.9"}, {"country": "Belgium", "year": "2020", "timeperiod": "Year", "export": "36563.4", "import_origin": "36215.0", "import_consigment": "51125.8"}, {"country": "Belgium", "year": "2019", "timeperiod": "1", "export": "1575.4", "import_origin": "2508.4", "import_consigment": "5154.8"}, {"country": "Belgium", "year": "2019", "timeperiod": "2", "export": "5649.8", "import_origin": "3947.6", "import_consigment": "5412.0"}, {"country": "Belgium", "year": "2019", "timeperiod": "3", "export": "4072.2", "import_origin": "4010.4", "import_consigment": "5903.3"}, {"country": "Belgium", "year": "2019", "timeperiod": "4", "export": "3828.8", "import_origin": "2985.5", "import_consigment": "5275.8"}, {"country": "Belgium", "year": "2019", "timeperiod": "5", "export": "6361.3", "import_origin": "4164.5", "import_consigment": "6732.2"}, {"country": "Belgium", "year": "2019", "timeperiod": "6", "export": "2933.5", "import_origin": "11088.2", "import_consigment": "12059.1"}, {"country": "Belgium", "year": "2019", "timeperiod": "7", "export": "4162.7", "import_origin": "2691.7", "import_consigment": "6989.4"}, {"country": "Belgium", "year": "2019", "timeperiod": "8", "export": "2496.5", "import_origin": "2052.7", "import_consigment": "3609.3"}, {"country": "Belgium", "year": "2019", "timeperiod": "9", "export": "3071.0", "import_origin": "1552.5", "import_consigment": "5270.5"}, {"country": "Belgium", "year": "2019", "timeperiod": "10", "export": "2115.3", "import_origin": "4031.5", "import_consigment": "10329.0"}, {"country": "Belgium", "year": "2019", "timeperiod": "11", "export": "3401.7", "import_origin": "3106.5", "import_consigment": "11154.4"}, {"country": "Belgium", "year": "2019", "timeperiod": "12", "export": "4802.8", "import_origin": "3665.7", "import_consigment": "8827.4"}, {"country": "Belgium", "year": "2019", "timeperiod": "Year", "export": "44470.9", "import_origin": "45805.3", "import_consigment": "86717.1"}, {"country": "Belgium", "year": "2018", "timeperiod": "1", "export": "3458.9", "import_origin": "2014.3", "import_consigment": "4862.5"}, {"country": "Belgium", "year": "2018", "timeperiod": "2", "export": "6241.0", "import_origin": "3492.7", "import_consigment": "6733.8"}, {"country": "Belgium", "year": "2018", "timeperiod": "3", "export": "5277.7", "import_origin": "4288.5", "import_consigment": "7190.8"}, {"country": "Belgium", "year": "2018", "timeperiod": "4", "export": "4305.0", "import_origin": "4841.6", "import_consigment": "6915.7"}]}