{"data": [{"country": "Senegal", "year": "2019", "timeperiod": "Year", "export": "-", "import_origin": "0.6", "import_consigment": "-"}, {"country": "Senegal", "year": "2018", "timeperiod": "2", "export": "-", "import_origin": "0.1", "import_consigment": "-"}, {"country": "Senegal", "year": "2018", "timeperiod": "8", "export": "-", "import_origin": "0.6", "import_consigment": "-"}, {"country": "Senegal", "year": "2018", "timeperiod": "9", "export": "-", "import_origin": "0.1", "import_consigment": "-"}, {"country": "Senegal", "year": "2018", "timeperiod": "Year", "export": "-", "import_origin": "0.8", "import_consigment": "-"}, {"country": "Senegal", "year": "2017", "timeperiod": "6", "export": "-", "import_origin": "0.4", "import_consigment": "-"}, {"country": "Senegal", "year": "2017", "timeperiod": "7", "export": "71.0", "import_origin": "-", "import_consigment": "-"}, {"country": "Senegal", "year": "2017", "timeperiod": "12", "export": "8.2", "import_origin": "-", "import_consigment": "-"}, {"country": "Senegal", "year": "2017", "timeperiod": "Year", "export": "79.2", "import_origin": "0.4", "import_consigment": "-"}, {"country": "Serbia", "year": "2023", "timeperiod": "1", "export": "13.2", "import_origin": "772.6", "import_consigment": "788.8"}, {"country": "Serbia", "year": "2023", "timeperiod": "Year", "export": "13.2", "import_origin": "772.6", "import_consigment": "788.8"}, {"country": "Serbia", "year": "2022", "timeperiod": "1", "export": "65.6", "import_origin": "93.3", "import_consigment": "19.9"}, {"country": "Serbia", "year": "2022", "timeperiod": "2", "export": "26.6", "import_origin": "116.0", "import_consigment": "77.7"}, {"country": "Serbia", "year": "2022", "timeperiod": "3", "export": "-", "import_origin": "162.1", "import_consigment": "41.6"}, {"country": "Serbia", "year": "2022", "timeperiod": "4", "export": "-", "import_origin": "286.3", "import_consigment": "213.4"}, {"country": "Serbia", "year": "2022", "timeperiod": "5", "export": "-", "import_origin": "1218.9", "import_consigment": "1160.8"}, {"country": "Serbia", "year": "2022", "timeperiod": "6", "export": "-", "import_origin": "1257.9", "import_consigment": "1140.7"}, {"country": "Serbia", "year": "2022", "timeperiod": "7", "export": "80.7", "import_origin": "1275.2", "import_consigment": "1411.6"}, {"country": "Serbia", "year": "2022", "timeperiod": "8", "export": "-", "import_origin": "932.0", "import_consigment": "836.1"}, {"country": "Serbia", "year": "2022", "timeperiod": "9", "export": "-", "import_origin": "1957.3", "import_consigment": "1971.0"}, {"country": "Serbia", "year": "2022", "timeperiod": "10", "export": "130.8", "import_origin": "689.8", "import_consigment": "509.8"}, {"country": "Serbia", "year": "2022", "timeperiod": "11", "export": "108.5", "import_origin": "2571.6", "import_consigment": "2513.5"}, {"country": "Serbia", "year": "2022", "timeperiod": "12", "export": "122.6", "import_origin": "1820.1", "import_consigment": "2034.2"}, {"country": "Serbia", "year": "2022", "timeperiod": "Year", "export": "534.7", "import_origin": "12380.7", "import_consigment": "11930.4"}, {"country": "Serbia", "year": "2021", "timeperiod": "1", "export": "9.6", "import_origin": "62.7", "import_consigment": "76.5"}]}