{"data": [{"country": "Lesotho", "year": "2020", "timeperiod": "Year", "export": "-", "import_origin": "1.9", "import_consigment": "-"}, {"country": "Lesotho", "year": "2019", "timeperiod": "4", "export": "-", "import_origin": "-", "import_consigment": "-"}, {"country": "Lesotho", "year": "2019", "timeperiod": "6", "export": "-", "import_origin": "-", "import_consigment": "-"}, {"country": "Lesotho", "year": "2019", "timeperiod": "9", "export": "-", "import_origin": "1.1", "import_consigment": "-"}, {"country": "Lesotho", "year": "2019", "timeperiod": "Year", "export": "-", "import_origin": "1.2", "import_consigment": "-"}, {"country": "Lesotho", "year": "2018", "timeperiod": "8", "export": "-", "import_origin": "0.4", "import_consigment": "-"}, {"country": "Lesotho", "year": "2018", "timeperiod": "11", "export": "-", "import_origin": "4.5", "import_consigment": "-"}, {"country": "Lesotho", "year": "2018", "timeperiod": "12", "export": "-", "import_origin": "-", "import_consigment": "-"}, {"country": "Lesotho", "year": "2018", "timeperiod": "Year", "export": "-", "import_origin": "4.9", "import_consigment": "-"}, {"country": "Lesotho", "year": "2017", "timeperiod": "6", "export": "-", "import_origin": "0.3", "import_consigment": "-"}, {"country": "Lesotho", "year": "2017", "timeperiod": "9", "export": "-", "import_origin": "2.0", "import_consigment": "-"}, {"country": "Lesotho", "year": "2017", "timeperiod": "Year", "export": "-", "import_origin": "2.4", "import_consigment": "-"}, {"country": "Latvia", "year": "2023", "timeperiod": "1", "export": "435.0", "import_origin": "513.0", "import_consigment": "2994.8"}, {"country": "Latvia", "year": "2023", "timeperiod": "Year", "export": "435.0", "import_origin": "513.0", "import_consigment": "2994.8"}, {"country": "Latvia", "year": "2022", "timeperiod": "1", "export": "155.7", "import_origin": "150.2", "import_consigment": "1077.2"}, {"country": "Latvia", "year": "2022", "timeperiod": "2", "export": "223.2", "import_origin": "315.0", "import_consigment": "676.9"}, {"country": "Latvia", "year": "2022", "timeperiod": "3", "export": "390.3", "import_origin": "255.5", "import_consigment": "575.2"}, {"country": "Latvia", "year": "2022", "timeperiod": "4", "export": "263.5", "import_origin": "427.3", "import_consigment": "1840.6"}, {"country": "Latvia", "year": "2022", "timeperiod": "5", "export": "534.5", "import_origin": "510.7", "import_consigment": "1458.7"}, {"country": "Latvia", "year": "2022", "timeperiod": "6", "export": "326.8", "import_origin": "223.4", "import_consigment": "1586.5"}, {"country": "Latvia", "year": "2022", "timeperiod": "7", "export": "679.8", "import_origin": "225.9", "import_consigment": "2930.2"}, {"country": "Latvia", "year": "2022", "timeperiod": "8", "export": "577.4", "import_origin": "430.8", "import_consigment": "1973.7"}, {"country": "Latvia", "year": "2022", "timeperiod": "9", "export": "1109.1", "import_origin": "539.1", "import_consigment": "5356.1"}, {"country": "Latvia", "year": "2022", "timeperiod": "10", "export": "457.1", "import_origin": "578.1", "import_consigment": "2682.2"}, {"country": "Latvia", "year": "2022", "timeperiod": "11", "export": "156.6", "import_origin": "826.2", "import_consigment": "3518.8"}]}