{"data": [{"country": "Antigua and Barbuda", "year": "2019", "timeperiod": "10", "export": "-", "import_origin": "-", "import_consigment": "3.7"}, {"country": "Antigua and Barbuda", "year": "2019", "timeperiod": "11", "export": "-", "import_origin": "3.7", "import_consigment": "-"}, {"country": "Antigua and Barbuda", "year": "2019", "timeperiod": "Year", "export": "-", "import_origin": "3.7", "import_consigment": "3.7"}, {"country": "Argentina", "year": "2023", "timeperiod": "1", "export": "-", "import_origin": "150.3", "import_consigment": "138.4"}, {"country": "Argentina", "year": "2023", "timeperiod": "Year", "export": "-", "import_origin": "150.3", "import_consigment": "138.4"}, {"country": "Argentina", "year": "2022", "timeperiod": "1", "export": "-", "import_origin": "1704.0", "import_consigment": "-"}, {"country": "Argentina", "year": "2022", "timeperiod": "2", "export": "-", "import_origin": "727.0", "import_consigment": "159.0"}, {"country": "Argentina", "year": "2022", "timeperiod": "3", "export": "19.0", "import_origin": "654.9", "import_consigment": "5.0"}, {"country": "Argentina", "year": "2022", "timeperiod": "4", "export": "-", "import_origin": "9.0", "import_consigment": "-"}, {"country": "Argentina", "year": "2022", "timeperiod": "5", "export": "-", "import_origin": "623.1", "import_consigment": "19.3"}, {"country": "Argentina", "year": "2022", "timeperiod": "6", "export": "-", "import_origin": "237.5", "import_consigment": "2.7"}, {"country": "Argentina", "year": "2022", "timeperiod": "7", "export": "-", "import_origin": "633.3", "import_consigment": "186.0"}, {"country": "Argentina", "year": "2022", "timeperiod": "8", "export": "-", "import_origin": "698.2", "import_consigment": "240.2"}, {"country": "Argentina", "year": "2022", "timeperiod": "9", "export": "-", "import_origin": "1398.0", "import_consigment": "44.5"}, {"country": "Argentina", "year": "2022", "timeperiod": "10", "export": "-", "import_origin": "99.1", "import_consigment": "15.5"}, {"country": "Argentina", "year": "2022", "timeperiod": "11", "export": "0.1", "import_origin": "952.5", "import_consigment": "924.8"}, {"country": "Argentina", "year": "2022", "timeperiod": "12", "export": "-", "import_origin": "238.6", "import_consigment": "137.7"}, {"country": "Argentina", "year": "2022", "timeperiod": "Year", "export": "19.1", "import_origin": "7975.3", "import_consigment": "1734.8"}, {"country": "Argentina", "year": "2021", "timeperiod": "1", "export": "1.9", "import_origin": "1286.4", "import_consigment": "1270.7"}, {"country": "Argentina", "year": "2021", "timeperiod": "2", "export": "14.2", "import_origin": "23.2", "import_consigment": "14.7"}, {"country": "Argentina", "year": "2021", "timeperiod": "3", "export": "-", "import_origin": "47.0", "import_consigment": "-"}, {"country": "Argentina", "year": "2021", "timeperiod": "4", "export": "-", "import_origin": "40.1", "import_consigment": "2.8"}, {"country": "Argentina", "year": "2021", "timeperiod": "5", "export": "-", "import_origin": "17.6", "import_consigment": "6.1"}, {"country": "Argentina", "year": "2021", "timeperiod": "6", "export": "-", "import_origin": "155.1", "import_consigment": "127.0"}, {"country": "Argentina", "year": "2021", "timeperiod": "7", "export": "-", "import_origin": "39.4", "import_consigment": "25.1"}]}