{"data": [{"country": "Greece", "year": "2017", "timeperiod": "2", "export": "14.4", "import_origin": "704.2", "import_consigment": "713.3"}, {"country": "Greece", "year": "2017", "timeperiod": "3", "export": "1.5", "import_origin": "3089.7", "import_consigment": "3029.5"}, {"country": "Greece", "year": "2017", "timeperiod": "4", "export": "6.0", "import_origin": "4195.2", "import_consigment": "4044.6"}, {"country": "Greece", "year": "2017", "timeperiod": "5", "export": "38.6", "import_origin": "1834.9", "import_consigment": "1668.2"}, {"country": "Greece", "year": "2017", "timeperiod": "6", "export": "-", "import_origin": "3515.7", "import_consigment": "2996.3"}, {"country": "Greece", "year": "2017", "timeperiod": "7", "export": "4.0", "import_origin": "5899.5", "import_consigment": "5784.4"}, {"country": "Greece", "year": "2017", "timeperiod": "8", "export": "1.8", "import_origin": "5233.9", "import_consigment": "5184.4"}, {"country": "Greece", "year": "2017", "timeperiod": "9", "export": "28.4", "import_origin": "3778.2", "import_consigment": "3685.5"}, {"country": "Greece", "year": "2017", "timeperiod": "10", "export": "35.1", "import_origin": "6690.0", "import_consigment": "6682.8"}, {"country": "Greece", "year": "2017", "timeperiod": "11", "export": "38.8", "import_origin": "7137.8", "import_consigment": "7136.3"}, {"country": "Greece", "year": "2017", "timeperiod": "12", "export": "-", "import_origin": "6460.3", "import_consigment": "6428.6"}, {"country": "Greece", "year": "2017", "timeperiod": "Year", "export": "193.5", "import_origin": "48963.9", "import_consigment": "47720.4"}, {"country": "Greenland", "year": "2023", "timeperiod": "1", "export": "-", "import_origin": "282.3", "import_consigment": "-"}, {"country": "Greenland", "year": "2023", "timeperiod": "Year", "export": "-", "import_origin": "282.3", "import_consigment": "-"}, {"country": "Greenland", "year": "2022", "timeperiod": "2", "export": "-", "import_origin": "0.1", "import_consigment": "-"}, {"country": "Greenland", "year": "2022", "timeperiod": "9", "export": "-", "import_origin": "281.5", "import_consigment": "-"}, {"country": "Greenland", "year": "2022", "timeperiod": "12", "export": "-", "import_origin": "294.3", "import_consigment": "-"}, {"country": "Greenland", "year": "2022", "timeperiod": "Year", "export": "-", "import_origin": "576.0", "import_consigment": "-"}, {"country": "Greenland", "year": "2021", "timeperiod": "2", "export": "-", "import_origin": "2.5", "import_consigment": "-"}, {"country": "Greenland", "year": "2021", "timeperiod": "4", "export": "-", "import_origin": "0.6", "import_consigment": "-"}, {"country": "Greenland", "year": "2021", "timeperiod": "5", "export": "-", "import_origin": "0.5", "import_consigment": "-"}, {"country": "Greenland", "year": "2021", "timeperiod": "6", "export": "-", "import_origin": "1.8", "import_consigment": "-"}, {"country": "Greenland", "year": "2021", "timeperiod": "7", "export": "-", "import_origin": "5.1", "import_consigment": "-"}, {"country": "Greenland", "year": "2021", "timeperiod": "8", "export": "-", "import_origin": "-", "import_consigment": "-"}, {"country": "Greenland", "year": "2021", "timeperiod": "10", "export": "-", "import_origin": "3.6", "import_consigment": "-"}]}