{"data": [{"country": "Indonesia", "year": "2017", "timeperiod": "9", "export": "-", "import_origin": "3260.0", "import_consigment": "2984.1"}, {"country": "Indonesia", "year": "2017", "timeperiod": "10", "export": "-", "import_origin": "2602.7", "import_consigment": "2235.9"}, {"country": "Indonesia", "year": "2017", "timeperiod": "11", "export": "-", "import_origin": "2923.2", "import_consigment": "2552.6"}, {"country": "Indonesia", "year": "2017", "timeperiod": "12", "export": "-", "import_origin": "3438.3", "import_consigment": "2983.5"}, {"country": "Indonesia", "year": "2017", "timeperiod": "Year", "export": "-", "import_origin": "28952.1", "import_consigment": "25841.4"}, {"country": "Iran, Islamic Republic of", "year": "2023", "timeperiod": "1", "export": "8422.8", "import_origin": "38645.4", "import_consigment": "39003.7"}, {"country": "Iran, Islamic Republic of", "year": "2023", "timeperiod": "Year", "export": "8422.8", "import_origin": "38645.4", "import_consigment": "39003.7"}, {"country": "Iran, Islamic Republic of", "year": "2022", "timeperiod": "1", "export": "8524.4", "import_origin": "33296.0", "import_consigment": "33142.6"}, {"country": "Iran, Islamic Republic of", "year": "2022", "timeperiod": "2", "export": "9158.5", "import_origin": "39705.3", "import_consigment": "39784.0"}, {"country": "Iran, Islamic Republic of", "year": "2022", "timeperiod": "3", "export": "6304.5", "import_origin": "43293.5", "import_consigment": "43250.8"}, {"country": "Iran, Islamic Republic of", "year": "2022", "timeperiod": "4", "export": "9649.1", "import_origin": "34057.0", "import_consigment": "33971.8"}, {"country": "Iran, Islamic Republic of", "year": "2022", "timeperiod": "5", "export": "12079.7", "import_origin": "49675.6", "import_consigment": "49676.5"}, {"country": "Iran, Islamic Republic of", "year": "2022", "timeperiod": "6", "export": "12226.4", "import_origin": "49786.8", "import_consigment": "49868.7"}, {"country": "Iran, Islamic Republic of", "year": "2022", "timeperiod": "7", "export": "6748.4", "import_origin": "51771.7", "import_consigment": "51735.9"}, {"country": "Iran, Islamic Republic of", "year": "2022", "timeperiod": "8", "export": "9721.0", "import_origin": "51391.5", "import_consigment": "51750.6"}, {"country": "Iran, Islamic Republic of", "year": "2022", "timeperiod": "9", "export": "10236.1", "import_origin": "58357.5", "import_consigment": "58586.7"}, {"country": "Iran, Islamic Republic of", "year": "2022", "timeperiod": "10", "export": "7063.5", "import_origin": "62449.8", "import_consigment": "62536.2"}, {"country": "Iran, Islamic Republic of", "year": "2022", "timeperiod": "11", "export": "10665.0", "import_origin": "62274.6", "import_consigment": "62289.0"}, {"country": "Iran, Islamic Republic of", "year": "2022", "timeperiod": "12", "export": "8786.5", "import_origin": "63606.2", "import_consigment": "64798.5"}, {"country": "Iran, Islamic Republic of", "year": "2022", "timeperiod": "Year", "export": "111163.1", "import_origin": "599665.4", "import_consigment": "601391.3"}, {"country": "Iran, Islamic Republic of", "year": "2021", "timeperiod": "1", "export": "3434.9", "import_origin": "22665.1", "import_consigment": "22885.3"}, {"country": "Iran, Islamic Republic of", "year": "2021", "timeperiod": "2", "export": "3798.3", "import_origin": "28399.1", "import_consigment": "28585.6"}, {"country": "Iran, Islamic Republic of", "year": "2021", "timeperiod": "3", "export": "8475.3", "import_origin": "35307.9", "import_consigment": "37385.0"}, {"country": "Iran, Islamic Republic of", "year": "2021", "timeperiod": "4", "export": "6829.6", "import_origin": "27602.0", "import_consigment": "27428.8"}, {"country": "Iran, Islamic Republic of", "year": "2021", "timeperiod": "5", "export": "7014.3", "import_origin": "40259.1", "import_consigment": "40209.5"}]}