{"data": [{"country": "San Marino", "year": "2019", "timeperiod": "3", "export": "-", "import_origin": "2.9", "import_consigment": "22.6"}, {"country": "San Marino", "year": "2019", "timeperiod": "4", "export": "-", "import_origin": "-", "import_consigment": "2.3"}, {"country": "San Marino", "year": "2019", "timeperiod": "5", "export": "-", "import_origin": "2.8", "import_consigment": "0.1"}, {"country": "San Marino", "year": "2019", "timeperiod": "6", "export": "-", "import_origin": "6.7", "import_consigment": "6.4"}, {"country": "San Marino", "year": "2019", "timeperiod": "8", "export": "-", "import_origin": "2.7", "import_consigment": "-"}, {"country": "San Marino", "year": "2019", "timeperiod": "10", "export": "-", "import_origin": "2.5", "import_consigment": "7.7"}, {"country": "San Marino", "year": "2019", "timeperiod": "11", "export": "-", "import_origin": "17.6", "import_consigment": "50.3"}, {"country": "San Marino", "year": "2019", "timeperiod": "12", "export": "-", "import_origin": "-", "import_consigment": "-"}, {"country": "San Marino", "year": "2019", "timeperiod": "Year", "export": "-", "import_origin": "45.5", "import_consigment": "95.9"}, {"country": "San Marino", "year": "2018", "timeperiod": "1", "export": "-", "import_origin": "0.6", "import_consigment": "-"}, {"country": "San Marino", "year": "2018", "timeperiod": "2", "export": "-", "import_origin": "0.3", "import_consigment": "-"}, {"country": "San Marino", "year": "2018", "timeperiod": "5", "export": "-", "import_origin": "1.6", "import_consigment": "17.1"}, {"country": "San Marino", "year": "2018", "timeperiod": "6", "export": "-", "import_origin": "2.3", "import_consigment": "-"}, {"country": "San Marino", "year": "2018", "timeperiod": "7", "export": "-", "import_origin": "3.4", "import_consigment": "-"}, {"country": "San Marino", "year": "2018", "timeperiod": "8", "export": "-", "import_origin": "0.1", "import_consigment": "-"}, {"country": "San Marino", "year": "2018", "timeperiod": "9", "export": "-", "import_origin": "-", "import_consigment": "49.3"}, {"country": "San Marino", "year": "2018", "timeperiod": "10", "export": "-", "import_origin": "1.1", "import_consigment": "-"}, {"country": "San Marino", "year": "2018", "timeperiod": "12", "export": "-", "import_origin": "2.1", "import_consigment": "-"}, {"country": "San Marino", "year": "2018", "timeperiod": "Year", "export": "-", "import_origin": "11.5", "import_consigment": "66.4"}, {"country": "San Marino", "year": "2017", "timeperiod": "3", "export": "-", "import_origin": "15.8", "import_consigment": "15.8"}, {"country": "San Marino", "year": "2017", "timeperiod": "5", "export": "-", "import_origin": "1.5", "import_consigment": "-"}, {"country": "San Marino", "year": "2017", "timeperiod": "8", "export": "-", "import_origin": "-", "import_consigment": "18.4"}, {"country": "San Marino", "year": "2017", "timeperiod": "9", "export": "-", "import_origin": "-", "import_consigment": "12.5"}, {"country": "San Marino", "year": "2017", "timeperiod": "10", "export": "-", "import_origin": "-", "import_consigment": "10.0"}, {"country": "San Marino", "year": "2017", "timeperiod": "Year", "export": "-", "import_origin": "17.3", "import_consigment": "56.7"}]}