{"data": [{"country": "Switzerland", "year": "2017", "timeperiod": "11", "export": "21410.2", "import_origin": "11454.5", "import_consigment": "12243.5"}, {"country": "Switzerland", "year": "2017", "timeperiod": "12", "export": "32132.3", "import_origin": "19283.1", "import_consigment": "32704.0"}, {"country": "Switzerland", "year": "2017", "timeperiod": "Year", "export": "261389.3", "import_origin": "96446.6", "import_consigment": "129556.2"}, {"country": "Syrian Arab Republic", "year": "2023", "timeperiod": "1", "export": "103.7", "import_origin": "60.1", "import_consigment": "60.1"}, {"country": "Syrian Arab Republic", "year": "2023", "timeperiod": "Year", "export": "103.7", "import_origin": "60.1", "import_consigment": "60.1"}, {"country": "Syrian Arab Republic", "year": "2022", "timeperiod": "1", "export": "-", "import_origin": "75.5", "import_consigment": "75.4"}, {"country": "Syrian Arab Republic", "year": "2022", "timeperiod": "2", "export": "68.5", "import_origin": "207.5", "import_consigment": "1.9"}, {"country": "Syrian Arab Republic", "year": "2022", "timeperiod": "3", "export": "96.3", "import_origin": "118.6", "import_consigment": "82.6"}, {"country": "Syrian Arab Republic", "year": "2022", "timeperiod": "4", "export": "80.3", "import_origin": "12.7", "import_consigment": "12.6"}, {"country": "Syrian Arab Republic", "year": "2022", "timeperiod": "5", "export": "555.7", "import_origin": "7.1", "import_consigment": "3.4"}, {"country": "Syrian Arab Republic", "year": "2022", "timeperiod": "6", "export": "188.2", "import_origin": "72.0", "import_consigment": "71.9"}, {"country": "Syrian Arab Republic", "year": "2022", "timeperiod": "7", "export": "152.8", "import_origin": "124.7", "import_consigment": "124.7"}, {"country": "Syrian Arab Republic", "year": "2022", "timeperiod": "8", "export": "16.6", "import_origin": "380.5", "import_consigment": "370.7"}, {"country": "Syrian Arab Republic", "year": "2022", "timeperiod": "9", "export": "1161.1", "import_origin": "22.4", "import_consigment": "22.3"}, {"country": "Syrian Arab Republic", "year": "2022", "timeperiod": "10", "export": "21.8", "import_origin": "48.9", "import_consigment": "48.2"}, {"country": "Syrian Arab Republic", "year": "2022", "timeperiod": "11", "export": "1995.1", "import_origin": "57.8", "import_consigment": "52.9"}, {"country": "Syrian Arab Republic", "year": "2022", "timeperiod": "12", "export": "1303.3", "import_origin": "0.7", "import_consigment": "0.5"}, {"country": "Syrian Arab Republic", "year": "2022", "timeperiod": "Year", "export": "5639.5", "import_origin": "1128.5", "import_consigment": "867.3"}, {"country": "Syrian Arab Republic", "year": "2021", "timeperiod": "1", "export": "1507.3", "import_origin": "30.2", "import_consigment": "30.2"}, {"country": "Syrian Arab Republic", "year": "2021", "timeperiod": "2", "export": "-", "import_origin": "0.3", "import_consigment": "2.3"}, {"country": "Syrian Arab Republic", "year": "2021", "timeperiod": "3", "export": "-", "import_origin": "16.2", "import_consigment": "8.0"}, {"country": "Syrian Arab Republic", "year": "2021", "timeperiod": "4", "export": "1462.8", "import_origin": "280.1", "import_consigment": "280.1"}, {"country": "Syrian Arab Republic", "year": "2021", "timeperiod": "5", "export": "2015.0", "import_origin": "3.0", "import_consigment": "0.9"}, {"country": "Syrian Arab Republic", "year": "2021", "timeperiod": "6", "export": "748.7", "import_origin": "193.3", "import_consigment": "193.2"}, {"country": "Syrian Arab Republic", "year": "2021", "timeperiod": "7", "export": "6.5", "import_origin": "11.2", "import_consigment": "4.5"}]}