{"data": [{"country": "South Africa", "year": "2021", "timeperiod": "3", "export": "-", "import_origin": "133.4", "import_consigment": "144.8"}, {"country": "South Africa", "year": "2021", "timeperiod": "4", "export": "3.3", "import_origin": "286.3", "import_consigment": "240.5"}, {"country": "South Africa", "year": "2021", "timeperiod": "5", "export": "20.6", "import_origin": "710.9", "import_consigment": "646.8"}, {"country": "South Africa", "year": "2021", "timeperiod": "6", "export": "6.9", "import_origin": "297.8", "import_consigment": "169.5"}, {"country": "South Africa", "year": "2021", "timeperiod": "7", "export": "-", "import_origin": "176.5", "import_consigment": "109.7"}, {"country": "South Africa", "year": "2021", "timeperiod": "8", "export": "51.3", "import_origin": "574.7", "import_consigment": "366.4"}, {"country": "South Africa", "year": "2021", "timeperiod": "9", "export": "-", "import_origin": "247.8", "import_consigment": "23.3"}, {"country": "South Africa", "year": "2021", "timeperiod": "10", "export": "57.1", "import_origin": "1234.3", "import_consigment": "1032.0"}, {"country": "South Africa", "year": "2021", "timeperiod": "11", "export": "8.9", "import_origin": "768.4", "import_consigment": "576.3"}, {"country": "South Africa", "year": "2021", "timeperiod": "12", "export": "23.6", "import_origin": "71.9", "import_consigment": "12.7"}, {"country": "South Africa", "year": "2021", "timeperiod": "Year", "export": "181.3", "import_origin": "5878.1", "import_consigment": "4658.8"}, {"country": "South Africa", "year": "2020", "timeperiod": "1", "export": "7.4", "import_origin": "80.9", "import_consigment": "-"}, {"country": "South Africa", "year": "2020", "timeperiod": "2", "export": "-", "import_origin": "92.2", "import_consigment": "82.2"}, {"country": "South Africa", "year": "2020", "timeperiod": "3", "export": "-", "import_origin": "192.0", "import_consigment": "122.1"}, {"country": "South Africa", "year": "2020", "timeperiod": "4", "export": "-", "import_origin": "40.9", "import_consigment": "-"}, {"country": "South Africa", "year": "2020", "timeperiod": "5", "export": "-", "import_origin": "257.9", "import_consigment": "-"}, {"country": "South Africa", "year": "2020", "timeperiod": "6", "export": "-", "import_origin": "180.8", "import_consigment": "155.8"}, {"country": "South Africa", "year": "2020", "timeperiod": "7", "export": "-", "import_origin": "312.8", "import_consigment": "172.1"}, {"country": "South Africa", "year": "2020", "timeperiod": "8", "export": "3.3", "import_origin": "215.3", "import_consigment": "128.8"}, {"country": "South Africa", "year": "2020", "timeperiod": "9", "export": "1.8", "import_origin": "61.7", "import_consigment": "97.6"}, {"country": "South Africa", "year": "2020", "timeperiod": "10", "export": "-", "import_origin": "336.7", "import_consigment": "251.7"}, {"country": "South Africa", "year": "2020", "timeperiod": "11", "export": "-", "import_origin": "2312.5", "import_consigment": "2239.3"}, {"country": "South Africa", "year": "2020", "timeperiod": "12", "export": "0.1", "import_origin": "1495.2", "import_consigment": "1475.3"}, {"country": "South Africa", "year": "2020", "timeperiod": "Year", "export": "12.5", "import_origin": "5578.8", "import_consigment": "4724.9"}, {"country": "South Africa", "year": "2019", "timeperiod": "1", "export": "4.8", "import_origin": "490.9", "import_consigment": "536.5"}]}