{"data": [{"country": "United States", "year": "2021", "timeperiod": "9", "export": "6195.4", "import_origin": "10926.0", "import_consigment": "12999.9"}, {"country": "United States", "year": "2021", "timeperiod": "10", "export": "7232.3", "import_origin": "18395.7", "import_consigment": "19245.6"}, {"country": "United States", "year": "2021", "timeperiod": "11", "export": "5742.9", "import_origin": "12680.8", "import_consigment": "14728.9"}, {"country": "United States", "year": "2021", "timeperiod": "12", "export": "7272.8", "import_origin": "18790.5", "import_consigment": "21222.5"}, {"country": "United States", "year": "2021", "timeperiod": "Year", "export": "81799.0", "import_origin": "125610.4", "import_consigment": "137230.2"}, {"country": "United States", "year": "2020", "timeperiod": "1", "export": "4910.5", "import_origin": "3566.2", "import_consigment": "2707.8"}, {"country": "United States", "year": "2020", "timeperiod": "2", "export": "6564.6", "import_origin": "5613.6", "import_consigment": "5333.8"}, {"country": "United States", "year": "2020", "timeperiod": "3", "export": "5124.3", "import_origin": "5375.1", "import_consigment": "3825.2"}, {"country": "United States", "year": "2020", "timeperiod": "4", "export": "4182.7", "import_origin": "3726.4", "import_consigment": "3781.0"}, {"country": "United States", "year": "2020", "timeperiod": "5", "export": "2385.4", "import_origin": "5826.4", "import_consigment": "4054.4"}, {"country": "United States", "year": "2020", "timeperiod": "6", "export": "4802.6", "import_origin": "4660.3", "import_consigment": "4479.0"}, {"country": "United States", "year": "2020", "timeperiod": "7", "export": "5845.7", "import_origin": "6765.7", "import_consigment": "5389.3"}, {"country": "United States", "year": "2020", "timeperiod": "8", "export": "6487.9", "import_origin": "6967.7", "import_consigment": "7986.5"}, {"country": "United States", "year": "2020", "timeperiod": "9", "export": "6788.0", "import_origin": "6661.5", "import_consigment": "8470.0"}, {"country": "United States", "year": "2020", "timeperiod": "10", "export": "7181.3", "import_origin": "10093.3", "import_consigment": "8304.0"}, {"country": "United States", "year": "2020", "timeperiod": "11", "export": "6897.0", "import_origin": "9562.8", "import_consigment": "8414.4"}, {"country": "United States", "year": "2020", "timeperiod": "12", "export": "6698.4", "import_origin": "15929.8", "import_consigment": "15240.5"}, {"country": "United States", "year": "2020", "timeperiod": "Year", "export": "67868.5", "import_origin": "84748.6", "import_consigment": "77986.0"}, {"country": "United States", "year": "2019", "timeperiod": "1", "export": "998.9", "import_origin": "10272.0", "import_consigment": "15091.6"}, {"country": "United States", "year": "2019", "timeperiod": "2", "export": "6672.6", "import_origin": "13437.7", "import_consigment": "13749.9"}, {"country": "United States", "year": "2019", "timeperiod": "3", "export": "5407.4", "import_origin": "12059.4", "import_consigment": "17194.1"}, {"country": "United States", "year": "2019", "timeperiod": "4", "export": "5490.3", "import_origin": "12897.3", "import_consigment": "13995.2"}, {"country": "United States", "year": "2019", "timeperiod": "5", "export": "5396.9", "import_origin": "15599.1", "import_consigment": "20695.2"}, {"country": "United States", "year": "2019", "timeperiod": "6", "export": "3496.6", "import_origin": "26061.7", "import_consigment": "34022.3"}, {"country": "United States", "year": "2019", "timeperiod": "7", "export": "2888.0", "import_origin": "20069.0", "import_consigment": "24327.5"}]}