{"data": [{"country": "FYR of Macedonia", "year": "2017", "timeperiod": "11", "export": "-", "import_origin": "89.9", "import_consigment": "85.1"}, {"country": "FYR of Macedonia", "year": "2017", "timeperiod": "12", "export": "-", "import_origin": "24.1", "import_consigment": "25.0"}, {"country": "FYR of Macedonia", "year": "2017", "timeperiod": "Year", "export": "-", "import_origin": "437.7", "import_consigment": "478.0"}, {"country": "Egypt", "year": "2023", "timeperiod": "1", "export": "-", "import_origin": "1260.9", "import_consigment": "1208.0"}, {"country": "Egypt", "year": "2023", "timeperiod": "Year", "export": "-", "import_origin": "1260.9", "import_consigment": "1208.0"}, {"country": "Egypt", "year": "2022", "timeperiod": "1", "export": "-", "import_origin": "3179.9", "import_consigment": "2703.9"}, {"country": "Egypt", "year": "2022", "timeperiod": "2", "export": "-", "import_origin": "4479.7", "import_consigment": "3325.2"}, {"country": "Egypt", "year": "2022", "timeperiod": "3", "export": "53.4", "import_origin": "5554.8", "import_consigment": "5248.0"}, {"country": "Egypt", "year": "2022", "timeperiod": "4", "export": "-", "import_origin": "2315.7", "import_consigment": "1803.5"}, {"country": "Egypt", "year": "2022", "timeperiod": "5", "export": "-", "import_origin": "738.6", "import_consigment": "559.8"}, {"country": "Egypt", "year": "2022", "timeperiod": "6", "export": "-", "import_origin": "753.8", "import_consigment": "498.6"}, {"country": "Egypt", "year": "2022", "timeperiod": "7", "export": "-", "import_origin": "776.9", "import_consigment": "614.9"}, {"country": "Egypt", "year": "2022", "timeperiod": "8", "export": "-", "import_origin": "873.8", "import_consigment": "699.8"}, {"country": "Egypt", "year": "2022", "timeperiod": "9", "export": "65.5", "import_origin": "666.6", "import_consigment": "426.7"}, {"country": "Egypt", "year": "2022", "timeperiod": "10", "export": "-", "import_origin": "2727.9", "import_consigment": "2501.8"}, {"country": "Egypt", "year": "2022", "timeperiod": "11", "export": "-", "import_origin": "1225.0", "import_consigment": "814.8"}, {"country": "Egypt", "year": "2022", "timeperiod": "12", "export": "11.6", "import_origin": "1359.0", "import_consigment": "716.8"}, {"country": "Egypt", "year": "2022", "timeperiod": "Year", "export": "130.5", "import_origin": "24651.8", "import_consigment": "19913.6"}, {"country": "Egypt", "year": "2021", "timeperiod": "1", "export": "-", "import_origin": "656.6", "import_consigment": "429.3"}, {"country": "Egypt", "year": "2021", "timeperiod": "2", "export": "-", "import_origin": "700.0", "import_consigment": "163.3"}, {"country": "Egypt", "year": "2021", "timeperiod": "3", "export": "20.4", "import_origin": "1613.5", "import_consigment": "868.2"}, {"country": "Egypt", "year": "2021", "timeperiod": "4", "export": "-", "import_origin": "718.6", "import_consigment": "197.2"}, {"country": "Egypt", "year": "2021", "timeperiod": "5", "export": "-", "import_origin": "358.0", "import_consigment": "235.5"}, {"country": "Egypt", "year": "2021", "timeperiod": "6", "export": "-", "import_origin": "415.1", "import_consigment": "261.9"}, {"country": "Egypt", "year": "2021", "timeperiod": "7", "export": "-", "import_origin": "659.0", "import_consigment": "588.5"}]}