{"data": [{"country": "Anguilla", "year": "2017", "timeperiod": "10", "export": "-", "import_origin": "20.8", "import_consigment": "-"}, {"country": "Anguilla", "year": "2017", "timeperiod": "11", "export": "-", "import_origin": "18.0", "import_consigment": "-"}, {"country": "Anguilla", "year": "2017", "timeperiod": "12", "export": "-", "import_origin": "13.2", "import_consigment": "-"}, {"country": "Anguilla", "year": "2017", "timeperiod": "Year", "export": "-", "import_origin": "233.4", "import_consigment": "-"}, {"country": "Saint Lucia", "year": "2021", "timeperiod": "7", "export": "-", "import_origin": "-", "import_consigment": "-"}, {"country": "Saint Lucia", "year": "2021", "timeperiod": "Year", "export": "-", "import_origin": "-", "import_consigment": "-"}, {"country": "Saint-Martin (French part)", "year": "2021", "timeperiod": "7", "export": "-", "import_origin": "0.1", "import_consigment": "-"}, {"country": "Saint-Martin (French part)", "year": "2021", "timeperiod": "Year", "export": "-", "import_origin": "0.1", "import_consigment": "-"}, {"country": "Saint Vincent and the Grenadines", "year": "2018", "timeperiod": "10", "export": "-", "import_origin": "0.1", "import_consigment": "-"}, {"country": "Saint Vincent and the Grenadines", "year": "2018", "timeperiod": "Year", "export": "-", "import_origin": "0.1", "import_consigment": "-"}, {"country": "San Marino", "year": "2023", "timeperiod": "1", "export": "-", "import_origin": "59.8", "import_consigment": "54.9"}, {"country": "San Marino", "year": "2023", "timeperiod": "Year", "export": "-", "import_origin": "59.8", "import_consigment": "54.9"}, {"country": "San Marino", "year": "2022", "timeperiod": "1", "export": "-", "import_origin": "7.8", "import_consigment": "-"}, {"country": "San Marino", "year": "2022", "timeperiod": "2", "export": "-", "import_origin": "7.2", "import_consigment": "4.7"}, {"country": "San Marino", "year": "2022", "timeperiod": "3", "export": "-", "import_origin": "0.1", "import_consigment": "-"}, {"country": "San Marino", "year": "2022", "timeperiod": "4", "export": "-", "import_origin": "69.8", "import_consigment": "69.7"}, {"country": "San Marino", "year": "2022", "timeperiod": "5", "export": "-", "import_origin": "233.4", "import_consigment": "233.1"}, {"country": "San Marino", "year": "2022", "timeperiod": "6", "export": "-", "import_origin": "3.0", "import_consigment": "-"}, {"country": "San Marino", "year": "2022", "timeperiod": "7", "export": "-", "import_origin": "27.6", "import_consigment": "20.9"}, {"country": "San Marino", "year": "2022", "timeperiod": "8", "export": "-", "import_origin": "19.1", "import_consigment": "104.1"}, {"country": "San Marino", "year": "2022", "timeperiod": "9", "export": "-", "import_origin": "0.4", "import_consigment": "15.1"}, {"country": "San Marino", "year": "2022", "timeperiod": "10", "export": "-", "import_origin": "52.5", "import_consigment": "57.4"}, {"country": "San Marino", "year": "2022", "timeperiod": "11", "export": "-", "import_origin": "27.8", "import_consigment": "0.5"}, {"country": "San Marino", "year": "2022", "timeperiod": "12", "export": "-", "import_origin": "4.8", "import_consigment": "-"}, {"country": "San Marino", "year": "2022", "timeperiod": "Year", "export": "-", "import_origin": "453.4", "import_consigment": "505.5"}]}