{"data": [{"country": "Cuba", "year": "2022", "timeperiod": "2", "export": "-", "import_origin": "2.5", "import_consigment": "-"}, {"country": "Cuba", "year": "2022", "timeperiod": "3", "export": "-", "import_origin": "12.4", "import_consigment": "-"}, {"country": "Cuba", "year": "2022", "timeperiod": "4", "export": "-", "import_origin": "27.8", "import_consigment": "-"}, {"country": "Cuba", "year": "2022", "timeperiod": "5", "export": "-", "import_origin": "2.9", "import_consigment": "-"}, {"country": "Cuba", "year": "2022", "timeperiod": "6", "export": "-", "import_origin": "33.7", "import_consigment": "-"}, {"country": "Cuba", "year": "2022", "timeperiod": "7", "export": "-", "import_origin": "32.6", "import_consigment": "-"}, {"country": "Cuba", "year": "2022", "timeperiod": "8", "export": "-", "import_origin": "0.2", "import_consigment": "-"}, {"country": "Cuba", "year": "2022", "timeperiod": "9", "export": "-", "import_origin": "3.3", "import_consigment": "-"}, {"country": "Cuba", "year": "2022", "timeperiod": "10", "export": "-", "import_origin": "33.9", "import_consigment": "2.7"}, {"country": "Cuba", "year": "2022", "timeperiod": "11", "export": "-", "import_origin": "11.1", "import_consigment": "-"}, {"country": "Cuba", "year": "2022", "timeperiod": "12", "export": "-", "import_origin": "84.7", "import_consigment": "1.9"}, {"country": "Cuba", "year": "2022", "timeperiod": "Year", "export": "-", "import_origin": "279.0", "import_consigment": "4.5"}, {"country": "Cuba", "year": "2021", "timeperiod": "2", "export": "-", "import_origin": "17.5", "import_consigment": "-"}, {"country": "Cuba", "year": "2021", "timeperiod": "3", "export": "-", "import_origin": "5.0", "import_consigment": "-"}, {"country": "Cuba", "year": "2021", "timeperiod": "4", "export": "-", "import_origin": "29.8", "import_consigment": "-"}, {"country": "Cuba", "year": "2021", "timeperiod": "5", "export": "-", "import_origin": "0.8", "import_consigment": "-"}, {"country": "Cuba", "year": "2021", "timeperiod": "6", "export": "-", "import_origin": "20.6", "import_consigment": "-"}, {"country": "Cuba", "year": "2021", "timeperiod": "7", "export": "-", "import_origin": "26.2", "import_consigment": "-"}, {"country": "Cuba", "year": "2021", "timeperiod": "8", "export": "-", "import_origin": "11.1", "import_consigment": "-"}, {"country": "Cuba", "year": "2021", "timeperiod": "9", "export": "-", "import_origin": "47.2", "import_consigment": "-"}, {"country": "Cuba", "year": "2021", "timeperiod": "10", "export": "-", "import_origin": "16.8", "import_consigment": "-"}, {"country": "Cuba", "year": "2021", "timeperiod": "11", "export": "-", "import_origin": "36.7", "import_consigment": "-"}, {"country": "Cuba", "year": "2021", "timeperiod": "12", "export": "-", "import_origin": "43.9", "import_consigment": "-"}, {"country": "Cuba", "year": "2021", "timeperiod": "Year", "export": "-", "import_origin": "255.6", "import_consigment": "-"}, {"country": "Cuba", "year": "2020", "timeperiod": "1", "export": "-", "import_origin": "22.7", "import_consigment": "-"}]}