{"data": [{"country": "Cote d' Ivoire", "year": "2019", "timeperiod": "6", "export": "-", "import_origin": "519.2", "import_consigment": "-"}, {"country": "Cote d' Ivoire", "year": "2019", "timeperiod": "7", "export": "-", "import_origin": "676.2", "import_consigment": "-"}, {"country": "Cote d' Ivoire", "year": "2019", "timeperiod": "8", "export": "-", "import_origin": "3.8", "import_consigment": "-"}, {"country": "Cote d' Ivoire", "year": "2019", "timeperiod": "9", "export": "-", "import_origin": "107.2", "import_consigment": "-"}, {"country": "Cote d' Ivoire", "year": "2019", "timeperiod": "10", "export": "-", "import_origin": "354.5", "import_consigment": "-"}, {"country": "Cote d' Ivoire", "year": "2019", "timeperiod": "11", "export": "-", "import_origin": "79.7", "import_consigment": "-"}, {"country": "Cote d' Ivoire", "year": "2019", "timeperiod": "12", "export": "-", "import_origin": "216.2", "import_consigment": "-"}, {"country": "Cote d' Ivoire", "year": "2019", "timeperiod": "Year", "export": "-", "import_origin": "3163.0", "import_consigment": "121.8"}, {"country": "Cote d' Ivoire", "year": "2018", "timeperiod": "1", "export": "-", "import_origin": "107.9", "import_consigment": "-"}, {"country": "Cote d' Ivoire", "year": "2018", "timeperiod": "3", "export": "-", "import_origin": "73.4", "import_consigment": "-"}, {"country": "Cote d' Ivoire", "year": "2018", "timeperiod": "4", "export": "-", "import_origin": "268.4", "import_consigment": "51.5"}, {"country": "Cote d' Ivoire", "year": "2018", "timeperiod": "5", "export": "-", "import_origin": "318.6", "import_consigment": "-"}, {"country": "Cote d' Ivoire", "year": "2018", "timeperiod": "6", "export": "-", "import_origin": "3.4", "import_consigment": "-"}, {"country": "Cote d' Ivoire", "year": "2018", "timeperiod": "8", "export": "-", "import_origin": "46.1", "import_consigment": "-"}, {"country": "Cote d' Ivoire", "year": "2018", "timeperiod": "9", "export": "-", "import_origin": "0.7", "import_consigment": "-"}, {"country": "Cote d' Ivoire", "year": "2018", "timeperiod": "10", "export": "-", "import_origin": "104.4", "import_consigment": "-"}, {"country": "Cote d' Ivoire", "year": "2018", "timeperiod": "11", "export": "-", "import_origin": "6.6", "import_consigment": "-"}, {"country": "Cote d' Ivoire", "year": "2018", "timeperiod": "12", "export": "-", "import_origin": "30.3", "import_consigment": "-"}, {"country": "Cote d' Ivoire", "year": "2018", "timeperiod": "Year", "export": "-", "import_origin": "959.7", "import_consigment": "51.5"}, {"country": "Cote d' Ivoire", "year": "2017", "timeperiod": "1", "export": "-", "import_origin": "303.2", "import_consigment": "-"}, {"country": "Cote d' Ivoire", "year": "2017", "timeperiod": "2", "export": "-", "import_origin": "160.4", "import_consigment": "-"}, {"country": "Cote d' Ivoire", "year": "2017", "timeperiod": "3", "export": "-", "import_origin": "37.6", "import_consigment": "-"}, {"country": "Cote d' Ivoire", "year": "2017", "timeperiod": "4", "export": "-", "import_origin": "241.4", "import_consigment": "-"}, {"country": "Cote d' Ivoire", "year": "2017", "timeperiod": "5", "export": "9.6", "import_origin": "329.4", "import_consigment": "-"}, {"country": "Cote d' Ivoire", "year": "2017", "timeperiod": "6", "export": "-", "import_origin": "70.9", "import_consigment": "-"}]}