{"data": [{"country": "Argentina", "year": "2017", "timeperiod": "6", "export": "-", "import_origin": "114.7", "import_consigment": "110.6"}, {"country": "Argentina", "year": "2017", "timeperiod": "7", "export": "-", "import_origin": "10.2", "import_consigment": "-"}, {"country": "Argentina", "year": "2017", "timeperiod": "8", "export": "82.2", "import_origin": "363.8", "import_consigment": "106.1"}, {"country": "Argentina", "year": "2017", "timeperiod": "9", "export": "-", "import_origin": "193.3", "import_consigment": "28.7"}, {"country": "Argentina", "year": "2017", "timeperiod": "10", "export": "-", "import_origin": "46.6", "import_consigment": "78.5"}, {"country": "Argentina", "year": "2017", "timeperiod": "11", "export": "0.1", "import_origin": "60.5", "import_consigment": "569.9"}, {"country": "Argentina", "year": "2017", "timeperiod": "12", "export": "-", "import_origin": "1701.1", "import_consigment": "1692.5"}, {"country": "Argentina", "year": "2017", "timeperiod": "Year", "export": "83.6", "import_origin": "6165.6", "import_consigment": "6192.3"}, {"country": "Australia", "year": "2023", "timeperiod": "1", "export": "0.9", "import_origin": "335.2", "import_consigment": "133.3"}, {"country": "Australia", "year": "2023", "timeperiod": "Year", "export": "0.9", "import_origin": "335.2", "import_consigment": "133.3"}, {"country": "Australia", "year": "2022", "timeperiod": "1", "export": "41.0", "import_origin": "531.6", "import_consigment": "444.4"}, {"country": "Australia", "year": "2022", "timeperiod": "2", "export": "43.6", "import_origin": "163.4", "import_consigment": "124.3"}, {"country": "Australia", "year": "2022", "timeperiod": "3", "export": "29.9", "import_origin": "70.4", "import_consigment": "40.5"}, {"country": "Australia", "year": "2022", "timeperiod": "4", "export": "28.4", "import_origin": "126.6", "import_consigment": "44.9"}, {"country": "Australia", "year": "2022", "timeperiod": "5", "export": "80.0", "import_origin": "524.8", "import_consigment": "466.9"}, {"country": "Australia", "year": "2022", "timeperiod": "6", "export": "4.7", "import_origin": "1151.9", "import_consigment": "870.8"}, {"country": "Australia", "year": "2022", "timeperiod": "7", "export": "2.3", "import_origin": "309.3", "import_consigment": "298.3"}, {"country": "Australia", "year": "2022", "timeperiod": "8", "export": "5.3", "import_origin": "516.5", "import_consigment": "425.3"}, {"country": "Australia", "year": "2022", "timeperiod": "9", "export": "12.4", "import_origin": "283.1", "import_consigment": "146.9"}, {"country": "Australia", "year": "2022", "timeperiod": "10", "export": "23.6", "import_origin": "966.2", "import_consigment": "970.4"}, {"country": "Australia", "year": "2022", "timeperiod": "11", "export": "68.8", "import_origin": "1022.1", "import_consigment": "357.3"}, {"country": "Australia", "year": "2022", "timeperiod": "12", "export": "4.5", "import_origin": "323.1", "import_consigment": "260.6"}, {"country": "Australia", "year": "2022", "timeperiod": "Year", "export": "344.7", "import_origin": "5989.1", "import_consigment": "4450.7"}, {"country": "Australia", "year": "2021", "timeperiod": "1", "export": "0.3", "import_origin": "139.6", "import_consigment": "129.3"}, {"country": "Australia", "year": "2021", "timeperiod": "2", "export": "7.3", "import_origin": "282.3", "import_consigment": "176.1"}]}