{"data": [{"country": "Canada", "year": "2019", "timeperiod": "12", "export": "3628.6", "import_origin": "3940.5", "import_consigment": "1046.3"}, {"country": "Canada", "year": "2019", "timeperiod": "Year", "export": "61228.7", "import_origin": "34635.5", "import_consigment": "10256.0"}, {"country": "Canada", "year": "2018", "timeperiod": "1", "export": "104.1", "import_origin": "2428.1", "import_consigment": "950.0"}, {"country": "Canada", "year": "2018", "timeperiod": "2", "export": "519.8", "import_origin": "2507.6", "import_consigment": "881.5"}, {"country": "Canada", "year": "2018", "timeperiod": "3", "export": "462.9", "import_origin": "2151.6", "import_consigment": "961.4"}, {"country": "Canada", "year": "2018", "timeperiod": "4", "export": "695.9", "import_origin": "2003.4", "import_consigment": "841.9"}, {"country": "Canada", "year": "2018", "timeperiod": "5", "export": "679.5", "import_origin": "2409.5", "import_consigment": "596.1"}, {"country": "Canada", "year": "2018", "timeperiod": "6", "export": "8022.4", "import_origin": "3024.3", "import_consigment": "426.7"}, {"country": "Canada", "year": "2018", "timeperiod": "7", "export": "4528.4", "import_origin": "3067.4", "import_consigment": "697.7"}, {"country": "Canada", "year": "2018", "timeperiod": "8", "export": "7060.8", "import_origin": "1935.1", "import_consigment": "1284.9"}, {"country": "Canada", "year": "2018", "timeperiod": "9", "export": "3902.5", "import_origin": "3023.9", "import_consigment": "379.3"}, {"country": "Canada", "year": "2018", "timeperiod": "10", "export": "1780.1", "import_origin": "2655.8", "import_consigment": "542.0"}, {"country": "Canada", "year": "2018", "timeperiod": "11", "export": "3909.5", "import_origin": "3037.4", "import_consigment": "1763.0"}, {"country": "Canada", "year": "2018", "timeperiod": "12", "export": "1567.6", "import_origin": "1838.0", "import_consigment": "312.6"}, {"country": "Canada", "year": "2018", "timeperiod": "Year", "export": "33233.7", "import_origin": "30082.2", "import_consigment": "9637.2"}, {"country": "Canada", "year": "2017", "timeperiod": "1", "export": "689.1", "import_origin": "883.3", "import_consigment": "197.7"}, {"country": "Canada", "year": "2017", "timeperiod": "2", "export": "1420.3", "import_origin": "1811.8", "import_consigment": "470.0"}, {"country": "Canada", "year": "2017", "timeperiod": "3", "export": "2503.3", "import_origin": "2510.1", "import_consigment": "836.6"}, {"country": "Canada", "year": "2017", "timeperiod": "4", "export": "1840.1", "import_origin": "1028.5", "import_consigment": "272.0"}, {"country": "Canada", "year": "2017", "timeperiod": "5", "export": "791.9", "import_origin": "55359.0", "import_consigment": "298.0"}, {"country": "Canada", "year": "2017", "timeperiod": "6", "export": "1622.9", "import_origin": "1603.1", "import_consigment": "557.6"}, {"country": "Canada", "year": "2017", "timeperiod": "7", "export": "1256.8", "import_origin": "3204.9", "import_consigment": "1340.2"}, {"country": "Canada", "year": "2017", "timeperiod": "8", "export": "1487.0", "import_origin": "1041.6", "import_consigment": "297.6"}, {"country": "Canada", "year": "2017", "timeperiod": "9", "export": "985.8", "import_origin": "3435.1", "import_consigment": "1322.5"}, {"country": "Canada", "year": "2017", "timeperiod": "10", "export": "1146.5", "import_origin": "2187.0", "import_consigment": "905.6"}]}