{"data": [{"country": "Denmark", "year": "2017", "timeperiod": "10", "export": "-", "import_origin": "628.1", "import_consigment": "677.5"}, {"country": "Denmark", "year": "2017", "timeperiod": "11", "export": "74.9", "import_origin": "255.7", "import_consigment": "318.9"}, {"country": "Denmark", "year": "2017", "timeperiod": "12", "export": "2.7", "import_origin": "644.9", "import_consigment": "715.4"}, {"country": "Denmark", "year": "2017", "timeperiod": "Year", "export": "735.1", "import_origin": "5546.8", "import_consigment": "6005.6"}, {"country": "Dominica", "year": "2023", "timeperiod": "1", "export": "-", "import_origin": "-", "import_consigment": "-"}, {"country": "Dominica", "year": "2023", "timeperiod": "Year", "export": "-", "import_origin": "-", "import_consigment": "-"}, {"country": "Dominica", "year": "2022", "timeperiod": "4", "export": "-", "import_origin": "0.2", "import_consigment": "-"}, {"country": "Dominica", "year": "2022", "timeperiod": "6", "export": "-", "import_origin": "0.4", "import_consigment": "-"}, {"country": "Dominica", "year": "2022", "timeperiod": "8", "export": "-", "import_origin": "0.4", "import_consigment": "-"}, {"country": "Dominica", "year": "2022", "timeperiod": "12", "export": "-", "import_origin": "0.4", "import_consigment": "-"}, {"country": "Dominica", "year": "2022", "timeperiod": "Year", "export": "-", "import_origin": "1.4", "import_consigment": "-"}, {"country": "Dominica", "year": "2021", "timeperiod": "6", "export": "-", "import_origin": "0.5", "import_consigment": "-"}, {"country": "Dominica", "year": "2021", "timeperiod": "12", "export": "-", "import_origin": "-", "import_consigment": "-"}, {"country": "Dominica", "year": "2021", "timeperiod": "Year", "export": "-", "import_origin": "0.5", "import_consigment": "-"}, {"country": "Dominica", "year": "2020", "timeperiod": "1", "export": "-", "import_origin": "0.2", "import_consigment": "-"}, {"country": "Dominica", "year": "2020", "timeperiod": "2", "export": "-", "import_origin": "0.1", "import_consigment": "-"}, {"country": "Dominica", "year": "2020", "timeperiod": "4", "export": "-", "import_origin": "0.4", "import_consigment": "-"}, {"country": "Dominica", "year": "2020", "timeperiod": "8", "export": "-", "import_origin": "0.2", "import_consigment": "-"}, {"country": "Dominica", "year": "2020", "timeperiod": "Year", "export": "-", "import_origin": "0.9", "import_consigment": "-"}, {"country": "Dominica", "year": "2019", "timeperiod": "2", "export": "-", "import_origin": "-", "import_consigment": "-"}, {"country": "Dominica", "year": "2019", "timeperiod": "12", "export": "-", "import_origin": "1.3", "import_consigment": "-"}, {"country": "Dominica", "year": "2019", "timeperiod": "Year", "export": "-", "import_origin": "1.3", "import_consigment": "-"}, {"country": "Dominica", "year": "2017", "timeperiod": "2", "export": "-", "import_origin": "1.0", "import_consigment": "-"}, {"country": "Dominica", "year": "2017", "timeperiod": "11", "export": "-", "import_origin": "-", "import_consigment": "-"}, {"country": "Dominica", "year": "2017", "timeperiod": "Year", "export": "-", "import_origin": "1.0", "import_consigment": "-"}]}