{"data": [{"country": "New Zealand", "year": "2018", "timeperiod": "1", "export": "-", "import_origin": "1477.5", "import_consigment": "1471.7"}, {"country": "New Zealand", "year": "2018", "timeperiod": "2", "export": "-", "import_origin": "543.7", "import_consigment": "512.9"}, {"country": "New Zealand", "year": "2018", "timeperiod": "3", "export": "-", "import_origin": "1250.5", "import_consigment": "1247.6"}, {"country": "New Zealand", "year": "2018", "timeperiod": "4", "export": "-", "import_origin": "1298.5", "import_consigment": "1292.7"}, {"country": "New Zealand", "year": "2018", "timeperiod": "5", "export": "-", "import_origin": "1327.5", "import_consigment": "1323.3"}, {"country": "New Zealand", "year": "2018", "timeperiod": "6", "export": "1.8", "import_origin": "1.7", "import_consigment": "-"}, {"country": "New Zealand", "year": "2018", "timeperiod": "7", "export": "-", "import_origin": "709.4", "import_consigment": "702.7"}, {"country": "New Zealand", "year": "2018", "timeperiod": "8", "export": "-", "import_origin": "408.4", "import_consigment": "404.3"}, {"country": "New Zealand", "year": "2018", "timeperiod": "9", "export": "-", "import_origin": "232.3", "import_consigment": "228.0"}, {"country": "New Zealand", "year": "2018", "timeperiod": "10", "export": "-", "import_origin": "957.1", "import_consigment": "948.3"}, {"country": "New Zealand", "year": "2018", "timeperiod": "11", "export": "-", "import_origin": "1414.2", "import_consigment": "1400.6"}, {"country": "New Zealand", "year": "2018", "timeperiod": "12", "export": "-", "import_origin": "2045.7", "import_consigment": "2036.7"}, {"country": "New Zealand", "year": "2018", "timeperiod": "Year", "export": "1.8", "import_origin": "11666.5", "import_consigment": "11568.9"}, {"country": "New Zealand", "year": "2017", "timeperiod": "1", "export": "-", "import_origin": "882.9", "import_consigment": "883.3"}, {"country": "New Zealand", "year": "2017", "timeperiod": "2", "export": "-", "import_origin": "2163.5", "import_consigment": "2152.9"}, {"country": "New Zealand", "year": "2017", "timeperiod": "3", "export": "-", "import_origin": "333.5", "import_consigment": "312.5"}, {"country": "New Zealand", "year": "2017", "timeperiod": "4", "export": "-", "import_origin": "1521.3", "import_consigment": "1518.4"}, {"country": "New Zealand", "year": "2017", "timeperiod": "5", "export": "3.0", "import_origin": "758.0", "import_consigment": "755.6"}, {"country": "New Zealand", "year": "2017", "timeperiod": "6", "export": "-", "import_origin": "1004.1", "import_consigment": "993.9"}, {"country": "New Zealand", "year": "2017", "timeperiod": "7", "export": "-", "import_origin": "934.6", "import_consigment": "897.1"}, {"country": "New Zealand", "year": "2017", "timeperiod": "8", "export": "-", "import_origin": "1891.1", "import_consigment": "1887.0"}, {"country": "New Zealand", "year": "2017", "timeperiod": "9", "export": "-", "import_origin": "1339.2", "import_consigment": "1339.6"}, {"country": "New Zealand", "year": "2017", "timeperiod": "10", "export": "-", "import_origin": "993.6", "import_consigment": "981.0"}, {"country": "New Zealand", "year": "2017", "timeperiod": "11", "export": "-", "import_origin": "295.7", "import_consigment": "292.3"}, {"country": "New Zealand", "year": "2017", "timeperiod": "12", "export": "-", "import_origin": "830.2", "import_consigment": "828.1"}]}