{"data": [{"country": "Ghana", "year": "2022", "timeperiod": "5", "export": "-", "import_origin": "1.6", "import_consigment": "-"}, {"country": "Ghana", "year": "2022", "timeperiod": "6", "export": "-", "import_origin": "95.3", "import_consigment": "-"}, {"country": "Ghana", "year": "2022", "timeperiod": "7", "export": "-", "import_origin": "40.8", "import_consigment": "-"}, {"country": "Ghana", "year": "2022", "timeperiod": "8", "export": "-", "import_origin": "107.5", "import_consigment": "-"}, {"country": "Ghana", "year": "2022", "timeperiod": "9", "export": "-", "import_origin": "206.0", "import_consigment": "-"}, {"country": "Ghana", "year": "2022", "timeperiod": "10", "export": "-", "import_origin": "50.5", "import_consigment": "0.2"}, {"country": "Ghana", "year": "2022", "timeperiod": "11", "export": "-", "import_origin": "272.0", "import_consigment": "-"}, {"country": "Ghana", "year": "2022", "timeperiod": "12", "export": "-", "import_origin": "11.1", "import_consigment": "-"}, {"country": "Ghana", "year": "2022", "timeperiod": "Year", "export": "-", "import_origin": "992.3", "import_consigment": "0.2"}, {"country": "Ghana", "year": "2021", "timeperiod": "7", "export": "-", "import_origin": "154.6", "import_consigment": "-"}, {"country": "Ghana", "year": "2021", "timeperiod": "8", "export": "-", "import_origin": "85.7", "import_consigment": "-"}, {"country": "Ghana", "year": "2021", "timeperiod": "9", "export": "-", "import_origin": "146.2", "import_consigment": "-"}, {"country": "Ghana", "year": "2021", "timeperiod": "10", "export": "17.6", "import_origin": "-", "import_consigment": "-"}, {"country": "Ghana", "year": "2021", "timeperiod": "11", "export": "-", "import_origin": "78.7", "import_consigment": "-"}, {"country": "Ghana", "year": "2021", "timeperiod": "Year", "export": "17.6", "import_origin": "465.2", "import_consigment": "-"}, {"country": "Ghana", "year": "2020", "timeperiod": "3", "export": "-", "import_origin": "1.5", "import_consigment": "-"}, {"country": "Ghana", "year": "2020", "timeperiod": "7", "export": "-", "import_origin": "0.2", "import_consigment": "-"}, {"country": "Ghana", "year": "2020", "timeperiod": "10", "export": "-", "import_origin": "66.7", "import_consigment": "-"}, {"country": "Ghana", "year": "2020", "timeperiod": "12", "export": "-", "import_origin": "23.7", "import_consigment": "-"}, {"country": "Ghana", "year": "2020", "timeperiod": "Year", "export": "-", "import_origin": "92.0", "import_consigment": "-"}, {"country": "Ghana", "year": "2019", "timeperiod": "2", "export": "23.6", "import_origin": "-", "import_consigment": "-"}, {"country": "Ghana", "year": "2019", "timeperiod": "3", "export": "-", "import_origin": "130.4", "import_consigment": "130.4"}, {"country": "Ghana", "year": "2019", "timeperiod": "5", "export": "0.1", "import_origin": "130.6", "import_consigment": "130.6"}, {"country": "Ghana", "year": "2019", "timeperiod": "8", "export": "16.9", "import_origin": "10.0", "import_consigment": "-"}, {"country": "Ghana", "year": "2019", "timeperiod": "9", "export": "10.8", "import_origin": "14.4", "import_consigment": "-"}]}