{"data": [{"country": "Israel", "year": "2020", "timeperiod": "3", "export": "428.7", "import_origin": "688.3", "import_consigment": "487.8"}, {"country": "Israel", "year": "2020", "timeperiod": "4", "export": "163.0", "import_origin": "143.0", "import_consigment": "189.4"}, {"country": "Israel", "year": "2020", "timeperiod": "5", "export": "102.2", "import_origin": "413.4", "import_consigment": "266.8"}, {"country": "Israel", "year": "2020", "timeperiod": "6", "export": "78.9", "import_origin": "510.8", "import_consigment": "399.2"}, {"country": "Israel", "year": "2020", "timeperiod": "7", "export": "395.1", "import_origin": "1705.8", "import_consigment": "1747.1"}, {"country": "Israel", "year": "2020", "timeperiod": "8", "export": "141.1", "import_origin": "518.4", "import_consigment": "436.4"}, {"country": "Israel", "year": "2020", "timeperiod": "9", "export": "148.2", "import_origin": "1076.8", "import_consigment": "834.6"}, {"country": "Israel", "year": "2020", "timeperiod": "10", "export": "166.9", "import_origin": "442.7", "import_consigment": "489.0"}, {"country": "Israel", "year": "2020", "timeperiod": "11", "export": "649.9", "import_origin": "855.1", "import_consigment": "681.7"}, {"country": "Israel", "year": "2020", "timeperiod": "12", "export": "721.4", "import_origin": "1055.4", "import_consigment": "946.1"}, {"country": "Israel", "year": "2020", "timeperiod": "Year", "export": "4072.4", "import_origin": "9002.6", "import_consigment": "7831.6"}, {"country": "Israel", "year": "2019", "timeperiod": "1", "export": "440.7", "import_origin": "954.1", "import_consigment": "970.0"}, {"country": "Israel", "year": "2019", "timeperiod": "2", "export": "842.6", "import_origin": "903.1", "import_consigment": "837.3"}, {"country": "Israel", "year": "2019", "timeperiod": "3", "export": "861.0", "import_origin": "729.8", "import_consigment": "571.0"}, {"country": "Israel", "year": "2019", "timeperiod": "4", "export": "617.0", "import_origin": "1171.6", "import_consigment": "1041.7"}, {"country": "Israel", "year": "2019", "timeperiod": "5", "export": "1142.9", "import_origin": "659.3", "import_consigment": "565.7"}, {"country": "Israel", "year": "2019", "timeperiod": "6", "export": "428.0", "import_origin": "1051.7", "import_consigment": "979.6"}, {"country": "Israel", "year": "2019", "timeperiod": "7", "export": "716.2", "import_origin": "1113.4", "import_consigment": "1102.9"}, {"country": "Israel", "year": "2019", "timeperiod": "8", "export": "542.6", "import_origin": "486.2", "import_consigment": "495.1"}, {"country": "Israel", "year": "2019", "timeperiod": "9", "export": "195.6", "import_origin": "327.2", "import_consigment": "205.7"}, {"country": "Israel", "year": "2019", "timeperiod": "10", "export": "670.5", "import_origin": "1011.9", "import_consigment": "925.6"}, {"country": "Israel", "year": "2019", "timeperiod": "11", "export": "169.1", "import_origin": "1171.0", "import_consigment": "1150.7"}, {"country": "Israel", "year": "2019", "timeperiod": "12", "export": "634.3", "import_origin": "842.3", "import_consigment": "798.2"}, {"country": "Israel", "year": "2019", "timeperiod": "Year", "export": "7260.5", "import_origin": "10421.8", "import_consigment": "9643.6"}, {"country": "Israel", "year": "2018", "timeperiod": "1", "export": "337.5", "import_origin": "352.9", "import_consigment": "358.9"}]}