{"data": [{"country": "Cameroon", "year": "2022", "timeperiod": "2", "export": "-", "import_origin": "9.4", "import_consigment": "-"}, {"country": "Cameroon", "year": "2022", "timeperiod": "4", "export": "-", "import_origin": "117.6", "import_consigment": "-"}, {"country": "Cameroon", "year": "2022", "timeperiod": "6", "export": "-", "import_origin": "4.6", "import_consigment": "-"}, {"country": "Cameroon", "year": "2022", "timeperiod": "7", "export": "-", "import_origin": "27.5", "import_consigment": "-"}, {"country": "Cameroon", "year": "2022", "timeperiod": "8", "export": "-", "import_origin": "95.6", "import_consigment": "52.9"}, {"country": "Cameroon", "year": "2022", "timeperiod": "10", "export": "-", "import_origin": "12.3", "import_consigment": "-"}, {"country": "Cameroon", "year": "2022", "timeperiod": "11", "export": "-", "import_origin": "16.2", "import_consigment": "-"}, {"country": "Cameroon", "year": "2022", "timeperiod": "12", "export": "-", "import_origin": "10.4", "import_consigment": "-"}, {"country": "Cameroon", "year": "2022", "timeperiod": "Year", "export": "-", "import_origin": "319.0", "import_consigment": "52.9"}, {"country": "Cameroon", "year": "2021", "timeperiod": "1", "export": "-", "import_origin": "32.5", "import_consigment": "-"}, {"country": "Cameroon", "year": "2021", "timeperiod": "2", "export": "-", "import_origin": "0.8", "import_consigment": "-"}, {"country": "Cameroon", "year": "2021", "timeperiod": "3", "export": "-", "import_origin": "0.1", "import_consigment": "-"}, {"country": "Cameroon", "year": "2021", "timeperiod": "7", "export": "-", "import_origin": "20.3", "import_consigment": "-"}, {"country": "Cameroon", "year": "2021", "timeperiod": "8", "export": "-", "import_origin": "-", "import_consigment": "-"}, {"country": "Cameroon", "year": "2021", "timeperiod": "9", "export": "-", "import_origin": "77.9", "import_consigment": "61.6"}, {"country": "Cameroon", "year": "2021", "timeperiod": "11", "export": "-", "import_origin": "34.4", "import_consigment": "-"}, {"country": "Cameroon", "year": "2021", "timeperiod": "Year", "export": "-", "import_origin": "166.1", "import_consigment": "61.6"}, {"country": "Cameroon", "year": "2020", "timeperiod": "2", "export": "-", "import_origin": "19.0", "import_consigment": "-"}, {"country": "Cameroon", "year": "2020", "timeperiod": "7", "export": "-", "import_origin": "28.2", "import_consigment": "28.1"}, {"country": "Cameroon", "year": "2020", "timeperiod": "8", "export": "-", "import_origin": "63.4", "import_consigment": "26.3"}, {"country": "Cameroon", "year": "2020", "timeperiod": "9", "export": "-", "import_origin": "88.3", "import_consigment": "88.3"}, {"country": "Cameroon", "year": "2020", "timeperiod": "10", "export": "-", "import_origin": "45.6", "import_consigment": "-"}, {"country": "Cameroon", "year": "2020", "timeperiod": "Year", "export": "-", "import_origin": "244.4", "import_consigment": "142.7"}, {"country": "Cameroon", "year": "2019", "timeperiod": "1", "export": "-", "import_origin": "8.1", "import_consigment": "-"}, {"country": "Cameroon", "year": "2019", "timeperiod": "2", "export": "-", "import_origin": "40.3", "import_consigment": "35.9"}]}