{"data": [{"country": "Zimbabwe", "year": "2017", "timeperiod": "4", "export": "-", "import_origin": "949.1", "import_consigment": "948.0"}, {"country": "Zimbabwe", "year": "2017", "timeperiod": "7", "export": "-", "import_origin": "3.2", "import_consigment": "2.8"}, {"country": "Zimbabwe", "year": "2017", "timeperiod": "8", "export": "-", "import_origin": "0.3", "import_consigment": "-"}, {"country": "Zimbabwe", "year": "2017", "timeperiod": "10", "export": "-", "import_origin": "0.2", "import_consigment": "-"}, {"country": "Zimbabwe", "year": "2017", "timeperiod": "11", "export": "-", "import_origin": "4503.1", "import_consigment": "4503.1"}, {"country": "Zimbabwe", "year": "2017", "timeperiod": "12", "export": "-", "import_origin": "1437.7", "import_consigment": "1437.7"}, {"country": "Zimbabwe", "year": "2017", "timeperiod": "Year", "export": "-", "import_origin": "11634.0", "import_consigment": "11632.0"}, {"country": "Spain", "year": "2023", "timeperiod": "1", "export": "695.7", "import_origin": "6360.3", "import_consigment": "7672.3"}, {"country": "Spain", "year": "2023", "timeperiod": "Year", "export": "695.7", "import_origin": "6360.3", "import_consigment": "7672.3"}, {"country": "Spain", "year": "2022", "timeperiod": "1", "export": "819.7", "import_origin": "16120.1", "import_consigment": "3815.8"}, {"country": "Spain", "year": "2022", "timeperiod": "2", "export": "348.8", "import_origin": "3862.9", "import_consigment": "5099.0"}, {"country": "Spain", "year": "2022", "timeperiod": "3", "export": "19.7", "import_origin": "5139.7", "import_consigment": "5218.7"}, {"country": "Spain", "year": "2022", "timeperiod": "4", "export": "37.8", "import_origin": "2747.1", "import_consigment": "4907.2"}, {"country": "Spain", "year": "2022", "timeperiod": "5", "export": "253.0", "import_origin": "4516.5", "import_consigment": "5475.9"}, {"country": "Spain", "year": "2022", "timeperiod": "6", "export": "324.4", "import_origin": "4578.4", "import_consigment": "5696.2"}, {"country": "Spain", "year": "2022", "timeperiod": "7", "export": "21.2", "import_origin": "4798.7", "import_consigment": "6811.0"}, {"country": "Spain", "year": "2022", "timeperiod": "8", "export": "473.2", "import_origin": "6882.2", "import_consigment": "10433.7"}, {"country": "Spain", "year": "2022", "timeperiod": "9", "export": "704.3", "import_origin": "7885.5", "import_consigment": "12090.6"}, {"country": "Spain", "year": "2022", "timeperiod": "10", "export": "609.7", "import_origin": "9719.9", "import_consigment": "12083.2"}, {"country": "Spain", "year": "2022", "timeperiod": "11", "export": "840.4", "import_origin": "10040.2", "import_consigment": "16129.3"}, {"country": "Spain", "year": "2022", "timeperiod": "12", "export": "484.1", "import_origin": "9242.0", "import_consigment": "11012.3"}, {"country": "Spain", "year": "2022", "timeperiod": "Year", "export": "4936.4", "import_origin": "85533.1", "import_consigment": "98773.1"}, {"country": "Spain", "year": "2021", "timeperiod": "1", "export": "122.7", "import_origin": "1583.1", "import_consigment": "2133.7"}, {"country": "Spain", "year": "2021", "timeperiod": "2", "export": "184.2", "import_origin": "2263.5", "import_consigment": "3156.2"}, {"country": "Spain", "year": "2021", "timeperiod": "3", "export": "512.8", "import_origin": "2764.6", "import_consigment": "4105.0"}]}