{"data": [{"country": "Estonia", "year": "2021", "timeperiod": "1", "export": "64.7", "import_origin": "34.9", "import_consigment": "19.2"}, {"country": "Estonia", "year": "2021", "timeperiod": "2", "export": "121.9", "import_origin": "62.8", "import_consigment": "74.2"}, {"country": "Estonia", "year": "2021", "timeperiod": "3", "export": "64.4", "import_origin": "153.5", "import_consigment": "155.1"}, {"country": "Estonia", "year": "2021", "timeperiod": "4", "export": "76.3", "import_origin": "18.9", "import_consigment": "39.2"}, {"country": "Estonia", "year": "2021", "timeperiod": "5", "export": "70.6", "import_origin": "128.1", "import_consigment": "166.5"}, {"country": "Estonia", "year": "2021", "timeperiod": "6", "export": "60.1", "import_origin": "375.6", "import_consigment": "169.8"}, {"country": "Estonia", "year": "2021", "timeperiod": "7", "export": "85.0", "import_origin": "98.5", "import_consigment": "301.8"}, {"country": "Estonia", "year": "2021", "timeperiod": "8", "export": "8.1", "import_origin": "111.6", "import_consigment": "238.6"}, {"country": "Estonia", "year": "2021", "timeperiod": "9", "export": "56.2", "import_origin": "145.8", "import_consigment": "114.5"}, {"country": "Estonia", "year": "2021", "timeperiod": "10", "export": "110.3", "import_origin": "295.8", "import_consigment": "451.3"}, {"country": "Estonia", "year": "2021", "timeperiod": "11", "export": "154.8", "import_origin": "117.6", "import_consigment": "219.4"}, {"country": "Estonia", "year": "2021", "timeperiod": "12", "export": "214.9", "import_origin": "132.9", "import_consigment": "88.6"}, {"country": "Estonia", "year": "2021", "timeperiod": "Year", "export": "1087.2", "import_origin": "1675.8", "import_consigment": "2038.1"}, {"country": "Estonia", "year": "2020", "timeperiod": "1", "export": "4.4", "import_origin": "49.1", "import_consigment": "124.9"}, {"country": "Estonia", "year": "2020", "timeperiod": "2", "export": "73.4", "import_origin": "9.6", "import_consigment": "111.6"}, {"country": "Estonia", "year": "2020", "timeperiod": "3", "export": "-", "import_origin": "26.6", "import_consigment": "65.4"}, {"country": "Estonia", "year": "2020", "timeperiod": "4", "export": "78.6", "import_origin": "361.1", "import_consigment": "65.2"}, {"country": "Estonia", "year": "2020", "timeperiod": "5", "export": "0.8", "import_origin": "229.5", "import_consigment": "263.2"}, {"country": "Estonia", "year": "2020", "timeperiod": "6", "export": "2.3", "import_origin": "51.1", "import_consigment": "214.9"}, {"country": "Estonia", "year": "2020", "timeperiod": "7", "export": "132.4", "import_origin": "40.5", "import_consigment": "112.3"}, {"country": "Estonia", "year": "2020", "timeperiod": "8", "export": "0.2", "import_origin": "55.0", "import_consigment": "50.2"}, {"country": "Estonia", "year": "2020", "timeperiod": "9", "export": "106.6", "import_origin": "81.8", "import_consigment": "493.0"}, {"country": "Estonia", "year": "2020", "timeperiod": "10", "export": "35.6", "import_origin": "108.5", "import_consigment": "240.3"}, {"country": "Estonia", "year": "2020", "timeperiod": "11", "export": "112.3", "import_origin": "76.3", "import_consigment": "91.5"}, {"country": "Estonia", "year": "2020", "timeperiod": "12", "export": "79.8", "import_origin": "107.7", "import_consigment": "247.7"}]}