{"data": [{"country": "North Macedonia", "year": "2021", "timeperiod": "Year", "export": "-", "import_origin": "1412.9", "import_consigment": "754.3"}, {"country": "North Macedonia", "year": "2020", "timeperiod": "1", "export": "-", "import_origin": "69.6", "import_consigment": "29.4"}, {"country": "North Macedonia", "year": "2020", "timeperiod": "2", "export": "-", "import_origin": "51.4", "import_consigment": "9.4"}, {"country": "North Macedonia", "year": "2020", "timeperiod": "3", "export": "-", "import_origin": "86.7", "import_consigment": "61.1"}, {"country": "North Macedonia", "year": "2020", "timeperiod": "4", "export": "-", "import_origin": "178.8", "import_consigment": "141.5"}, {"country": "North Macedonia", "year": "2020", "timeperiod": "5", "export": "-", "import_origin": "7.3", "import_consigment": "91.5"}, {"country": "North Macedonia", "year": "2020", "timeperiod": "6", "export": "-", "import_origin": "67.0", "import_consigment": "56.1"}, {"country": "North Macedonia", "year": "2020", "timeperiod": "7", "export": "-", "import_origin": "83.9", "import_consigment": "26.2"}, {"country": "North Macedonia", "year": "2020", "timeperiod": "8", "export": "-", "import_origin": "90.5", "import_consigment": "52.0"}, {"country": "North Macedonia", "year": "2020", "timeperiod": "9", "export": "0.1", "import_origin": "119.4", "import_consigment": "49.3"}, {"country": "North Macedonia", "year": "2020", "timeperiod": "10", "export": "-", "import_origin": "155.7", "import_consigment": "44.2"}, {"country": "North Macedonia", "year": "2020", "timeperiod": "11", "export": "-", "import_origin": "45.7", "import_consigment": "26.0"}, {"country": "North Macedonia", "year": "2020", "timeperiod": "12", "export": "-", "import_origin": "200.9", "import_consigment": "188.2"}, {"country": "North Macedonia", "year": "2020", "timeperiod": "Year", "export": "0.1", "import_origin": "1157.0", "import_consigment": "774.9"}, {"country": "North Macedonia", "year": "2019", "timeperiod": "1", "export": "-", "import_origin": "34.5", "import_consigment": "31.3"}, {"country": "North Macedonia", "year": "2019", "timeperiod": "2", "export": "-", "import_origin": "121.5", "import_consigment": "25.8"}, {"country": "North Macedonia", "year": "2019", "timeperiod": "3", "export": "-", "import_origin": "121.5", "import_consigment": "38.9"}, {"country": "North Macedonia", "year": "2019", "timeperiod": "4", "export": "-", "import_origin": "209.4", "import_consigment": "66.2"}, {"country": "North Macedonia", "year": "2019", "timeperiod": "5", "export": "-", "import_origin": "52.0", "import_consigment": "41.1"}, {"country": "North Macedonia", "year": "2019", "timeperiod": "6", "export": "-", "import_origin": "26.1", "import_consigment": "24.9"}, {"country": "North Macedonia", "year": "2019", "timeperiod": "7", "export": "-", "import_origin": "140.0", "import_consigment": "116.7"}, {"country": "North Macedonia", "year": "2019", "timeperiod": "8", "export": "-", "import_origin": "75.0", "import_consigment": "37.0"}, {"country": "North Macedonia", "year": "2019", "timeperiod": "9", "export": "-", "import_origin": "108.8", "import_consigment": "61.7"}, {"country": "North Macedonia", "year": "2019", "timeperiod": "10", "export": "-", "import_origin": "20.4", "import_consigment": "-"}, {"country": "North Macedonia", "year": "2019", "timeperiod": "11", "export": "-", "import_origin": "71.0", "import_consigment": "57.5"}]}