{"data": [{"country": "Slovenia", "year": "2020", "timeperiod": "12", "export": "2.6", "import_origin": "1602.1", "import_consigment": "1864.6"}, {"country": "Slovenia", "year": "2020", "timeperiod": "Year", "export": "20.3", "import_origin": "9837.3", "import_consigment": "10503.6"}, {"country": "Slovenia", "year": "2019", "timeperiod": "1", "export": "-", "import_origin": "935.8", "import_consigment": "1119.0"}, {"country": "Slovenia", "year": "2019", "timeperiod": "2", "export": "-", "import_origin": "798.6", "import_consigment": "979.6"}, {"country": "Slovenia", "year": "2019", "timeperiod": "3", "export": "-", "import_origin": "687.2", "import_consigment": "969.6"}, {"country": "Slovenia", "year": "2019", "timeperiod": "4", "export": "-", "import_origin": "1206.4", "import_consigment": "1629.3"}, {"country": "Slovenia", "year": "2019", "timeperiod": "5", "export": "-", "import_origin": "814.5", "import_consigment": "1005.9"}, {"country": "Slovenia", "year": "2019", "timeperiod": "6", "export": "-", "import_origin": "773.6", "import_consigment": "987.3"}, {"country": "Slovenia", "year": "2019", "timeperiod": "7", "export": "-", "import_origin": "1324.2", "import_consigment": "1618.5"}, {"country": "Slovenia", "year": "2019", "timeperiod": "8", "export": "-", "import_origin": "850.2", "import_consigment": "975.2"}, {"country": "Slovenia", "year": "2019", "timeperiod": "9", "export": "-", "import_origin": "572.6", "import_consigment": "797.8"}, {"country": "Slovenia", "year": "2019", "timeperiod": "10", "export": "4.2", "import_origin": "941.4", "import_consigment": "1142.4"}, {"country": "Slovenia", "year": "2019", "timeperiod": "11", "export": "15.8", "import_origin": "1033.6", "import_consigment": "1260.1"}, {"country": "Slovenia", "year": "2019", "timeperiod": "12", "export": "20.3", "import_origin": "1555.5", "import_consigment": "1942.7"}, {"country": "Slovenia", "year": "2019", "timeperiod": "Year", "export": "40.4", "import_origin": "11493.9", "import_consigment": "14427.3"}, {"country": "Slovenia", "year": "2018", "timeperiod": "1", "export": "-", "import_origin": "692.0", "import_consigment": "922.6"}, {"country": "Slovenia", "year": "2018", "timeperiod": "2", "export": "-", "import_origin": "477.8", "import_consigment": "476.5"}, {"country": "Slovenia", "year": "2018", "timeperiod": "3", "export": "0.7", "import_origin": "1782.7", "import_consigment": "1903.4"}, {"country": "Slovenia", "year": "2018", "timeperiod": "4", "export": "-", "import_origin": "921.2", "import_consigment": "1165.4"}, {"country": "Slovenia", "year": "2018", "timeperiod": "5", "export": "3.8", "import_origin": "435.1", "import_consigment": "415.2"}, {"country": "Slovenia", "year": "2018", "timeperiod": "6", "export": "-", "import_origin": "3710.0", "import_consigment": "3863.3"}, {"country": "Slovenia", "year": "2018", "timeperiod": "7", "export": "-", "import_origin": "829.7", "import_consigment": "812.9"}, {"country": "Slovenia", "year": "2018", "timeperiod": "8", "export": "-", "import_origin": "531.9", "import_consigment": "721.7"}, {"country": "Slovenia", "year": "2018", "timeperiod": "9", "export": "1.4", "import_origin": "912.0", "import_consigment": "967.8"}, {"country": "Slovenia", "year": "2018", "timeperiod": "10", "export": "0.4", "import_origin": "1075.6", "import_consigment": "1206.6"}]}