{"data": [{"country": "Sudan", "year": "2022", "timeperiod": "Year", "export": "273.8", "import_origin": "169.6", "import_consigment": "-"}, {"country": "Sudan", "year": "2021", "timeperiod": "2", "export": "-", "import_origin": "26.0", "import_consigment": "-"}, {"country": "Sudan", "year": "2021", "timeperiod": "3", "export": "386.2", "import_origin": "49.0", "import_consigment": "-"}, {"country": "Sudan", "year": "2021", "timeperiod": "4", "export": "34.2", "import_origin": "23.3", "import_consigment": "-"}, {"country": "Sudan", "year": "2021", "timeperiod": "5", "export": "-", "import_origin": "15.8", "import_consigment": "-"}, {"country": "Sudan", "year": "2021", "timeperiod": "6", "export": "-", "import_origin": "23.2", "import_consigment": "2.5"}, {"country": "Sudan", "year": "2021", "timeperiod": "7", "export": "19.1", "import_origin": "24.8", "import_consigment": "-"}, {"country": "Sudan", "year": "2021", "timeperiod": "8", "export": "-", "import_origin": "7.4", "import_consigment": "-"}, {"country": "Sudan", "year": "2021", "timeperiod": "9", "export": "-", "import_origin": "11.4", "import_consigment": "-"}, {"country": "Sudan", "year": "2021", "timeperiod": "10", "export": "-", "import_origin": "31.3", "import_consigment": "-"}, {"country": "Sudan", "year": "2021", "timeperiod": "11", "export": "14.0", "import_origin": "21.7", "import_consigment": "-"}, {"country": "Sudan", "year": "2021", "timeperiod": "12", "export": "-", "import_origin": "20.0", "import_consigment": "-"}, {"country": "Sudan", "year": "2021", "timeperiod": "Year", "export": "453.6", "import_origin": "253.8", "import_consigment": "2.5"}, {"country": "Sudan", "year": "2020", "timeperiod": "2", "export": "-", "import_origin": "5.9", "import_consigment": "-"}, {"country": "Sudan", "year": "2020", "timeperiod": "3", "export": "-", "import_origin": "38.5", "import_consigment": "-"}, {"country": "Sudan", "year": "2020", "timeperiod": "4", "export": "-", "import_origin": "3.9", "import_consigment": "-"}, {"country": "Sudan", "year": "2020", "timeperiod": "5", "export": "-", "import_origin": "25.8", "import_consigment": "-"}, {"country": "Sudan", "year": "2020", "timeperiod": "6", "export": "-", "import_origin": "36.2", "import_consigment": "-"}, {"country": "Sudan", "year": "2020", "timeperiod": "7", "export": "-", "import_origin": "11.6", "import_consigment": "-"}, {"country": "Sudan", "year": "2020", "timeperiod": "10", "export": "-", "import_origin": "12.0", "import_consigment": "-"}, {"country": "Sudan", "year": "2020", "timeperiod": "11", "export": "-", "import_origin": "6.3", "import_consigment": "-"}, {"country": "Sudan", "year": "2020", "timeperiod": "12", "export": "-", "import_origin": "10.4", "import_consigment": "-"}, {"country": "Sudan", "year": "2020", "timeperiod": "Year", "export": "-", "import_origin": "150.6", "import_consigment": "-"}, {"country": "Sudan", "year": "2019", "timeperiod": "2", "export": "-", "import_origin": "65.8", "import_consigment": "59.6"}, {"country": "Sudan", "year": "2019", "timeperiod": "3", "export": "-", "import_origin": "40.6", "import_consigment": "-"}]}