{"data": [{"country": "Georgia", "year": "2018", "timeperiod": "Year", "export": "68685.5", "import_origin": "70774.3", "import_consigment": "372748.7"}, {"country": "Georgia", "year": "2017", "timeperiod": "1", "export": "9878.1", "import_origin": "3503.4", "import_consigment": "11482.0"}, {"country": "Georgia", "year": "2017", "timeperiod": "2", "export": "10099.9", "import_origin": "5964.1", "import_consigment": "17830.6"}, {"country": "Georgia", "year": "2017", "timeperiod": "3", "export": "15157.1", "import_origin": "5041.3", "import_consigment": "21633.4"}, {"country": "Georgia", "year": "2017", "timeperiod": "4", "export": "11581.9", "import_origin": "9486.4", "import_consigment": "22923.6"}, {"country": "Georgia", "year": "2017", "timeperiod": "5", "export": "6533.2", "import_origin": "10011.7", "import_consigment": "74449.2"}, {"country": "Georgia", "year": "2017", "timeperiod": "6", "export": "11358.7", "import_origin": "8981.6", "import_consigment": "28829.8"}, {"country": "Georgia", "year": "2017", "timeperiod": "7", "export": "16664.9", "import_origin": "8051.6", "import_consigment": "25757.0"}, {"country": "Georgia", "year": "2017", "timeperiod": "8", "export": "17007.9", "import_origin": "7828.2", "import_consigment": "28271.8"}, {"country": "Georgia", "year": "2017", "timeperiod": "9", "export": "12228.3", "import_origin": "6249.3", "import_consigment": "26033.1"}, {"country": "Georgia", "year": "2017", "timeperiod": "10", "export": "13221.3", "import_origin": "7244.5", "import_consigment": "30043.7"}, {"country": "Georgia", "year": "2017", "timeperiod": "11", "export": "11318.3", "import_origin": "7872.8", "import_consigment": "33657.4"}, {"country": "Georgia", "year": "2017", "timeperiod": "12", "export": "17842.8", "import_origin": "7788.8", "import_consigment": "34737.7"}, {"country": "Georgia", "year": "2017", "timeperiod": "Year", "export": "152892.5", "import_origin": "88023.7", "import_consigment": "355649.4"}, {"country": "Gambia", "year": "2022", "timeperiod": "8", "export": "-", "import_origin": "-", "import_consigment": "-"}, {"country": "Gambia", "year": "2022", "timeperiod": "11", "export": "-", "import_origin": "-", "import_consigment": "-"}, {"country": "Gambia", "year": "2022", "timeperiod": "Year", "export": "-", "import_origin": "0.1", "import_consigment": "-"}, {"country": "Gambia", "year": "2021", "timeperiod": "5", "export": "-", "import_origin": "-", "import_consigment": "-"}, {"country": "Gambia", "year": "2021", "timeperiod": "8", "export": "-", "import_origin": "-", "import_consigment": "-"}, {"country": "Gambia", "year": "2021", "timeperiod": "Year", "export": "-", "import_origin": "-", "import_consigment": "-"}, {"country": "Gambia", "year": "2020", "timeperiod": "9", "export": "-", "import_origin": "-", "import_consigment": "-"}, {"country": "Gambia", "year": "2020", "timeperiod": "Year", "export": "-", "import_origin": "-", "import_consigment": "-"}, {"country": "Gambia", "year": "2019", "timeperiod": "2", "export": "-", "import_origin": "1.3", "import_consigment": "-"}, {"country": "Gambia", "year": "2019", "timeperiod": "Year", "export": "-", "import_origin": "1.3", "import_consigment": "-"}, {"country": "Gambia", "year": "2017", "timeperiod": "2", "export": "-", "import_origin": "1.2", "import_consigment": "-"}]}