{"data": [{"country": "Sri Lanka", "year": "2022", "timeperiod": "10", "export": "-", "import_origin": "748.0", "import_consigment": "577.4"}, {"country": "Sri Lanka", "year": "2022", "timeperiod": "11", "export": "-", "import_origin": "609.2", "import_consigment": "424.7"}, {"country": "Sri Lanka", "year": "2022", "timeperiod": "12", "export": "-", "import_origin": "892.0", "import_consigment": "610.5"}, {"country": "Sri Lanka", "year": "2022", "timeperiod": "Year", "export": "2.3", "import_origin": "4682.7", "import_consigment": "2808.3"}, {"country": "Sri Lanka", "year": "2021", "timeperiod": "1", "export": "-", "import_origin": "19.4", "import_consigment": "1.5"}, {"country": "Sri Lanka", "year": "2021", "timeperiod": "2", "export": "-", "import_origin": "144.7", "import_consigment": "67.4"}, {"country": "Sri Lanka", "year": "2021", "timeperiod": "3", "export": "-", "import_origin": "358.8", "import_consigment": "249.0"}, {"country": "Sri Lanka", "year": "2021", "timeperiod": "4", "export": "-", "import_origin": "110.4", "import_consigment": "4.6"}, {"country": "Sri Lanka", "year": "2021", "timeperiod": "5", "export": "-", "import_origin": "284.4", "import_consigment": "190.5"}, {"country": "Sri Lanka", "year": "2021", "timeperiod": "6", "export": "-", "import_origin": "138.2", "import_consigment": "23.7"}, {"country": "Sri Lanka", "year": "2021", "timeperiod": "7", "export": "-", "import_origin": "134.1", "import_consigment": "36.1"}, {"country": "Sri Lanka", "year": "2021", "timeperiod": "8", "export": "-", "import_origin": "203.1", "import_consigment": "126.5"}, {"country": "Sri Lanka", "year": "2021", "timeperiod": "9", "export": "-", "import_origin": "103.2", "import_consigment": "17.6"}, {"country": "Sri Lanka", "year": "2021", "timeperiod": "10", "export": "0.1", "import_origin": "217.1", "import_consigment": "144.6"}, {"country": "Sri Lanka", "year": "2021", "timeperiod": "11", "export": "-", "import_origin": "128.4", "import_consigment": "51.3"}, {"country": "Sri Lanka", "year": "2021", "timeperiod": "12", "export": "-", "import_origin": "913.7", "import_consigment": "832.7"}, {"country": "Sri Lanka", "year": "2021", "timeperiod": "Year", "export": "0.1", "import_origin": "2755.4", "import_consigment": "1745.4"}, {"country": "Sri Lanka", "year": "2020", "timeperiod": "1", "export": "-", "import_origin": "56.7", "import_consigment": "6.0"}, {"country": "Sri Lanka", "year": "2020", "timeperiod": "2", "export": "-", "import_origin": "209.7", "import_consigment": "56.6"}, {"country": "Sri Lanka", "year": "2020", "timeperiod": "3", "export": "-", "import_origin": "328.0", "import_consigment": "150.2"}, {"country": "Sri Lanka", "year": "2020", "timeperiod": "4", "export": "-", "import_origin": "82.5", "import_consigment": "14.7"}, {"country": "Sri Lanka", "year": "2020", "timeperiod": "5", "export": "-", "import_origin": "151.9", "import_consigment": "105.5"}, {"country": "Sri Lanka", "year": "2020", "timeperiod": "6", "export": "-", "import_origin": "176.9", "import_consigment": "110.6"}, {"country": "Sri Lanka", "year": "2020", "timeperiod": "7", "export": "-", "import_origin": "352.7", "import_consigment": "281.1"}, {"country": "Sri Lanka", "year": "2020", "timeperiod": "8", "export": "-", "import_origin": "409.7", "import_consigment": "327.6"}]}