{"data": [{"country": "Japan", "year": "2017", "timeperiod": "10", "export": "16.3", "import_origin": "8812.8", "import_consigment": "3731.3"}, {"country": "Japan", "year": "2017", "timeperiod": "11", "export": "12.7", "import_origin": "8914.2", "import_consigment": "2998.5"}, {"country": "Japan", "year": "2017", "timeperiod": "12", "export": "9.4", "import_origin": "8007.6", "import_consigment": "3620.5"}, {"country": "Japan", "year": "2017", "timeperiod": "Year", "export": "366.1", "import_origin": "81021.2", "import_consigment": "33464.7"}, {"country": "Kazakhstan", "year": "2023", "timeperiod": "1", "export": "2458.2", "import_origin": "1460.1", "import_consigment": "1685.7"}, {"country": "Kazakhstan", "year": "2023", "timeperiod": "Year", "export": "2458.2", "import_origin": "1460.1", "import_consigment": "1685.7"}, {"country": "Kazakhstan", "year": "2022", "timeperiod": "1", "export": "488.6", "import_origin": "44.9", "import_consigment": "50.9"}, {"country": "Kazakhstan", "year": "2022", "timeperiod": "2", "export": "690.8", "import_origin": "223.1", "import_consigment": "250.8"}, {"country": "Kazakhstan", "year": "2022", "timeperiod": "3", "export": "806.0", "import_origin": "66.4", "import_consigment": "59.8"}, {"country": "Kazakhstan", "year": "2022", "timeperiod": "4", "export": "524.9", "import_origin": "335.1", "import_consigment": "433.9"}, {"country": "Kazakhstan", "year": "2022", "timeperiod": "5", "export": "1192.3", "import_origin": "811.5", "import_consigment": "1507.9"}, {"country": "Kazakhstan", "year": "2022", "timeperiod": "6", "export": "1042.0", "import_origin": "15407.5", "import_consigment": "15753.8"}, {"country": "Kazakhstan", "year": "2022", "timeperiod": "7", "export": "1214.1", "import_origin": "690.2", "import_consigment": "1420.1"}, {"country": "Kazakhstan", "year": "2022", "timeperiod": "8", "export": "2089.9", "import_origin": "968.1", "import_consigment": "1086.6"}, {"country": "Kazakhstan", "year": "2022", "timeperiod": "9", "export": "2505.1", "import_origin": "1363.9", "import_consigment": "1624.3"}, {"country": "Kazakhstan", "year": "2022", "timeperiod": "10", "export": "3249.0", "import_origin": "1389.3", "import_consigment": "1925.9"}, {"country": "Kazakhstan", "year": "2022", "timeperiod": "11", "export": "1832.8", "import_origin": "1267.4", "import_consigment": "1566.5"}, {"country": "Kazakhstan", "year": "2022", "timeperiod": "12", "export": "2796.8", "import_origin": "891.1", "import_consigment": "1179.4"}, {"country": "Kazakhstan", "year": "2022", "timeperiod": "Year", "export": "18432.3", "import_origin": "23458.7", "import_consigment": "26860.0"}, {"country": "Kazakhstan", "year": "2021", "timeperiod": "1", "export": "219.7", "import_origin": "205.4", "import_consigment": "205.4"}, {"country": "Kazakhstan", "year": "2021", "timeperiod": "2", "export": "1382.6", "import_origin": "362.4", "import_consigment": "425.9"}, {"country": "Kazakhstan", "year": "2021", "timeperiod": "3", "export": "1221.4", "import_origin": "258.9", "import_consigment": "324.3"}, {"country": "Kazakhstan", "year": "2021", "timeperiod": "4", "export": "779.4", "import_origin": "494.9", "import_consigment": "736.2"}, {"country": "Kazakhstan", "year": "2021", "timeperiod": "5", "export": "619.7", "import_origin": "394.1", "import_consigment": "466.1"}, {"country": "Kazakhstan", "year": "2021", "timeperiod": "6", "export": "820.8", "import_origin": "164.3", "import_consigment": "492.0"}]}