{"data": [{"country": "Jordan", "year": "2021", "timeperiod": "2", "export": "0.8", "import_origin": "0.6", "import_consigment": "-"}, {"country": "Jordan", "year": "2021", "timeperiod": "3", "export": "105.2", "import_origin": "59.8", "import_consigment": "59.5"}, {"country": "Jordan", "year": "2021", "timeperiod": "4", "export": "-", "import_origin": "35.7", "import_consigment": "35.3"}, {"country": "Jordan", "year": "2021", "timeperiod": "5", "export": "-", "import_origin": "55.4", "import_consigment": "-"}, {"country": "Jordan", "year": "2021", "timeperiod": "6", "export": "-", "import_origin": "87.5", "import_consigment": "85.2"}, {"country": "Jordan", "year": "2021", "timeperiod": "7", "export": "-", "import_origin": "147.6", "import_consigment": "112.6"}, {"country": "Jordan", "year": "2021", "timeperiod": "8", "export": "0.1", "import_origin": "154.4", "import_consigment": "127.1"}, {"country": "Jordan", "year": "2021", "timeperiod": "9", "export": "672.0", "import_origin": "15.8", "import_consigment": "11.3"}, {"country": "Jordan", "year": "2021", "timeperiod": "10", "export": "-", "import_origin": "18.3", "import_consigment": "0.1"}, {"country": "Jordan", "year": "2021", "timeperiod": "11", "export": "-", "import_origin": "7.1", "import_consigment": "6.5"}, {"country": "Jordan", "year": "2021", "timeperiod": "12", "export": "-", "import_origin": "194.9", "import_consigment": "143.3"}, {"country": "Jordan", "year": "2021", "timeperiod": "Year", "export": "784.7", "import_origin": "778.6", "import_consigment": "582.6"}, {"country": "Jordan", "year": "2020", "timeperiod": "1", "export": "-", "import_origin": "1.3", "import_consigment": "0.8"}, {"country": "Jordan", "year": "2020", "timeperiod": "2", "export": "-", "import_origin": "2.1", "import_consigment": "10.5"}, {"country": "Jordan", "year": "2020", "timeperiod": "3", "export": "1.2", "import_origin": "35.2", "import_consigment": "34.2"}, {"country": "Jordan", "year": "2020", "timeperiod": "4", "export": "-", "import_origin": "0.6", "import_consigment": "5.4"}, {"country": "Jordan", "year": "2020", "timeperiod": "6", "export": "-", "import_origin": "0.1", "import_consigment": "3.3"}, {"country": "Jordan", "year": "2020", "timeperiod": "7", "export": "-", "import_origin": "0.1", "import_consigment": "-"}, {"country": "Jordan", "year": "2020", "timeperiod": "8", "export": "0.5", "import_origin": "3.0", "import_consigment": "-"}, {"country": "Jordan", "year": "2020", "timeperiod": "9", "export": "36.4", "import_origin": "1.0", "import_consigment": "0.5"}, {"country": "Jordan", "year": "2020", "timeperiod": "10", "export": "18.9", "import_origin": "0.6", "import_consigment": "0.1"}, {"country": "Jordan", "year": "2020", "timeperiod": "11", "export": "865.5", "import_origin": "0.4", "import_consigment": "-"}, {"country": "Jordan", "year": "2020", "timeperiod": "12", "export": "-", "import_origin": "2.5", "import_consigment": "2.7"}, {"country": "Jordan", "year": "2020", "timeperiod": "Year", "export": "922.4", "import_origin": "46.8", "import_consigment": "57.6"}, {"country": "Jordan", "year": "2019", "timeperiod": "1", "export": "-", "import_origin": "0.1", "import_consigment": "-"}]}