{"data": [{"country": "Fiji", "year": "2017", "timeperiod": "10", "export": "-", "import_origin": "1.5", "import_consigment": "-"}, {"country": "Fiji", "year": "2017", "timeperiod": "12", "export": "-", "import_origin": "0.6", "import_consigment": "-"}, {"country": "Fiji", "year": "2017", "timeperiod": "Year", "export": "-", "import_origin": "2.6", "import_consigment": "-"}, {"country": "Finland", "year": "2023", "timeperiod": "1", "export": "25.9", "import_origin": "1353.3", "import_consigment": "972.6"}, {"country": "Finland", "year": "2023", "timeperiod": "Year", "export": "25.9", "import_origin": "1353.3", "import_consigment": "972.6"}, {"country": "Finland", "year": "2022", "timeperiod": "1", "export": "-", "import_origin": "959.4", "import_consigment": "842.1"}, {"country": "Finland", "year": "2022", "timeperiod": "2", "export": "7.5", "import_origin": "2556.7", "import_consigment": "2301.7"}, {"country": "Finland", "year": "2022", "timeperiod": "3", "export": "9.8", "import_origin": "1267.3", "import_consigment": "1366.5"}, {"country": "Finland", "year": "2022", "timeperiod": "4", "export": "6.1", "import_origin": "1085.0", "import_consigment": "1030.0"}, {"country": "Finland", "year": "2022", "timeperiod": "5", "export": "26.5", "import_origin": "3616.3", "import_consigment": "3640.5"}, {"country": "Finland", "year": "2022", "timeperiod": "6", "export": "13.9", "import_origin": "952.7", "import_consigment": "1025.3"}, {"country": "Finland", "year": "2022", "timeperiod": "7", "export": "-", "import_origin": "2769.7", "import_consigment": "2581.3"}, {"country": "Finland", "year": "2022", "timeperiod": "8", "export": "8.1", "import_origin": "2052.2", "import_consigment": "2120.8"}, {"country": "Finland", "year": "2022", "timeperiod": "9", "export": "0.1", "import_origin": "4030.7", "import_consigment": "3977.3"}, {"country": "Finland", "year": "2022", "timeperiod": "10", "export": "20.1", "import_origin": "2185.8", "import_consigment": "2253.5"}, {"country": "Finland", "year": "2022", "timeperiod": "11", "export": "4.0", "import_origin": "2226.8", "import_consigment": "1964.7"}, {"country": "Finland", "year": "2022", "timeperiod": "12", "export": "0.5", "import_origin": "3911.1", "import_consigment": "2751.8"}, {"country": "Finland", "year": "2022", "timeperiod": "Year", "export": "96.7", "import_origin": "27613.8", "import_consigment": "25855.4"}, {"country": "Finland", "year": "2021", "timeperiod": "1", "export": "5.2", "import_origin": "1011.3", "import_consigment": "300.1"}, {"country": "Finland", "year": "2021", "timeperiod": "2", "export": "18.4", "import_origin": "3867.5", "import_consigment": "3019.7"}, {"country": "Finland", "year": "2021", "timeperiod": "3", "export": "10.3", "import_origin": "1883.5", "import_consigment": "1136.2"}, {"country": "Finland", "year": "2021", "timeperiod": "4", "export": "5.4", "import_origin": "1896.6", "import_consigment": "1644.5"}, {"country": "Finland", "year": "2021", "timeperiod": "5", "export": "13.1", "import_origin": "2046.0", "import_consigment": "2068.3"}, {"country": "Finland", "year": "2021", "timeperiod": "6", "export": "15.1", "import_origin": "1454.5", "import_consigment": "1339.5"}, {"country": "Finland", "year": "2021", "timeperiod": "7", "export": "0.9", "import_origin": "5845.8", "import_consigment": "1115.9"}]}