{"data": [{"country": "Panama", "year": "2022", "timeperiod": "7", "export": "319.2", "import_origin": "2.6", "import_consigment": "357.1"}, {"country": "Panama", "year": "2022", "timeperiod": "11", "export": "-", "import_origin": "0.8", "import_consigment": "-"}, {"country": "Panama", "year": "2022", "timeperiod": "12", "export": "-", "import_origin": "27.6", "import_consigment": "-"}, {"country": "Panama", "year": "2022", "timeperiod": "Year", "export": "319.3", "import_origin": "58.7", "import_consigment": "438.1"}, {"country": "Panama", "year": "2021", "timeperiod": "3", "export": "-", "import_origin": "0.1", "import_consigment": "-"}, {"country": "Panama", "year": "2021", "timeperiod": "4", "export": "-", "import_origin": "0.3", "import_consigment": "-"}, {"country": "Panama", "year": "2021", "timeperiod": "6", "export": "-", "import_origin": "0.4", "import_consigment": "-"}, {"country": "Panama", "year": "2021", "timeperiod": "7", "export": "-", "import_origin": "-", "import_consigment": "-"}, {"country": "Panama", "year": "2021", "timeperiod": "8", "export": "-", "import_origin": "2.3", "import_consigment": "-"}, {"country": "Panama", "year": "2021", "timeperiod": "12", "export": "-", "import_origin": "15.2", "import_consigment": "-"}, {"country": "Panama", "year": "2021", "timeperiod": "Year", "export": "-", "import_origin": "18.3", "import_consigment": "-"}, {"country": "Panama", "year": "2020", "timeperiod": "3", "export": "-", "import_origin": "12.2", "import_consigment": "-"}, {"country": "Panama", "year": "2020", "timeperiod": "Year", "export": "-", "import_origin": "12.2", "import_consigment": "-"}, {"country": "Panama", "year": "2019", "timeperiod": "3", "export": "-", "import_origin": "0.2", "import_consigment": "-"}, {"country": "Panama", "year": "2019", "timeperiod": "5", "export": "-", "import_origin": "0.1", "import_consigment": "-"}, {"country": "Panama", "year": "2019", "timeperiod": "10", "export": "-", "import_origin": "0.1", "import_consigment": "-"}, {"country": "Panama", "year": "2019", "timeperiod": "11", "export": "-", "import_origin": "0.4", "import_consigment": "-"}, {"country": "Panama", "year": "2019", "timeperiod": "Year", "export": "-", "import_origin": "0.8", "import_consigment": "-"}, {"country": "Panama", "year": "2018", "timeperiod": "2", "export": "-", "import_origin": "5.8", "import_consigment": "-"}, {"country": "Panama", "year": "2018", "timeperiod": "3", "export": "-", "import_origin": "43.3", "import_consigment": "18.9"}, {"country": "Panama", "year": "2018", "timeperiod": "4", "export": "-", "import_origin": "37.8", "import_consigment": "37.8"}, {"country": "Panama", "year": "2018", "timeperiod": "5", "export": "-", "import_origin": "59.0", "import_consigment": "38.7"}, {"country": "Panama", "year": "2018", "timeperiod": "11", "export": "-", "import_origin": "5.3", "import_consigment": "5.3"}, {"country": "Panama", "year": "2018", "timeperiod": "Year", "export": "-", "import_origin": "151.2", "import_consigment": "100.7"}, {"country": "Panama", "year": "2017", "timeperiod": "3", "export": "-", "import_origin": "2.2", "import_consigment": "-"}]}