{"data": [{"country": "Albania", "year": "2017", "timeperiod": "1", "export": "-", "import_origin": "9.3", "import_consigment": "-"}, {"country": "Albania", "year": "2017", "timeperiod": "2", "export": "-", "import_origin": "12.8", "import_consigment": "-"}, {"country": "Albania", "year": "2017", "timeperiod": "3", "export": "-", "import_origin": "9.8", "import_consigment": "-"}, {"country": "Albania", "year": "2017", "timeperiod": "4", "export": "-", "import_origin": "8.7", "import_consigment": "-"}, {"country": "Albania", "year": "2017", "timeperiod": "5", "export": "1.8", "import_origin": "6.4", "import_consigment": "-"}, {"country": "Albania", "year": "2017", "timeperiod": "6", "export": "-", "import_origin": "11.2", "import_consigment": "-"}, {"country": "Albania", "year": "2017", "timeperiod": "7", "export": "-", "import_origin": "66.9", "import_consigment": "-"}, {"country": "Albania", "year": "2017", "timeperiod": "8", "export": "27.9", "import_origin": "42.1", "import_consigment": "-"}, {"country": "Albania", "year": "2017", "timeperiod": "9", "export": "-", "import_origin": "125.5", "import_consigment": "86.5"}, {"country": "Albania", "year": "2017", "timeperiod": "10", "export": "-", "import_origin": "20.7", "import_consigment": "0.8"}, {"country": "Albania", "year": "2017", "timeperiod": "11", "export": "-", "import_origin": "43.2", "import_consigment": "-"}, {"country": "Albania", "year": "2017", "timeperiod": "12", "export": "-", "import_origin": "14.3", "import_consigment": "-"}, {"country": "Albania", "year": "2017", "timeperiod": "Year", "export": "29.8", "import_origin": "370.8", "import_consigment": "87.3"}, {"country": "Algeria", "year": "2022", "timeperiod": "4", "export": "-", "import_origin": "25.4", "import_consigment": "-"}, {"country": "Algeria", "year": "2022", "timeperiod": "5", "export": "-", "import_origin": "72.0", "import_consigment": "-"}, {"country": "Algeria", "year": "2022", "timeperiod": "7", "export": "-", "import_origin": "27.4", "import_consigment": "-"}, {"country": "Algeria", "year": "2022", "timeperiod": "8", "export": "-", "import_origin": "56.1", "import_consigment": "-"}, {"country": "Algeria", "year": "2022", "timeperiod": "11", "export": "-", "import_origin": "1.7", "import_consigment": "-"}, {"country": "Algeria", "year": "2022", "timeperiod": "Year", "export": "-", "import_origin": "182.6", "import_consigment": "-"}, {"country": "Algeria", "year": "2021", "timeperiod": "7", "export": "9.1", "import_origin": "-", "import_consigment": "-"}, {"country": "Algeria", "year": "2021", "timeperiod": "Year", "export": "9.1", "import_origin": "-", "import_consigment": "-"}, {"country": "Algeria", "year": "2020", "timeperiod": "5", "export": "-", "import_origin": "0.5", "import_consigment": "-"}, {"country": "Algeria", "year": "2020", "timeperiod": "8", "export": "-", "import_origin": "0.2", "import_consigment": "-"}, {"country": "Algeria", "year": "2020", "timeperiod": "Year", "export": "-", "import_origin": "0.7", "import_consigment": "-"}, {"country": "Algeria", "year": "2019", "timeperiod": "10", "export": "-", "import_origin": "1.3", "import_consigment": "-"}]}