{"data": [{"country": "Cuba", "year": "2018", "timeperiod": "4", "export": "-", "import_origin": "22.8", "import_consigment": "-"}, {"country": "Cuba", "year": "2018", "timeperiod": "5", "export": "-", "import_origin": "76.5", "import_consigment": "-"}, {"country": "Cuba", "year": "2018", "timeperiod": "6", "export": "-", "import_origin": "8.4", "import_consigment": "-"}, {"country": "Cuba", "year": "2018", "timeperiod": "7", "export": "-", "import_origin": "0.8", "import_consigment": "-"}, {"country": "Cuba", "year": "2018", "timeperiod": "8", "export": "-", "import_origin": "25.6", "import_consigment": "-"}, {"country": "Cuba", "year": "2018", "timeperiod": "9", "export": "-", "import_origin": "21.3", "import_consigment": "-"}, {"country": "Cuba", "year": "2018", "timeperiod": "10", "export": "-", "import_origin": "3.2", "import_consigment": "-"}, {"country": "Cuba", "year": "2018", "timeperiod": "11", "export": "-", "import_origin": "21.1", "import_consigment": "-"}, {"country": "Cuba", "year": "2018", "timeperiod": "12", "export": "-", "import_origin": "16.7", "import_consigment": "-"}, {"country": "Cuba", "year": "2018", "timeperiod": "Year", "export": "-", "import_origin": "232.3", "import_consigment": "-"}, {"country": "Cuba", "year": "2017", "timeperiod": "1", "export": "-", "import_origin": "8.1", "import_consigment": "-"}, {"country": "Cuba", "year": "2017", "timeperiod": "2", "export": "-", "import_origin": "10.1", "import_consigment": "-"}, {"country": "Cuba", "year": "2017", "timeperiod": "3", "export": "-", "import_origin": "8.3", "import_consigment": "-"}, {"country": "Cuba", "year": "2017", "timeperiod": "4", "export": "-", "import_origin": "5.6", "import_consigment": "-"}, {"country": "Cuba", "year": "2017", "timeperiod": "5", "export": "-", "import_origin": "100.7", "import_consigment": "99.8"}, {"country": "Cuba", "year": "2017", "timeperiod": "7", "export": "-", "import_origin": "10.5", "import_consigment": "-"}, {"country": "Cuba", "year": "2017", "timeperiod": "8", "export": "-", "import_origin": "21.9", "import_consigment": "-"}, {"country": "Cuba", "year": "2017", "timeperiod": "9", "export": "-", "import_origin": "0.2", "import_consigment": "-"}, {"country": "Cuba", "year": "2017", "timeperiod": "10", "export": "-", "import_origin": "25.3", "import_consigment": "-"}, {"country": "Cuba", "year": "2017", "timeperiod": "11", "export": "-", "import_origin": "14.5", "import_consigment": "-"}, {"country": "Cuba", "year": "2017", "timeperiod": "12", "export": "-", "import_origin": "12.5", "import_consigment": "-"}, {"country": "Cuba", "year": "2017", "timeperiod": "Year", "export": "-", "import_origin": "217.6", "import_consigment": "99.8"}, {"country": "Cyprus", "year": "2023", "timeperiod": "1", "export": "328.3", "import_origin": "12.8", "import_consigment": "1930.3"}, {"country": "Cyprus", "year": "2023", "timeperiod": "Year", "export": "328.3", "import_origin": "12.8", "import_consigment": "1930.3"}, {"country": "Cyprus", "year": "2022", "timeperiod": "1", "export": "202.9", "import_origin": "-", "import_consigment": "11.3"}]}