{"data": [{"country": "Russian Federation", "year": "2022", "timeperiod": "11", "export": "347484.1", "import_origin": "286643.0", "import_consigment": "308651.0"}, {"country": "Russian Federation", "year": "2022", "timeperiod": "12", "export": "317779.0", "import_origin": "245580.2", "import_consigment": "275033.1"}, {"country": "Russian Federation", "year": "2022", "timeperiod": "Year", "export": "2410962.1", "import_origin": "2622504.1", "import_consigment": "2875198.3"}, {"country": "Russian Federation", "year": "2021", "timeperiod": "1", "export": "51226.2", "import_origin": "87390.1", "import_consigment": "92363.2"}, {"country": "Russian Federation", "year": "2021", "timeperiod": "2", "export": "53765.6", "import_origin": "103852.1", "import_consigment": "115925.9"}, {"country": "Russian Federation", "year": "2021", "timeperiod": "3", "export": "47738.0", "import_origin": "108701.0", "import_consigment": "120587.5"}, {"country": "Russian Federation", "year": "2021", "timeperiod": "4", "export": "70434.5", "import_origin": "138839.0", "import_consigment": "161686.3"}, {"country": "Russian Federation", "year": "2021", "timeperiod": "5", "export": "68622.0", "import_origin": "150537.9", "import_consigment": "160614.7"}, {"country": "Russian Federation", "year": "2021", "timeperiod": "6", "export": "73953.8", "import_origin": "144455.7", "import_consigment": "170602.2"}, {"country": "Russian Federation", "year": "2021", "timeperiod": "7", "export": "82978.1", "import_origin": "144056.3", "import_consigment": "172143.6"}, {"country": "Russian Federation", "year": "2021", "timeperiod": "8", "export": "73138.7", "import_origin": "139227.0", "import_consigment": "163135.0"}, {"country": "Russian Federation", "year": "2021", "timeperiod": "9", "export": "71279.2", "import_origin": "167125.5", "import_consigment": "187593.6"}, {"country": "Russian Federation", "year": "2021", "timeperiod": "10", "export": "83483.1", "import_origin": "173343.7", "import_consigment": "194085.2"}, {"country": "Russian Federation", "year": "2021", "timeperiod": "11", "export": "87737.1", "import_origin": "208779.6", "import_consigment": "230620.6"}, {"country": "Russian Federation", "year": "2021", "timeperiod": "12", "export": "76323.2", "import_origin": "219106.1", "import_consigment": "228511.2"}, {"country": "Russian Federation", "year": "2021", "timeperiod": "Year", "export": "840679.6", "import_origin": "1785414.1", "import_consigment": "1997869.1"}, {"country": "Russian Federation", "year": "2020", "timeperiod": "1", "export": "36178.5", "import_origin": "111546.6", "import_consigment": "115102.7"}, {"country": "Russian Federation", "year": "2020", "timeperiod": "2", "export": "58970.8", "import_origin": "122665.8", "import_consigment": "128156.6"}, {"country": "Russian Federation", "year": "2020", "timeperiod": "3", "export": "48285.5", "import_origin": "107950.0", "import_consigment": "126367.2"}, {"country": "Russian Federation", "year": "2020", "timeperiod": "4", "export": "38256.5", "import_origin": "106949.0", "import_consigment": "123590.5"}, {"country": "Russian Federation", "year": "2020", "timeperiod": "5", "export": "38006.9", "import_origin": "106787.7", "import_consigment": "118611.0"}, {"country": "Russian Federation", "year": "2020", "timeperiod": "6", "export": "48819.0", "import_origin": "104031.4", "import_consigment": "123726.4"}, {"country": "Russian Federation", "year": "2020", "timeperiod": "7", "export": "66427.6", "import_origin": "113137.1", "import_consigment": "129301.1"}, {"country": "Russian Federation", "year": "2020", "timeperiod": "8", "export": "63826.6", "import_origin": "187551.8", "import_consigment": "190617.7"}, {"country": "Russian Federation", "year": "2020", "timeperiod": "9", "export": "67658.6", "import_origin": "123110.1", "import_consigment": "138643.4"}]}