{"data": [{"country": "Honduras", "year": "2017", "timeperiod": "2", "export": "-", "import_origin": "7.4", "import_consigment": "-"}, {"country": "Honduras", "year": "2017", "timeperiod": "3", "export": "-", "import_origin": "26.0", "import_consigment": "-"}, {"country": "Honduras", "year": "2017", "timeperiod": "4", "export": "-", "import_origin": "8.0", "import_consigment": "-"}, {"country": "Honduras", "year": "2017", "timeperiod": "5", "export": "-", "import_origin": "1.8", "import_consigment": "-"}, {"country": "Honduras", "year": "2017", "timeperiod": "6", "export": "-", "import_origin": "69.2", "import_consigment": "68.5"}, {"country": "Honduras", "year": "2017", "timeperiod": "7", "export": "-", "import_origin": "2.8", "import_consigment": "-"}, {"country": "Honduras", "year": "2017", "timeperiod": "8", "export": "-", "import_origin": "14.6", "import_consigment": "-"}, {"country": "Honduras", "year": "2017", "timeperiod": "9", "export": "-", "import_origin": "1.1", "import_consigment": "-"}, {"country": "Honduras", "year": "2017", "timeperiod": "10", "export": "-", "import_origin": "0.1", "import_consigment": "-"}, {"country": "Honduras", "year": "2017", "timeperiod": "11", "export": "-", "import_origin": "3.8", "import_consigment": "-"}, {"country": "Honduras", "year": "2017", "timeperiod": "12", "export": "-", "import_origin": "-", "import_consigment": "-"}, {"country": "Honduras", "year": "2017", "timeperiod": "Year", "export": "-", "import_origin": "134.7", "import_consigment": "68.5"}, {"country": "Hong Kong", "year": "2023", "timeperiod": "1", "export": "283.5", "import_origin": "140.3", "import_consigment": "19550.5"}, {"country": "Hong Kong", "year": "2023", "timeperiod": "Year", "export": "283.5", "import_origin": "140.3", "import_consigment": "19550.5"}, {"country": "Hong Kong", "year": "2022", "timeperiod": "1", "export": "1980.2", "import_origin": "10.9", "import_consigment": "3716.7"}, {"country": "Hong Kong", "year": "2022", "timeperiod": "2", "export": "335.0", "import_origin": "12.7", "import_consigment": "21135.4"}, {"country": "Hong Kong", "year": "2022", "timeperiod": "3", "export": "2337.7", "import_origin": "8.4", "import_consigment": "12167.3"}, {"country": "Hong Kong", "year": "2022", "timeperiod": "4", "export": "1277.3", "import_origin": "357.7", "import_consigment": "7847.9"}, {"country": "Hong Kong", "year": "2022", "timeperiod": "5", "export": "1061.3", "import_origin": "331.3", "import_consigment": "23556.9"}, {"country": "Hong Kong", "year": "2022", "timeperiod": "6", "export": "1204.2", "import_origin": "74.1", "import_consigment": "6649.7"}, {"country": "Hong Kong", "year": "2022", "timeperiod": "7", "export": "5400.3", "import_origin": "216.4", "import_consigment": "13991.8"}, {"country": "Hong Kong", "year": "2022", "timeperiod": "8", "export": "5342.9", "import_origin": "264.8", "import_consigment": "17505.7"}, {"country": "Hong Kong", "year": "2022", "timeperiod": "9", "export": "2308.0", "import_origin": "250.7", "import_consigment": "16881.3"}, {"country": "Hong Kong", "year": "2022", "timeperiod": "10", "export": "942.8", "import_origin": "467.2", "import_consigment": "9821.8"}, {"country": "Hong Kong", "year": "2022", "timeperiod": "11", "export": "1843.9", "import_origin": "477.5", "import_consigment": "17267.6"}]}