{"data": [{"country": "New Zealand", "year": "2022", "timeperiod": "3", "export": "-", "import_origin": "2066.9", "import_consigment": "2055.4"}, {"country": "New Zealand", "year": "2022", "timeperiod": "4", "export": "-", "import_origin": "180.1", "import_consigment": "158.4"}, {"country": "New Zealand", "year": "2022", "timeperiod": "5", "export": "-", "import_origin": "1376.7", "import_consigment": "1357.7"}, {"country": "New Zealand", "year": "2022", "timeperiod": "6", "export": "11.4", "import_origin": "1206.8", "import_consigment": "1192.9"}, {"country": "New Zealand", "year": "2022", "timeperiod": "7", "export": "0.4", "import_origin": "1159.3", "import_consigment": "1156.1"}, {"country": "New Zealand", "year": "2022", "timeperiod": "8", "export": "-", "import_origin": "2718.4", "import_consigment": "2678.7"}, {"country": "New Zealand", "year": "2022", "timeperiod": "9", "export": "1.2", "import_origin": "2617.2", "import_consigment": "2557.6"}, {"country": "New Zealand", "year": "2022", "timeperiod": "10", "export": "0.6", "import_origin": "605.0", "import_consigment": "600.8"}, {"country": "New Zealand", "year": "2022", "timeperiod": "11", "export": "-", "import_origin": "572.7", "import_consigment": "455.1"}, {"country": "New Zealand", "year": "2022", "timeperiod": "12", "export": "-", "import_origin": "1494.1", "import_consigment": "1452.6"}, {"country": "New Zealand", "year": "2022", "timeperiod": "Year", "export": "13.7", "import_origin": "15610.0", "import_consigment": "15227.9"}, {"country": "New Zealand", "year": "2021", "timeperiod": "1", "export": "-", "import_origin": "5.8", "import_consigment": "-"}, {"country": "New Zealand", "year": "2021", "timeperiod": "2", "export": "-", "import_origin": "49.4", "import_consigment": "32.2"}, {"country": "New Zealand", "year": "2021", "timeperiod": "3", "export": "-", "import_origin": "470.1", "import_consigment": "461.1"}, {"country": "New Zealand", "year": "2021", "timeperiod": "4", "export": "-", "import_origin": "678.7", "import_consigment": "669.1"}, {"country": "New Zealand", "year": "2021", "timeperiod": "5", "export": "-", "import_origin": "1162.9", "import_consigment": "1147.1"}, {"country": "New Zealand", "year": "2021", "timeperiod": "6", "export": "14.3", "import_origin": "304.7", "import_consigment": "290.2"}, {"country": "New Zealand", "year": "2021", "timeperiod": "7", "export": "-", "import_origin": "923.2", "import_consigment": "857.7"}, {"country": "New Zealand", "year": "2021", "timeperiod": "8", "export": "-", "import_origin": "1543.1", "import_consigment": "1512.7"}, {"country": "New Zealand", "year": "2021", "timeperiod": "9", "export": "-", "import_origin": "1947.4", "import_consigment": "1908.0"}, {"country": "New Zealand", "year": "2021", "timeperiod": "10", "export": "-", "import_origin": "443.0", "import_consigment": "422.4"}, {"country": "New Zealand", "year": "2021", "timeperiod": "11", "export": "-", "import_origin": "196.9", "import_consigment": "128.0"}, {"country": "New Zealand", "year": "2021", "timeperiod": "12", "export": "-", "import_origin": "697.9", "import_consigment": "668.6"}, {"country": "New Zealand", "year": "2021", "timeperiod": "Year", "export": "14.3", "import_origin": "8423.2", "import_consigment": "8097.2"}, {"country": "New Zealand", "year": "2020", "timeperiod": "1", "export": "-", "import_origin": "846.7", "import_consigment": "838.2"}]}