{"data": [{"country": "New Zealand", "year": "2017", "timeperiod": "Year", "export": "3.0", "import_origin": "12947.8", "import_consigment": "12841.8"}, {"country": "Nicaragua", "year": "2023", "timeperiod": "1", "export": "-", "import_origin": "1.2", "import_consigment": "-"}, {"country": "Nicaragua", "year": "2023", "timeperiod": "Year", "export": "-", "import_origin": "1.2", "import_consigment": "-"}, {"country": "Nicaragua", "year": "2022", "timeperiod": "1", "export": "-", "import_origin": "0.9", "import_consigment": "-"}, {"country": "Nicaragua", "year": "2022", "timeperiod": "2", "export": "-", "import_origin": "-", "import_consigment": "-"}, {"country": "Nicaragua", "year": "2022", "timeperiod": "3", "export": "-", "import_origin": "0.6", "import_consigment": "-"}, {"country": "Nicaragua", "year": "2022", "timeperiod": "6", "export": "-", "import_origin": "118.3", "import_consigment": "113.8"}, {"country": "Nicaragua", "year": "2022", "timeperiod": "7", "export": "-", "import_origin": "-", "import_consigment": "-"}, {"country": "Nicaragua", "year": "2022", "timeperiod": "8", "export": "-", "import_origin": "1.0", "import_consigment": "-"}, {"country": "Nicaragua", "year": "2022", "timeperiod": "9", "export": "-", "import_origin": "0.2", "import_consigment": "-"}, {"country": "Nicaragua", "year": "2022", "timeperiod": "10", "export": "-", "import_origin": "6.3", "import_consigment": "-"}, {"country": "Nicaragua", "year": "2022", "timeperiod": "11", "export": "-", "import_origin": "5.8", "import_consigment": "-"}, {"country": "Nicaragua", "year": "2022", "timeperiod": "12", "export": "-", "import_origin": "20.5", "import_consigment": "8.5"}, {"country": "Nicaragua", "year": "2022", "timeperiod": "Year", "export": "-", "import_origin": "153.6", "import_consigment": "122.4"}, {"country": "Nicaragua", "year": "2021", "timeperiod": "2", "export": "-", "import_origin": "4.0", "import_consigment": "-"}, {"country": "Nicaragua", "year": "2021", "timeperiod": "3", "export": "-", "import_origin": "0.3", "import_consigment": "-"}, {"country": "Nicaragua", "year": "2021", "timeperiod": "4", "export": "-", "import_origin": "1.0", "import_consigment": "-"}, {"country": "Nicaragua", "year": "2021", "timeperiod": "5", "export": "-", "import_origin": "0.6", "import_consigment": "-"}, {"country": "Nicaragua", "year": "2021", "timeperiod": "6", "export": "-", "import_origin": "5.6", "import_consigment": "-"}, {"country": "Nicaragua", "year": "2021", "timeperiod": "7", "export": "-", "import_origin": "0.1", "import_consigment": "-"}, {"country": "Nicaragua", "year": "2021", "timeperiod": "8", "export": "-", "import_origin": "0.7", "import_consigment": "-"}, {"country": "Nicaragua", "year": "2021", "timeperiod": "9", "export": "-", "import_origin": "-", "import_consigment": "-"}, {"country": "Nicaragua", "year": "2021", "timeperiod": "10", "export": "-", "import_origin": "7.2", "import_consigment": "-"}, {"country": "Nicaragua", "year": "2021", "timeperiod": "11", "export": "-", "import_origin": "4.6", "import_consigment": "-"}, {"country": "Nicaragua", "year": "2021", "timeperiod": "12", "export": "-", "import_origin": "-", "import_consigment": "-"}]}