{"data": [{"country": "Kuwait", "year": "2017", "timeperiod": "11", "export": "84.2", "import_origin": "0.1", "import_consigment": "0.7"}, {"country": "Kuwait", "year": "2017", "timeperiod": "12", "export": "1.4", "import_origin": "-", "import_consigment": "-"}, {"country": "Kuwait", "year": "2017", "timeperiod": "Year", "export": "213.4", "import_origin": "1.7", "import_consigment": "66.2"}, {"country": "Kyrgyzstan", "year": "2023", "timeperiod": "1", "export": "822.4", "import_origin": "18.4", "import_consigment": "45.2"}, {"country": "Kyrgyzstan", "year": "2023", "timeperiod": "Year", "export": "822.4", "import_origin": "18.4", "import_consigment": "45.2"}, {"country": "Kyrgyzstan", "year": "2022", "timeperiod": "1", "export": "476.0", "import_origin": "8.9", "import_consigment": "8.9"}, {"country": "Kyrgyzstan", "year": "2022", "timeperiod": "2", "export": "157.6", "import_origin": "31.8", "import_consigment": "29.7"}, {"country": "Kyrgyzstan", "year": "2022", "timeperiod": "3", "export": "232.0", "import_origin": "6.7", "import_consigment": "6.3"}, {"country": "Kyrgyzstan", "year": "2022", "timeperiod": "4", "export": "5.3", "import_origin": "5.3", "import_consigment": "23.5"}, {"country": "Kyrgyzstan", "year": "2022", "timeperiod": "5", "export": "486.6", "import_origin": "56.1", "import_consigment": "105.5"}, {"country": "Kyrgyzstan", "year": "2022", "timeperiod": "6", "export": "387.3", "import_origin": "37.8", "import_consigment": "40.3"}, {"country": "Kyrgyzstan", "year": "2022", "timeperiod": "7", "export": "308.2", "import_origin": "67.5", "import_consigment": "65.5"}, {"country": "Kyrgyzstan", "year": "2022", "timeperiod": "8", "export": "640.3", "import_origin": "27.7", "import_consigment": "74.5"}, {"country": "Kyrgyzstan", "year": "2022", "timeperiod": "9", "export": "780.8", "import_origin": "59.9", "import_consigment": "64.1"}, {"country": "Kyrgyzstan", "year": "2022", "timeperiod": "10", "export": "316.0", "import_origin": "487.6", "import_consigment": "489.6"}, {"country": "Kyrgyzstan", "year": "2022", "timeperiod": "11", "export": "1763.5", "import_origin": "123.0", "import_consigment": "175.1"}, {"country": "Kyrgyzstan", "year": "2022", "timeperiod": "12", "export": "130.0", "import_origin": "78.9", "import_consigment": "124.5"}, {"country": "Kyrgyzstan", "year": "2022", "timeperiod": "Year", "export": "5683.5", "import_origin": "991.1", "import_consigment": "1207.4"}, {"country": "Kyrgyzstan", "year": "2021", "timeperiod": "1", "export": "129.8", "import_origin": "12.2", "import_consigment": "12.2"}, {"country": "Kyrgyzstan", "year": "2021", "timeperiod": "2", "export": "204.0", "import_origin": "27.7", "import_consigment": "27.7"}, {"country": "Kyrgyzstan", "year": "2021", "timeperiod": "3", "export": "221.2", "import_origin": "2.4", "import_consigment": "-"}, {"country": "Kyrgyzstan", "year": "2021", "timeperiod": "4", "export": "163.9", "import_origin": "1.8", "import_consigment": "-"}, {"country": "Kyrgyzstan", "year": "2021", "timeperiod": "5", "export": "292.7", "import_origin": "-", "import_consigment": "-"}, {"country": "Kyrgyzstan", "year": "2021", "timeperiod": "6", "export": "188.3", "import_origin": "-", "import_consigment": "-"}, {"country": "Kyrgyzstan", "year": "2021", "timeperiod": "7", "export": "134.0", "import_origin": "-", "import_consigment": "-"}]}