{"data": [{"country": "North Macedonia", "year": "2019", "timeperiod": "12", "export": "-", "import_origin": "130.7", "import_consigment": "107.6"}, {"country": "North Macedonia", "year": "2019", "timeperiod": "Year", "export": "-", "import_origin": "1110.9", "import_consigment": "608.6"}, {"country": "North Macedonia", "year": "2018", "timeperiod": "1", "export": "-", "import_origin": "18.2", "import_consigment": "18.6"}, {"country": "North Macedonia", "year": "2018", "timeperiod": "2", "export": "-", "import_origin": "34.1", "import_consigment": "-"}, {"country": "North Macedonia", "year": "2018", "timeperiod": "3", "export": "-", "import_origin": "217.8", "import_consigment": "157.9"}, {"country": "North Macedonia", "year": "2018", "timeperiod": "4", "export": "-", "import_origin": "49.2", "import_consigment": "28.4"}, {"country": "North Macedonia", "year": "2018", "timeperiod": "5", "export": "-", "import_origin": "74.4", "import_consigment": "40.7"}, {"country": "North Macedonia", "year": "2018", "timeperiod": "6", "export": "-", "import_origin": "72.9", "import_consigment": "70.0"}, {"country": "North Macedonia", "year": "2018", "timeperiod": "7", "export": "-", "import_origin": "58.4", "import_consigment": "20.3"}, {"country": "North Macedonia", "year": "2018", "timeperiod": "8", "export": "-", "import_origin": "226.5", "import_consigment": "113.9"}, {"country": "North Macedonia", "year": "2018", "timeperiod": "9", "export": "-", "import_origin": "20.2", "import_consigment": "0.2"}, {"country": "North Macedonia", "year": "2018", "timeperiod": "10", "export": "-", "import_origin": "50.6", "import_consigment": "13.6"}, {"country": "North Macedonia", "year": "2018", "timeperiod": "11", "export": "-", "import_origin": "152.3", "import_consigment": "40.1"}, {"country": "North Macedonia", "year": "2018", "timeperiod": "12", "export": "-", "import_origin": "117.3", "import_consigment": "99.0"}, {"country": "North Macedonia", "year": "2018", "timeperiod": "Year", "export": "-", "import_origin": "1092.0", "import_consigment": "602.8"}, {"country": "FYR of Macedonia", "year": "2017", "timeperiod": "1", "export": "-", "import_origin": "18.4", "import_consigment": "28.2"}, {"country": "FYR of Macedonia", "year": "2017", "timeperiod": "2", "export": "-", "import_origin": "59.5", "import_consigment": "53.4"}, {"country": "FYR of Macedonia", "year": "2017", "timeperiod": "3", "export": "-", "import_origin": "19.2", "import_consigment": "16.5"}, {"country": "FYR of Macedonia", "year": "2017", "timeperiod": "4", "export": "-", "import_origin": "23.6", "import_consigment": "32.2"}, {"country": "FYR of Macedonia", "year": "2017", "timeperiod": "5", "export": "-", "import_origin": "12.5", "import_consigment": "29.6"}, {"country": "FYR of Macedonia", "year": "2017", "timeperiod": "6", "export": "-", "import_origin": "60.8", "import_consigment": "70.5"}, {"country": "FYR of Macedonia", "year": "2017", "timeperiod": "7", "export": "-", "import_origin": "56.5", "import_consigment": "65.2"}, {"country": "FYR of Macedonia", "year": "2017", "timeperiod": "8", "export": "-", "import_origin": "6.0", "import_consigment": "0.1"}, {"country": "FYR of Macedonia", "year": "2017", "timeperiod": "9", "export": "-", "import_origin": "36.8", "import_consigment": "49.7"}, {"country": "FYR of Macedonia", "year": "2017", "timeperiod": "10", "export": "-", "import_origin": "30.4", "import_consigment": "22.4"}]}