{"data": [{"country": "Puerto Rico", "year": "2020", "timeperiod": "11", "export": "28.0", "import_origin": "-", "import_consigment": "-"}, {"country": "Puerto Rico", "year": "2020", "timeperiod": "12", "export": "-", "import_origin": "8.0", "import_consigment": "-"}, {"country": "Puerto Rico", "year": "2020", "timeperiod": "Year", "export": "28.0", "import_origin": "83.4", "import_consigment": "-"}, {"country": "Puerto Rico", "year": "2019", "timeperiod": "1", "export": "-", "import_origin": "0.2", "import_consigment": "-"}, {"country": "Puerto Rico", "year": "2019", "timeperiod": "2", "export": "-", "import_origin": "0.2", "import_consigment": "-"}, {"country": "Puerto Rico", "year": "2019", "timeperiod": "3", "export": "-", "import_origin": "2.3", "import_consigment": "-"}, {"country": "Puerto Rico", "year": "2019", "timeperiod": "4", "export": "-", "import_origin": "121.1", "import_consigment": "-"}, {"country": "Puerto Rico", "year": "2019", "timeperiod": "6", "export": "-", "import_origin": "78.5", "import_consigment": "-"}, {"country": "Puerto Rico", "year": "2019", "timeperiod": "7", "export": "-", "import_origin": "0.6", "import_consigment": "-"}, {"country": "Puerto Rico", "year": "2019", "timeperiod": "8", "export": "-", "import_origin": "1.2", "import_consigment": "-"}, {"country": "Puerto Rico", "year": "2019", "timeperiod": "9", "export": "-", "import_origin": "171.5", "import_consigment": "-"}, {"country": "Puerto Rico", "year": "2019", "timeperiod": "10", "export": "-", "import_origin": "218.3", "import_consigment": "-"}, {"country": "Puerto Rico", "year": "2019", "timeperiod": "11", "export": "-", "import_origin": "9.6", "import_consigment": "-"}, {"country": "Puerto Rico", "year": "2019", "timeperiod": "12", "export": "-", "import_origin": "1.0", "import_consigment": "-"}, {"country": "Puerto Rico", "year": "2019", "timeperiod": "Year", "export": "-", "import_origin": "604.5", "import_consigment": "-"}, {"country": "Puerto Rico", "year": "2018", "timeperiod": "1", "export": "-", "import_origin": "47.2", "import_consigment": "-"}, {"country": "Puerto Rico", "year": "2018", "timeperiod": "2", "export": "-", "import_origin": "0.1", "import_consigment": "-"}, {"country": "Puerto Rico", "year": "2018", "timeperiod": "3", "export": "-", "import_origin": "0.8", "import_consigment": "-"}, {"country": "Puerto Rico", "year": "2018", "timeperiod": "4", "export": "-", "import_origin": "2.1", "import_consigment": "-"}, {"country": "Puerto Rico", "year": "2018", "timeperiod": "5", "export": "-", "import_origin": "66.5", "import_consigment": "-"}, {"country": "Puerto Rico", "year": "2018", "timeperiod": "6", "export": "-", "import_origin": "2.4", "import_consigment": "-"}, {"country": "Puerto Rico", "year": "2018", "timeperiod": "8", "export": "-", "import_origin": "59.6", "import_consigment": "-"}, {"country": "Puerto Rico", "year": "2018", "timeperiod": "9", "export": "-", "import_origin": "0.6", "import_consigment": "-"}, {"country": "Puerto Rico", "year": "2018", "timeperiod": "10", "export": "-", "import_origin": "55.8", "import_consigment": "-"}, {"country": "Puerto Rico", "year": "2018", "timeperiod": "11", "export": "-", "import_origin": "3.2", "import_consigment": "-"}]}