{"data": [{"country": "Mauritania", "year": "2018", "timeperiod": "7", "export": "-", "import_origin": "0.1", "import_consigment": "-"}, {"country": "Mauritania", "year": "2018", "timeperiod": "8", "export": "-", "import_origin": "0.2", "import_consigment": "-"}, {"country": "Mauritania", "year": "2018", "timeperiod": "12", "export": "216.0", "import_origin": "0.2", "import_consigment": "-"}, {"country": "Mauritania", "year": "2018", "timeperiod": "Year", "export": "216.0", "import_origin": "0.6", "import_consigment": "-"}, {"country": "Mauritania", "year": "2017", "timeperiod": "5", "export": "-", "import_origin": "0.3", "import_consigment": "-"}, {"country": "Mauritania", "year": "2017", "timeperiod": "6", "export": "-", "import_origin": "0.1", "import_consigment": "-"}, {"country": "Mauritania", "year": "2017", "timeperiod": "7", "export": "-", "import_origin": "0.1", "import_consigment": "-"}, {"country": "Mauritania", "year": "2017", "timeperiod": "11", "export": "-", "import_origin": "-", "import_consigment": "-"}, {"country": "Mauritania", "year": "2017", "timeperiod": "Year", "export": "-", "import_origin": "0.6", "import_consigment": "-"}, {"country": "Mauritius", "year": "2023", "timeperiod": "1", "export": "-", "import_origin": "897.4", "import_consigment": "0.8"}, {"country": "Mauritius", "year": "2023", "timeperiod": "Year", "export": "-", "import_origin": "897.4", "import_consigment": "0.8"}, {"country": "Mauritius", "year": "2022", "timeperiod": "1", "export": "-", "import_origin": "5.6", "import_consigment": "-"}, {"country": "Mauritius", "year": "2022", "timeperiod": "2", "export": "-", "import_origin": "6.5", "import_consigment": "-"}, {"country": "Mauritius", "year": "2022", "timeperiod": "3", "export": "-", "import_origin": "56.7", "import_consigment": "-"}, {"country": "Mauritius", "year": "2022", "timeperiod": "4", "export": "-", "import_origin": "40.1", "import_consigment": "-"}, {"country": "Mauritius", "year": "2022", "timeperiod": "5", "export": "-", "import_origin": "23.5", "import_consigment": "0.2"}, {"country": "Mauritius", "year": "2022", "timeperiod": "6", "export": "-", "import_origin": "3.6", "import_consigment": "-"}, {"country": "Mauritius", "year": "2022", "timeperiod": "7", "export": "-", "import_origin": "15.2", "import_consigment": "-"}, {"country": "Mauritius", "year": "2022", "timeperiod": "8", "export": "-", "import_origin": "32.5", "import_consigment": "-"}, {"country": "Mauritius", "year": "2022", "timeperiod": "9", "export": "-", "import_origin": "15.9", "import_consigment": "0.7"}, {"country": "Mauritius", "year": "2022", "timeperiod": "10", "export": "0.9", "import_origin": "76.9", "import_consigment": "-"}, {"country": "Mauritius", "year": "2022", "timeperiod": "11", "export": "-", "import_origin": "84.7", "import_consigment": "-"}, {"country": "Mauritius", "year": "2022", "timeperiod": "12", "export": "-", "import_origin": "454.2", "import_consigment": "-"}, {"country": "Mauritius", "year": "2022", "timeperiod": "Year", "export": "0.9", "import_origin": "815.4", "import_consigment": "0.9"}, {"country": "Mauritius", "year": "2021", "timeperiod": "1", "export": "-", "import_origin": "6.9", "import_consigment": "-"}]}