{"data": [{"country": "Switzerland", "year": "2021", "timeperiod": "Year", "export": "359492.7", "import_origin": "25707.5", "import_consigment": "33595.2"}, {"country": "Switzerland", "year": "2020", "timeperiod": "1", "export": "31425.7", "import_origin": "1018.3", "import_consigment": "2804.9"}, {"country": "Switzerland", "year": "2020", "timeperiod": "2", "export": "22402.4", "import_origin": "1310.4", "import_consigment": "1923.4"}, {"country": "Switzerland", "year": "2020", "timeperiod": "3", "export": "27853.0", "import_origin": "962.9", "import_consigment": "1962.8"}, {"country": "Switzerland", "year": "2020", "timeperiod": "4", "export": "22850.3", "import_origin": "1149.2", "import_consigment": "2790.5"}, {"country": "Switzerland", "year": "2020", "timeperiod": "5", "export": "61838.7", "import_origin": "506.3", "import_consigment": "2083.6"}, {"country": "Switzerland", "year": "2020", "timeperiod": "6", "export": "62382.7", "import_origin": "646.7", "import_consigment": "523.8"}, {"country": "Switzerland", "year": "2020", "timeperiod": "7", "export": "45901.7", "import_origin": "2225.8", "import_consigment": "4667.6"}, {"country": "Switzerland", "year": "2020", "timeperiod": "8", "export": "64389.3", "import_origin": "1226.5", "import_consigment": "1662.2"}, {"country": "Switzerland", "year": "2020", "timeperiod": "9", "export": "36917.8", "import_origin": "830.8", "import_consigment": "1134.4"}, {"country": "Switzerland", "year": "2020", "timeperiod": "10", "export": "20090.0", "import_origin": "1797.7", "import_consigment": "2269.5"}, {"country": "Switzerland", "year": "2020", "timeperiod": "11", "export": "25408.3", "import_origin": "1029.3", "import_consigment": "1912.7"}, {"country": "Switzerland", "year": "2020", "timeperiod": "12", "export": "32493.3", "import_origin": "5462.4", "import_consigment": "6064.4"}, {"country": "Switzerland", "year": "2020", "timeperiod": "Year", "export": "453953.3", "import_origin": "18166.4", "import_consigment": "29799.7"}, {"country": "Switzerland", "year": "2019", "timeperiod": "1", "export": "29598.3", "import_origin": "4751.5", "import_consigment": "2074.4"}, {"country": "Switzerland", "year": "2019", "timeperiod": "2", "export": "38293.0", "import_origin": "795.3", "import_consigment": "1721.8"}, {"country": "Switzerland", "year": "2019", "timeperiod": "3", "export": "31516.0", "import_origin": "6744.4", "import_consigment": "7751.0"}, {"country": "Switzerland", "year": "2019", "timeperiod": "4", "export": "33975.8", "import_origin": "9940.0", "import_consigment": "10704.0"}, {"country": "Switzerland", "year": "2019", "timeperiod": "5", "export": "32034.3", "import_origin": "8235.8", "import_consigment": "8830.5"}, {"country": "Switzerland", "year": "2019", "timeperiod": "6", "export": "26909.1", "import_origin": "947.1", "import_consigment": "1600.3"}, {"country": "Switzerland", "year": "2019", "timeperiod": "7", "export": "44830.2", "import_origin": "1308.9", "import_consigment": "1757.0"}, {"country": "Switzerland", "year": "2019", "timeperiod": "8", "export": "44201.2", "import_origin": "802.0", "import_consigment": "1196.1"}, {"country": "Switzerland", "year": "2019", "timeperiod": "9", "export": "49117.3", "import_origin": "2070.2", "import_consigment": "2724.9"}, {"country": "Switzerland", "year": "2019", "timeperiod": "10", "export": "34818.2", "import_origin": "2158.4", "import_consigment": "2037.4"}, {"country": "Switzerland", "year": "2019", "timeperiod": "11", "export": "47673.4", "import_origin": "1065.5", "import_consigment": "1363.4"}]}