{"data": [{"country": "Colombia", "year": "2022", "timeperiod": "Year", "export": "1.3", "import_origin": "1256.1", "import_consigment": "889.2"}, {"country": "Colombia", "year": "2021", "timeperiod": "1", "export": "0.2", "import_origin": "299.8", "import_consigment": "296.8"}, {"country": "Colombia", "year": "2021", "timeperiod": "2", "export": "-", "import_origin": "70.3", "import_consigment": "67.0"}, {"country": "Colombia", "year": "2021", "timeperiod": "3", "export": "-", "import_origin": "126.6", "import_consigment": "120.2"}, {"country": "Colombia", "year": "2021", "timeperiod": "4", "export": "-", "import_origin": "11.8", "import_consigment": "1.3"}, {"country": "Colombia", "year": "2021", "timeperiod": "5", "export": "-", "import_origin": "202.2", "import_consigment": "197.4"}, {"country": "Colombia", "year": "2021", "timeperiod": "6", "export": "-", "import_origin": "139.6", "import_consigment": "0.4"}, {"country": "Colombia", "year": "2021", "timeperiod": "7", "export": "-", "import_origin": "74.1", "import_consigment": "-"}, {"country": "Colombia", "year": "2021", "timeperiod": "8", "export": "-", "import_origin": "9.4", "import_consigment": "-"}, {"country": "Colombia", "year": "2021", "timeperiod": "9", "export": "-", "import_origin": "9.8", "import_consigment": "0.8"}, {"country": "Colombia", "year": "2021", "timeperiod": "10", "export": "-", "import_origin": "123.0", "import_consigment": "115.8"}, {"country": "Colombia", "year": "2021", "timeperiod": "11", "export": "-", "import_origin": "26.7", "import_consigment": "-"}, {"country": "Colombia", "year": "2021", "timeperiod": "12", "export": "-", "import_origin": "22.8", "import_consigment": "-"}, {"country": "Colombia", "year": "2021", "timeperiod": "Year", "export": "0.2", "import_origin": "1116.1", "import_consigment": "799.7"}, {"country": "Colombia", "year": "2020", "timeperiod": "1", "export": "-", "import_origin": "7.4", "import_consigment": "6.3"}, {"country": "Colombia", "year": "2020", "timeperiod": "2", "export": "-", "import_origin": "105.3", "import_consigment": "94.5"}, {"country": "Colombia", "year": "2020", "timeperiod": "3", "export": "-", "import_origin": "171.9", "import_consigment": "165.8"}, {"country": "Colombia", "year": "2020", "timeperiod": "4", "export": "-", "import_origin": "1.3", "import_consigment": "-"}, {"country": "Colombia", "year": "2020", "timeperiod": "5", "export": "-", "import_origin": "200.9", "import_consigment": "197.2"}, {"country": "Colombia", "year": "2020", "timeperiod": "6", "export": "-", "import_origin": "1.4", "import_consigment": "-"}, {"country": "Colombia", "year": "2020", "timeperiod": "7", "export": "-", "import_origin": "13.0", "import_consigment": "-"}, {"country": "Colombia", "year": "2020", "timeperiod": "8", "export": "-", "import_origin": "14.4", "import_consigment": "12.3"}, {"country": "Colombia", "year": "2020", "timeperiod": "9", "export": "-", "import_origin": "175.2", "import_consigment": "171.6"}, {"country": "Colombia", "year": "2020", "timeperiod": "10", "export": "-", "import_origin": "18.9", "import_consigment": "0.1"}, {"country": "Colombia", "year": "2020", "timeperiod": "11", "export": "-", "import_origin": "3.5", "import_consigment": "-"}]}