{"data": [{"country": "Brazil", "year": "2018", "timeperiod": "6", "export": "-", "import_origin": "10578.8", "import_consigment": "8811.1"}, {"country": "Brazil", "year": "2018", "timeperiod": "7", "export": "-", "import_origin": "3422.8", "import_consigment": "2863.4"}, {"country": "Brazil", "year": "2018", "timeperiod": "8", "export": "-", "import_origin": "3011.4", "import_consigment": "1966.7"}, {"country": "Brazil", "year": "2018", "timeperiod": "9", "export": "-", "import_origin": "2610.2", "import_consigment": "739.6"}, {"country": "Brazil", "year": "2018", "timeperiod": "10", "export": "-", "import_origin": "4293.6", "import_consigment": "1678.3"}, {"country": "Brazil", "year": "2018", "timeperiod": "11", "export": "-", "import_origin": "14644.4", "import_consigment": "11769.0"}, {"country": "Brazil", "year": "2018", "timeperiod": "12", "export": "-", "import_origin": "2991.9", "import_consigment": "1474.5"}, {"country": "Brazil", "year": "2018", "timeperiod": "Year", "export": "75.2", "import_origin": "61730.9", "import_consigment": "44741.4"}, {"country": "Brazil", "year": "2017", "timeperiod": "1", "export": "-", "import_origin": "1818.4", "import_consigment": "1688.8"}, {"country": "Brazil", "year": "2017", "timeperiod": "2", "export": "0.3", "import_origin": "1823.7", "import_consigment": "1743.7"}, {"country": "Brazil", "year": "2017", "timeperiod": "3", "export": "6.0", "import_origin": "12832.1", "import_consigment": "12735.1"}, {"country": "Brazil", "year": "2017", "timeperiod": "4", "export": "-", "import_origin": "2134.5", "import_consigment": "2004.3"}, {"country": "Brazil", "year": "2017", "timeperiod": "5", "export": "-", "import_origin": "6772.0", "import_consigment": "6547.4"}, {"country": "Brazil", "year": "2017", "timeperiod": "6", "export": "-", "import_origin": "1698.7", "import_consigment": "1300.6"}, {"country": "Brazil", "year": "2017", "timeperiod": "7", "export": "-", "import_origin": "1543.3", "import_consigment": "946.0"}, {"country": "Brazil", "year": "2017", "timeperiod": "8", "export": "-", "import_origin": "2463.2", "import_consigment": "1547.8"}, {"country": "Brazil", "year": "2017", "timeperiod": "9", "export": "-", "import_origin": "2915.2", "import_consigment": "2383.7"}, {"country": "Brazil", "year": "2017", "timeperiod": "10", "export": "-", "import_origin": "4707.4", "import_consigment": "3642.0"}, {"country": "Brazil", "year": "2017", "timeperiod": "11", "export": "-", "import_origin": "18298.5", "import_consigment": "15983.1"}, {"country": "Brazil", "year": "2017", "timeperiod": "12", "export": "-", "import_origin": "5564.4", "import_consigment": "4440.8"}, {"country": "Brazil", "year": "2017", "timeperiod": "Year", "export": "6.3", "import_origin": "62571.4", "import_consigment": "54963.2"}, {"country": "Belize", "year": "2022", "timeperiod": "9", "export": "-", "import_origin": "0.2", "import_consigment": "-"}, {"country": "Belize", "year": "2022", "timeperiod": "10", "export": "-", "import_origin": "0.1", "import_consigment": "-"}, {"country": "Belize", "year": "2022", "timeperiod": "11", "export": "-", "import_origin": "0.1", "import_consigment": "-"}, {"country": "Belize", "year": "2022", "timeperiod": "Year", "export": "-", "import_origin": "0.4", "import_consigment": "-"}]}