{"data": [{"country": "Singapore", "year": "2017", "timeperiod": "Year", "export": "1425.3", "import_origin": "3113.5", "import_consigment": "1223.5"}, {"country": "Slovakia", "year": "2023", "timeperiod": "1", "export": "2498.7", "import_origin": "1569.3", "import_consigment": "3562.9"}, {"country": "Slovakia", "year": "2023", "timeperiod": "Year", "export": "2498.7", "import_origin": "1569.3", "import_consigment": "3562.9"}, {"country": "Slovakia", "year": "2022", "timeperiod": "1", "export": "1404.0", "import_origin": "425.1", "import_consigment": "1879.4"}, {"country": "Slovakia", "year": "2022", "timeperiod": "2", "export": "1463.1", "import_origin": "749.4", "import_consigment": "2820.3"}, {"country": "Slovakia", "year": "2022", "timeperiod": "3", "export": "1737.9", "import_origin": "953.8", "import_consigment": "3425.9"}, {"country": "Slovakia", "year": "2022", "timeperiod": "4", "export": "1102.3", "import_origin": "1107.0", "import_consigment": "4264.5"}, {"country": "Slovakia", "year": "2022", "timeperiod": "5", "export": "1437.7", "import_origin": "415.0", "import_consigment": "3078.9"}, {"country": "Slovakia", "year": "2022", "timeperiod": "6", "export": "1524.1", "import_origin": "929.3", "import_consigment": "2330.2"}, {"country": "Slovakia", "year": "2022", "timeperiod": "7", "export": "966.4", "import_origin": "1456.2", "import_consigment": "1994.9"}, {"country": "Slovakia", "year": "2022", "timeperiod": "8", "export": "2464.0", "import_origin": "1081.6", "import_consigment": "2803.3"}, {"country": "Slovakia", "year": "2022", "timeperiod": "9", "export": "2314.7", "import_origin": "1298.3", "import_consigment": "2645.1"}, {"country": "Slovakia", "year": "2022", "timeperiod": "10", "export": "2544.8", "import_origin": "827.4", "import_consigment": "3029.5"}, {"country": "Slovakia", "year": "2022", "timeperiod": "11", "export": "4306.0", "import_origin": "3322.9", "import_consigment": "4244.8"}, {"country": "Slovakia", "year": "2022", "timeperiod": "12", "export": "3189.8", "import_origin": "2655.4", "import_consigment": "3578.8"}, {"country": "Slovakia", "year": "2022", "timeperiod": "Year", "export": "24455.0", "import_origin": "15221.3", "import_consigment": "36095.6"}, {"country": "Slovakia", "year": "2021", "timeperiod": "1", "export": "910.9", "import_origin": "471.6", "import_consigment": "584.5"}, {"country": "Slovakia", "year": "2021", "timeperiod": "2", "export": "865.1", "import_origin": "287.9", "import_consigment": "832.3"}, {"country": "Slovakia", "year": "2021", "timeperiod": "3", "export": "875.8", "import_origin": "517.0", "import_consigment": "1124.2"}, {"country": "Slovakia", "year": "2021", "timeperiod": "4", "export": "1093.8", "import_origin": "2619.4", "import_consigment": "1632.2"}, {"country": "Slovakia", "year": "2021", "timeperiod": "5", "export": "1027.4", "import_origin": "515.6", "import_consigment": "2142.3"}, {"country": "Slovakia", "year": "2021", "timeperiod": "6", "export": "1057.6", "import_origin": "407.5", "import_consigment": "2109.8"}, {"country": "Slovakia", "year": "2021", "timeperiod": "7", "export": "680.4", "import_origin": "1427.1", "import_consigment": "2473.9"}, {"country": "Slovakia", "year": "2021", "timeperiod": "8", "export": "1778.5", "import_origin": "799.4", "import_consigment": "1984.4"}, {"country": "Slovakia", "year": "2021", "timeperiod": "9", "export": "1792.5", "import_origin": "643.3", "import_consigment": "1082.6"}]}