{"data": [{"country": "Trinidad and Tobago", "year": "2022", "timeperiod": "8", "export": "-", "import_origin": "0.8", "import_consigment": "-"}, {"country": "Trinidad and Tobago", "year": "2022", "timeperiod": "12", "export": "-", "import_origin": "0.8", "import_consigment": "-"}, {"country": "Trinidad and Tobago", "year": "2022", "timeperiod": "Year", "export": "-", "import_origin": "1.6", "import_consigment": "-"}, {"country": "Trinidad and Tobago", "year": "2021", "timeperiod": "12", "export": "-", "import_origin": "1.6", "import_consigment": "-"}, {"country": "Trinidad and Tobago", "year": "2021", "timeperiod": "Year", "export": "-", "import_origin": "1.6", "import_consigment": "-"}, {"country": "Trinidad and Tobago", "year": "2020", "timeperiod": "1", "export": "-", "import_origin": "7.4", "import_consigment": "-"}, {"country": "Trinidad and Tobago", "year": "2020", "timeperiod": "5", "export": "-", "import_origin": "0.5", "import_consigment": "-"}, {"country": "Trinidad and Tobago", "year": "2020", "timeperiod": "Year", "export": "-", "import_origin": "7.9", "import_consigment": "-"}, {"country": "Trinidad and Tobago", "year": "2019", "timeperiod": "4", "export": "-", "import_origin": "2.1", "import_consigment": "-"}, {"country": "Trinidad and Tobago", "year": "2019", "timeperiod": "5", "export": "-", "import_origin": "9.7", "import_consigment": "-"}, {"country": "Trinidad and Tobago", "year": "2019", "timeperiod": "12", "export": "-", "import_origin": "11.9", "import_consigment": "-"}, {"country": "Trinidad and Tobago", "year": "2019", "timeperiod": "Year", "export": "-", "import_origin": "23.6", "import_consigment": "-"}, {"country": "Trinidad and Tobago", "year": "2018", "timeperiod": "3", "export": "21.1", "import_origin": "-", "import_consigment": "-"}, {"country": "Trinidad and Tobago", "year": "2018", "timeperiod": "6", "export": "-", "import_origin": "7.5", "import_consigment": "-"}, {"country": "Trinidad and Tobago", "year": "2018", "timeperiod": "11", "export": "-", "import_origin": "3.4", "import_consigment": "-"}, {"country": "Trinidad and Tobago", "year": "2018", "timeperiod": "Year", "export": "21.1", "import_origin": "10.8", "import_consigment": "-"}, {"country": "Trinidad and Tobago", "year": "2017", "timeperiod": "8", "export": "-", "import_origin": "-", "import_consigment": "-"}, {"country": "Trinidad and Tobago", "year": "2017", "timeperiod": "Year", "export": "-", "import_origin": "-", "import_consigment": "-"}, {"country": "United Arab Emirates", "year": "2023", "timeperiod": "1", "export": "46563.0", "import_origin": "2655.0", "import_consigment": "42954.3"}, {"country": "United Arab Emirates", "year": "2023", "timeperiod": "Year", "export": "46563.0", "import_origin": "2655.0", "import_consigment": "42954.3"}, {"country": "United Arab Emirates", "year": "2022", "timeperiod": "1", "export": "3312.8", "import_origin": "1239.6", "import_consigment": "5477.4"}, {"country": "United Arab Emirates", "year": "2022", "timeperiod": "2", "export": "6512.9", "import_origin": "4757.1", "import_consigment": "11779.1"}, {"country": "United Arab Emirates", "year": "2022", "timeperiod": "3", "export": "12062.9", "import_origin": "1752.8", "import_consigment": "10887.4"}, {"country": "United Arab Emirates", "year": "2022", "timeperiod": "4", "export": "20151.9", "import_origin": "5017.7", "import_consigment": "17454.9"}, {"country": "United Arab Emirates", "year": "2022", "timeperiod": "5", "export": "32316.7", "import_origin": "3077.6", "import_consigment": "17302.8"}]}