{"data": [{"country": "Albania", "year": "2021", "timeperiod": "3", "export": "-", "import_origin": "333.1", "import_consigment": "-"}, {"country": "Albania", "year": "2021", "timeperiod": "4", "export": "-", "import_origin": "53.5", "import_consigment": "-"}, {"country": "Albania", "year": "2021", "timeperiod": "5", "export": "-", "import_origin": "91.5", "import_consigment": "-"}, {"country": "Albania", "year": "2021", "timeperiod": "6", "export": "-", "import_origin": "258.4", "import_consigment": "-"}, {"country": "Albania", "year": "2021", "timeperiod": "7", "export": "-", "import_origin": "78.4", "import_consigment": "-"}, {"country": "Albania", "year": "2021", "timeperiod": "8", "export": "0.5", "import_origin": "109.5", "import_consigment": "-"}, {"country": "Albania", "year": "2021", "timeperiod": "9", "export": "-", "import_origin": "84.5", "import_consigment": "-"}, {"country": "Albania", "year": "2021", "timeperiod": "10", "export": "-", "import_origin": "40.8", "import_consigment": "0.1"}, {"country": "Albania", "year": "2021", "timeperiod": "11", "export": "-", "import_origin": "54.8", "import_consigment": "-"}, {"country": "Albania", "year": "2021", "timeperiod": "12", "export": "-", "import_origin": "175.4", "import_consigment": "-"}, {"country": "Albania", "year": "2021", "timeperiod": "Year", "export": "0.5", "import_origin": "1595.8", "import_consigment": "0.1"}, {"country": "Albania", "year": "2020", "timeperiod": "1", "export": "-", "import_origin": "52.2", "import_consigment": "35.7"}, {"country": "Albania", "year": "2020", "timeperiod": "2", "export": "-", "import_origin": "285.8", "import_consigment": "171.7"}, {"country": "Albania", "year": "2020", "timeperiod": "3", "export": "-", "import_origin": "172.0", "import_consigment": "-"}, {"country": "Albania", "year": "2020", "timeperiod": "4", "export": "-", "import_origin": "132.8", "import_consigment": "-"}, {"country": "Albania", "year": "2020", "timeperiod": "5", "export": "-", "import_origin": "3.2", "import_consigment": "-"}, {"country": "Albania", "year": "2020", "timeperiod": "6", "export": "-", "import_origin": "40.1", "import_consigment": "-"}, {"country": "Albania", "year": "2020", "timeperiod": "7", "export": "-", "import_origin": "4.8", "import_consigment": "-"}, {"country": "Albania", "year": "2020", "timeperiod": "8", "export": "-", "import_origin": "321.4", "import_consigment": "-"}, {"country": "Albania", "year": "2020", "timeperiod": "9", "export": "0.7", "import_origin": "71.7", "import_consigment": "-"}, {"country": "Albania", "year": "2020", "timeperiod": "10", "export": "-", "import_origin": "50.0", "import_consigment": "-"}, {"country": "Albania", "year": "2020", "timeperiod": "11", "export": "-", "import_origin": "25.6", "import_consigment": "-"}, {"country": "Albania", "year": "2020", "timeperiod": "12", "export": "-", "import_origin": "24.9", "import_consigment": "-"}, {"country": "Albania", "year": "2020", "timeperiod": "Year", "export": "0.7", "import_origin": "1184.3", "import_consigment": "207.5"}, {"country": "Albania", "year": "2019", "timeperiod": "1", "export": "-", "import_origin": "169.0", "import_consigment": "-"}]}