{"data": [{"country": "Laos", "year": "2019", "timeperiod": "6", "export": "-", "import_origin": "0.7", "import_consigment": "-"}, {"country": "Laos", "year": "2019", "timeperiod": "7", "export": "-", "import_origin": "2.9", "import_consigment": "-"}, {"country": "Laos", "year": "2019", "timeperiod": "8", "export": "-", "import_origin": "5.7", "import_consigment": "-"}, {"country": "Laos", "year": "2019", "timeperiod": "9", "export": "-", "import_origin": "1.9", "import_consigment": "-"}, {"country": "Laos", "year": "2019", "timeperiod": "10", "export": "-", "import_origin": "0.2", "import_consigment": "-"}, {"country": "Laos", "year": "2019", "timeperiod": "11", "export": "-", "import_origin": "1.1", "import_consigment": "-"}, {"country": "Laos", "year": "2019", "timeperiod": "12", "export": "-", "import_origin": "1.7", "import_consigment": "-"}, {"country": "Laos", "year": "2019", "timeperiod": "Year", "export": "-", "import_origin": "21.3", "import_consigment": "-"}, {"country": "Laos", "year": "2018", "timeperiod": "2", "export": "-", "import_origin": "14.1", "import_consigment": "-"}, {"country": "Laos", "year": "2018", "timeperiod": "3", "export": "-", "import_origin": "23.6", "import_consigment": "-"}, {"country": "Laos", "year": "2018", "timeperiod": "4", "export": "-", "import_origin": "0.7", "import_consigment": "-"}, {"country": "Laos", "year": "2018", "timeperiod": "5", "export": "-", "import_origin": "8.9", "import_consigment": "-"}, {"country": "Laos", "year": "2018", "timeperiod": "6", "export": "-", "import_origin": "1.5", "import_consigment": "-"}, {"country": "Laos", "year": "2018", "timeperiod": "7", "export": "-", "import_origin": "18.0", "import_consigment": "-"}, {"country": "Laos", "year": "2018", "timeperiod": "8", "export": "-", "import_origin": "25.6", "import_consigment": "-"}, {"country": "Laos", "year": "2018", "timeperiod": "9", "export": "-", "import_origin": "4.8", "import_consigment": "-"}, {"country": "Laos", "year": "2018", "timeperiod": "10", "export": "-", "import_origin": "5.2", "import_consigment": "-"}, {"country": "Laos", "year": "2018", "timeperiod": "11", "export": "-", "import_origin": "1.3", "import_consigment": "-"}, {"country": "Laos", "year": "2018", "timeperiod": "12", "export": "-", "import_origin": "1.4", "import_consigment": "-"}, {"country": "Laos", "year": "2018", "timeperiod": "Year", "export": "-", "import_origin": "105.1", "import_consigment": "-"}, {"country": "Laos", "year": "2017", "timeperiod": "1", "export": "-", "import_origin": "0.5", "import_consigment": "-"}, {"country": "Laos", "year": "2017", "timeperiod": "2", "export": "-", "import_origin": "1.1", "import_consigment": "-"}, {"country": "Laos", "year": "2017", "timeperiod": "3", "export": "-", "import_origin": "0.6", "import_consigment": "-"}, {"country": "Laos", "year": "2017", "timeperiod": "4", "export": "-", "import_origin": "-", "import_consigment": "-"}, {"country": "Laos", "year": "2017", "timeperiod": "5", "export": "-", "import_origin": "0.4", "import_consigment": "-"}]}