{"data": [{"country": "New Zealand", "year": "2020", "timeperiod": "2", "export": "-", "import_origin": "250.6", "import_consigment": "241.3"}, {"country": "New Zealand", "year": "2020", "timeperiod": "3", "export": "-", "import_origin": "928.8", "import_consigment": "920.2"}, {"country": "New Zealand", "year": "2020", "timeperiod": "4", "export": "-", "import_origin": "552.0", "import_consigment": "543.4"}, {"country": "New Zealand", "year": "2020", "timeperiod": "5", "export": "-", "import_origin": "887.0", "import_consigment": "884.0"}, {"country": "New Zealand", "year": "2020", "timeperiod": "6", "export": "-", "import_origin": "525.4", "import_consigment": "517.4"}, {"country": "New Zealand", "year": "2020", "timeperiod": "7", "export": "-", "import_origin": "1552.1", "import_consigment": "1488.3"}, {"country": "New Zealand", "year": "2020", "timeperiod": "8", "export": "-", "import_origin": "1328.1", "import_consigment": "1265.5"}, {"country": "New Zealand", "year": "2020", "timeperiod": "9", "export": "0.5", "import_origin": "677.5", "import_consigment": "665.9"}, {"country": "New Zealand", "year": "2020", "timeperiod": "10", "export": "-", "import_origin": "146.1", "import_consigment": "6.8"}, {"country": "New Zealand", "year": "2020", "timeperiod": "11", "export": "-", "import_origin": "206.2", "import_consigment": "199.1"}, {"country": "New Zealand", "year": "2020", "timeperiod": "12", "export": "-", "import_origin": "3575.4", "import_consigment": "3531.5"}, {"country": "New Zealand", "year": "2020", "timeperiod": "Year", "export": "0.5", "import_origin": "11475.8", "import_consigment": "11101.4"}, {"country": "New Zealand", "year": "2019", "timeperiod": "1", "export": "-", "import_origin": "673.0", "import_consigment": "666.5"}, {"country": "New Zealand", "year": "2019", "timeperiod": "2", "export": "-", "import_origin": "313.7", "import_consigment": "288.6"}, {"country": "New Zealand", "year": "2019", "timeperiod": "3", "export": "-", "import_origin": "756.0", "import_consigment": "740.0"}, {"country": "New Zealand", "year": "2019", "timeperiod": "4", "export": "0.1", "import_origin": "836.9", "import_consigment": "824.3"}, {"country": "New Zealand", "year": "2019", "timeperiod": "5", "export": "-", "import_origin": "483.7", "import_consigment": "474.0"}, {"country": "New Zealand", "year": "2019", "timeperiod": "6", "export": "2.0", "import_origin": "1330.4", "import_consigment": "1283.0"}, {"country": "New Zealand", "year": "2019", "timeperiod": "7", "export": "-", "import_origin": "1307.1", "import_consigment": "1254.0"}, {"country": "New Zealand", "year": "2019", "timeperiod": "8", "export": "12.4", "import_origin": "455.3", "import_consigment": "448.5"}, {"country": "New Zealand", "year": "2019", "timeperiod": "9", "export": "-", "import_origin": "15.5", "import_consigment": "0.9"}, {"country": "New Zealand", "year": "2019", "timeperiod": "10", "export": "4.3", "import_origin": "861.9", "import_consigment": "866.6"}, {"country": "New Zealand", "year": "2019", "timeperiod": "11", "export": "-", "import_origin": "431.9", "import_consigment": "411.2"}, {"country": "New Zealand", "year": "2019", "timeperiod": "12", "export": "0.1", "import_origin": "1773.6", "import_consigment": "1763.0"}, {"country": "New Zealand", "year": "2019", "timeperiod": "Year", "export": "18.9", "import_origin": "9238.9", "import_consigment": "9020.7"}]}