{"data": [{"country": "Sierra Leone", "year": "2022", "timeperiod": "Year", "export": "1.3", "import_origin": "111.0", "import_consigment": "93.2"}, {"country": "Sierra Leone", "year": "2021", "timeperiod": "1", "export": "-", "import_origin": "-", "import_consigment": "-"}, {"country": "Sierra Leone", "year": "2021", "timeperiod": "2", "export": "-", "import_origin": "0.1", "import_consigment": "-"}, {"country": "Sierra Leone", "year": "2021", "timeperiod": "3", "export": "-", "import_origin": "-", "import_consigment": "1.3"}, {"country": "Sierra Leone", "year": "2021", "timeperiod": "5", "export": "-", "import_origin": "39.6", "import_consigment": "-"}, {"country": "Sierra Leone", "year": "2021", "timeperiod": "7", "export": "-", "import_origin": "2.0", "import_consigment": "-"}, {"country": "Sierra Leone", "year": "2021", "timeperiod": "11", "export": "-", "import_origin": "213.9", "import_consigment": "213.9"}, {"country": "Sierra Leone", "year": "2021", "timeperiod": "12", "export": "-", "import_origin": "-", "import_consigment": "-"}, {"country": "Sierra Leone", "year": "2021", "timeperiod": "Year", "export": "-", "import_origin": "255.6", "import_consigment": "215.2"}, {"country": "Sierra Leone", "year": "2020", "timeperiod": "5", "export": "-", "import_origin": "1.6", "import_consigment": "-"}, {"country": "Sierra Leone", "year": "2020", "timeperiod": "8", "export": "-", "import_origin": "2.0", "import_consigment": "-"}, {"country": "Sierra Leone", "year": "2020", "timeperiod": "9", "export": "-", "import_origin": "0.1", "import_consigment": "-"}, {"country": "Sierra Leone", "year": "2020", "timeperiod": "11", "export": "-", "import_origin": "1.4", "import_consigment": "-"}, {"country": "Sierra Leone", "year": "2020", "timeperiod": "12", "export": "-", "import_origin": "0.2", "import_consigment": "-"}, {"country": "Sierra Leone", "year": "2020", "timeperiod": "Year", "export": "-", "import_origin": "5.3", "import_consigment": "-"}, {"country": "Sierra Leone", "year": "2019", "timeperiod": "1", "export": "-", "import_origin": "0.7", "import_consigment": "-"}, {"country": "Sierra Leone", "year": "2019", "timeperiod": "3", "export": "-", "import_origin": "0.9", "import_consigment": "-"}, {"country": "Sierra Leone", "year": "2019", "timeperiod": "4", "export": "-", "import_origin": "0.4", "import_consigment": "-"}, {"country": "Sierra Leone", "year": "2019", "timeperiod": "5", "export": "-", "import_origin": "0.9", "import_consigment": "-"}, {"country": "Sierra Leone", "year": "2019", "timeperiod": "6", "export": "-", "import_origin": "-", "import_consigment": "-"}, {"country": "Sierra Leone", "year": "2019", "timeperiod": "7", "export": "-", "import_origin": "0.2", "import_consigment": "-"}, {"country": "Sierra Leone", "year": "2019", "timeperiod": "8", "export": "-", "import_origin": "3.6", "import_consigment": "-"}, {"country": "Sierra Leone", "year": "2019", "timeperiod": "10", "export": "-", "import_origin": "0.1", "import_consigment": "-"}, {"country": "Sierra Leone", "year": "2019", "timeperiod": "11", "export": "-", "import_origin": "-", "import_consigment": "-"}, {"country": "Sierra Leone", "year": "2019", "timeperiod": "12", "export": "-", "import_origin": "2.8", "import_consigment": "-"}]}