{"data": [{"country": "Belgium", "year": "2018", "timeperiod": "5", "export": "5492.4", "import_origin": "2186.8", "import_consigment": "5484.8"}, {"country": "Belgium", "year": "2018", "timeperiod": "6", "export": "2993.0", "import_origin": "3675.5", "import_consigment": "4938.0"}, {"country": "Belgium", "year": "2018", "timeperiod": "7", "export": "4609.8", "import_origin": "3278.1", "import_consigment": "6094.4"}, {"country": "Belgium", "year": "2018", "timeperiod": "8", "export": "4157.5", "import_origin": "1870.8", "import_consigment": "4125.9"}, {"country": "Belgium", "year": "2018", "timeperiod": "9", "export": "1138.8", "import_origin": "2775.8", "import_consigment": "6410.5"}, {"country": "Belgium", "year": "2018", "timeperiod": "10", "export": "4675.1", "import_origin": "4092.9", "import_consigment": "7830.9"}, {"country": "Belgium", "year": "2018", "timeperiod": "11", "export": "2853.5", "import_origin": "4010.0", "import_consigment": "6885.8"}, {"country": "Belgium", "year": "2018", "timeperiod": "12", "export": "3999.4", "import_origin": "2923.1", "import_consigment": "6971.2"}, {"country": "Belgium", "year": "2018", "timeperiod": "Year", "export": "49202.2", "import_origin": "39450.1", "import_consigment": "74444.3"}, {"country": "Belgium", "year": "2017", "timeperiod": "1", "export": "1256.7", "import_origin": "3921.8", "import_consigment": "5260.3"}, {"country": "Belgium", "year": "2017", "timeperiod": "2", "export": "5840.9", "import_origin": "5860.1", "import_consigment": "9990.0"}, {"country": "Belgium", "year": "2017", "timeperiod": "3", "export": "4123.9", "import_origin": "2355.4", "import_consigment": "4831.6"}, {"country": "Belgium", "year": "2017", "timeperiod": "4", "export": "4003.2", "import_origin": "3027.8", "import_consigment": "5349.6"}, {"country": "Belgium", "year": "2017", "timeperiod": "5", "export": "2786.3", "import_origin": "3296.1", "import_consigment": "5937.2"}, {"country": "Belgium", "year": "2017", "timeperiod": "6", "export": "3828.9", "import_origin": "3339.7", "import_consigment": "5224.8"}, {"country": "Belgium", "year": "2017", "timeperiod": "7", "export": "5561.6", "import_origin": "3200.7", "import_consigment": "7092.7"}, {"country": "Belgium", "year": "2017", "timeperiod": "8", "export": "1469.3", "import_origin": "1499.5", "import_consigment": "3316.2"}, {"country": "Belgium", "year": "2017", "timeperiod": "9", "export": "3457.3", "import_origin": "5176.9", "import_consigment": "8292.0"}, {"country": "Belgium", "year": "2017", "timeperiod": "10", "export": "5262.4", "import_origin": "3390.6", "import_consigment": "6975.0"}, {"country": "Belgium", "year": "2017", "timeperiod": "11", "export": "3170.3", "import_origin": "4422.3", "import_consigment": "7454.1"}, {"country": "Belgium", "year": "2017", "timeperiod": "12", "export": "5024.4", "import_origin": "3820.6", "import_consigment": "5339.2"}, {"country": "Belgium", "year": "2017", "timeperiod": "Year", "export": "45785.2", "import_origin": "43311.5", "import_consigment": "75062.7"}, {"country": "Bermuda", "year": "2023", "timeperiod": "1", "export": "-", "import_origin": "1.6", "import_consigment": "-"}, {"country": "Bermuda", "year": "2023", "timeperiod": "Year", "export": "-", "import_origin": "1.6", "import_consigment": "-"}, {"country": "Bermuda", "year": "2022", "timeperiod": "11", "export": "130.0", "import_origin": "-", "import_consigment": "-"}]}