{"data": [{"country": "Greece", "year": "2021", "timeperiod": "4", "export": "7.5", "import_origin": "2687.6", "import_consigment": "2581.7"}, {"country": "Greece", "year": "2021", "timeperiod": "5", "export": "31.1", "import_origin": "2776.4", "import_consigment": "2621.0"}, {"country": "Greece", "year": "2021", "timeperiod": "6", "export": "-", "import_origin": "1205.7", "import_consigment": "1105.8"}, {"country": "Greece", "year": "2021", "timeperiod": "7", "export": "-", "import_origin": "2484.7", "import_consigment": "2533.4"}, {"country": "Greece", "year": "2021", "timeperiod": "8", "export": "8.4", "import_origin": "776.4", "import_consigment": "754.7"}, {"country": "Greece", "year": "2021", "timeperiod": "9", "export": "4.5", "import_origin": "2639.5", "import_consigment": "2666.3"}, {"country": "Greece", "year": "2021", "timeperiod": "10", "export": "-", "import_origin": "1711.9", "import_consigment": "1673.8"}, {"country": "Greece", "year": "2021", "timeperiod": "11", "export": "42.0", "import_origin": "1174.3", "import_consigment": "1207.2"}, {"country": "Greece", "year": "2021", "timeperiod": "12", "export": "3.4", "import_origin": "1769.6", "import_consigment": "1851.2"}, {"country": "Greece", "year": "2021", "timeperiod": "Year", "export": "97.0", "import_origin": "21507.0", "import_consigment": "21157.3"}, {"country": "Greece", "year": "2020", "timeperiod": "1", "export": "1.7", "import_origin": "1308.5", "import_consigment": "1169.4"}, {"country": "Greece", "year": "2020", "timeperiod": "2", "export": "-", "import_origin": "670.7", "import_consigment": "639.7"}, {"country": "Greece", "year": "2020", "timeperiod": "3", "export": "-", "import_origin": "1662.1", "import_consigment": "1561.4"}, {"country": "Greece", "year": "2020", "timeperiod": "4", "export": "4.6", "import_origin": "1007.0", "import_consigment": "944.4"}, {"country": "Greece", "year": "2020", "timeperiod": "5", "export": "0.2", "import_origin": "884.9", "import_consigment": "770.1"}, {"country": "Greece", "year": "2020", "timeperiod": "6", "export": "-", "import_origin": "1772.3", "import_consigment": "1615.7"}, {"country": "Greece", "year": "2020", "timeperiod": "7", "export": "0.1", "import_origin": "1580.4", "import_consigment": "1354.8"}, {"country": "Greece", "year": "2020", "timeperiod": "8", "export": "6.4", "import_origin": "1406.8", "import_consigment": "1303.3"}, {"country": "Greece", "year": "2020", "timeperiod": "9", "export": "0.2", "import_origin": "745.0", "import_consigment": "711.6"}, {"country": "Greece", "year": "2020", "timeperiod": "10", "export": "0.2", "import_origin": "2165.3", "import_consigment": "2130.5"}, {"country": "Greece", "year": "2020", "timeperiod": "11", "export": "30.1", "import_origin": "5182.6", "import_consigment": "5067.2"}, {"country": "Greece", "year": "2020", "timeperiod": "12", "export": "0.4", "import_origin": "2862.2", "import_consigment": "2827.0"}, {"country": "Greece", "year": "2020", "timeperiod": "Year", "export": "43.9", "import_origin": "21247.8", "import_consigment": "20094.9"}, {"country": "Greece", "year": "2019", "timeperiod": "1", "export": "7.3", "import_origin": "1244.2", "import_consigment": "1206.2"}, {"country": "Greece", "year": "2019", "timeperiod": "2", "export": "23.5", "import_origin": "983.9", "import_consigment": "885.8"}]}