{"data": [{"country": "Pakistan", "year": "2018", "timeperiod": "5", "export": "49.6", "import_origin": "178.1", "import_consigment": "3.1"}, {"country": "Pakistan", "year": "2018", "timeperiod": "6", "export": "30.4", "import_origin": "169.9", "import_consigment": "52.2"}, {"country": "Pakistan", "year": "2018", "timeperiod": "7", "export": "-", "import_origin": "224.7", "import_consigment": "0.2"}, {"country": "Pakistan", "year": "2018", "timeperiod": "8", "export": "-", "import_origin": "287.6", "import_consigment": "33.3"}, {"country": "Pakistan", "year": "2018", "timeperiod": "9", "export": "-", "import_origin": "286.3", "import_consigment": "47.5"}, {"country": "Pakistan", "year": "2018", "timeperiod": "10", "export": "-", "import_origin": "337.3", "import_consigment": "67.9"}, {"country": "Pakistan", "year": "2018", "timeperiod": "11", "export": "-", "import_origin": "391.7", "import_consigment": "178.4"}, {"country": "Pakistan", "year": "2018", "timeperiod": "12", "export": "35.9", "import_origin": "506.1", "import_consigment": "266.3"}, {"country": "Pakistan", "year": "2018", "timeperiod": "Year", "export": "132.0", "import_origin": "4322.8", "import_consigment": "1296.5"}, {"country": "Pakistan", "year": "2017", "timeperiod": "1", "export": "-", "import_origin": "242.0", "import_consigment": "64.3"}, {"country": "Pakistan", "year": "2017", "timeperiod": "2", "export": "-", "import_origin": "386.7", "import_consigment": "170.6"}, {"country": "Pakistan", "year": "2017", "timeperiod": "3", "export": "-", "import_origin": "295.5", "import_consigment": "83.3"}, {"country": "Pakistan", "year": "2017", "timeperiod": "4", "export": "18.3", "import_origin": "282.1", "import_consigment": "80.7"}, {"country": "Pakistan", "year": "2017", "timeperiod": "5", "export": "-", "import_origin": "120.2", "import_consigment": "48.1"}, {"country": "Pakistan", "year": "2017", "timeperiod": "6", "export": "0.4", "import_origin": "197.8", "import_consigment": "78.8"}, {"country": "Pakistan", "year": "2017", "timeperiod": "7", "export": "-", "import_origin": "139.6", "import_consigment": "10.6"}, {"country": "Pakistan", "year": "2017", "timeperiod": "8", "export": "-", "import_origin": "242.2", "import_consigment": "33.4"}, {"country": "Pakistan", "year": "2017", "timeperiod": "9", "export": "-", "import_origin": "298.9", "import_consigment": "11.1"}, {"country": "Pakistan", "year": "2017", "timeperiod": "10", "export": "-", "import_origin": "257.0", "import_consigment": "12.5"}, {"country": "Pakistan", "year": "2017", "timeperiod": "11", "export": "-", "import_origin": "185.5", "import_consigment": "31.8"}, {"country": "Pakistan", "year": "2017", "timeperiod": "12", "export": "-", "import_origin": "641.2", "import_consigment": "285.5"}, {"country": "Pakistan", "year": "2017", "timeperiod": "Year", "export": "18.7", "import_origin": "3288.8", "import_consigment": "910.8"}, {"country": "Panama", "year": "2022", "timeperiod": "3", "export": "-", "import_origin": "22.0", "import_consigment": "-"}, {"country": "Panama", "year": "2022", "timeperiod": "4", "export": "-", "import_origin": "5.7", "import_consigment": "-"}, {"country": "Panama", "year": "2022", "timeperiod": "6", "export": "-", "import_origin": "-", "import_consigment": "81.1"}]}