{"data": [{"country": "Canada", "year": "2022", "timeperiod": "1", "export": "355.5", "import_origin": "2023.1", "import_consigment": "1055.7"}, {"country": "Canada", "year": "2022", "timeperiod": "2", "export": "722.1", "import_origin": "2485.5", "import_consigment": "1601.8"}, {"country": "Canada", "year": "2022", "timeperiod": "3", "export": "83.1", "import_origin": "2699.7", "import_consigment": "929.0"}, {"country": "Canada", "year": "2022", "timeperiod": "4", "export": "85.7", "import_origin": "1182.3", "import_consigment": "154.1"}, {"country": "Canada", "year": "2022", "timeperiod": "5", "export": "169.1", "import_origin": "2641.7", "import_consigment": "1271.3"}, {"country": "Canada", "year": "2022", "timeperiod": "6", "export": "223.9", "import_origin": "4755.4", "import_consigment": "2433.8"}, {"country": "Canada", "year": "2022", "timeperiod": "7", "export": "182.9", "import_origin": "2647.3", "import_consigment": "304.2"}, {"country": "Canada", "year": "2022", "timeperiod": "8", "export": "278.4", "import_origin": "3157.4", "import_consigment": "1151.6"}, {"country": "Canada", "year": "2022", "timeperiod": "9", "export": "131.3", "import_origin": "4026.3", "import_consigment": "1190.0"}, {"country": "Canada", "year": "2022", "timeperiod": "10", "export": "246.3", "import_origin": "4404.7", "import_consigment": "1635.0"}, {"country": "Canada", "year": "2022", "timeperiod": "11", "export": "163.7", "import_origin": "5554.1", "import_consigment": "1360.3"}, {"country": "Canada", "year": "2022", "timeperiod": "12", "export": "220.7", "import_origin": "7250.2", "import_consigment": "2379.4"}, {"country": "Canada", "year": "2022", "timeperiod": "Year", "export": "2862.7", "import_origin": "42827.6", "import_consigment": "15466.2"}, {"country": "Canada", "year": "2021", "timeperiod": "1", "export": "38.7", "import_origin": "1495.7", "import_consigment": "1004.3"}, {"country": "Canada", "year": "2021", "timeperiod": "2", "export": "341.3", "import_origin": "1996.0", "import_consigment": "1585.8"}, {"country": "Canada", "year": "2021", "timeperiod": "3", "export": "126.5", "import_origin": "1422.4", "import_consigment": "1203.1"}, {"country": "Canada", "year": "2021", "timeperiod": "4", "export": "160.5", "import_origin": "1394.1", "import_consigment": "1101.2"}, {"country": "Canada", "year": "2021", "timeperiod": "5", "export": "320.8", "import_origin": "1326.7", "import_consigment": "669.5"}, {"country": "Canada", "year": "2021", "timeperiod": "6", "export": "832.0", "import_origin": "2362.7", "import_consigment": "1237.4"}, {"country": "Canada", "year": "2021", "timeperiod": "7", "export": "786.0", "import_origin": "1581.8", "import_consigment": "909.4"}, {"country": "Canada", "year": "2021", "timeperiod": "8", "export": "407.1", "import_origin": "1311.8", "import_consigment": "927.2"}, {"country": "Canada", "year": "2021", "timeperiod": "9", "export": "416.4", "import_origin": "1936.9", "import_consigment": "1409.7"}, {"country": "Canada", "year": "2021", "timeperiod": "10", "export": "428.1", "import_origin": "1699.4", "import_consigment": "1159.0"}, {"country": "Canada", "year": "2021", "timeperiod": "11", "export": "656.9", "import_origin": "2462.9", "import_consigment": "1450.5"}, {"country": "Canada", "year": "2021", "timeperiod": "12", "export": "1068.5", "import_origin": "1572.3", "import_consigment": "789.8"}]}