{"data": [{"country": "Jamaica", "year": "2019", "timeperiod": "7", "export": "-", "import_origin": "2.4", "import_consigment": "-"}, {"country": "Jamaica", "year": "2019", "timeperiod": "8", "export": "-", "import_origin": "6.1", "import_consigment": "-"}, {"country": "Jamaica", "year": "2019", "timeperiod": "9", "export": "-", "import_origin": "8.4", "import_consigment": "0.5"}, {"country": "Jamaica", "year": "2019", "timeperiod": "10", "export": "-", "import_origin": "1.0", "import_consigment": "-"}, {"country": "Jamaica", "year": "2019", "timeperiod": "11", "export": "-", "import_origin": "2.5", "import_consigment": "-"}, {"country": "Jamaica", "year": "2019", "timeperiod": "12", "export": "-", "import_origin": "2.7", "import_consigment": "-"}, {"country": "Jamaica", "year": "2019", "timeperiod": "Year", "export": "-", "import_origin": "28.4", "import_consigment": "0.5"}, {"country": "Jamaica", "year": "2018", "timeperiod": "1", "export": "-", "import_origin": "-", "import_consigment": "-"}, {"country": "Jamaica", "year": "2018", "timeperiod": "2", "export": "-", "import_origin": "0.2", "import_consigment": "-"}, {"country": "Jamaica", "year": "2018", "timeperiod": "5", "export": "-", "import_origin": "-", "import_consigment": "-"}, {"country": "Jamaica", "year": "2018", "timeperiod": "6", "export": "-", "import_origin": "-", "import_consigment": "-"}, {"country": "Jamaica", "year": "2018", "timeperiod": "8", "export": "-", "import_origin": "-", "import_consigment": "1.7"}, {"country": "Jamaica", "year": "2018", "timeperiod": "9", "export": "-", "import_origin": "2.1", "import_consigment": "-"}, {"country": "Jamaica", "year": "2018", "timeperiod": "11", "export": "-", "import_origin": "-", "import_consigment": "-"}, {"country": "Jamaica", "year": "2018", "timeperiod": "12", "export": "-", "import_origin": "5.7", "import_consigment": "-"}, {"country": "Jamaica", "year": "2018", "timeperiod": "Year", "export": "-", "import_origin": "8.1", "import_consigment": "1.7"}, {"country": "Jamaica", "year": "2017", "timeperiod": "2", "export": "-", "import_origin": "1.5", "import_consigment": "-"}, {"country": "Jamaica", "year": "2017", "timeperiod": "4", "export": "-", "import_origin": "-", "import_consigment": "-"}, {"country": "Jamaica", "year": "2017", "timeperiod": "7", "export": "-", "import_origin": "7.1", "import_consigment": "-"}, {"country": "Jamaica", "year": "2017", "timeperiod": "8", "export": "-", "import_origin": "-", "import_consigment": "-"}, {"country": "Jamaica", "year": "2017", "timeperiod": "9", "export": "-", "import_origin": "-", "import_consigment": "-"}, {"country": "Jamaica", "year": "2017", "timeperiod": "10", "export": "-", "import_origin": "0.6", "import_consigment": "-"}, {"country": "Jamaica", "year": "2017", "timeperiod": "12", "export": "-", "import_origin": "-", "import_consigment": "-"}, {"country": "Jamaica", "year": "2017", "timeperiod": "Year", "export": "-", "import_origin": "9.2", "import_consigment": "-"}, {"country": "Japan", "year": "2023", "timeperiod": "1", "export": "77.5", "import_origin": "31129.0", "import_consigment": "6083.3"}]}