{"data": [{"country": "Nicaragua", "year": "2018", "timeperiod": "4", "export": "-", "import_origin": "17.6", "import_consigment": "-"}, {"country": "Nicaragua", "year": "2018", "timeperiod": "5", "export": "-", "import_origin": "0.7", "import_consigment": "-"}, {"country": "Nicaragua", "year": "2018", "timeperiod": "6", "export": "-", "import_origin": "0.5", "import_consigment": "-"}, {"country": "Nicaragua", "year": "2018", "timeperiod": "7", "export": "-", "import_origin": "11.8", "import_consigment": "-"}, {"country": "Nicaragua", "year": "2018", "timeperiod": "8", "export": "-", "import_origin": "0.9", "import_consigment": "-"}, {"country": "Nicaragua", "year": "2018", "timeperiod": "9", "export": "-", "import_origin": "0.5", "import_consigment": "-"}, {"country": "Nicaragua", "year": "2018", "timeperiod": "10", "export": "-", "import_origin": "42.3", "import_consigment": "-"}, {"country": "Nicaragua", "year": "2018", "timeperiod": "11", "export": "-", "import_origin": "0.6", "import_consigment": "-"}, {"country": "Nicaragua", "year": "2018", "timeperiod": "12", "export": "-", "import_origin": "0.6", "import_consigment": "-"}, {"country": "Nicaragua", "year": "2018", "timeperiod": "Year", "export": "-", "import_origin": "85.5", "import_consigment": "-"}, {"country": "Nicaragua", "year": "2017", "timeperiod": "1", "export": "-", "import_origin": "13.5", "import_consigment": "-"}, {"country": "Nicaragua", "year": "2017", "timeperiod": "3", "export": "-", "import_origin": "0.9", "import_consigment": "-"}, {"country": "Nicaragua", "year": "2017", "timeperiod": "5", "export": "-", "import_origin": "0.4", "import_consigment": "-"}, {"country": "Nicaragua", "year": "2017", "timeperiod": "7", "export": "-", "import_origin": "65.8", "import_consigment": "65.8"}, {"country": "Nicaragua", "year": "2017", "timeperiod": "8", "export": "0.8", "import_origin": "0.1", "import_consigment": "-"}, {"country": "Nicaragua", "year": "2017", "timeperiod": "10", "export": "-", "import_origin": "65.0", "import_consigment": "63.8"}, {"country": "Nicaragua", "year": "2017", "timeperiod": "11", "export": "-", "import_origin": "1.0", "import_consigment": "-"}, {"country": "Nicaragua", "year": "2017", "timeperiod": "Year", "export": "0.8", "import_origin": "146.7", "import_consigment": "129.6"}, {"country": "Niger", "year": "2020", "timeperiod": "3", "export": "-", "import_origin": "-", "import_consigment": "9.0"}, {"country": "Niger", "year": "2020", "timeperiod": "9", "export": "-", "import_origin": "0.1", "import_consigment": "-"}, {"country": "Niger", "year": "2020", "timeperiod": "Year", "export": "-", "import_origin": "0.1", "import_consigment": "9.0"}, {"country": "Niger", "year": "2019", "timeperiod": "9", "export": "-", "import_origin": "1.7", "import_consigment": "-"}, {"country": "Niger", "year": "2019", "timeperiod": "10", "export": "-", "import_origin": "0.5", "import_consigment": "-"}, {"country": "Niger", "year": "2019", "timeperiod": "12", "export": "-", "import_origin": "0.1", "import_consigment": "-"}, {"country": "Niger", "year": "2019", "timeperiod": "Year", "export": "-", "import_origin": "2.3", "import_consigment": "-"}]}