{"data": [{"country": "United Arab Emirates", "year": "2018", "timeperiod": "4", "export": "11734.7", "import_origin": "7116.6", "import_consigment": "12504.5"}, {"country": "United Arab Emirates", "year": "2018", "timeperiod": "5", "export": "3712.7", "import_origin": "5911.1", "import_consigment": "12088.2"}, {"country": "United Arab Emirates", "year": "2018", "timeperiod": "6", "export": "5354.4", "import_origin": "8668.8", "import_consigment": "15920.4"}, {"country": "United Arab Emirates", "year": "2018", "timeperiod": "7", "export": "3246.4", "import_origin": "6985.2", "import_consigment": "14182.5"}, {"country": "United Arab Emirates", "year": "2018", "timeperiod": "8", "export": "3206.6", "import_origin": "5825.8", "import_consigment": "14515.4"}, {"country": "United Arab Emirates", "year": "2018", "timeperiod": "9", "export": "2897.3", "import_origin": "7776.0", "import_consigment": "15394.8"}, {"country": "United Arab Emirates", "year": "2018", "timeperiod": "10", "export": "3542.9", "import_origin": "10754.8", "import_consigment": "19276.3"}, {"country": "United Arab Emirates", "year": "2018", "timeperiod": "11", "export": "6576.3", "import_origin": "17298.0", "import_consigment": "27238.8"}, {"country": "United Arab Emirates", "year": "2018", "timeperiod": "12", "export": "4275.2", "import_origin": "10021.6", "import_consigment": "21138.0"}, {"country": "United Arab Emirates", "year": "2018", "timeperiod": "Year", "export": "73826.0", "import_origin": "107960.6", "import_consigment": "196063.0"}, {"country": "United Arab Emirates", "year": "2017", "timeperiod": "1", "export": "6301.9", "import_origin": "8694.0", "import_consigment": "13245.7"}, {"country": "United Arab Emirates", "year": "2017", "timeperiod": "2", "export": "5325.7", "import_origin": "6789.9", "import_consigment": "12038.5"}, {"country": "United Arab Emirates", "year": "2017", "timeperiod": "3", "export": "10151.3", "import_origin": "8936.1", "import_consigment": "16163.3"}, {"country": "United Arab Emirates", "year": "2017", "timeperiod": "4", "export": "6585.5", "import_origin": "7577.0", "import_consigment": "15499.8"}, {"country": "United Arab Emirates", "year": "2017", "timeperiod": "5", "export": "7253.8", "import_origin": "2595.4", "import_consigment": "6754.4"}, {"country": "United Arab Emirates", "year": "2017", "timeperiod": "6", "export": "10639.3", "import_origin": "6702.4", "import_consigment": "13244.4"}, {"country": "United Arab Emirates", "year": "2017", "timeperiod": "7", "export": "8417.7", "import_origin": "9053.6", "import_consigment": "16312.9"}, {"country": "United Arab Emirates", "year": "2017", "timeperiod": "8", "export": "4337.0", "import_origin": "9282.4", "import_consigment": "15093.3"}, {"country": "United Arab Emirates", "year": "2017", "timeperiod": "9", "export": "7150.4", "import_origin": "7095.9", "import_consigment": "13546.2"}, {"country": "United Arab Emirates", "year": "2017", "timeperiod": "10", "export": "10554.2", "import_origin": "9535.7", "import_consigment": "17879.5"}, {"country": "United Arab Emirates", "year": "2017", "timeperiod": "11", "export": "11909.1", "import_origin": "9396.5", "import_consigment": "17956.6"}, {"country": "United Arab Emirates", "year": "2017", "timeperiod": "12", "export": "13580.9", "import_origin": "10799.5", "import_consigment": "20075.8"}, {"country": "United Arab Emirates", "year": "2017", "timeperiod": "Year", "export": "102206.8", "import_origin": "96458.4", "import_consigment": "177810.2"}, {"country": "Tunisia", "year": "2023", "timeperiod": "1", "export": "-", "import_origin": "307.3", "import_consigment": "-"}, {"country": "Tunisia", "year": "2023", "timeperiod": "Year", "export": "-", "import_origin": "307.3", "import_consigment": "-"}]}