{"data": [{"country": "Barbados", "year": "2019", "timeperiod": "4", "export": "-", "import_origin": "-", "import_consigment": "-"}, {"country": "Barbados", "year": "2019", "timeperiod": "9", "export": "-", "import_origin": "9.2", "import_consigment": "9.2"}, {"country": "Barbados", "year": "2019", "timeperiod": "12", "export": "-", "import_origin": "3.3", "import_consigment": "3.3"}, {"country": "Barbados", "year": "2019", "timeperiod": "Year", "export": "-", "import_origin": "18.8", "import_consigment": "18.8"}, {"country": "Barbados", "year": "2018", "timeperiod": "2", "export": "-", "import_origin": "6.1", "import_consigment": "6.1"}, {"country": "Barbados", "year": "2018", "timeperiod": "4", "export": "-", "import_origin": "4.2", "import_consigment": "4.2"}, {"country": "Barbados", "year": "2018", "timeperiod": "5", "export": "-", "import_origin": "6.2", "import_consigment": "6.2"}, {"country": "Barbados", "year": "2018", "timeperiod": "7", "export": "-", "import_origin": "3.1", "import_consigment": "3.1"}, {"country": "Barbados", "year": "2018", "timeperiod": "12", "export": "-", "import_origin": "9.1", "import_consigment": "9.1"}, {"country": "Barbados", "year": "2018", "timeperiod": "Year", "export": "-", "import_origin": "28.6", "import_consigment": "28.6"}, {"country": "Barbados", "year": "2017", "timeperiod": "2", "export": "-", "import_origin": "5.6", "import_consigment": "5.6"}, {"country": "Barbados", "year": "2017", "timeperiod": "3", "export": "-", "import_origin": "8.6", "import_consigment": "8.6"}, {"country": "Barbados", "year": "2017", "timeperiod": "6", "export": "-", "import_origin": "3.0", "import_consigment": "2.6"}, {"country": "Barbados", "year": "2017", "timeperiod": "8", "export": "-", "import_origin": "0.6", "import_consigment": "0.6"}, {"country": "Barbados", "year": "2017", "timeperiod": "9", "export": "-", "import_origin": "4.7", "import_consigment": "4.7"}, {"country": "Barbados", "year": "2017", "timeperiod": "12", "export": "-", "import_origin": "2.1", "import_consigment": "2.1"}, {"country": "Barbados", "year": "2017", "timeperiod": "Year", "export": "-", "import_origin": "24.5", "import_consigment": "24.2"}, {"country": "Belgium", "year": "2023", "timeperiod": "1", "export": "4822.6", "import_origin": "4851.9", "import_consigment": "9196.0"}, {"country": "Belgium", "year": "2023", "timeperiod": "Year", "export": "4822.6", "import_origin": "4851.9", "import_consigment": "9196.0"}, {"country": "Belgium", "year": "2022", "timeperiod": "1", "export": "3577.2", "import_origin": "2956.8", "import_consigment": "3900.0"}, {"country": "Belgium", "year": "2022", "timeperiod": "2", "export": "6225.0", "import_origin": "5080.3", "import_consigment": "6263.7"}, {"country": "Belgium", "year": "2022", "timeperiod": "3", "export": "5713.3", "import_origin": "5870.8", "import_consigment": "7569.2"}, {"country": "Belgium", "year": "2022", "timeperiod": "4", "export": "7366.1", "import_origin": "5285.2", "import_consigment": "8662.2"}, {"country": "Belgium", "year": "2022", "timeperiod": "5", "export": "8595.7", "import_origin": "5716.4", "import_consigment": "12114.1"}, {"country": "Belgium", "year": "2022", "timeperiod": "6", "export": "7903.2", "import_origin": "5092.0", "import_consigment": "7119.0"}]}