{"data": [{"country": "Uganda", "year": "2022", "timeperiod": "4", "export": "-", "import_origin": "1.0", "import_consigment": "-"}, {"country": "Uganda", "year": "2022", "timeperiod": "5", "export": "-", "import_origin": "149.0", "import_consigment": "149.0"}, {"country": "Uganda", "year": "2022", "timeperiod": "6", "export": "-", "import_origin": "190.8", "import_consigment": "190.4"}, {"country": "Uganda", "year": "2022", "timeperiod": "7", "export": "-", "import_origin": "0.1", "import_consigment": "-"}, {"country": "Uganda", "year": "2022", "timeperiod": "9", "export": "-", "import_origin": "190.9", "import_consigment": "190.9"}, {"country": "Uganda", "year": "2022", "timeperiod": "10", "export": "-", "import_origin": "3.3", "import_consigment": "-"}, {"country": "Uganda", "year": "2022", "timeperiod": "11", "export": "-", "import_origin": "6.5", "import_consigment": "-"}, {"country": "Uganda", "year": "2022", "timeperiod": "12", "export": "-", "import_origin": "416.5", "import_consigment": "407.3"}, {"country": "Uganda", "year": "2022", "timeperiod": "Year", "export": "0.1", "import_origin": "1029.3", "import_consigment": "937.5"}, {"country": "Uganda", "year": "2021", "timeperiod": "1", "export": "-", "import_origin": "-", "import_consigment": "-"}, {"country": "Uganda", "year": "2021", "timeperiod": "2", "export": "-", "import_origin": "0.6", "import_consigment": "-"}, {"country": "Uganda", "year": "2021", "timeperiod": "3", "export": "-", "import_origin": "-", "import_consigment": "-"}, {"country": "Uganda", "year": "2021", "timeperiod": "4", "export": "-", "import_origin": "93.3", "import_consigment": "-"}, {"country": "Uganda", "year": "2021", "timeperiod": "5", "export": "0.1", "import_origin": "48.3", "import_consigment": "-"}, {"country": "Uganda", "year": "2021", "timeperiod": "7", "export": "-", "import_origin": "-", "import_consigment": "-"}, {"country": "Uganda", "year": "2021", "timeperiod": "8", "export": "-", "import_origin": "116.5", "import_consigment": "-"}, {"country": "Uganda", "year": "2021", "timeperiod": "10", "export": "-", "import_origin": "87.7", "import_consigment": "-"}, {"country": "Uganda", "year": "2021", "timeperiod": "11", "export": "-", "import_origin": "143.2", "import_consigment": "-"}, {"country": "Uganda", "year": "2021", "timeperiod": "12", "export": "-", "import_origin": "139.0", "import_consigment": "-"}, {"country": "Uganda", "year": "2021", "timeperiod": "Year", "export": "0.1", "import_origin": "628.7", "import_consigment": "-"}, {"country": "Uganda", "year": "2020", "timeperiod": "2", "export": "-", "import_origin": "0.2", "import_consigment": "-"}, {"country": "Uganda", "year": "2020", "timeperiod": "3", "export": "-", "import_origin": "46.1", "import_consigment": "46.1"}, {"country": "Uganda", "year": "2020", "timeperiod": "4", "export": "-", "import_origin": "64.4", "import_consigment": "-"}, {"country": "Uganda", "year": "2020", "timeperiod": "5", "export": "-", "import_origin": "35.9", "import_consigment": "35.9"}, {"country": "Uganda", "year": "2020", "timeperiod": "9", "export": "-", "import_origin": "29.3", "import_consigment": "29.3"}]}