{"data": [{"country": "Cyprus", "year": "2020", "timeperiod": "1", "export": "-", "import_origin": "65.7", "import_consigment": "98.2"}, {"country": "Cyprus", "year": "2020", "timeperiod": "2", "export": "0.4", "import_origin": "97.1", "import_consigment": "993.3"}, {"country": "Cyprus", "year": "2020", "timeperiod": "3", "export": "-", "import_origin": "39.5", "import_consigment": "438.9"}, {"country": "Cyprus", "year": "2020", "timeperiod": "4", "export": "-", "import_origin": "14.7", "import_consigment": "585.3"}, {"country": "Cyprus", "year": "2020", "timeperiod": "5", "export": "-", "import_origin": "45.5", "import_consigment": "142.0"}, {"country": "Cyprus", "year": "2020", "timeperiod": "6", "export": "-", "import_origin": "114.7", "import_consigment": "288.3"}, {"country": "Cyprus", "year": "2020", "timeperiod": "7", "export": "0.2", "import_origin": "83.6", "import_consigment": "293.3"}, {"country": "Cyprus", "year": "2020", "timeperiod": "8", "export": "-", "import_origin": "25.8", "import_consigment": "404.1"}, {"country": "Cyprus", "year": "2020", "timeperiod": "9", "export": "0.4", "import_origin": "56.0", "import_consigment": "62.3"}, {"country": "Cyprus", "year": "2020", "timeperiod": "10", "export": "-", "import_origin": "0.9", "import_consigment": "32.8"}, {"country": "Cyprus", "year": "2020", "timeperiod": "11", "export": "13.4", "import_origin": "48.7", "import_consigment": "47.2"}, {"country": "Cyprus", "year": "2020", "timeperiod": "12", "export": "1.4", "import_origin": "222.9", "import_consigment": "250.6"}, {"country": "Cyprus", "year": "2020", "timeperiod": "Year", "export": "16.0", "import_origin": "815.2", "import_consigment": "3636.3"}, {"country": "Cyprus", "year": "2019", "timeperiod": "1", "export": "-", "import_origin": "14.9", "import_consigment": "4022.1"}, {"country": "Cyprus", "year": "2019", "timeperiod": "2", "export": "2.6", "import_origin": "35.8", "import_consigment": "3020.0"}, {"country": "Cyprus", "year": "2019", "timeperiod": "3", "export": "4.8", "import_origin": "91.8", "import_consigment": "404.9"}, {"country": "Cyprus", "year": "2019", "timeperiod": "4", "export": "-", "import_origin": "37.3", "import_consigment": "1196.9"}, {"country": "Cyprus", "year": "2019", "timeperiod": "5", "export": "55.1", "import_origin": "247.0", "import_consigment": "1683.6"}, {"country": "Cyprus", "year": "2019", "timeperiod": "6", "export": "2.9", "import_origin": "41.8", "import_consigment": "1430.4"}, {"country": "Cyprus", "year": "2019", "timeperiod": "7", "export": "0.5", "import_origin": "54.3", "import_consigment": "1295.9"}, {"country": "Cyprus", "year": "2019", "timeperiod": "8", "export": "-", "import_origin": "50.0", "import_consigment": "1816.3"}, {"country": "Cyprus", "year": "2019", "timeperiod": "9", "export": "1.3", "import_origin": "25.5", "import_consigment": "938.0"}, {"country": "Cyprus", "year": "2019", "timeperiod": "10", "export": "-", "import_origin": "128.0", "import_consigment": "464.3"}, {"country": "Cyprus", "year": "2019", "timeperiod": "11", "export": "-", "import_origin": "40.4", "import_consigment": "510.2"}, {"country": "Cyprus", "year": "2019", "timeperiod": "12", "export": "0.8", "import_origin": "44.9", "import_consigment": "1067.7"}]}