{"data": [{"country": "Mongolia", "year": "2018", "timeperiod": "1", "export": "9.3", "import_origin": "-", "import_consigment": "-"}, {"country": "Mongolia", "year": "2018", "timeperiod": "2", "export": "17.6", "import_origin": "-", "import_consigment": "-"}, {"country": "Mongolia", "year": "2018", "timeperiod": "3", "export": "40.3", "import_origin": "-", "import_consigment": "-"}, {"country": "Mongolia", "year": "2018", "timeperiod": "4", "export": "-", "import_origin": "-", "import_consigment": "-"}, {"country": "Mongolia", "year": "2018", "timeperiod": "5", "export": "-", "import_origin": "-", "import_consigment": "-"}, {"country": "Mongolia", "year": "2018", "timeperiod": "6", "export": "2.9", "import_origin": "-", "import_consigment": "1162.6"}, {"country": "Mongolia", "year": "2018", "timeperiod": "7", "export": "10.3", "import_origin": "-", "import_consigment": "398.3"}, {"country": "Mongolia", "year": "2018", "timeperiod": "8", "export": "65.3", "import_origin": "-", "import_consigment": "1275.1"}, {"country": "Mongolia", "year": "2018", "timeperiod": "12", "export": "0.2", "import_origin": "-", "import_consigment": "-"}, {"country": "Mongolia", "year": "2018", "timeperiod": "Year", "export": "146.0", "import_origin": "-", "import_consigment": "2836.1"}, {"country": "Mongolia", "year": "2017", "timeperiod": "2", "export": "5.9", "import_origin": "-", "import_consigment": "-"}, {"country": "Mongolia", "year": "2017", "timeperiod": "3", "export": "9.9", "import_origin": "-", "import_consigment": "-"}, {"country": "Mongolia", "year": "2017", "timeperiod": "5", "export": "22.1", "import_origin": "-", "import_consigment": "-"}, {"country": "Mongolia", "year": "2017", "timeperiod": "7", "export": "-", "import_origin": "-", "import_consigment": "-"}, {"country": "Mongolia", "year": "2017", "timeperiod": "8", "export": "0.1", "import_origin": "-", "import_consigment": "-"}, {"country": "Mongolia", "year": "2017", "timeperiod": "10", "export": "5.3", "import_origin": "-", "import_consigment": "-"}, {"country": "Mongolia", "year": "2017", "timeperiod": "11", "export": "9.8", "import_origin": "-", "import_consigment": "-"}, {"country": "Mongolia", "year": "2017", "timeperiod": "12", "export": "18.4", "import_origin": "-", "import_consigment": "-"}, {"country": "Mongolia", "year": "2017", "timeperiod": "Year", "export": "71.5", "import_origin": "-", "import_consigment": "-"}, {"country": "Moldova, Republic of", "year": "2023", "timeperiod": "1", "export": "131.2", "import_origin": "53.2", "import_consigment": "128.8"}, {"country": "Moldova, Republic of", "year": "2023", "timeperiod": "Year", "export": "131.2", "import_origin": "53.2", "import_consigment": "128.8"}, {"country": "Moldova, Republic of", "year": "2022", "timeperiod": "1", "export": "213.3", "import_origin": "76.7", "import_consigment": "63.7"}, {"country": "Moldova, Republic of", "year": "2022", "timeperiod": "2", "export": "196.7", "import_origin": "17.1", "import_consigment": "8.1"}, {"country": "Moldova, Republic of", "year": "2022", "timeperiod": "3", "export": "94.8", "import_origin": "90.4", "import_consigment": "86.6"}, {"country": "Moldova, Republic of", "year": "2022", "timeperiod": "4", "export": "186.1", "import_origin": "193.8", "import_consigment": "187.9"}]}