{"data": [{"country": "Iceland", "year": "2020", "timeperiod": "4", "export": "-", "import_origin": "17.2", "import_consigment": "-"}, {"country": "Iceland", "year": "2020", "timeperiod": "5", "export": "-", "import_origin": "89.4", "import_consigment": "-"}, {"country": "Iceland", "year": "2020", "timeperiod": "6", "export": "-", "import_origin": "0.1", "import_consigment": "-"}, {"country": "Iceland", "year": "2020", "timeperiod": "7", "export": "0.1", "import_origin": "-", "import_consigment": "-"}, {"country": "Iceland", "year": "2020", "timeperiod": "8", "export": "-", "import_origin": "0.4", "import_consigment": "-"}, {"country": "Iceland", "year": "2020", "timeperiod": "10", "export": "-", "import_origin": "148.7", "import_consigment": "146.3"}, {"country": "Iceland", "year": "2020", "timeperiod": "12", "export": "-", "import_origin": "48.2", "import_consigment": "-"}, {"country": "Iceland", "year": "2020", "timeperiod": "Year", "export": "0.1", "import_origin": "429.3", "import_consigment": "146.3"}, {"country": "Iceland", "year": "2019", "timeperiod": "1", "export": "-", "import_origin": "303.6", "import_consigment": "268.3"}, {"country": "Iceland", "year": "2019", "timeperiod": "2", "export": "-", "import_origin": "-", "import_consigment": "-"}, {"country": "Iceland", "year": "2019", "timeperiod": "3", "export": "-", "import_origin": "377.5", "import_consigment": "377.1"}, {"country": "Iceland", "year": "2019", "timeperiod": "4", "export": "-", "import_origin": "486.8", "import_consigment": "478.5"}, {"country": "Iceland", "year": "2019", "timeperiod": "5", "export": "-", "import_origin": "253.6", "import_consigment": "223.7"}, {"country": "Iceland", "year": "2019", "timeperiod": "7", "export": "-", "import_origin": "0.1", "import_consigment": "-"}, {"country": "Iceland", "year": "2019", "timeperiod": "8", "export": "-", "import_origin": "0.3", "import_consigment": "-"}, {"country": "Iceland", "year": "2019", "timeperiod": "9", "export": "-", "import_origin": "7.1", "import_consigment": "15.5"}, {"country": "Iceland", "year": "2019", "timeperiod": "10", "export": "-", "import_origin": "0.1", "import_consigment": "6.8"}, {"country": "Iceland", "year": "2019", "timeperiod": "11", "export": "-", "import_origin": "0.3", "import_consigment": "7.6"}, {"country": "Iceland", "year": "2019", "timeperiod": "12", "export": "-", "import_origin": "26.1", "import_consigment": "-"}, {"country": "Iceland", "year": "2019", "timeperiod": "Year", "export": "-", "import_origin": "1455.6", "import_consigment": "1377.5"}, {"country": "Iceland", "year": "2018", "timeperiod": "1", "export": "-", "import_origin": "152.7", "import_consigment": "152.7"}, {"country": "Iceland", "year": "2018", "timeperiod": "2", "export": "-", "import_origin": "7.6", "import_consigment": "-"}, {"country": "Iceland", "year": "2018", "timeperiod": "3", "export": "-", "import_origin": "9.1", "import_consigment": "-"}, {"country": "Iceland", "year": "2018", "timeperiod": "4", "export": "-", "import_origin": "106.3", "import_consigment": "106.3"}, {"country": "Iceland", "year": "2018", "timeperiod": "5", "export": "-", "import_origin": "1.7", "import_consigment": "-"}]}