{"data": [{"country": "Iraq", "year": "2018", "timeperiod": "12", "export": "19483.8", "import_origin": "688.0", "import_consigment": "669.6"}, {"country": "Iraq", "year": "2018", "timeperiod": "Year", "export": "150638.0", "import_origin": "4963.7", "import_consigment": "4782.8"}, {"country": "Iraq", "year": "2017", "timeperiod": "1", "export": "2455.6", "import_origin": "-", "import_consigment": "-"}, {"country": "Iraq", "year": "2017", "timeperiod": "2", "export": "8332.2", "import_origin": "-", "import_consigment": "24.4"}, {"country": "Iraq", "year": "2017", "timeperiod": "3", "export": "9826.4", "import_origin": "10.6", "import_consigment": "-"}, {"country": "Iraq", "year": "2017", "timeperiod": "4", "export": "15282.8", "import_origin": "-", "import_consigment": "-"}, {"country": "Iraq", "year": "2017", "timeperiod": "5", "export": "9638.5", "import_origin": "61.0", "import_consigment": "61.0"}, {"country": "Iraq", "year": "2017", "timeperiod": "6", "export": "11740.7", "import_origin": "-", "import_consigment": "24.1"}, {"country": "Iraq", "year": "2017", "timeperiod": "7", "export": "9633.2", "import_origin": "61.9", "import_consigment": "129.9"}, {"country": "Iraq", "year": "2017", "timeperiod": "8", "export": "10254.3", "import_origin": "46.2", "import_consigment": "23.4"}, {"country": "Iraq", "year": "2017", "timeperiod": "9", "export": "7408.5", "import_origin": "22.1", "import_consigment": "22.1"}, {"country": "Iraq", "year": "2017", "timeperiod": "10", "export": "3329.0", "import_origin": "-", "import_consigment": "-"}, {"country": "Iraq", "year": "2017", "timeperiod": "11", "export": "14460.5", "import_origin": "-", "import_consigment": "-"}, {"country": "Iraq", "year": "2017", "timeperiod": "12", "export": "15087.6", "import_origin": "-", "import_consigment": "-"}, {"country": "Iraq", "year": "2017", "timeperiod": "Year", "export": "117449.3", "import_origin": "201.9", "import_consigment": "284.9"}, {"country": "Ireland", "year": "2023", "timeperiod": "1", "export": "1.1", "import_origin": "1096.4", "import_consigment": "290.8"}, {"country": "Ireland", "year": "2023", "timeperiod": "Year", "export": "1.1", "import_origin": "1096.4", "import_consigment": "290.8"}, {"country": "Ireland", "year": "2022", "timeperiod": "1", "export": "-", "import_origin": "1442.8", "import_consigment": "192.0"}, {"country": "Ireland", "year": "2022", "timeperiod": "2", "export": "1.0", "import_origin": "1106.1", "import_consigment": "241.5"}, {"country": "Ireland", "year": "2022", "timeperiod": "3", "export": "16.7", "import_origin": "931.6", "import_consigment": "134.4"}, {"country": "Ireland", "year": "2022", "timeperiod": "4", "export": "10.4", "import_origin": "1193.3", "import_consigment": "317.5"}, {"country": "Ireland", "year": "2022", "timeperiod": "5", "export": "-", "import_origin": "1231.9", "import_consigment": "428.6"}, {"country": "Ireland", "year": "2022", "timeperiod": "6", "export": "-", "import_origin": "2294.3", "import_consigment": "596.6"}, {"country": "Ireland", "year": "2022", "timeperiod": "7", "export": "83.2", "import_origin": "1309.5", "import_consigment": "268.1"}, {"country": "Ireland", "year": "2022", "timeperiod": "8", "export": "0.1", "import_origin": "715.1", "import_consigment": "318.5"}]}