{"data": [{"country": "Mongolia", "year": "2021", "timeperiod": "8", "export": "8.9", "import_origin": "-", "import_consigment": "-"}, {"country": "Mongolia", "year": "2021", "timeperiod": "9", "export": "39.5", "import_origin": "-", "import_consigment": "-"}, {"country": "Mongolia", "year": "2021", "timeperiod": "10", "export": "15.9", "import_origin": "-", "import_consigment": "-"}, {"country": "Mongolia", "year": "2021", "timeperiod": "Year", "export": "366.3", "import_origin": "0.2", "import_consigment": "-"}, {"country": "Mongolia", "year": "2020", "timeperiod": "1", "export": "-", "import_origin": "-", "import_consigment": "-"}, {"country": "Mongolia", "year": "2020", "timeperiod": "2", "export": "-", "import_origin": "-", "import_consigment": "-"}, {"country": "Mongolia", "year": "2020", "timeperiod": "3", "export": "-", "import_origin": "-", "import_consigment": "-"}, {"country": "Mongolia", "year": "2020", "timeperiod": "4", "export": "9.4", "import_origin": "-", "import_consigment": "-"}, {"country": "Mongolia", "year": "2020", "timeperiod": "5", "export": "36.8", "import_origin": "-", "import_consigment": "-"}, {"country": "Mongolia", "year": "2020", "timeperiod": "7", "export": "12.5", "import_origin": "-", "import_consigment": "-"}, {"country": "Mongolia", "year": "2020", "timeperiod": "8", "export": "118.3", "import_origin": "-", "import_consigment": "-"}, {"country": "Mongolia", "year": "2020", "timeperiod": "9", "export": "36.7", "import_origin": "-", "import_consigment": "-"}, {"country": "Mongolia", "year": "2020", "timeperiod": "11", "export": "-", "import_origin": "0.2", "import_consigment": "-"}, {"country": "Mongolia", "year": "2020", "timeperiod": "12", "export": "4.8", "import_origin": "-", "import_consigment": "-"}, {"country": "Mongolia", "year": "2020", "timeperiod": "Year", "export": "218.5", "import_origin": "0.2", "import_consigment": "-"}, {"country": "Mongolia", "year": "2019", "timeperiod": "2", "export": "1.4", "import_origin": "34.0", "import_consigment": "-"}, {"country": "Mongolia", "year": "2019", "timeperiod": "3", "export": "-", "import_origin": "17.4", "import_consigment": "5.5"}, {"country": "Mongolia", "year": "2019", "timeperiod": "4", "export": "30.0", "import_origin": "-", "import_consigment": "-"}, {"country": "Mongolia", "year": "2019", "timeperiod": "7", "export": "34.0", "import_origin": "-", "import_consigment": "-"}, {"country": "Mongolia", "year": "2019", "timeperiod": "8", "export": "39.9", "import_origin": "-", "import_consigment": "-"}, {"country": "Mongolia", "year": "2019", "timeperiod": "9", "export": "-", "import_origin": "-", "import_consigment": "-"}, {"country": "Mongolia", "year": "2019", "timeperiod": "10", "export": "36.1", "import_origin": "-", "import_consigment": "-"}, {"country": "Mongolia", "year": "2019", "timeperiod": "11", "export": "857.9", "import_origin": "-", "import_consigment": "-"}, {"country": "Mongolia", "year": "2019", "timeperiod": "12", "export": "1.4", "import_origin": "-", "import_consigment": "-"}, {"country": "Mongolia", "year": "2019", "timeperiod": "Year", "export": "1000.8", "import_origin": "51.5", "import_consigment": "5.5"}]}