{"data": [{"country": "Lithuania", "year": "2021", "timeperiod": "9", "export": "399.7", "import_origin": "492.4", "import_consigment": "3549.8"}, {"country": "Lithuania", "year": "2021", "timeperiod": "10", "export": "510.9", "import_origin": "317.8", "import_consigment": "2536.5"}, {"country": "Lithuania", "year": "2021", "timeperiod": "11", "export": "822.7", "import_origin": "629.0", "import_consigment": "5602.6"}, {"country": "Lithuania", "year": "2021", "timeperiod": "12", "export": "809.8", "import_origin": "465.0", "import_consigment": "4024.6"}, {"country": "Lithuania", "year": "2021", "timeperiod": "Year", "export": "5058.6", "import_origin": "4728.1", "import_consigment": "35941.9"}, {"country": "Lithuania", "year": "2020", "timeperiod": "1", "export": "118.4", "import_origin": "170.5", "import_consigment": "4067.4"}, {"country": "Lithuania", "year": "2020", "timeperiod": "2", "export": "147.4", "import_origin": "193.7", "import_consigment": "822.3"}, {"country": "Lithuania", "year": "2020", "timeperiod": "3", "export": "236.4", "import_origin": "375.3", "import_consigment": "886.5"}, {"country": "Lithuania", "year": "2020", "timeperiod": "4", "export": "246.5", "import_origin": "309.7", "import_consigment": "566.8"}, {"country": "Lithuania", "year": "2020", "timeperiod": "5", "export": "107.7", "import_origin": "155.6", "import_consigment": "680.5"}, {"country": "Lithuania", "year": "2020", "timeperiod": "6", "export": "132.8", "import_origin": "318.6", "import_consigment": "834.8"}, {"country": "Lithuania", "year": "2020", "timeperiod": "7", "export": "487.6", "import_origin": "463.4", "import_consigment": "2942.3"}, {"country": "Lithuania", "year": "2020", "timeperiod": "8", "export": "253.9", "import_origin": "71.0", "import_consigment": "4092.1"}, {"country": "Lithuania", "year": "2020", "timeperiod": "9", "export": "157.5", "import_origin": "686.8", "import_consigment": "2763.5"}, {"country": "Lithuania", "year": "2020", "timeperiod": "10", "export": "198.7", "import_origin": "234.7", "import_consigment": "1775.3"}, {"country": "Lithuania", "year": "2020", "timeperiod": "11", "export": "404.3", "import_origin": "320.6", "import_consigment": "1585.7"}, {"country": "Lithuania", "year": "2020", "timeperiod": "12", "export": "486.6", "import_origin": "178.1", "import_consigment": "2395.9"}, {"country": "Lithuania", "year": "2020", "timeperiod": "Year", "export": "2977.9", "import_origin": "3478.2", "import_consigment": "23413.2"}, {"country": "Lithuania", "year": "2019", "timeperiod": "1", "export": "83.4", "import_origin": "187.1", "import_consigment": "415.7"}, {"country": "Lithuania", "year": "2019", "timeperiod": "2", "export": "327.6", "import_origin": "475.2", "import_consigment": "3013.3"}, {"country": "Lithuania", "year": "2019", "timeperiod": "3", "export": "386.2", "import_origin": "560.5", "import_consigment": "894.0"}, {"country": "Lithuania", "year": "2019", "timeperiod": "4", "export": "265.5", "import_origin": "535.5", "import_consigment": "890.6"}, {"country": "Lithuania", "year": "2019", "timeperiod": "5", "export": "305.4", "import_origin": "505.6", "import_consigment": "1372.9"}, {"country": "Lithuania", "year": "2019", "timeperiod": "6", "export": "297.7", "import_origin": "490.2", "import_consigment": "1912.3"}, {"country": "Lithuania", "year": "2019", "timeperiod": "7", "export": "245.2", "import_origin": "294.5", "import_consigment": "1225.0"}]}