{"data": [{"country": "Thailand", "year": "2020", "timeperiod": "Year", "export": "808.1", "import_origin": "21190.2", "import_consigment": "13068.7"}, {"country": "Thailand", "year": "2019", "timeperiod": "1", "export": "94.4", "import_origin": "1582.1", "import_consigment": "917.7"}, {"country": "Thailand", "year": "2019", "timeperiod": "2", "export": "69.8", "import_origin": "2562.9", "import_consigment": "1516.5"}, {"country": "Thailand", "year": "2019", "timeperiod": "3", "export": "229.0", "import_origin": "1553.4", "import_consigment": "913.9"}, {"country": "Thailand", "year": "2019", "timeperiod": "4", "export": "104.4", "import_origin": "1860.1", "import_consigment": "1180.9"}, {"country": "Thailand", "year": "2019", "timeperiod": "5", "export": "44.1", "import_origin": "1898.6", "import_consigment": "1038.4"}, {"country": "Thailand", "year": "2019", "timeperiod": "6", "export": "62.5", "import_origin": "1539.4", "import_consigment": "949.6"}, {"country": "Thailand", "year": "2019", "timeperiod": "7", "export": "38.6", "import_origin": "1829.7", "import_consigment": "1010.0"}, {"country": "Thailand", "year": "2019", "timeperiod": "8", "export": "0.1", "import_origin": "1491.8", "import_consigment": "555.8"}, {"country": "Thailand", "year": "2019", "timeperiod": "9", "export": "27.1", "import_origin": "2206.2", "import_consigment": "1169.5"}, {"country": "Thailand", "year": "2019", "timeperiod": "10", "export": "-", "import_origin": "1859.8", "import_consigment": "1050.6"}, {"country": "Thailand", "year": "2019", "timeperiod": "11", "export": "235.8", "import_origin": "3009.5", "import_consigment": "2078.2"}, {"country": "Thailand", "year": "2019", "timeperiod": "12", "export": "-", "import_origin": "2712.6", "import_consigment": "1496.4"}, {"country": "Thailand", "year": "2019", "timeperiod": "Year", "export": "905.7", "import_origin": "24106.3", "import_consigment": "13877.3"}, {"country": "Thailand", "year": "2018", "timeperiod": "1", "export": "53.5", "import_origin": "1258.8", "import_consigment": "753.7"}, {"country": "Thailand", "year": "2018", "timeperiod": "2", "export": "251.0", "import_origin": "1737.9", "import_consigment": "666.6"}, {"country": "Thailand", "year": "2018", "timeperiod": "3", "export": "14.1", "import_origin": "2329.9", "import_consigment": "930.5"}, {"country": "Thailand", "year": "2018", "timeperiod": "4", "export": "186.6", "import_origin": "1238.5", "import_consigment": "516.5"}, {"country": "Thailand", "year": "2018", "timeperiod": "5", "export": "64.3", "import_origin": "1767.7", "import_consigment": "681.4"}, {"country": "Thailand", "year": "2018", "timeperiod": "6", "export": "7.9", "import_origin": "2408.2", "import_consigment": "975.0"}, {"country": "Thailand", "year": "2018", "timeperiod": "7", "export": "83.4", "import_origin": "1442.6", "import_consigment": "547.8"}, {"country": "Thailand", "year": "2018", "timeperiod": "8", "export": "40.4", "import_origin": "1495.6", "import_consigment": "648.3"}, {"country": "Thailand", "year": "2018", "timeperiod": "9", "export": "0.4", "import_origin": "2191.2", "import_consigment": "633.2"}, {"country": "Thailand", "year": "2018", "timeperiod": "10", "export": "14.7", "import_origin": "2284.9", "import_consigment": "1308.7"}, {"country": "Thailand", "year": "2018", "timeperiod": "11", "export": "39.0", "import_origin": "2322.1", "import_consigment": "529.1"}]}