{"data": [{"country": "France", "year": "2018", "timeperiod": "12", "export": "1172.1", "import_origin": "9746.2", "import_consigment": "7470.9"}, {"country": "France", "year": "2018", "timeperiod": "Year", "export": "8625.3", "import_origin": "110153.4", "import_consigment": "86249.9"}, {"country": "France", "year": "2017", "timeperiod": "1", "export": "86.3", "import_origin": "2555.8", "import_consigment": "1843.1"}, {"country": "France", "year": "2017", "timeperiod": "2", "export": "634.9", "import_origin": "4583.6", "import_consigment": "2873.5"}, {"country": "France", "year": "2017", "timeperiod": "3", "export": "493.4", "import_origin": "4563.2", "import_consigment": "3411.0"}, {"country": "France", "year": "2017", "timeperiod": "4", "export": "519.7", "import_origin": "4356.0", "import_consigment": "3780.7"}, {"country": "France", "year": "2017", "timeperiod": "5", "export": "205.6", "import_origin": "2414.0", "import_consigment": "1424.1"}, {"country": "France", "year": "2017", "timeperiod": "6", "export": "151.8", "import_origin": "4562.4", "import_consigment": "1657.9"}, {"country": "France", "year": "2017", "timeperiod": "7", "export": "101.7", "import_origin": "7875.4", "import_consigment": "6152.7"}, {"country": "France", "year": "2017", "timeperiod": "8", "export": "602.5", "import_origin": "6140.6", "import_consigment": "5423.8"}, {"country": "France", "year": "2017", "timeperiod": "9", "export": "513.0", "import_origin": "7995.8", "import_consigment": "6741.4"}, {"country": "France", "year": "2017", "timeperiod": "10", "export": "464.5", "import_origin": "8785.3", "import_consigment": "7428.0"}, {"country": "France", "year": "2017", "timeperiod": "11", "export": "401.7", "import_origin": "9501.9", "import_consigment": "6410.2"}, {"country": "France", "year": "2017", "timeperiod": "12", "export": "565.1", "import_origin": "10205.0", "import_consigment": "6434.2"}, {"country": "France", "year": "2017", "timeperiod": "Year", "export": "4740.3", "import_origin": "73539.0", "import_consigment": "53580.7"}, {"country": "French Guiana", "year": "2019", "timeperiod": "10", "export": "-", "import_origin": "-", "import_consigment": "6.0"}, {"country": "French Guiana", "year": "2019", "timeperiod": "Year", "export": "-", "import_origin": "-", "import_consigment": "6.0"}, {"country": "French Polynesia", "year": "2022", "timeperiod": "1", "export": "-", "import_origin": "0.3", "import_consigment": "-"}, {"country": "French Polynesia", "year": "2022", "timeperiod": "3", "export": "-", "import_origin": "0.1", "import_consigment": "-"}, {"country": "French Polynesia", "year": "2022", "timeperiod": "7", "export": "-", "import_origin": "0.2", "import_consigment": "-"}, {"country": "French Polynesia", "year": "2022", "timeperiod": "8", "export": "-", "import_origin": "0.2", "import_consigment": "-"}, {"country": "French Polynesia", "year": "2022", "timeperiod": "11", "export": "-", "import_origin": "-", "import_consigment": "-"}, {"country": "French Polynesia", "year": "2022", "timeperiod": "Year", "export": "-", "import_origin": "0.9", "import_consigment": "-"}, {"country": "Djibouti", "year": "2021", "timeperiod": "6", "export": "-", "import_origin": "-", "import_consigment": "51.0"}, {"country": "Djibouti", "year": "2021", "timeperiod": "7", "export": "-", "import_origin": "-", "import_consigment": "-"}]}