{"data": [{"country": "Bulgaria", "year": "2018", "timeperiod": "1", "export": "21640.3", "import_origin": "7275.8", "import_consigment": "6627.0"}, {"country": "Bulgaria", "year": "2018", "timeperiod": "2", "export": "22323.5", "import_origin": "1818.0", "import_consigment": "1928.7"}, {"country": "Bulgaria", "year": "2018", "timeperiod": "3", "export": "19035.5", "import_origin": "1557.9", "import_consigment": "1876.3"}, {"country": "Bulgaria", "year": "2018", "timeperiod": "4", "export": "22228.2", "import_origin": "1249.5", "import_consigment": "1781.1"}, {"country": "Bulgaria", "year": "2018", "timeperiod": "5", "export": "17650.7", "import_origin": "2776.5", "import_consigment": "2039.3"}, {"country": "Bulgaria", "year": "2018", "timeperiod": "6", "export": "21377.6", "import_origin": "3242.4", "import_consigment": "2079.2"}, {"country": "Bulgaria", "year": "2018", "timeperiod": "7", "export": "18357.6", "import_origin": "2554.6", "import_consigment": "2342.7"}, {"country": "Bulgaria", "year": "2018", "timeperiod": "8", "export": "19000.6", "import_origin": "3351.4", "import_consigment": "2726.3"}, {"country": "Bulgaria", "year": "2018", "timeperiod": "9", "export": "14683.2", "import_origin": "4605.4", "import_consigment": "4289.6"}, {"country": "Bulgaria", "year": "2018", "timeperiod": "10", "export": "16256.5", "import_origin": "3401.0", "import_consigment": "4030.1"}, {"country": "Bulgaria", "year": "2018", "timeperiod": "11", "export": "8195.4", "import_origin": "3881.0", "import_consigment": "4141.1"}, {"country": "Bulgaria", "year": "2018", "timeperiod": "12", "export": "14139.9", "import_origin": "8058.2", "import_consigment": "7105.6"}, {"country": "Bulgaria", "year": "2018", "timeperiod": "Year", "export": "214889.1", "import_origin": "43771.6", "import_consigment": "40966.8"}, {"country": "Bulgaria", "year": "2017", "timeperiod": "1", "export": "18309.4", "import_origin": "1051.7", "import_consigment": "882.9"}, {"country": "Bulgaria", "year": "2017", "timeperiod": "2", "export": "18542.1", "import_origin": "3130.8", "import_consigment": "3349.6"}, {"country": "Bulgaria", "year": "2017", "timeperiod": "3", "export": "19816.7", "import_origin": "1708.0", "import_consigment": "2414.9"}, {"country": "Bulgaria", "year": "2017", "timeperiod": "4", "export": "23148.6", "import_origin": "1538.1", "import_consigment": "2194.3"}, {"country": "Bulgaria", "year": "2017", "timeperiod": "5", "export": "17889.7", "import_origin": "2787.6", "import_consigment": "2698.1"}, {"country": "Bulgaria", "year": "2017", "timeperiod": "6", "export": "32285.5", "import_origin": "4804.7", "import_consigment": "3975.2"}, {"country": "Bulgaria", "year": "2017", "timeperiod": "7", "export": "26940.7", "import_origin": "5199.1", "import_consigment": "4942.8"}, {"country": "Bulgaria", "year": "2017", "timeperiod": "8", "export": "24875.4", "import_origin": "2005.2", "import_consigment": "2494.4"}, {"country": "Bulgaria", "year": "2017", "timeperiod": "9", "export": "23401.9", "import_origin": "3836.8", "import_consigment": "4373.1"}, {"country": "Bulgaria", "year": "2017", "timeperiod": "10", "export": "27650.5", "import_origin": "5798.5", "import_consigment": "6486.6"}, {"country": "Bulgaria", "year": "2017", "timeperiod": "11", "export": "24938.5", "import_origin": "3202.2", "import_consigment": "2669.4"}, {"country": "Bulgaria", "year": "2017", "timeperiod": "12", "export": "24533.4", "import_origin": "4903.9", "import_consigment": "4669.3"}]}