{"data": [{"country": "Uzbekistan", "year": "2021", "timeperiod": "12", "export": "400.1", "import_origin": "1471.1", "import_consigment": "1230.2"}, {"country": "Uzbekistan", "year": "2021", "timeperiod": "Year", "export": "3007.9", "import_origin": "11828.5", "import_consigment": "10428.9"}, {"country": "Uzbekistan", "year": "2020", "timeperiod": "1", "export": "3.8", "import_origin": "415.2", "import_consigment": "44.9"}, {"country": "Uzbekistan", "year": "2020", "timeperiod": "2", "export": "319.6", "import_origin": "592.8", "import_consigment": "332.6"}, {"country": "Uzbekistan", "year": "2020", "timeperiod": "3", "export": "416.2", "import_origin": "574.2", "import_consigment": "399.3"}, {"country": "Uzbekistan", "year": "2020", "timeperiod": "4", "export": "173.5", "import_origin": "453.6", "import_consigment": "369.8"}, {"country": "Uzbekistan", "year": "2020", "timeperiod": "5", "export": "163.3", "import_origin": "270.1", "import_consigment": "138.9"}, {"country": "Uzbekistan", "year": "2020", "timeperiod": "6", "export": "80.5", "import_origin": "296.2", "import_consigment": "280.2"}, {"country": "Uzbekistan", "year": "2020", "timeperiod": "7", "export": "240.5", "import_origin": "788.8", "import_consigment": "659.8"}, {"country": "Uzbekistan", "year": "2020", "timeperiod": "8", "export": "269.5", "import_origin": "320.8", "import_consigment": "219.4"}, {"country": "Uzbekistan", "year": "2020", "timeperiod": "9", "export": "287.6", "import_origin": "808.5", "import_consigment": "764.7"}, {"country": "Uzbekistan", "year": "2020", "timeperiod": "10", "export": "331.6", "import_origin": "525.4", "import_consigment": "474.1"}, {"country": "Uzbekistan", "year": "2020", "timeperiod": "11", "export": "179.4", "import_origin": "272.9", "import_consigment": "240.5"}, {"country": "Uzbekistan", "year": "2020", "timeperiod": "12", "export": "504.6", "import_origin": "803.4", "import_consigment": "738.8"}, {"country": "Uzbekistan", "year": "2020", "timeperiod": "Year", "export": "2970.2", "import_origin": "6121.9", "import_consigment": "4662.8"}, {"country": "Uzbekistan", "year": "2019", "timeperiod": "1", "export": "-", "import_origin": "22.3", "import_consigment": "23.2"}, {"country": "Uzbekistan", "year": "2019", "timeperiod": "2", "export": "80.5", "import_origin": "144.7", "import_consigment": "143.5"}, {"country": "Uzbekistan", "year": "2019", "timeperiod": "3", "export": "288.5", "import_origin": "150.2", "import_consigment": "141.8"}, {"country": "Uzbekistan", "year": "2019", "timeperiod": "4", "export": "133.0", "import_origin": "153.3", "import_consigment": "118.7"}, {"country": "Uzbekistan", "year": "2019", "timeperiod": "5", "export": "193.1", "import_origin": "180.1", "import_consigment": "144.2"}, {"country": "Uzbekistan", "year": "2019", "timeperiod": "6", "export": "237.2", "import_origin": "207.4", "import_consigment": "197.4"}, {"country": "Uzbekistan", "year": "2019", "timeperiod": "7", "export": "156.8", "import_origin": "374.8", "import_consigment": "367.5"}, {"country": "Uzbekistan", "year": "2019", "timeperiod": "8", "export": "213.7", "import_origin": "190.0", "import_consigment": "144.9"}, {"country": "Uzbekistan", "year": "2019", "timeperiod": "9", "export": "344.8", "import_origin": "310.5", "import_consigment": "296.5"}, {"country": "Uzbekistan", "year": "2019", "timeperiod": "10", "export": "152.9", "import_origin": "508.5", "import_consigment": "480.0"}]}