{"data": [{"country": "Korea, DPR of", "year": "2018", "timeperiod": "8", "export": "-", "import_origin": "3.0", "import_consigment": "-"}, {"country": "Korea, DPR of", "year": "2018", "timeperiod": "9", "export": "-", "import_origin": "2.3", "import_consigment": "-"}, {"country": "Korea, DPR of", "year": "2018", "timeperiod": "10", "export": "-", "import_origin": "0.9", "import_consigment": "-"}, {"country": "Korea, DPR of", "year": "2018", "timeperiod": "11", "export": "-", "import_origin": "5.9", "import_consigment": "-"}, {"country": "Korea, DPR of", "year": "2018", "timeperiod": "12", "export": "-", "import_origin": "11.1", "import_consigment": "1.2"}, {"country": "Korea, DPR of", "year": "2018", "timeperiod": "Year", "export": "-", "import_origin": "181.0", "import_consigment": "1.2"}, {"country": "Korea, DPR of", "year": "2017", "timeperiod": "1", "export": "-", "import_origin": "0.4", "import_consigment": "-"}, {"country": "Korea, DPR of", "year": "2017", "timeperiod": "2", "export": "-", "import_origin": "1.7", "import_consigment": "-"}, {"country": "Korea, DPR of", "year": "2017", "timeperiod": "3", "export": "-", "import_origin": "21.5", "import_consigment": "-"}, {"country": "Korea, DPR of", "year": "2017", "timeperiod": "4", "export": "-", "import_origin": "4.6", "import_consigment": "-"}, {"country": "Korea, DPR of", "year": "2017", "timeperiod": "5", "export": "-", "import_origin": "6.3", "import_consigment": "-"}, {"country": "Korea, DPR of", "year": "2017", "timeperiod": "6", "export": "-", "import_origin": "2.2", "import_consigment": "-"}, {"country": "Korea, DPR of", "year": "2017", "timeperiod": "7", "export": "-", "import_origin": "32.6", "import_consigment": "-"}, {"country": "Korea, DPR of", "year": "2017", "timeperiod": "8", "export": "-", "import_origin": "19.0", "import_consigment": "14.4"}, {"country": "Korea, DPR of", "year": "2017", "timeperiod": "9", "export": "-", "import_origin": "355.4", "import_consigment": "-"}, {"country": "Korea, DPR of", "year": "2017", "timeperiod": "10", "export": "-", "import_origin": "85.3", "import_consigment": "-"}, {"country": "Korea, DPR of", "year": "2017", "timeperiod": "11", "export": "-", "import_origin": "13.4", "import_consigment": "-"}, {"country": "Korea, DPR of", "year": "2017", "timeperiod": "12", "export": "-", "import_origin": "3.7", "import_consigment": "-"}, {"country": "Korea, DPR of", "year": "2017", "timeperiod": "Year", "export": "-", "import_origin": "546.3", "import_consigment": "14.4"}, {"country": "Korea, Republic of", "year": "2023", "timeperiod": "1", "export": "2710.1", "import_origin": "9534.5", "import_consigment": "3476.7"}, {"country": "Korea, Republic of", "year": "2023", "timeperiod": "Year", "export": "2710.1", "import_origin": "9534.5", "import_consigment": "3476.7"}, {"country": "Korea, Republic of", "year": "2022", "timeperiod": "1", "export": "19.7", "import_origin": "3477.9", "import_consigment": "1293.0"}, {"country": "Korea, Republic of", "year": "2022", "timeperiod": "2", "export": "13.4", "import_origin": "4734.1", "import_consigment": "2079.8"}, {"country": "Korea, Republic of", "year": "2022", "timeperiod": "3", "export": "20.8", "import_origin": "5043.5", "import_consigment": "3163.6"}, {"country": "Korea, Republic of", "year": "2022", "timeperiod": "4", "export": "71.2", "import_origin": "5353.7", "import_consigment": "2603.6"}]}