{"data": [{"country": "Sao Tome and Principe", "year": "2022", "timeperiod": "8", "export": "-", "import_origin": "0.6", "import_consigment": "-"}, {"country": "Sao Tome and Principe", "year": "2022", "timeperiod": "12", "export": "-", "import_origin": "-", "import_consigment": "-"}, {"country": "Sao Tome and Principe", "year": "2022", "timeperiod": "Year", "export": "-", "import_origin": "0.6", "import_consigment": "-"}, {"country": "Sao Tome and Principe", "year": "2021", "timeperiod": "8", "export": "-", "import_origin": "3.4", "import_consigment": "-"}, {"country": "Sao Tome and Principe", "year": "2021", "timeperiod": "Year", "export": "-", "import_origin": "3.4", "import_consigment": "-"}, {"country": "Saudi Arabia", "year": "2023", "timeperiod": "1", "export": "122.2", "import_origin": "516.1", "import_consigment": "399.1"}, {"country": "Saudi Arabia", "year": "2023", "timeperiod": "Year", "export": "122.2", "import_origin": "516.1", "import_consigment": "399.1"}, {"country": "Saudi Arabia", "year": "2022", "timeperiod": "1", "export": "2.3", "import_origin": "0.4", "import_consigment": "-"}, {"country": "Saudi Arabia", "year": "2022", "timeperiod": "2", "export": "249.1", "import_origin": "25.2", "import_consigment": "-"}, {"country": "Saudi Arabia", "year": "2022", "timeperiod": "3", "export": "92.4", "import_origin": "186.0", "import_consigment": "182.1"}, {"country": "Saudi Arabia", "year": "2022", "timeperiod": "4", "export": "54.0", "import_origin": "112.7", "import_consigment": "-"}, {"country": "Saudi Arabia", "year": "2022", "timeperiod": "5", "export": "359.6", "import_origin": "421.8", "import_consigment": "372.2"}, {"country": "Saudi Arabia", "year": "2022", "timeperiod": "6", "export": "58.7", "import_origin": "144.1", "import_consigment": "136.7"}, {"country": "Saudi Arabia", "year": "2022", "timeperiod": "7", "export": "19.4", "import_origin": "336.8", "import_consigment": "176.8"}, {"country": "Saudi Arabia", "year": "2022", "timeperiod": "8", "export": "81.2", "import_origin": "365.2", "import_consigment": "120.7"}, {"country": "Saudi Arabia", "year": "2022", "timeperiod": "9", "export": "5.8", "import_origin": "307.0", "import_consigment": "141.4"}, {"country": "Saudi Arabia", "year": "2022", "timeperiod": "10", "export": "22.0", "import_origin": "447.6", "import_consigment": "205.1"}, {"country": "Saudi Arabia", "year": "2022", "timeperiod": "11", "export": "114.1", "import_origin": "328.7", "import_consigment": "286.0"}, {"country": "Saudi Arabia", "year": "2022", "timeperiod": "12", "export": "194.0", "import_origin": "368.5", "import_consigment": "184.9"}, {"country": "Saudi Arabia", "year": "2022", "timeperiod": "Year", "export": "1252.6", "import_origin": "3044.0", "import_consigment": "1805.9"}, {"country": "Saudi Arabia", "year": "2021", "timeperiod": "1", "export": "3.7", "import_origin": "37.0", "import_consigment": "38.1"}, {"country": "Saudi Arabia", "year": "2021", "timeperiod": "2", "export": "92.4", "import_origin": "77.0", "import_consigment": "74.1"}, {"country": "Saudi Arabia", "year": "2021", "timeperiod": "3", "export": "252.2", "import_origin": "77.4", "import_consigment": "52.5"}, {"country": "Saudi Arabia", "year": "2021", "timeperiod": "4", "export": "151.3", "import_origin": "19.9", "import_consigment": "0.2"}, {"country": "Saudi Arabia", "year": "2021", "timeperiod": "5", "export": "168.3", "import_origin": "321.5", "import_consigment": "271.6"}]}