{"data": [{"country": "Saint Kitts and Nevis", "year": "2018", "timeperiod": "Year", "export": "-", "import_origin": "0.1", "import_consigment": "-"}, {"country": "Anguilla", "year": "2023", "timeperiod": "1", "export": "-", "import_origin": "88.1", "import_consigment": "-"}, {"country": "Anguilla", "year": "2023", "timeperiod": "Year", "export": "-", "import_origin": "88.1", "import_consigment": "-"}, {"country": "Anguilla", "year": "2022", "timeperiod": "1", "export": "-", "import_origin": "37.6", "import_consigment": "-"}, {"country": "Anguilla", "year": "2022", "timeperiod": "2", "export": "-", "import_origin": "4.4", "import_consigment": "-"}, {"country": "Anguilla", "year": "2022", "timeperiod": "4", "export": "-", "import_origin": "75.1", "import_consigment": "-"}, {"country": "Anguilla", "year": "2022", "timeperiod": "5", "export": "-", "import_origin": "1.8", "import_consigment": "-"}, {"country": "Anguilla", "year": "2022", "timeperiod": "6", "export": "-", "import_origin": "14.5", "import_consigment": "-"}, {"country": "Anguilla", "year": "2022", "timeperiod": "7", "export": "-", "import_origin": "52.0", "import_consigment": "-"}, {"country": "Anguilla", "year": "2022", "timeperiod": "8", "export": "-", "import_origin": "10.8", "import_consigment": "-"}, {"country": "Anguilla", "year": "2022", "timeperiod": "9", "export": "-", "import_origin": "28.7", "import_consigment": "-"}, {"country": "Anguilla", "year": "2022", "timeperiod": "10", "export": "-", "import_origin": "120.3", "import_consigment": "-"}, {"country": "Anguilla", "year": "2022", "timeperiod": "11", "export": "-", "import_origin": "18.4", "import_consigment": "-"}, {"country": "Anguilla", "year": "2022", "timeperiod": "12", "export": "-", "import_origin": "49.0", "import_consigment": "-"}, {"country": "Anguilla", "year": "2022", "timeperiod": "Year", "export": "-", "import_origin": "412.5", "import_consigment": "-"}, {"country": "Anguilla", "year": "2021", "timeperiod": "1", "export": "-", "import_origin": "0.1", "import_consigment": "-"}, {"country": "Anguilla", "year": "2021", "timeperiod": "2", "export": "-", "import_origin": "28.9", "import_consigment": "-"}, {"country": "Anguilla", "year": "2021", "timeperiod": "3", "export": "-", "import_origin": "19.3", "import_consigment": "-"}, {"country": "Anguilla", "year": "2021", "timeperiod": "4", "export": "-", "import_origin": "27.0", "import_consigment": "-"}, {"country": "Anguilla", "year": "2021", "timeperiod": "5", "export": "-", "import_origin": "31.7", "import_consigment": "-"}, {"country": "Anguilla", "year": "2021", "timeperiod": "6", "export": "-", "import_origin": "19.3", "import_consigment": "-"}, {"country": "Anguilla", "year": "2021", "timeperiod": "7", "export": "-", "import_origin": "13.7", "import_consigment": "-"}, {"country": "Anguilla", "year": "2021", "timeperiod": "8", "export": "-", "import_origin": "56.5", "import_consigment": "-"}, {"country": "Anguilla", "year": "2021", "timeperiod": "9", "export": "-", "import_origin": "44.3", "import_consigment": "-"}, {"country": "Anguilla", "year": "2021", "timeperiod": "10", "export": "-", "import_origin": "639.7", "import_consigment": "-"}]}