{"data": [{"country": "Hong Kong", "year": "2018", "timeperiod": "10", "export": "646.0", "import_origin": "759.6", "import_consigment": "4815.3"}, {"country": "Hong Kong", "year": "2018", "timeperiod": "11", "export": "108.8", "import_origin": "188.2", "import_consigment": "4780.2"}, {"country": "Hong Kong", "year": "2018", "timeperiod": "12", "export": "382.9", "import_origin": "1114.6", "import_consigment": "5227.9"}, {"country": "Hong Kong", "year": "2018", "timeperiod": "Year", "export": "5813.8", "import_origin": "9963.2", "import_consigment": "68770.4"}, {"country": "Hong Kong", "year": "2017", "timeperiod": "1", "export": "159.4", "import_origin": "440.4", "import_consigment": "1068.9"}, {"country": "Hong Kong", "year": "2017", "timeperiod": "2", "export": "92.1", "import_origin": "39.3", "import_consigment": "2708.2"}, {"country": "Hong Kong", "year": "2017", "timeperiod": "3", "export": "42.8", "import_origin": "65.6", "import_consigment": "1258.4"}, {"country": "Hong Kong", "year": "2017", "timeperiod": "4", "export": "0.1", "import_origin": "264.2", "import_consigment": "1695.6"}, {"country": "Hong Kong", "year": "2017", "timeperiod": "5", "export": "11.0", "import_origin": "680.1", "import_consigment": "1144.8"}, {"country": "Hong Kong", "year": "2017", "timeperiod": "6", "export": "222.6", "import_origin": "499.8", "import_consigment": "4894.7"}, {"country": "Hong Kong", "year": "2017", "timeperiod": "7", "export": "96.0", "import_origin": "712.0", "import_consigment": "2300.7"}, {"country": "Hong Kong", "year": "2017", "timeperiod": "8", "export": "10.3", "import_origin": "1250.4", "import_consigment": "3632.1"}, {"country": "Hong Kong", "year": "2017", "timeperiod": "9", "export": "188.1", "import_origin": "529.5", "import_consigment": "3814.5"}, {"country": "Hong Kong", "year": "2017", "timeperiod": "10", "export": "8.8", "import_origin": "553.3", "import_consigment": "3769.9"}, {"country": "Hong Kong", "year": "2017", "timeperiod": "11", "export": "58.4", "import_origin": "1252.6", "import_consigment": "3743.5"}, {"country": "Hong Kong", "year": "2017", "timeperiod": "12", "export": "55.8", "import_origin": "140.9", "import_consigment": "2445.6"}, {"country": "Hong Kong", "year": "2017", "timeperiod": "Year", "export": "945.3", "import_origin": "6428.2", "import_consigment": "32477.0"}, {"country": "Hungary", "year": "2023", "timeperiod": "1", "export": "11.9", "import_origin": "1445.4", "import_consigment": "2280.5"}, {"country": "Hungary", "year": "2023", "timeperiod": "Year", "export": "11.9", "import_origin": "1445.4", "import_consigment": "2280.5"}, {"country": "Hungary", "year": "2022", "timeperiod": "1", "export": "103.7", "import_origin": "783.6", "import_consigment": "1528.7"}, {"country": "Hungary", "year": "2022", "timeperiod": "2", "export": "19.8", "import_origin": "1094.3", "import_consigment": "1880.4"}, {"country": "Hungary", "year": "2022", "timeperiod": "3", "export": "0.9", "import_origin": "1273.3", "import_consigment": "2056.2"}, {"country": "Hungary", "year": "2022", "timeperiod": "4", "export": "46.4", "import_origin": "1259.3", "import_consigment": "1771.6"}, {"country": "Hungary", "year": "2022", "timeperiod": "5", "export": "21.2", "import_origin": "2114.7", "import_consigment": "2378.7"}, {"country": "Hungary", "year": "2022", "timeperiod": "6", "export": "43.7", "import_origin": "1447.9", "import_consigment": "2356.3"}]}