{"data": [{"country": "Nigeria", "year": "2018", "timeperiod": "4", "export": "-", "import_origin": "50.7", "import_consigment": "50.7"}, {"country": "Nigeria", "year": "2018", "timeperiod": "5", "export": "-", "import_origin": "61.0", "import_consigment": "-"}, {"country": "Nigeria", "year": "2018", "timeperiod": "10", "export": "-", "import_origin": "59.3", "import_consigment": "-"}, {"country": "Nigeria", "year": "2018", "timeperiod": "11", "export": "-", "import_origin": "228.5", "import_consigment": "-"}, {"country": "Nigeria", "year": "2018", "timeperiod": "Year", "export": "-", "import_origin": "565.2", "import_consigment": "50.7"}, {"country": "Nigeria", "year": "2017", "timeperiod": "2", "export": "-", "import_origin": "75.7", "import_consigment": "-"}, {"country": "Nigeria", "year": "2017", "timeperiod": "4", "export": "-", "import_origin": "119.9", "import_consigment": "-"}, {"country": "Nigeria", "year": "2017", "timeperiod": "5", "export": "-", "import_origin": "59.7", "import_consigment": "-"}, {"country": "Nigeria", "year": "2017", "timeperiod": "6", "export": "-", "import_origin": "56.4", "import_consigment": "-"}, {"country": "Nigeria", "year": "2017", "timeperiod": "7", "export": "-", "import_origin": "166.7", "import_consigment": "-"}, {"country": "Nigeria", "year": "2017", "timeperiod": "8", "export": "-", "import_origin": "0.5", "import_consigment": "-"}, {"country": "Nigeria", "year": "2017", "timeperiod": "9", "export": "-", "import_origin": "53.6", "import_consigment": "-"}, {"country": "Nigeria", "year": "2017", "timeperiod": "10", "export": "-", "import_origin": "167.1", "import_consigment": "-"}, {"country": "Nigeria", "year": "2017", "timeperiod": "12", "export": "-", "import_origin": "0.1", "import_consigment": "-"}, {"country": "Nigeria", "year": "2017", "timeperiod": "Year", "export": "0.1", "import_origin": "699.6", "import_consigment": "-"}, {"country": "Niue", "year": "2023", "timeperiod": "1", "export": "-", "import_origin": "1.0", "import_consigment": "-"}, {"country": "Niue", "year": "2023", "timeperiod": "Year", "export": "-", "import_origin": "1.0", "import_consigment": "-"}, {"country": "Niue", "year": "2022", "timeperiod": "2", "export": "-", "import_origin": "1.5", "import_consigment": "-"}, {"country": "Niue", "year": "2022", "timeperiod": "3", "export": "-", "import_origin": "4.4", "import_consigment": "-"}, {"country": "Niue", "year": "2022", "timeperiod": "5", "export": "-", "import_origin": "1.3", "import_consigment": "-"}, {"country": "Niue", "year": "2022", "timeperiod": "7", "export": "-", "import_origin": "0.8", "import_consigment": "-"}, {"country": "Niue", "year": "2022", "timeperiod": "8", "export": "-", "import_origin": "0.8", "import_consigment": "-"}, {"country": "Niue", "year": "2022", "timeperiod": "9", "export": "-", "import_origin": "0.9", "import_consigment": "-"}, {"country": "Niue", "year": "2022", "timeperiod": "10", "export": "-", "import_origin": "0.9", "import_consigment": "-"}, {"country": "Niue", "year": "2022", "timeperiod": "11", "export": "-", "import_origin": "1.7", "import_consigment": "-"}]}