{"data": [{"country": "Peru", "year": "2022", "timeperiod": "8", "export": "-", "import_origin": "256.8", "import_consigment": "-"}, {"country": "Peru", "year": "2022", "timeperiod": "9", "export": "-", "import_origin": "290.0", "import_consigment": "-"}, {"country": "Peru", "year": "2022", "timeperiod": "10", "export": "-", "import_origin": "227.8", "import_consigment": "-"}, {"country": "Peru", "year": "2022", "timeperiod": "11", "export": "-", "import_origin": "446.5", "import_consigment": "5.7"}, {"country": "Peru", "year": "2022", "timeperiod": "12", "export": "346.3", "import_origin": "195.1", "import_consigment": "0.6"}, {"country": "Peru", "year": "2022", "timeperiod": "Year", "export": "346.3", "import_origin": "2125.6", "import_consigment": "276.0"}, {"country": "Peru", "year": "2021", "timeperiod": "1", "export": "-", "import_origin": "14.9", "import_consigment": "-"}, {"country": "Peru", "year": "2021", "timeperiod": "2", "export": "-", "import_origin": "201.3", "import_consigment": "-"}, {"country": "Peru", "year": "2021", "timeperiod": "3", "export": "-", "import_origin": "121.1", "import_consigment": "-"}, {"country": "Peru", "year": "2021", "timeperiod": "4", "export": "-", "import_origin": "65.8", "import_consigment": "-"}, {"country": "Peru", "year": "2021", "timeperiod": "5", "export": "-", "import_origin": "42.9", "import_consigment": "4.6"}, {"country": "Peru", "year": "2021", "timeperiod": "6", "export": "-", "import_origin": "273.6", "import_consigment": "-"}, {"country": "Peru", "year": "2021", "timeperiod": "7", "export": "-", "import_origin": "139.2", "import_consigment": "-"}, {"country": "Peru", "year": "2021", "timeperiod": "8", "export": "-", "import_origin": "104.9", "import_consigment": "-"}, {"country": "Peru", "year": "2021", "timeperiod": "9", "export": "-", "import_origin": "27.4", "import_consigment": "-"}, {"country": "Peru", "year": "2021", "timeperiod": "10", "export": "-", "import_origin": "31.2", "import_consigment": "-"}, {"country": "Peru", "year": "2021", "timeperiod": "11", "export": "-", "import_origin": "317.1", "import_consigment": "-"}, {"country": "Peru", "year": "2021", "timeperiod": "12", "export": "-", "import_origin": "109.3", "import_consigment": "-"}, {"country": "Peru", "year": "2021", "timeperiod": "Year", "export": "-", "import_origin": "1448.9", "import_consigment": "4.6"}, {"country": "Peru", "year": "2020", "timeperiod": "1", "export": "-", "import_origin": "17.9", "import_consigment": "-"}, {"country": "Peru", "year": "2020", "timeperiod": "2", "export": "-", "import_origin": "10.1", "import_consigment": "-"}, {"country": "Peru", "year": "2020", "timeperiod": "3", "export": "-", "import_origin": "167.1", "import_consigment": "-"}, {"country": "Peru", "year": "2020", "timeperiod": "4", "export": "-", "import_origin": "18.1", "import_consigment": "-"}, {"country": "Peru", "year": "2020", "timeperiod": "5", "export": "-", "import_origin": "42.0", "import_consigment": "-"}, {"country": "Peru", "year": "2020", "timeperiod": "6", "export": "-", "import_origin": "252.6", "import_consigment": "-"}]}