{"data": [{"country": "Monako", "year": "2017", "timeperiod": "6", "export": "-", "import_origin": "0.3", "import_consigment": "-"}, {"country": "Monako", "year": "2017", "timeperiod": "7", "export": "-", "import_origin": "0.4", "import_consigment": "-"}, {"country": "Monako", "year": "2017", "timeperiod": "9", "export": "-", "import_origin": "0.1", "import_consigment": "-"}, {"country": "Monako", "year": "2017", "timeperiod": "10", "export": "-", "import_origin": "0.2", "import_consigment": "-"}, {"country": "Monako", "year": "2017", "timeperiod": "11", "export": "-", "import_origin": "-", "import_consigment": "-"}, {"country": "Monako", "year": "2017", "timeperiod": "12", "export": "-", "import_origin": "4.1", "import_consigment": "20.8"}, {"country": "Monako", "year": "2017", "timeperiod": "Year", "export": "-", "import_origin": "6.9", "import_consigment": "32.0"}, {"country": "Mongolia", "year": "2022", "timeperiod": "1", "export": "56.8", "import_origin": "-", "import_consigment": "-"}, {"country": "Mongolia", "year": "2022", "timeperiod": "3", "export": "31.9", "import_origin": "-", "import_consigment": "-"}, {"country": "Mongolia", "year": "2022", "timeperiod": "4", "export": "174.5", "import_origin": "-", "import_consigment": "-"}, {"country": "Mongolia", "year": "2022", "timeperiod": "5", "export": "206.2", "import_origin": "-", "import_consigment": "-"}, {"country": "Mongolia", "year": "2022", "timeperiod": "6", "export": "32.3", "import_origin": "-", "import_consigment": "-"}, {"country": "Mongolia", "year": "2022", "timeperiod": "7", "export": "97.7", "import_origin": "-", "import_consigment": "2.4"}, {"country": "Mongolia", "year": "2022", "timeperiod": "8", "export": "150.8", "import_origin": "-", "import_consigment": "-"}, {"country": "Mongolia", "year": "2022", "timeperiod": "9", "export": "94.3", "import_origin": "9.4", "import_consigment": "12.2"}, {"country": "Mongolia", "year": "2022", "timeperiod": "10", "export": "-", "import_origin": "-", "import_consigment": "3.9"}, {"country": "Mongolia", "year": "2022", "timeperiod": "11", "export": "73.0", "import_origin": "-", "import_consigment": "-"}, {"country": "Mongolia", "year": "2022", "timeperiod": "Year", "export": "917.6", "import_origin": "9.4", "import_consigment": "18.5"}, {"country": "Mongolia", "year": "2021", "timeperiod": "1", "export": "13.1", "import_origin": "-", "import_consigment": "-"}, {"country": "Mongolia", "year": "2021", "timeperiod": "2", "export": "17.9", "import_origin": "-", "import_consigment": "-"}, {"country": "Mongolia", "year": "2021", "timeperiod": "3", "export": "119.1", "import_origin": "-", "import_consigment": "-"}, {"country": "Mongolia", "year": "2021", "timeperiod": "4", "export": "62.1", "import_origin": "-", "import_consigment": "-"}, {"country": "Mongolia", "year": "2021", "timeperiod": "5", "export": "56.4", "import_origin": "0.2", "import_consigment": "-"}, {"country": "Mongolia", "year": "2021", "timeperiod": "6", "export": "13.1", "import_origin": "-", "import_consigment": "-"}, {"country": "Mongolia", "year": "2021", "timeperiod": "7", "export": "20.4", "import_origin": "-", "import_consigment": "-"}]}