{"data": [{"country": "Faeroe Islands", "year": "2017", "timeperiod": "3", "export": "-", "import_origin": "13.7", "import_consigment": "-"}, {"country": "Faeroe Islands", "year": "2017", "timeperiod": "5", "export": "-", "import_origin": "12.8", "import_consigment": "-"}, {"country": "Faeroe Islands", "year": "2017", "timeperiod": "6", "export": "-", "import_origin": "9.5", "import_consigment": "-"}, {"country": "Faeroe Islands", "year": "2017", "timeperiod": "7", "export": "-", "import_origin": "13.6", "import_consigment": "-"}, {"country": "Faeroe Islands", "year": "2017", "timeperiod": "9", "export": "-", "import_origin": "15.0", "import_consigment": "-"}, {"country": "Faeroe Islands", "year": "2017", "timeperiod": "10", "export": "-", "import_origin": "27.7", "import_consigment": "-"}, {"country": "Faeroe Islands", "year": "2017", "timeperiod": "11", "export": "-", "import_origin": "19.5", "import_consigment": "-"}, {"country": "Faeroe Islands", "year": "2017", "timeperiod": "12", "export": "-", "import_origin": "10.8", "import_consigment": "-"}, {"country": "Faeroe Islands", "year": "2017", "timeperiod": "Year", "export": "-", "import_origin": "135.9", "import_consigment": "-"}, {"country": "Folkland Islands (Malvinas)", "year": "2022", "timeperiod": "2", "export": "-", "import_origin": "0.7", "import_consigment": "-"}, {"country": "Folkland Islands (Malvinas)", "year": "2022", "timeperiod": "Year", "export": "-", "import_origin": "0.7", "import_consigment": "-"}, {"country": "Folkland Islands (Malvinas)", "year": "2021", "timeperiod": "2", "export": "-", "import_origin": "0.1", "import_consigment": "-"}, {"country": "Folkland Islands (Malvinas)", "year": "2021", "timeperiod": "7", "export": "-", "import_origin": "-", "import_consigment": "-"}, {"country": "Folkland Islands (Malvinas)", "year": "2021", "timeperiod": "12", "export": "-", "import_origin": "1.0", "import_consigment": "-"}, {"country": "Folkland Islands (Malvinas)", "year": "2021", "timeperiod": "Year", "export": "-", "import_origin": "1.1", "import_consigment": "-"}, {"country": "Folkland Islands (Malvinas)", "year": "2020", "timeperiod": "8", "export": "-", "import_origin": "0.1", "import_consigment": "-"}, {"country": "Folkland Islands (Malvinas)", "year": "2020", "timeperiod": "11", "export": "-", "import_origin": "0.3", "import_consigment": "-"}, {"country": "Folkland Islands (Malvinas)", "year": "2020", "timeperiod": "12", "export": "-", "import_origin": "0.3", "import_consigment": "-"}, {"country": "Folkland Islands (Malvinas)", "year": "2020", "timeperiod": "Year", "export": "-", "import_origin": "0.6", "import_consigment": "-"}, {"country": "Folkland Islands (Malvinas)", "year": "2018", "timeperiod": "1", "export": "-", "import_origin": "0.7", "import_consigment": "-"}, {"country": "Folkland Islands (Malvinas)", "year": "2018", "timeperiod": "2", "export": "-", "import_origin": "2.5", "import_consigment": "-"}, {"country": "Folkland Islands (Malvinas)", "year": "2018", "timeperiod": "Year", "export": "-", "import_origin": "3.2", "import_consigment": "-"}, {"country": "Fiji", "year": "2023", "timeperiod": "1", "export": "-", "import_origin": "3.0", "import_consigment": "-"}, {"country": "Fiji", "year": "2023", "timeperiod": "Year", "export": "-", "import_origin": "3.0", "import_consigment": "-"}, {"country": "Fiji", "year": "2022", "timeperiod": "2", "export": "-", "import_origin": "1.3", "import_consigment": "-"}]}