{"data": [{"country": "United Arab Emirates", "year": "2022", "timeperiod": "6", "export": "48684.8", "import_origin": "8829.3", "import_consigment": "27780.4"}, {"country": "United Arab Emirates", "year": "2022", "timeperiod": "7", "export": "35892.8", "import_origin": "5422.5", "import_consigment": "34291.3"}, {"country": "United Arab Emirates", "year": "2022", "timeperiod": "8", "export": "70608.9", "import_origin": "5534.2", "import_consigment": "69705.1"}, {"country": "United Arab Emirates", "year": "2022", "timeperiod": "9", "export": "49428.6", "import_origin": "3269.2", "import_consigment": "62714.7"}, {"country": "United Arab Emirates", "year": "2022", "timeperiod": "10", "export": "137105.5", "import_origin": "5880.0", "import_consigment": "65846.2"}, {"country": "United Arab Emirates", "year": "2022", "timeperiod": "11", "export": "63142.6", "import_origin": "9942.3", "import_consigment": "66942.5"}, {"country": "United Arab Emirates", "year": "2022", "timeperiod": "12", "export": "54904.2", "import_origin": "4321.7", "import_consigment": "80753.3"}, {"country": "United Arab Emirates", "year": "2022", "timeperiod": "Year", "export": "534124.7", "import_origin": "59044.1", "import_consigment": "470935.2"}, {"country": "United Arab Emirates", "year": "2021", "timeperiod": "1", "export": "5807.7", "import_origin": "816.9", "import_consigment": "8182.7"}, {"country": "United Arab Emirates", "year": "2021", "timeperiod": "2", "export": "4573.6", "import_origin": "4701.6", "import_consigment": "7846.8"}, {"country": "United Arab Emirates", "year": "2021", "timeperiod": "3", "export": "8683.2", "import_origin": "2428.2", "import_consigment": "7947.5"}, {"country": "United Arab Emirates", "year": "2021", "timeperiod": "4", "export": "4162.4", "import_origin": "3131.2", "import_consigment": "11540.1"}, {"country": "United Arab Emirates", "year": "2021", "timeperiod": "5", "export": "9943.7", "import_origin": "3357.5", "import_consigment": "7316.3"}, {"country": "United Arab Emirates", "year": "2021", "timeperiod": "6", "export": "7665.6", "import_origin": "3442.4", "import_consigment": "8331.3"}, {"country": "United Arab Emirates", "year": "2021", "timeperiod": "7", "export": "3102.3", "import_origin": "3399.5", "import_consigment": "9524.1"}, {"country": "United Arab Emirates", "year": "2021", "timeperiod": "8", "export": "7117.1", "import_origin": "3727.3", "import_consigment": "9789.7"}, {"country": "United Arab Emirates", "year": "2021", "timeperiod": "9", "export": "8576.5", "import_origin": "2406.0", "import_consigment": "9847.8"}, {"country": "United Arab Emirates", "year": "2021", "timeperiod": "10", "export": "2234.8", "import_origin": "2636.8", "import_consigment": "11518.5"}, {"country": "United Arab Emirates", "year": "2021", "timeperiod": "11", "export": "5570.6", "import_origin": "3862.1", "import_consigment": "13552.7"}, {"country": "United Arab Emirates", "year": "2021", "timeperiod": "12", "export": "6956.6", "import_origin": "3374.9", "import_consigment": "15759.5"}, {"country": "United Arab Emirates", "year": "2021", "timeperiod": "Year", "export": "74394.1", "import_origin": "37284.5", "import_consigment": "121157.0"}, {"country": "United Arab Emirates", "year": "2020", "timeperiod": "1", "export": "19827.6", "import_origin": "1621.2", "import_consigment": "13813.6"}, {"country": "United Arab Emirates", "year": "2020", "timeperiod": "2", "export": "29378.2", "import_origin": "2803.5", "import_consigment": "17530.6"}, {"country": "United Arab Emirates", "year": "2020", "timeperiod": "3", "export": "12949.1", "import_origin": "1826.1", "import_consigment": "6241.7"}, {"country": "United Arab Emirates", "year": "2020", "timeperiod": "4", "export": "1813.4", "import_origin": "440.0", "import_consigment": "3657.0"}]}