{"data": [{"country": "Mauritius", "year": "2019", "timeperiod": "1", "export": "-", "import_origin": "2.9", "import_consigment": "-"}, {"country": "Mauritius", "year": "2019", "timeperiod": "2", "export": "-", "import_origin": "14.1", "import_consigment": "-"}, {"country": "Mauritius", "year": "2019", "timeperiod": "3", "export": "-", "import_origin": "2.4", "import_consigment": "-"}, {"country": "Mauritius", "year": "2019", "timeperiod": "4", "export": "-", "import_origin": "24.4", "import_consigment": "-"}, {"country": "Mauritius", "year": "2019", "timeperiod": "5", "export": "-", "import_origin": "6.2", "import_consigment": "-"}, {"country": "Mauritius", "year": "2019", "timeperiod": "6", "export": "-", "import_origin": "12.1", "import_consigment": "-"}, {"country": "Mauritius", "year": "2019", "timeperiod": "7", "export": "-", "import_origin": "16.1", "import_consigment": "-"}, {"country": "Mauritius", "year": "2019", "timeperiod": "8", "export": "-", "import_origin": "14.0", "import_consigment": "-"}, {"country": "Mauritius", "year": "2019", "timeperiod": "9", "export": "-", "import_origin": "7.2", "import_consigment": "-"}, {"country": "Mauritius", "year": "2019", "timeperiod": "10", "export": "-", "import_origin": "53.6", "import_consigment": "149.5"}, {"country": "Mauritius", "year": "2019", "timeperiod": "11", "export": "-", "import_origin": "33.7", "import_consigment": "20.4"}, {"country": "Mauritius", "year": "2019", "timeperiod": "12", "export": "-", "import_origin": "10.0", "import_consigment": "-"}, {"country": "Mauritius", "year": "2019", "timeperiod": "Year", "export": "-", "import_origin": "196.6", "import_consigment": "170.0"}, {"country": "Mauritius", "year": "2018", "timeperiod": "1", "export": "-", "import_origin": "93.6", "import_consigment": "-"}, {"country": "Mauritius", "year": "2018", "timeperiod": "2", "export": "-", "import_origin": "130.7", "import_consigment": "-"}, {"country": "Mauritius", "year": "2018", "timeperiod": "3", "export": "-", "import_origin": "270.4", "import_consigment": "-"}, {"country": "Mauritius", "year": "2018", "timeperiod": "4", "export": "-", "import_origin": "68.7", "import_consigment": "-"}, {"country": "Mauritius", "year": "2018", "timeperiod": "5", "export": "-", "import_origin": "19.9", "import_consigment": "-"}, {"country": "Mauritius", "year": "2018", "timeperiod": "6", "export": "-", "import_origin": "5.1", "import_consigment": "-"}, {"country": "Mauritius", "year": "2018", "timeperiod": "7", "export": "-", "import_origin": "162.6", "import_consigment": "0.9"}, {"country": "Mauritius", "year": "2018", "timeperiod": "8", "export": "-", "import_origin": "108.7", "import_consigment": "-"}, {"country": "Mauritius", "year": "2018", "timeperiod": "9", "export": "-", "import_origin": "108.9", "import_consigment": "-"}, {"country": "Mauritius", "year": "2018", "timeperiod": "10", "export": "-", "import_origin": "34.2", "import_consigment": "-"}, {"country": "Mauritius", "year": "2018", "timeperiod": "11", "export": "-", "import_origin": "26.3", "import_consigment": "-"}, {"country": "Mauritius", "year": "2018", "timeperiod": "12", "export": "-", "import_origin": "10.3", "import_consigment": "-"}]}