{"data": [{"country": "Madagascar", "year": "2020", "timeperiod": "4", "export": "-", "import_origin": "4.5", "import_consigment": "-"}, {"country": "Madagascar", "year": "2020", "timeperiod": "5", "export": "-", "import_origin": "1.1", "import_consigment": "-"}, {"country": "Madagascar", "year": "2020", "timeperiod": "6", "export": "-", "import_origin": "7.6", "import_consigment": "-"}, {"country": "Madagascar", "year": "2020", "timeperiod": "7", "export": "-", "import_origin": "4.1", "import_consigment": "-"}, {"country": "Madagascar", "year": "2020", "timeperiod": "8", "export": "-", "import_origin": "11.9", "import_consigment": "-"}, {"country": "Madagascar", "year": "2020", "timeperiod": "9", "export": "-", "import_origin": "18.5", "import_consigment": "-"}, {"country": "Madagascar", "year": "2020", "timeperiod": "10", "export": "-", "import_origin": "4.9", "import_consigment": "-"}, {"country": "Madagascar", "year": "2020", "timeperiod": "11", "export": "-", "import_origin": "6.2", "import_consigment": "-"}, {"country": "Madagascar", "year": "2020", "timeperiod": "12", "export": "-", "import_origin": "6.0", "import_consigment": "-"}, {"country": "Madagascar", "year": "2020", "timeperiod": "Year", "export": "-", "import_origin": "243.2", "import_consigment": "-"}, {"country": "Madagascar", "year": "2019", "timeperiod": "1", "export": "-", "import_origin": "39.7", "import_consigment": "-"}, {"country": "Madagascar", "year": "2019", "timeperiod": "2", "export": "-", "import_origin": "10.0", "import_consigment": "-"}, {"country": "Madagascar", "year": "2019", "timeperiod": "3", "export": "-", "import_origin": "8.4", "import_consigment": "-"}, {"country": "Madagascar", "year": "2019", "timeperiod": "4", "export": "-", "import_origin": "7.6", "import_consigment": "-"}, {"country": "Madagascar", "year": "2019", "timeperiod": "5", "export": "-", "import_origin": "5.9", "import_consigment": "-"}, {"country": "Madagascar", "year": "2019", "timeperiod": "6", "export": "-", "import_origin": "1.5", "import_consigment": "-"}, {"country": "Madagascar", "year": "2019", "timeperiod": "7", "export": "-", "import_origin": "13.1", "import_consigment": "-"}, {"country": "Madagascar", "year": "2019", "timeperiod": "8", "export": "-", "import_origin": "32.0", "import_consigment": "-"}, {"country": "Madagascar", "year": "2019", "timeperiod": "9", "export": "-", "import_origin": "10.2", "import_consigment": "-"}, {"country": "Madagascar", "year": "2019", "timeperiod": "10", "export": "-", "import_origin": "17.2", "import_consigment": "-"}, {"country": "Madagascar", "year": "2019", "timeperiod": "11", "export": "-", "import_origin": "19.2", "import_consigment": "-"}, {"country": "Madagascar", "year": "2019", "timeperiod": "12", "export": "-", "import_origin": "26.8", "import_consigment": "-"}, {"country": "Madagascar", "year": "2019", "timeperiod": "Year", "export": "-", "import_origin": "191.7", "import_consigment": "-"}, {"country": "Madagascar", "year": "2018", "timeperiod": "1", "export": "-", "import_origin": "4.0", "import_consigment": "-"}, {"country": "Madagascar", "year": "2018", "timeperiod": "2", "export": "-", "import_origin": "14.2", "import_consigment": "-"}]}