{"data": [{"country": "Unknown country", "year": "2021", "timeperiod": "4", "export": "429.2", "import_origin": "8784.1", "import_consigment": "11.9"}, {"country": "Unknown country", "year": "2021", "timeperiod": "5", "export": "554.5", "import_origin": "6482.7", "import_consigment": "28.0"}, {"country": "Unknown country", "year": "2021", "timeperiod": "6", "export": "533.8", "import_origin": "16589.4", "import_consigment": "63.6"}, {"country": "Unknown country", "year": "2021", "timeperiod": "7", "export": "743.7", "import_origin": "28506.2", "import_consigment": "39.5"}, {"country": "Unknown country", "year": "2021", "timeperiod": "8", "export": "686.4", "import_origin": "12567.3", "import_consigment": "46.9"}, {"country": "Unknown country", "year": "2021", "timeperiod": "9", "export": "1058.1", "import_origin": "8496.9", "import_consigment": "29.4"}, {"country": "Unknown country", "year": "2021", "timeperiod": "10", "export": "1096.7", "import_origin": "21081.4", "import_consigment": "109.7"}, {"country": "Unknown country", "year": "2021", "timeperiod": "11", "export": "989.0", "import_origin": "9627.4", "import_consigment": "38.4"}, {"country": "Unknown country", "year": "2021", "timeperiod": "12", "export": "1356.5", "import_origin": "7518.7", "import_consigment": "54.8"}, {"country": "Unknown country", "year": "2021", "timeperiod": "Year", "export": "8147.9", "import_origin": "128143.9", "import_consigment": "578.8"}, {"country": "Unknown country", "year": "2020", "timeperiod": "1", "export": "564.3", "import_origin": "4178.1", "import_consigment": "57.2"}, {"country": "Unknown country", "year": "2020", "timeperiod": "2", "export": "869.2", "import_origin": "4830.8", "import_consigment": "103.7"}, {"country": "Unknown country", "year": "2020", "timeperiod": "3", "export": "363.7", "import_origin": "6719.5", "import_consigment": "39.8"}, {"country": "Unknown country", "year": "2020", "timeperiod": "4", "export": "18.2", "import_origin": "5456.3", "import_consigment": "75.8"}, {"country": "Unknown country", "year": "2020", "timeperiod": "5", "export": "30.5", "import_origin": "5854.7", "import_consigment": "31.7"}, {"country": "Unknown country", "year": "2020", "timeperiod": "6", "export": "36.4", "import_origin": "9030.9", "import_consigment": "35.1"}, {"country": "Unknown country", "year": "2020", "timeperiod": "7", "export": "75.0", "import_origin": "4625.7", "import_consigment": "91.0"}, {"country": "Unknown country", "year": "2020", "timeperiod": "8", "export": "17.1", "import_origin": "6279.3", "import_consigment": "44.4"}, {"country": "Unknown country", "year": "2020", "timeperiod": "9", "export": "97.9", "import_origin": "5542.4", "import_consigment": "29.8"}, {"country": "Unknown country", "year": "2020", "timeperiod": "10", "export": "79.3", "import_origin": "10389.7", "import_consigment": "89.1"}, {"country": "Unknown country", "year": "2020", "timeperiod": "11", "export": "26.1", "import_origin": "8456.3", "import_consigment": "35.6"}, {"country": "Unknown country", "year": "2020", "timeperiod": "12", "export": "252.0", "import_origin": "9685.0", "import_consigment": "61.1"}, {"country": "Unknown country", "year": "2020", "timeperiod": "Year", "export": "2429.8", "import_origin": "81048.7", "import_consigment": "694.4"}, {"country": "Unknown country", "year": "2019", "timeperiod": "1", "export": "80.6", "import_origin": "3682.1", "import_consigment": "58.1"}, {"country": "Unknown country", "year": "2019", "timeperiod": "2", "export": "304.7", "import_origin": "2432.4", "import_consigment": "57.3"}]}