{"data": [{"country": "Latvia", "year": "2022", "timeperiod": "12", "export": "680.2", "import_origin": "679.6", "import_consigment": "2519.7"}, {"country": "Latvia", "year": "2022", "timeperiod": "Year", "export": "5554.1", "import_origin": "5161.9", "import_consigment": "26195.8"}, {"country": "Latvia", "year": "2021", "timeperiod": "1", "export": "335.3", "import_origin": "222.7", "import_consigment": "288.5"}, {"country": "Latvia", "year": "2021", "timeperiod": "2", "export": "147.4", "import_origin": "246.4", "import_consigment": "466.0"}, {"country": "Latvia", "year": "2021", "timeperiod": "3", "export": "232.3", "import_origin": "336.0", "import_consigment": "613.0"}, {"country": "Latvia", "year": "2021", "timeperiod": "4", "export": "244.4", "import_origin": "365.8", "import_consigment": "970.8"}, {"country": "Latvia", "year": "2021", "timeperiod": "5", "export": "320.2", "import_origin": "484.9", "import_consigment": "675.4"}, {"country": "Latvia", "year": "2021", "timeperiod": "6", "export": "274.3", "import_origin": "482.9", "import_consigment": "1029.9"}, {"country": "Latvia", "year": "2021", "timeperiod": "7", "export": "496.7", "import_origin": "338.5", "import_consigment": "1407.0"}, {"country": "Latvia", "year": "2021", "timeperiod": "8", "export": "412.5", "import_origin": "124.4", "import_consigment": "833.8"}, {"country": "Latvia", "year": "2021", "timeperiod": "9", "export": "456.0", "import_origin": "326.0", "import_consigment": "800.2"}, {"country": "Latvia", "year": "2021", "timeperiod": "10", "export": "756.4", "import_origin": "519.4", "import_consigment": "1034.8"}, {"country": "Latvia", "year": "2021", "timeperiod": "11", "export": "315.6", "import_origin": "502.5", "import_consigment": "1437.7"}, {"country": "Latvia", "year": "2021", "timeperiod": "12", "export": "230.2", "import_origin": "546.4", "import_consigment": "1354.3"}, {"country": "Latvia", "year": "2021", "timeperiod": "Year", "export": "4221.3", "import_origin": "4495.8", "import_consigment": "10911.3"}, {"country": "Latvia", "year": "2020", "timeperiod": "1", "export": "285.3", "import_origin": "137.5", "import_consigment": "502.1"}, {"country": "Latvia", "year": "2020", "timeperiod": "2", "export": "437.0", "import_origin": "392.9", "import_consigment": "1044.2"}, {"country": "Latvia", "year": "2020", "timeperiod": "3", "export": "548.0", "import_origin": "390.3", "import_consigment": "1006.3"}, {"country": "Latvia", "year": "2020", "timeperiod": "4", "export": "124.8", "import_origin": "270.8", "import_consigment": "578.6"}, {"country": "Latvia", "year": "2020", "timeperiod": "5", "export": "71.0", "import_origin": "280.2", "import_consigment": "924.5"}, {"country": "Latvia", "year": "2020", "timeperiod": "6", "export": "295.5", "import_origin": "290.6", "import_consigment": "691.1"}, {"country": "Latvia", "year": "2020", "timeperiod": "7", "export": "385.3", "import_origin": "325.6", "import_consigment": "715.3"}, {"country": "Latvia", "year": "2020", "timeperiod": "8", "export": "191.3", "import_origin": "547.3", "import_consigment": "1163.0"}, {"country": "Latvia", "year": "2020", "timeperiod": "9", "export": "430.1", "import_origin": "270.9", "import_consigment": "1179.3"}, {"country": "Latvia", "year": "2020", "timeperiod": "10", "export": "409.6", "import_origin": "178.1", "import_consigment": "844.4"}]}