{"data": [{"country": "Congo, Democratic Republic of the", "year": "2019", "timeperiod": "2", "export": "-", "import_origin": "-", "import_consigment": "-"}, {"country": "Congo, Democratic Republic of the", "year": "2019", "timeperiod": "9", "export": "-", "import_origin": "0.8", "import_consigment": "-"}, {"country": "Congo, Democratic Republic of the", "year": "2019", "timeperiod": "12", "export": "-", "import_origin": "1.8", "import_consigment": "-"}, {"country": "Congo, Democratic Republic of the", "year": "2019", "timeperiod": "Year", "export": "-", "import_origin": "2.6", "import_consigment": "-"}, {"country": "Congo, Democratic Republic of the", "year": "2018", "timeperiod": "5", "export": "-", "import_origin": "-", "import_consigment": "-"}, {"country": "Congo, Democratic Republic of the", "year": "2018", "timeperiod": "Year", "export": "-", "import_origin": "-", "import_consigment": "-"}, {"country": "Congo, Democratic Republic of the", "year": "2017", "timeperiod": "3", "export": "-", "import_origin": "4.0", "import_consigment": "-"}, {"country": "Congo, Democratic Republic of the", "year": "2017", "timeperiod": "Year", "export": "-", "import_origin": "4.0", "import_consigment": "-"}, {"country": "Cook Islands", "year": "2021", "timeperiod": "4", "export": "-", "import_origin": "0.1", "import_consigment": "-"}, {"country": "Cook Islands", "year": "2021", "timeperiod": "7", "export": "-", "import_origin": "-", "import_consigment": "-"}, {"country": "Cook Islands", "year": "2021", "timeperiod": "9", "export": "-", "import_origin": "-", "import_consigment": "-"}, {"country": "Cook Islands", "year": "2021", "timeperiod": "Year", "export": "-", "import_origin": "0.1", "import_consigment": "-"}, {"country": "Costa Rica", "year": "2023", "timeperiod": "1", "export": "-", "import_origin": "327.2", "import_consigment": "-"}, {"country": "Costa Rica", "year": "2023", "timeperiod": "Year", "export": "-", "import_origin": "327.2", "import_consigment": "-"}, {"country": "Costa Rica", "year": "2022", "timeperiod": "1", "export": "-", "import_origin": "172.5", "import_consigment": "-"}, {"country": "Costa Rica", "year": "2022", "timeperiod": "2", "export": "-", "import_origin": "201.4", "import_consigment": "-"}, {"country": "Costa Rica", "year": "2022", "timeperiod": "3", "export": "-", "import_origin": "190.3", "import_consigment": "12.6"}, {"country": "Costa Rica", "year": "2022", "timeperiod": "4", "export": "-", "import_origin": "107.4", "import_consigment": "-"}, {"country": "Costa Rica", "year": "2022", "timeperiod": "5", "export": "-", "import_origin": "173.5", "import_consigment": "-"}, {"country": "Costa Rica", "year": "2022", "timeperiod": "6", "export": "-", "import_origin": "266.5", "import_consigment": "13.9"}, {"country": "Costa Rica", "year": "2022", "timeperiod": "7", "export": "-", "import_origin": "189.6", "import_consigment": "-"}, {"country": "Costa Rica", "year": "2022", "timeperiod": "8", "export": "-", "import_origin": "260.7", "import_consigment": "27.1"}, {"country": "Costa Rica", "year": "2022", "timeperiod": "9", "export": "-", "import_origin": "202.8", "import_consigment": "14.5"}, {"country": "Costa Rica", "year": "2022", "timeperiod": "10", "export": "-", "import_origin": "270.7", "import_consigment": "68.0"}, {"country": "Costa Rica", "year": "2022", "timeperiod": "11", "export": "-", "import_origin": "345.0", "import_consigment": "14.4"}]}