{"data": [{"country": "Mexico", "year": "2022", "timeperiod": "10", "export": "-", "import_origin": "6953.2", "import_consigment": "392.9"}, {"country": "Mexico", "year": "2022", "timeperiod": "11", "export": "-", "import_origin": "9102.2", "import_consigment": "107.5"}, {"country": "Mexico", "year": "2022", "timeperiod": "12", "export": "-", "import_origin": "11273.7", "import_consigment": "193.3"}, {"country": "Mexico", "year": "2022", "timeperiod": "Year", "export": "251.4", "import_origin": "60907.1", "import_consigment": "1932.1"}, {"country": "Mexico", "year": "2021", "timeperiod": "1", "export": "-", "import_origin": "200.2", "import_consigment": "-"}, {"country": "Mexico", "year": "2021", "timeperiod": "2", "export": "92.4", "import_origin": "713.4", "import_consigment": "-"}, {"country": "Mexico", "year": "2021", "timeperiod": "3", "export": "2.8", "import_origin": "903.7", "import_consigment": "-"}, {"country": "Mexico", "year": "2021", "timeperiod": "4", "export": "-", "import_origin": "728.1", "import_consigment": "10.1"}, {"country": "Mexico", "year": "2021", "timeperiod": "5", "export": "32.4", "import_origin": "1267.7", "import_consigment": "-"}, {"country": "Mexico", "year": "2021", "timeperiod": "6", "export": "-", "import_origin": "1340.7", "import_consigment": "304.5"}, {"country": "Mexico", "year": "2021", "timeperiod": "7", "export": "-", "import_origin": "1668.8", "import_consigment": "90.8"}, {"country": "Mexico", "year": "2021", "timeperiod": "8", "export": "-", "import_origin": "1321.2", "import_consigment": "-"}, {"country": "Mexico", "year": "2021", "timeperiod": "9", "export": "-", "import_origin": "1061.9", "import_consigment": "6.0"}, {"country": "Mexico", "year": "2021", "timeperiod": "10", "export": "2.5", "import_origin": "1464.9", "import_consigment": "-"}, {"country": "Mexico", "year": "2021", "timeperiod": "11", "export": "340.1", "import_origin": "1928.9", "import_consigment": "12.1"}, {"country": "Mexico", "year": "2021", "timeperiod": "12", "export": "-", "import_origin": "1763.3", "import_consigment": "11.0"}, {"country": "Mexico", "year": "2021", "timeperiod": "Year", "export": "470.3", "import_origin": "14362.8", "import_consigment": "434.5"}, {"country": "Mexico", "year": "2020", "timeperiod": "1", "export": "-", "import_origin": "573.3", "import_consigment": "0.1"}, {"country": "Mexico", "year": "2020", "timeperiod": "2", "export": "-", "import_origin": "873.3", "import_consigment": "-"}, {"country": "Mexico", "year": "2020", "timeperiod": "3", "export": "1.0", "import_origin": "680.7", "import_consigment": "25.4"}, {"country": "Mexico", "year": "2020", "timeperiod": "4", "export": "-", "import_origin": "827.0", "import_consigment": "-"}, {"country": "Mexico", "year": "2020", "timeperiod": "5", "export": "1.9", "import_origin": "790.7", "import_consigment": "0.1"}, {"country": "Mexico", "year": "2020", "timeperiod": "6", "export": "-", "import_origin": "806.6", "import_consigment": "-"}, {"country": "Mexico", "year": "2020", "timeperiod": "7", "export": "-", "import_origin": "1076.7", "import_consigment": "-"}, {"country": "Mexico", "year": "2020", "timeperiod": "8", "export": "-", "import_origin": "1378.1", "import_consigment": "299.1"}]}