{"data": [{"country": "Libyan Arab Jamahiriya", "year": "2022", "timeperiod": "11", "export": "252.0", "import_origin": "-", "import_consigment": "-"}, {"country": "Libyan Arab Jamahiriya", "year": "2022", "timeperiod": "Year", "export": "412.0", "import_origin": "-", "import_consigment": "-"}, {"country": "Libyan Arab Jamahiriya", "year": "2021", "timeperiod": "3", "export": "-", "import_origin": "0.5", "import_consigment": "-"}, {"country": "Libyan Arab Jamahiriya", "year": "2021", "timeperiod": "5", "export": "160.0", "import_origin": "-", "import_consigment": "-"}, {"country": "Libyan Arab Jamahiriya", "year": "2021", "timeperiod": "10", "export": "-", "import_origin": "-", "import_consigment": "-"}, {"country": "Libyan Arab Jamahiriya", "year": "2021", "timeperiod": "Year", "export": "160.0", "import_origin": "0.5", "import_consigment": "-"}, {"country": "Libyan Arab Jamahiriya", "year": "2019", "timeperiod": "1", "export": "349.6", "import_origin": "-", "import_consigment": "-"}, {"country": "Libyan Arab Jamahiriya", "year": "2019", "timeperiod": "3", "export": "160.3", "import_origin": "-", "import_consigment": "-"}, {"country": "Libyan Arab Jamahiriya", "year": "2019", "timeperiod": "7", "export": "240.0", "import_origin": "-", "import_consigment": "-"}, {"country": "Libyan Arab Jamahiriya", "year": "2019", "timeperiod": "12", "export": "160.0", "import_origin": "-", "import_consigment": "-"}, {"country": "Libyan Arab Jamahiriya", "year": "2019", "timeperiod": "Year", "export": "909.9", "import_origin": "-", "import_consigment": "-"}, {"country": "Libyan Arab Jamahiriya", "year": "2018", "timeperiod": "5", "export": "141.6", "import_origin": "-", "import_consigment": "-"}, {"country": "Libyan Arab Jamahiriya", "year": "2018", "timeperiod": "7", "export": "8.1", "import_origin": "-", "import_consigment": "-"}, {"country": "Libyan Arab Jamahiriya", "year": "2018", "timeperiod": "10", "export": "4.6", "import_origin": "-", "import_consigment": "-"}, {"country": "Libyan Arab Jamahiriya", "year": "2018", "timeperiod": "12", "export": "886.5", "import_origin": "-", "import_consigment": "-"}, {"country": "Libyan Arab Jamahiriya", "year": "2018", "timeperiod": "Year", "export": "1040.8", "import_origin": "-", "import_consigment": "-"}, {"country": "Libyan Arab Jamahiriya", "year": "2017", "timeperiod": "1", "export": "10.0", "import_origin": "-", "import_consigment": "-"}, {"country": "Libyan Arab Jamahiriya", "year": "2017", "timeperiod": "2", "export": "180.0", "import_origin": "-", "import_consigment": "-"}, {"country": "Libyan Arab Jamahiriya", "year": "2017", "timeperiod": "3", "export": "462.0", "import_origin": "-", "import_consigment": "-"}, {"country": "Libyan Arab Jamahiriya", "year": "2017", "timeperiod": "7", "export": "80.0", "import_origin": "-", "import_consigment": "-"}, {"country": "Libyan Arab Jamahiriya", "year": "2017", "timeperiod": "9", "export": "-", "import_origin": "-", "import_consigment": "-"}, {"country": "Libyan Arab Jamahiriya", "year": "2017", "timeperiod": "10", "export": "180.0", "import_origin": "-", "import_consigment": "-"}, {"country": "Libyan Arab Jamahiriya", "year": "2017", "timeperiod": "12", "export": "5.2", "import_origin": "-", "import_consigment": "-"}, {"country": "Libyan Arab Jamahiriya", "year": "2017", "timeperiod": "Year", "export": "917.2", "import_origin": "-", "import_consigment": "-"}, {"country": "Liechtenstein", "year": "2023", "timeperiod": "1", "export": "-", "import_origin": "204.5", "import_consigment": "278.6"}]}