{"data": [{"country": "Virgin Islands, British", "year": "2018", "timeperiod": "6", "export": "-", "import_origin": "-", "import_consigment": "6.6"}, {"country": "Virgin Islands, British", "year": "2018", "timeperiod": "7", "export": "-", "import_origin": "-", "import_consigment": "18.5"}, {"country": "Virgin Islands, British", "year": "2018", "timeperiod": "9", "export": "-", "import_origin": "-", "import_consigment": "44.5"}, {"country": "Virgin Islands, British", "year": "2018", "timeperiod": "11", "export": "-", "import_origin": "-", "import_consigment": "24.3"}, {"country": "Virgin Islands, British", "year": "2018", "timeperiod": "12", "export": "-", "import_origin": "-", "import_consigment": "61.6"}, {"country": "Virgin Islands, British", "year": "2018", "timeperiod": "Year", "export": "-", "import_origin": "-", "import_consigment": "720.7"}, {"country": "Virgin Islands, British", "year": "2017", "timeperiod": "4", "export": "-", "import_origin": "-", "import_consigment": "15.8"}, {"country": "Virgin Islands, British", "year": "2017", "timeperiod": "5", "export": "-", "import_origin": "-", "import_consigment": "24.5"}, {"country": "Virgin Islands, British", "year": "2017", "timeperiod": "6", "export": "20.6", "import_origin": "-", "import_consigment": "-"}, {"country": "Virgin Islands, British", "year": "2017", "timeperiod": "9", "export": "-", "import_origin": "-", "import_consigment": "7.5"}, {"country": "Virgin Islands, British", "year": "2017", "timeperiod": "12", "export": "-", "import_origin": "-", "import_consigment": "149.6"}, {"country": "Virgin Islands, British", "year": "2017", "timeperiod": "Year", "export": "20.6", "import_origin": "-", "import_consigment": "197.4"}, {"country": "Brunei Darussalam", "year": "2022", "timeperiod": "11", "export": "-", "import_origin": "-", "import_consigment": "-"}, {"country": "Brunei Darussalam", "year": "2022", "timeperiod": "Year", "export": "-", "import_origin": "-", "import_consigment": "-"}, {"country": "Brunei Darussalam", "year": "2021", "timeperiod": "2", "export": "-", "import_origin": "0.6", "import_consigment": "2.0"}, {"country": "Brunei Darussalam", "year": "2021", "timeperiod": "4", "export": "-", "import_origin": "0.2", "import_consigment": "0.2"}, {"country": "Brunei Darussalam", "year": "2021", "timeperiod": "Year", "export": "-", "import_origin": "0.8", "import_consigment": "2.2"}, {"country": "Brunei Darussalam", "year": "2019", "timeperiod": "4", "export": "-", "import_origin": "-", "import_consigment": "-"}, {"country": "Brunei Darussalam", "year": "2019", "timeperiod": "Year", "export": "-", "import_origin": "-", "import_consigment": "-"}, {"country": "Brunei Darussalam", "year": "2018", "timeperiod": "6", "export": "-", "import_origin": "5.3", "import_consigment": "-"}, {"country": "Brunei Darussalam", "year": "2018", "timeperiod": "Year", "export": "-", "import_origin": "5.3", "import_consigment": "-"}, {"country": "Bulgaria", "year": "2023", "timeperiod": "1", "export": "898.5", "import_origin": "1869.8", "import_consigment": "3323.9"}, {"country": "Bulgaria", "year": "2023", "timeperiod": "Year", "export": "898.5", "import_origin": "1869.8", "import_consigment": "3323.9"}, {"country": "Bulgaria", "year": "2022", "timeperiod": "1", "export": "14768.1", "import_origin": "1365.0", "import_consigment": "1717.4"}, {"country": "Bulgaria", "year": "2022", "timeperiod": "2", "export": "5491.2", "import_origin": "1668.8", "import_consigment": "2268.5"}]}