{"data": [{"country": "Cameroon", "year": "2019", "timeperiod": "4", "export": "-", "import_origin": "30.4", "import_consigment": "-"}, {"country": "Cameroon", "year": "2019", "timeperiod": "5", "export": "-", "import_origin": "0.5", "import_consigment": "-"}, {"country": "Cameroon", "year": "2019", "timeperiod": "6", "export": "-", "import_origin": "17.9", "import_consigment": "-"}, {"country": "Cameroon", "year": "2019", "timeperiod": "8", "export": "-", "import_origin": "-", "import_consigment": "-"}, {"country": "Cameroon", "year": "2019", "timeperiod": "9", "export": "-", "import_origin": "22.8", "import_consigment": "-"}, {"country": "Cameroon", "year": "2019", "timeperiod": "12", "export": "-", "import_origin": "8.2", "import_consigment": "-"}, {"country": "Cameroon", "year": "2019", "timeperiod": "Year", "export": "-", "import_origin": "128.2", "import_consigment": "35.9"}, {"country": "Cameroon", "year": "2018", "timeperiod": "1", "export": "-", "import_origin": "7.6", "import_consigment": "-"}, {"country": "Cameroon", "year": "2018", "timeperiod": "4", "export": "-", "import_origin": "16.3", "import_consigment": "-"}, {"country": "Cameroon", "year": "2018", "timeperiod": "5", "export": "-", "import_origin": "0.7", "import_consigment": "-"}, {"country": "Cameroon", "year": "2018", "timeperiod": "6", "export": "4.0", "import_origin": "20.5", "import_consigment": "-"}, {"country": "Cameroon", "year": "2018", "timeperiod": "7", "export": "-", "import_origin": "0.7", "import_consigment": "-"}, {"country": "Cameroon", "year": "2018", "timeperiod": "8", "export": "-", "import_origin": "36.6", "import_consigment": "36.6"}, {"country": "Cameroon", "year": "2018", "timeperiod": "10", "export": "-", "import_origin": "21.8", "import_consigment": "-"}, {"country": "Cameroon", "year": "2018", "timeperiod": "11", "export": "-", "import_origin": "39.6", "import_consigment": "39.6"}, {"country": "Cameroon", "year": "2018", "timeperiod": "12", "export": "-", "import_origin": "40.6", "import_consigment": "-"}, {"country": "Cameroon", "year": "2018", "timeperiod": "Year", "export": "4.0", "import_origin": "184.3", "import_consigment": "76.2"}, {"country": "Cameroon", "year": "2017", "timeperiod": "3", "export": "-", "import_origin": "9.2", "import_consigment": "-"}, {"country": "Cameroon", "year": "2017", "timeperiod": "4", "export": "-", "import_origin": "7.0", "import_consigment": "-"}, {"country": "Cameroon", "year": "2017", "timeperiod": "7", "export": "-", "import_origin": "-", "import_consigment": "-"}, {"country": "Cameroon", "year": "2017", "timeperiod": "8", "export": "-", "import_origin": "55.4", "import_consigment": "55.4"}, {"country": "Cameroon", "year": "2017", "timeperiod": "10", "export": "-", "import_origin": "0.1", "import_consigment": "-"}, {"country": "Cameroon", "year": "2017", "timeperiod": "Year", "export": "-", "import_origin": "71.7", "import_consigment": "55.4"}, {"country": "Canada", "year": "2023", "timeperiod": "1", "export": "241.5", "import_origin": "4592.9", "import_consigment": "942.1"}, {"country": "Canada", "year": "2023", "timeperiod": "Year", "export": "241.5", "import_origin": "4592.9", "import_consigment": "942.1"}]}