{"data": [{"country": "San Marino", "year": "2021", "timeperiod": "1", "export": "-", "import_origin": "5.3", "import_consigment": "5.3"}, {"country": "San Marino", "year": "2021", "timeperiod": "2", "export": "-", "import_origin": "19.5", "import_consigment": "20.6"}, {"country": "San Marino", "year": "2021", "timeperiod": "3", "export": "-", "import_origin": "1.9", "import_consigment": "0.1"}, {"country": "San Marino", "year": "2021", "timeperiod": "4", "export": "-", "import_origin": "61.5", "import_consigment": "-"}, {"country": "San Marino", "year": "2021", "timeperiod": "5", "export": "-", "import_origin": "70.8", "import_consigment": "72.0"}, {"country": "San Marino", "year": "2021", "timeperiod": "6", "export": "-", "import_origin": "19.6", "import_consigment": "17.7"}, {"country": "San Marino", "year": "2021", "timeperiod": "7", "export": "-", "import_origin": "0.8", "import_consigment": "-"}, {"country": "San Marino", "year": "2021", "timeperiod": "8", "export": "-", "import_origin": "58.9", "import_consigment": "55.8"}, {"country": "San Marino", "year": "2021", "timeperiod": "9", "export": "-", "import_origin": "1.7", "import_consigment": "-"}, {"country": "San Marino", "year": "2021", "timeperiod": "10", "export": "-", "import_origin": "8.7", "import_consigment": "8.7"}, {"country": "San Marino", "year": "2021", "timeperiod": "11", "export": "-", "import_origin": "0.2", "import_consigment": "-"}, {"country": "San Marino", "year": "2021", "timeperiod": "12", "export": "-", "import_origin": "84.4", "import_consigment": "108.1"}, {"country": "San Marino", "year": "2021", "timeperiod": "Year", "export": "-", "import_origin": "333.3", "import_consigment": "288.3"}, {"country": "San Marino", "year": "2020", "timeperiod": "1", "export": "-", "import_origin": "-", "import_consigment": "4.1"}, {"country": "San Marino", "year": "2020", "timeperiod": "2", "export": "-", "import_origin": "4.9", "import_consigment": "26.9"}, {"country": "San Marino", "year": "2020", "timeperiod": "3", "export": "-", "import_origin": "1.1", "import_consigment": "0.2"}, {"country": "San Marino", "year": "2020", "timeperiod": "5", "export": "-", "import_origin": "57.7", "import_consigment": "57.7"}, {"country": "San Marino", "year": "2020", "timeperiod": "6", "export": "-", "import_origin": "6.4", "import_consigment": "-"}, {"country": "San Marino", "year": "2020", "timeperiod": "7", "export": "-", "import_origin": "3.6", "import_consigment": "-"}, {"country": "San Marino", "year": "2020", "timeperiod": "8", "export": "-", "import_origin": "1.0", "import_consigment": "-"}, {"country": "San Marino", "year": "2020", "timeperiod": "9", "export": "-", "import_origin": "1.0", "import_consigment": "-"}, {"country": "San Marino", "year": "2020", "timeperiod": "10", "export": "-", "import_origin": "30.0", "import_consigment": "40.5"}, {"country": "San Marino", "year": "2020", "timeperiod": "Year", "export": "-", "import_origin": "105.7", "import_consigment": "129.4"}, {"country": "San Marino", "year": "2019", "timeperiod": "1", "export": "-", "import_origin": "3.5", "import_consigment": "-"}, {"country": "San Marino", "year": "2019", "timeperiod": "2", "export": "-", "import_origin": "6.7", "import_consigment": "6.5"}]}