{"data": [{"country": "Liechtenstein", "year": "2017", "timeperiod": "12", "export": "-", "import_origin": "22.5", "import_consigment": "80.7"}, {"country": "Liechtenstein", "year": "2017", "timeperiod": "Year", "export": "-", "import_origin": "142.1", "import_consigment": "605.7"}, {"country": "Lithuania", "year": "2023", "timeperiod": "1", "export": "507.9", "import_origin": "625.7", "import_consigment": "2950.7"}, {"country": "Lithuania", "year": "2023", "timeperiod": "Year", "export": "507.9", "import_origin": "625.7", "import_consigment": "2950.7"}, {"country": "Lithuania", "year": "2022", "timeperiod": "1", "export": "343.0", "import_origin": "197.2", "import_consigment": "2134.4"}, {"country": "Lithuania", "year": "2022", "timeperiod": "2", "export": "401.7", "import_origin": "1646.2", "import_consigment": "1291.0"}, {"country": "Lithuania", "year": "2022", "timeperiod": "3", "export": "1223.4", "import_origin": "102.3", "import_consigment": "1166.5"}, {"country": "Lithuania", "year": "2022", "timeperiod": "4", "export": "1273.2", "import_origin": "819.9", "import_consigment": "1646.6"}, {"country": "Lithuania", "year": "2022", "timeperiod": "5", "export": "2790.5", "import_origin": "223.7", "import_consigment": "3512.3"}, {"country": "Lithuania", "year": "2022", "timeperiod": "6", "export": "1096.3", "import_origin": "750.0", "import_consigment": "1367.0"}, {"country": "Lithuania", "year": "2022", "timeperiod": "7", "export": "1067.2", "import_origin": "699.7", "import_consigment": "2321.2"}, {"country": "Lithuania", "year": "2022", "timeperiod": "8", "export": "253.6", "import_origin": "468.0", "import_consigment": "4120.8"}, {"country": "Lithuania", "year": "2022", "timeperiod": "9", "export": "805.9", "import_origin": "571.5", "import_consigment": "3783.0"}, {"country": "Lithuania", "year": "2022", "timeperiod": "10", "export": "511.1", "import_origin": "862.8", "import_consigment": "3911.7"}, {"country": "Lithuania", "year": "2022", "timeperiod": "11", "export": "659.7", "import_origin": "1242.7", "import_consigment": "4684.1"}, {"country": "Lithuania", "year": "2022", "timeperiod": "12", "export": "303.3", "import_origin": "955.0", "import_consigment": "5589.4"}, {"country": "Lithuania", "year": "2022", "timeperiod": "Year", "export": "10728.9", "import_origin": "8539.0", "import_consigment": "35528.2"}, {"country": "Lithuania", "year": "2021", "timeperiod": "1", "export": "167.1", "import_origin": "117.1", "import_consigment": "613.2"}, {"country": "Lithuania", "year": "2021", "timeperiod": "2", "export": "443.2", "import_origin": "375.0", "import_consigment": "913.1"}, {"country": "Lithuania", "year": "2021", "timeperiod": "3", "export": "279.6", "import_origin": "696.3", "import_consigment": "1466.2"}, {"country": "Lithuania", "year": "2021", "timeperiod": "4", "export": "355.7", "import_origin": "314.3", "import_consigment": "920.9"}, {"country": "Lithuania", "year": "2021", "timeperiod": "5", "export": "427.5", "import_origin": "665.6", "import_consigment": "2308.0"}, {"country": "Lithuania", "year": "2021", "timeperiod": "6", "export": "258.2", "import_origin": "158.5", "import_consigment": "1380.7"}, {"country": "Lithuania", "year": "2021", "timeperiod": "7", "export": "254.1", "import_origin": "280.3", "import_consigment": "6546.6"}, {"country": "Lithuania", "year": "2021", "timeperiod": "8", "export": "330.2", "import_origin": "216.8", "import_consigment": "6079.7"}]}