{"data": [{"country": "Myanmar", "year": "2021", "timeperiod": "10", "export": "-", "import_origin": "322.8", "import_consigment": "-"}, {"country": "Myanmar", "year": "2021", "timeperiod": "11", "export": "0.3", "import_origin": "304.8", "import_consigment": "-"}, {"country": "Myanmar", "year": "2021", "timeperiod": "12", "export": "2.4", "import_origin": "246.9", "import_consigment": "-"}, {"country": "Myanmar", "year": "2021", "timeperiod": "Year", "export": "2.7", "import_origin": "2376.2", "import_consigment": "-"}, {"country": "Myanmar", "year": "2020", "timeperiod": "1", "export": "-", "import_origin": "161.3", "import_consigment": "-"}, {"country": "Myanmar", "year": "2020", "timeperiod": "2", "export": "-", "import_origin": "167.3", "import_consigment": "-"}, {"country": "Myanmar", "year": "2020", "timeperiod": "3", "export": "-", "import_origin": "185.9", "import_consigment": "-"}, {"country": "Myanmar", "year": "2020", "timeperiod": "4", "export": "-", "import_origin": "19.5", "import_consigment": "-"}, {"country": "Myanmar", "year": "2020", "timeperiod": "5", "export": "-", "import_origin": "29.6", "import_consigment": "-"}, {"country": "Myanmar", "year": "2020", "timeperiod": "6", "export": "-", "import_origin": "68.6", "import_consigment": "-"}, {"country": "Myanmar", "year": "2020", "timeperiod": "7", "export": "-", "import_origin": "36.8", "import_consigment": "-"}, {"country": "Myanmar", "year": "2020", "timeperiod": "8", "export": "-", "import_origin": "220.0", "import_consigment": "-"}, {"country": "Myanmar", "year": "2020", "timeperiod": "9", "export": "-", "import_origin": "319.0", "import_consigment": "-"}, {"country": "Myanmar", "year": "2020", "timeperiod": "10", "export": "1.7", "import_origin": "266.3", "import_consigment": "-"}, {"country": "Myanmar", "year": "2020", "timeperiod": "11", "export": "-", "import_origin": "234.6", "import_consigment": "-"}, {"country": "Myanmar", "year": "2020", "timeperiod": "12", "export": "-", "import_origin": "269.1", "import_consigment": "-"}, {"country": "Myanmar", "year": "2020", "timeperiod": "Year", "export": "1.7", "import_origin": "1978.2", "import_consigment": "-"}, {"country": "Myanmar", "year": "2019", "timeperiod": "1", "export": "-", "import_origin": "149.0", "import_consigment": "-"}, {"country": "Myanmar", "year": "2019", "timeperiod": "2", "export": "-", "import_origin": "130.2", "import_consigment": "-"}, {"country": "Myanmar", "year": "2019", "timeperiod": "3", "export": "-", "import_origin": "112.5", "import_consigment": "-"}, {"country": "Myanmar", "year": "2019", "timeperiod": "4", "export": "-", "import_origin": "110.7", "import_consigment": "-"}, {"country": "Myanmar", "year": "2019", "timeperiod": "5", "export": "-", "import_origin": "40.5", "import_consigment": "-"}, {"country": "Myanmar", "year": "2019", "timeperiod": "6", "export": "-", "import_origin": "63.2", "import_consigment": "2.4"}, {"country": "Myanmar", "year": "2019", "timeperiod": "7", "export": "-", "import_origin": "87.3", "import_consigment": "-"}, {"country": "Myanmar", "year": "2019", "timeperiod": "8", "export": "0.2", "import_origin": "210.3", "import_consigment": "-"}]}