{"data": [{"country": "Lebanon", "year": "2021", "timeperiod": "4", "export": "75.1", "import_origin": "44.8", "import_consigment": "82.1"}, {"country": "Lebanon", "year": "2021", "timeperiod": "5", "export": "17.3", "import_origin": "34.6", "import_consigment": "35.2"}, {"country": "Lebanon", "year": "2021", "timeperiod": "6", "export": "13.1", "import_origin": "31.9", "import_consigment": "36.8"}, {"country": "Lebanon", "year": "2021", "timeperiod": "7", "export": "74.4", "import_origin": "130.9", "import_consigment": "183.0"}, {"country": "Lebanon", "year": "2021", "timeperiod": "8", "export": "72.6", "import_origin": "70.4", "import_consigment": "58.5"}, {"country": "Lebanon", "year": "2021", "timeperiod": "9", "export": "936.5", "import_origin": "131.0", "import_consigment": "140.5"}, {"country": "Lebanon", "year": "2021", "timeperiod": "10", "export": "416.4", "import_origin": "94.7", "import_consigment": "109.1"}, {"country": "Lebanon", "year": "2021", "timeperiod": "11", "export": "51.0", "import_origin": "133.8", "import_consigment": "156.9"}, {"country": "Lebanon", "year": "2021", "timeperiod": "12", "export": "49.7", "import_origin": "90.4", "import_consigment": "115.2"}, {"country": "Lebanon", "year": "2021", "timeperiod": "Year", "export": "1763.3", "import_origin": "887.2", "import_consigment": "1044.2"}, {"country": "Lebanon", "year": "2020", "timeperiod": "1", "export": "-", "import_origin": "39.7", "import_consigment": "39.6"}, {"country": "Lebanon", "year": "2020", "timeperiod": "2", "export": "20.8", "import_origin": "20.6", "import_consigment": "26.7"}, {"country": "Lebanon", "year": "2020", "timeperiod": "3", "export": "30.1", "import_origin": "220.1", "import_consigment": "257.3"}, {"country": "Lebanon", "year": "2020", "timeperiod": "4", "export": "18.4", "import_origin": "18.3", "import_consigment": "13.6"}, {"country": "Lebanon", "year": "2020", "timeperiod": "5", "export": "4.4", "import_origin": "83.1", "import_consigment": "135.3"}, {"country": "Lebanon", "year": "2020", "timeperiod": "6", "export": "28.9", "import_origin": "4.3", "import_consigment": "4.9"}, {"country": "Lebanon", "year": "2020", "timeperiod": "7", "export": "2.6", "import_origin": "142.3", "import_consigment": "132.6"}, {"country": "Lebanon", "year": "2020", "timeperiod": "8", "export": "38.6", "import_origin": "6.3", "import_consigment": "28.5"}, {"country": "Lebanon", "year": "2020", "timeperiod": "9", "export": "38.1", "import_origin": "42.7", "import_consigment": "37.2"}, {"country": "Lebanon", "year": "2020", "timeperiod": "10", "export": "180.4", "import_origin": "101.6", "import_consigment": "85.5"}, {"country": "Lebanon", "year": "2020", "timeperiod": "11", "export": "14.0", "import_origin": "33.7", "import_consigment": "99.5"}, {"country": "Lebanon", "year": "2020", "timeperiod": "12", "export": "1431.5", "import_origin": "136.6", "import_consigment": "145.9"}, {"country": "Lebanon", "year": "2020", "timeperiod": "Year", "export": "1807.8", "import_origin": "849.5", "import_consigment": "1006.6"}, {"country": "Lebanon", "year": "2019", "timeperiod": "1", "export": "-", "import_origin": "127.0", "import_consigment": "139.8"}, {"country": "Lebanon", "year": "2019", "timeperiod": "2", "export": "-", "import_origin": "5.6", "import_consigment": "8.2"}]}