{"data": [{"country": "Switzerland", "year": "2019", "timeperiod": "12", "export": "44892.2", "import_origin": "14949.3", "import_consigment": "20885.7"}, {"country": "Switzerland", "year": "2019", "timeperiod": "Year", "export": "457859.0", "import_origin": "53768.2", "import_consigment": "62646.5"}, {"country": "Switzerland", "year": "2018", "timeperiod": "1", "export": "36909.5", "import_origin": "14669.5", "import_consigment": "15395.9"}, {"country": "Switzerland", "year": "2018", "timeperiod": "2", "export": "28820.7", "import_origin": "16486.9", "import_consigment": "17496.3"}, {"country": "Switzerland", "year": "2018", "timeperiod": "3", "export": "31854.9", "import_origin": "6225.1", "import_consigment": "7256.0"}, {"country": "Switzerland", "year": "2018", "timeperiod": "4", "export": "30082.4", "import_origin": "5338.9", "import_consigment": "6302.6"}, {"country": "Switzerland", "year": "2018", "timeperiod": "5", "export": "23572.4", "import_origin": "12432.8", "import_consigment": "13817.3"}, {"country": "Switzerland", "year": "2018", "timeperiod": "6", "export": "19122.7", "import_origin": "11963.3", "import_consigment": "12459.9"}, {"country": "Switzerland", "year": "2018", "timeperiod": "7", "export": "18848.0", "import_origin": "16562.3", "import_consigment": "17570.0"}, {"country": "Switzerland", "year": "2018", "timeperiod": "8", "export": "25720.6", "import_origin": "13826.7", "import_consigment": "15557.9"}, {"country": "Switzerland", "year": "2018", "timeperiod": "9", "export": "22612.7", "import_origin": "6786.3", "import_consigment": "7286.2"}, {"country": "Switzerland", "year": "2018", "timeperiod": "10", "export": "25354.8", "import_origin": "9736.1", "import_consigment": "11390.3"}, {"country": "Switzerland", "year": "2018", "timeperiod": "11", "export": "42133.7", "import_origin": "9999.4", "import_consigment": "10916.4"}, {"country": "Switzerland", "year": "2018", "timeperiod": "12", "export": "32428.0", "import_origin": "4762.8", "import_consigment": "5275.3"}, {"country": "Switzerland", "year": "2018", "timeperiod": "Year", "export": "337460.3", "import_origin": "128790.0", "import_consigment": "140724.0"}, {"country": "Switzerland", "year": "2017", "timeperiod": "1", "export": "13717.8", "import_origin": "1381.7", "import_consigment": "2036.3"}, {"country": "Switzerland", "year": "2017", "timeperiod": "2", "export": "21023.4", "import_origin": "8980.1", "import_consigment": "9635.8"}, {"country": "Switzerland", "year": "2017", "timeperiod": "3", "export": "22648.5", "import_origin": "15332.2", "import_consigment": "15506.4"}, {"country": "Switzerland", "year": "2017", "timeperiod": "4", "export": "26476.3", "import_origin": "1439.3", "import_consigment": "2073.3"}, {"country": "Switzerland", "year": "2017", "timeperiod": "5", "export": "16850.1", "import_origin": "6566.7", "import_consigment": "6702.5"}, {"country": "Switzerland", "year": "2017", "timeperiod": "6", "export": "18564.3", "import_origin": "8758.1", "import_consigment": "9680.9"}, {"country": "Switzerland", "year": "2017", "timeperiod": "7", "export": "23446.7", "import_origin": "8897.3", "import_consigment": "9223.0"}, {"country": "Switzerland", "year": "2017", "timeperiod": "8", "export": "19774.4", "import_origin": "4251.3", "import_consigment": "5774.6"}, {"country": "Switzerland", "year": "2017", "timeperiod": "9", "export": "18623.2", "import_origin": "3576.5", "import_consigment": "16717.8"}, {"country": "Switzerland", "year": "2017", "timeperiod": "10", "export": "26722.2", "import_origin": "6525.8", "import_consigment": "7258.1"}]}