{"data": [{"country": "Gibraltar", "year": "2022", "timeperiod": "8", "export": "-", "import_origin": "-", "import_consigment": "510.6"}, {"country": "Gibraltar", "year": "2022", "timeperiod": "9", "export": "-", "import_origin": "-", "import_consigment": "312.3"}, {"country": "Gibraltar", "year": "2022", "timeperiod": "Year", "export": "-", "import_origin": "-", "import_consigment": "823.0"}, {"country": "Gibraltar", "year": "2019", "timeperiod": "4", "export": "-", "import_origin": "1.4", "import_consigment": "1.4"}, {"country": "Gibraltar", "year": "2019", "timeperiod": "Year", "export": "-", "import_origin": "1.4", "import_consigment": "1.4"}, {"country": "Kiribati", "year": "2021", "timeperiod": "7", "export": "-", "import_origin": "-", "import_consigment": "-"}, {"country": "Kiribati", "year": "2021", "timeperiod": "Year", "export": "-", "import_origin": "-", "import_consigment": "-"}, {"country": "Greece", "year": "2023", "timeperiod": "1", "export": "277.6", "import_origin": "5215.5", "import_consigment": "5313.9"}, {"country": "Greece", "year": "2023", "timeperiod": "Year", "export": "277.6", "import_origin": "5215.5", "import_consigment": "5313.9"}, {"country": "Greece", "year": "2022", "timeperiod": "1", "export": "0.2", "import_origin": "1018.6", "import_consigment": "1010.1"}, {"country": "Greece", "year": "2022", "timeperiod": "2", "export": "16.8", "import_origin": "1438.1", "import_consigment": "1462.7"}, {"country": "Greece", "year": "2022", "timeperiod": "3", "export": "18.2", "import_origin": "1677.7", "import_consigment": "2476.4"}, {"country": "Greece", "year": "2022", "timeperiod": "4", "export": "176.8", "import_origin": "1526.7", "import_consigment": "1484.1"}, {"country": "Greece", "year": "2022", "timeperiod": "5", "export": "221.5", "import_origin": "8621.8", "import_consigment": "8835.2"}, {"country": "Greece", "year": "2022", "timeperiod": "6", "export": "6.0", "import_origin": "14670.5", "import_consigment": "14584.2"}, {"country": "Greece", "year": "2022", "timeperiod": "7", "export": "139.6", "import_origin": "6429.9", "import_consigment": "6324.9"}, {"country": "Greece", "year": "2022", "timeperiod": "8", "export": "118.8", "import_origin": "14478.2", "import_consigment": "14529.8"}, {"country": "Greece", "year": "2022", "timeperiod": "9", "export": "0.8", "import_origin": "8400.4", "import_consigment": "6046.5"}, {"country": "Greece", "year": "2022", "timeperiod": "10", "export": "394.8", "import_origin": "2897.9", "import_consigment": "2522.7"}, {"country": "Greece", "year": "2022", "timeperiod": "11", "export": "230.6", "import_origin": "7420.3", "import_consigment": "7898.1"}, {"country": "Greece", "year": "2022", "timeperiod": "12", "export": "177.7", "import_origin": "11584.6", "import_consigment": "11527.4"}, {"country": "Greece", "year": "2022", "timeperiod": "Year", "export": "1501.9", "import_origin": "80164.8", "import_consigment": "78702.0"}, {"country": "Greece", "year": "2021", "timeperiod": "1", "export": "-", "import_origin": "760.5", "import_consigment": "758.7"}, {"country": "Greece", "year": "2021", "timeperiod": "2", "export": "-", "import_origin": "2674.6", "import_consigment": "2508.3"}, {"country": "Greece", "year": "2021", "timeperiod": "3", "export": "-", "import_origin": "845.9", "import_consigment": "895.2"}]}