{"data": [{"country": "Iceland", "year": "2022", "timeperiod": "2", "export": "-", "import_origin": "-", "import_consigment": "-"}, {"country": "Iceland", "year": "2022", "timeperiod": "3", "export": "-", "import_origin": "3.6", "import_consigment": "3.6"}, {"country": "Iceland", "year": "2022", "timeperiod": "4", "export": "-", "import_origin": "0.4", "import_consigment": "-"}, {"country": "Iceland", "year": "2022", "timeperiod": "5", "export": "-", "import_origin": "5.3", "import_consigment": "4.2"}, {"country": "Iceland", "year": "2022", "timeperiod": "6", "export": "-", "import_origin": "-", "import_consigment": "-"}, {"country": "Iceland", "year": "2022", "timeperiod": "7", "export": "-", "import_origin": "1.8", "import_consigment": "-"}, {"country": "Iceland", "year": "2022", "timeperiod": "8", "export": "-", "import_origin": "32.5", "import_consigment": "-"}, {"country": "Iceland", "year": "2022", "timeperiod": "9", "export": "1.1", "import_origin": "462.3", "import_consigment": "-"}, {"country": "Iceland", "year": "2022", "timeperiod": "10", "export": "-", "import_origin": "129.4", "import_consigment": "-"}, {"country": "Iceland", "year": "2022", "timeperiod": "11", "export": "-", "import_origin": "129.1", "import_consigment": "-"}, {"country": "Iceland", "year": "2022", "timeperiod": "12", "export": "-", "import_origin": "275.8", "import_consigment": "2163.0"}, {"country": "Iceland", "year": "2022", "timeperiod": "Year", "export": "1.1", "import_origin": "1040.3", "import_consigment": "2170.8"}, {"country": "Iceland", "year": "2021", "timeperiod": "3", "export": "-", "import_origin": "153.0", "import_consigment": "-"}, {"country": "Iceland", "year": "2021", "timeperiod": "4", "export": "0.7", "import_origin": "5.3", "import_consigment": "5.3"}, {"country": "Iceland", "year": "2021", "timeperiod": "5", "export": "-", "import_origin": "27.7", "import_consigment": "-"}, {"country": "Iceland", "year": "2021", "timeperiod": "6", "export": "3.1", "import_origin": "3.3", "import_consigment": "2.2"}, {"country": "Iceland", "year": "2021", "timeperiod": "7", "export": "-", "import_origin": "381.0", "import_consigment": "380.4"}, {"country": "Iceland", "year": "2021", "timeperiod": "8", "export": "0.2", "import_origin": "2.4", "import_consigment": "-"}, {"country": "Iceland", "year": "2021", "timeperiod": "9", "export": "-", "import_origin": "0.1", "import_consigment": "-"}, {"country": "Iceland", "year": "2021", "timeperiod": "10", "export": "-", "import_origin": "-", "import_consigment": "-"}, {"country": "Iceland", "year": "2021", "timeperiod": "12", "export": "-", "import_origin": "74.1", "import_consigment": "2.2"}, {"country": "Iceland", "year": "2021", "timeperiod": "Year", "export": "4.1", "import_origin": "647.1", "import_consigment": "390.2"}, {"country": "Iceland", "year": "2020", "timeperiod": "1", "export": "-", "import_origin": "50.4", "import_consigment": "-"}, {"country": "Iceland", "year": "2020", "timeperiod": "2", "export": "-", "import_origin": "49.0", "import_consigment": "-"}, {"country": "Iceland", "year": "2020", "timeperiod": "3", "export": "-", "import_origin": "26.0", "import_consigment": "-"}]}