{"data": [{"country": "Bolivia", "year": "2017", "timeperiod": "10", "export": "-", "import_origin": "1.8", "import_consigment": "-"}, {"country": "Bolivia", "year": "2017", "timeperiod": "12", "export": "-", "import_origin": "2.6", "import_consigment": "-"}, {"country": "Bolivia", "year": "2017", "timeperiod": "Year", "export": "-", "import_origin": "6.6", "import_consigment": "-"}, {"country": "Bosnia Herzegovina", "year": "2023", "timeperiod": "1", "export": "-", "import_origin": "19.9", "import_consigment": "4.4"}, {"country": "Bosnia Herzegovina", "year": "2023", "timeperiod": "Year", "export": "-", "import_origin": "19.9", "import_consigment": "4.4"}, {"country": "Bosnia Herzegovina", "year": "2022", "timeperiod": "1", "export": "-", "import_origin": "1.9", "import_consigment": "-"}, {"country": "Bosnia Herzegovina", "year": "2022", "timeperiod": "2", "export": "-", "import_origin": "57.6", "import_consigment": "-"}, {"country": "Bosnia Herzegovina", "year": "2022", "timeperiod": "3", "export": "-", "import_origin": "66.4", "import_consigment": "29.6"}, {"country": "Bosnia Herzegovina", "year": "2022", "timeperiod": "4", "export": "-", "import_origin": "17.2", "import_consigment": "-"}, {"country": "Bosnia Herzegovina", "year": "2022", "timeperiod": "5", "export": "-", "import_origin": "52.1", "import_consigment": "26.5"}, {"country": "Bosnia Herzegovina", "year": "2022", "timeperiod": "6", "export": "-", "import_origin": "45.0", "import_consigment": "9.9"}, {"country": "Bosnia Herzegovina", "year": "2022", "timeperiod": "7", "export": "-", "import_origin": "43.4", "import_consigment": "-"}, {"country": "Bosnia Herzegovina", "year": "2022", "timeperiod": "8", "export": "-", "import_origin": "70.7", "import_consigment": "42.7"}, {"country": "Bosnia Herzegovina", "year": "2022", "timeperiod": "9", "export": "-", "import_origin": "21.1", "import_consigment": "-"}, {"country": "Bosnia Herzegovina", "year": "2022", "timeperiod": "10", "export": "-", "import_origin": "145.0", "import_consigment": "21.3"}, {"country": "Bosnia Herzegovina", "year": "2022", "timeperiod": "11", "export": "-", "import_origin": "19.9", "import_consigment": "-"}, {"country": "Bosnia Herzegovina", "year": "2022", "timeperiod": "12", "export": "-", "import_origin": "52.4", "import_consigment": "25.1"}, {"country": "Bosnia Herzegovina", "year": "2022", "timeperiod": "Year", "export": "-", "import_origin": "592.8", "import_consigment": "155.2"}, {"country": "Bosnia Herzegovina", "year": "2021", "timeperiod": "1", "export": "-", "import_origin": "57.8", "import_consigment": "-"}, {"country": "Bosnia Herzegovina", "year": "2021", "timeperiod": "2", "export": "-", "import_origin": "13.1", "import_consigment": "-"}, {"country": "Bosnia Herzegovina", "year": "2021", "timeperiod": "3", "export": "-", "import_origin": "36.9", "import_consigment": "-"}, {"country": "Bosnia Herzegovina", "year": "2021", "timeperiod": "4", "export": "-", "import_origin": "15.4", "import_consigment": "-"}, {"country": "Bosnia Herzegovina", "year": "2021", "timeperiod": "5", "export": "-", "import_origin": "14.8", "import_consigment": "-"}, {"country": "Bosnia Herzegovina", "year": "2021", "timeperiod": "6", "export": "-", "import_origin": "66.7", "import_consigment": "37.9"}, {"country": "Bosnia Herzegovina", "year": "2021", "timeperiod": "7", "export": "-", "import_origin": "26.6", "import_consigment": "0.3"}]}