{"data": [{"country": "Pakistan", "year": "2020", "timeperiod": "6", "export": "4.1", "import_origin": "269.8", "import_consigment": "143.6"}, {"country": "Pakistan", "year": "2020", "timeperiod": "7", "export": "400.0", "import_origin": "313.5", "import_consigment": "155.2"}, {"country": "Pakistan", "year": "2020", "timeperiod": "8", "export": "-", "import_origin": "293.2", "import_consigment": "68.5"}, {"country": "Pakistan", "year": "2020", "timeperiod": "9", "export": "-", "import_origin": "480.7", "import_consigment": "87.6"}, {"country": "Pakistan", "year": "2020", "timeperiod": "10", "export": "-", "import_origin": "290.0", "import_consigment": "73.9"}, {"country": "Pakistan", "year": "2020", "timeperiod": "11", "export": "-", "import_origin": "530.1", "import_consigment": "113.1"}, {"country": "Pakistan", "year": "2020", "timeperiod": "12", "export": "-", "import_origin": "738.2", "import_consigment": "419.2"}, {"country": "Pakistan", "year": "2020", "timeperiod": "Year", "export": "404.1", "import_origin": "5272.0", "import_consigment": "2487.2"}, {"country": "Pakistan", "year": "2019", "timeperiod": "1", "export": "-", "import_origin": "673.2", "import_consigment": "408.2"}, {"country": "Pakistan", "year": "2019", "timeperiod": "2", "export": "-", "import_origin": "530.2", "import_consigment": "158.4"}, {"country": "Pakistan", "year": "2019", "timeperiod": "3", "export": "-", "import_origin": "470.6", "import_consigment": "86.6"}, {"country": "Pakistan", "year": "2019", "timeperiod": "4", "export": "14.4", "import_origin": "340.6", "import_consigment": "104.4"}, {"country": "Pakistan", "year": "2019", "timeperiod": "5", "export": "351.9", "import_origin": "366.2", "import_consigment": "102.6"}, {"country": "Pakistan", "year": "2019", "timeperiod": "6", "export": "68.1", "import_origin": "264.4", "import_consigment": "112.5"}, {"country": "Pakistan", "year": "2019", "timeperiod": "7", "export": "-", "import_origin": "348.0", "import_consigment": "83.8"}, {"country": "Pakistan", "year": "2019", "timeperiod": "8", "export": "16.3", "import_origin": "325.5", "import_consigment": "68.5"}, {"country": "Pakistan", "year": "2019", "timeperiod": "9", "export": "18.3", "import_origin": "503.2", "import_consigment": "168.3"}, {"country": "Pakistan", "year": "2019", "timeperiod": "10", "export": "-", "import_origin": "304.5", "import_consigment": "15.6"}, {"country": "Pakistan", "year": "2019", "timeperiod": "11", "export": "-", "import_origin": "423.7", "import_consigment": "139.2"}, {"country": "Pakistan", "year": "2019", "timeperiod": "12", "export": "18.7", "import_origin": "678.8", "import_consigment": "412.7"}, {"country": "Pakistan", "year": "2019", "timeperiod": "Year", "export": "487.7", "import_origin": "5228.9", "import_consigment": "1860.7"}, {"country": "Pakistan", "year": "2018", "timeperiod": "1", "export": "-", "import_origin": "578.9", "import_consigment": "348.2"}, {"country": "Pakistan", "year": "2018", "timeperiod": "2", "export": "16.1", "import_origin": "391.6", "import_consigment": "65.2"}, {"country": "Pakistan", "year": "2018", "timeperiod": "3", "export": "-", "import_origin": "638.5", "import_consigment": "133.4"}, {"country": "Pakistan", "year": "2018", "timeperiod": "4", "export": "-", "import_origin": "332.2", "import_consigment": "100.9"}]}