{"data": [{"country": "Malaysia", "year": "2017", "timeperiod": "7", "export": "-", "import_origin": "1107.2", "import_consigment": "375.7"}, {"country": "Malaysia", "year": "2017", "timeperiod": "8", "export": "-", "import_origin": "1508.0", "import_consigment": "401.3"}, {"country": "Malaysia", "year": "2017", "timeperiod": "9", "export": "0.1", "import_origin": "950.9", "import_consigment": "311.3"}, {"country": "Malaysia", "year": "2017", "timeperiod": "10", "export": "8.8", "import_origin": "1099.3", "import_consigment": "442.8"}, {"country": "Malaysia", "year": "2017", "timeperiod": "11", "export": "-", "import_origin": "1753.8", "import_consigment": "605.9"}, {"country": "Malaysia", "year": "2017", "timeperiod": "12", "export": "48.4", "import_origin": "1320.0", "import_consigment": "338.0"}, {"country": "Malaysia", "year": "2017", "timeperiod": "Year", "export": "60.2", "import_origin": "13460.9", "import_consigment": "4765.9"}, {"country": "Maldives", "year": "2022", "timeperiod": "10", "export": "-", "import_origin": "4.8", "import_consigment": "4.8"}, {"country": "Maldives", "year": "2022", "timeperiod": "Year", "export": "-", "import_origin": "4.8", "import_consigment": "4.8"}, {"country": "Maldives", "year": "2021", "timeperiod": "4", "export": "-", "import_origin": "2.8", "import_consigment": "-"}, {"country": "Maldives", "year": "2021", "timeperiod": "7", "export": "-", "import_origin": "-", "import_consigment": "-"}, {"country": "Maldives", "year": "2021", "timeperiod": "11", "export": "-", "import_origin": "3.4", "import_consigment": "3.4"}, {"country": "Maldives", "year": "2021", "timeperiod": "12", "export": "-", "import_origin": "2.7", "import_consigment": "2.7"}, {"country": "Maldives", "year": "2021", "timeperiod": "Year", "export": "-", "import_origin": "8.9", "import_consigment": "6.1"}, {"country": "Maldives", "year": "2019", "timeperiod": "4", "export": "0.1", "import_origin": "-", "import_consigment": "-"}, {"country": "Maldives", "year": "2019", "timeperiod": "Year", "export": "0.1", "import_origin": "-", "import_consigment": "-"}, {"country": "Maldives", "year": "2018", "timeperiod": "4", "export": "0.1", "import_origin": "-", "import_consigment": "-"}, {"country": "Maldives", "year": "2018", "timeperiod": "Year", "export": "0.1", "import_origin": "-", "import_consigment": "-"}, {"country": "Maldives", "year": "2017", "timeperiod": "1", "export": "-", "import_origin": "-", "import_consigment": "-"}, {"country": "Maldives", "year": "2017", "timeperiod": "4", "export": "6.2", "import_origin": "-", "import_consigment": "-"}, {"country": "Maldives", "year": "2017", "timeperiod": "5", "export": "-", "import_origin": "2.3", "import_consigment": "-"}, {"country": "Maldives", "year": "2017", "timeperiod": "Year", "export": "6.2", "import_origin": "2.3", "import_consigment": "-"}, {"country": "Mali", "year": "2023", "timeperiod": "1", "export": "-", "import_origin": "0.1", "import_consigment": "-"}, {"country": "Mali", "year": "2023", "timeperiod": "Year", "export": "-", "import_origin": "0.1", "import_consigment": "-"}, {"country": "Mali", "year": "2022", "timeperiod": "5", "export": "-", "import_origin": "0.8", "import_consigment": "-"}]}