{"data": [{"country": "Ecuador", "year": "2017", "timeperiod": "6", "export": "-", "import_origin": "813.3", "import_consigment": "637.5"}, {"country": "Ecuador", "year": "2017", "timeperiod": "7", "export": "-", "import_origin": "309.6", "import_consigment": "161.0"}, {"country": "Ecuador", "year": "2017", "timeperiod": "8", "export": "-", "import_origin": "261.1", "import_consigment": "187.8"}, {"country": "Ecuador", "year": "2017", "timeperiod": "9", "export": "-", "import_origin": "517.1", "import_consigment": "379.6"}, {"country": "Ecuador", "year": "2017", "timeperiod": "10", "export": "-", "import_origin": "598.0", "import_consigment": "504.6"}, {"country": "Ecuador", "year": "2017", "timeperiod": "11", "export": "-", "import_origin": "1067.8", "import_consigment": "906.0"}, {"country": "Ecuador", "year": "2017", "timeperiod": "12", "export": "-", "import_origin": "909.4", "import_consigment": "644.0"}, {"country": "Ecuador", "year": "2017", "timeperiod": "Year", "export": "-", "import_origin": "9116.1", "import_consigment": "7291.3"}, {"country": "El Salvador", "year": "2023", "timeperiod": "1", "export": "-", "import_origin": "0.3", "import_consigment": "-"}, {"country": "El Salvador", "year": "2023", "timeperiod": "Year", "export": "-", "import_origin": "0.3", "import_consigment": "-"}, {"country": "El Salvador", "year": "2022", "timeperiod": "1", "export": "-", "import_origin": "0.1", "import_consigment": "-"}, {"country": "El Salvador", "year": "2022", "timeperiod": "2", "export": "-", "import_origin": "0.4", "import_consigment": "-"}, {"country": "El Salvador", "year": "2022", "timeperiod": "3", "export": "-", "import_origin": "4.6", "import_consigment": "-"}, {"country": "El Salvador", "year": "2022", "timeperiod": "4", "export": "-", "import_origin": "4.4", "import_consigment": "-"}, {"country": "El Salvador", "year": "2022", "timeperiod": "5", "export": "-", "import_origin": "2.1", "import_consigment": "-"}, {"country": "El Salvador", "year": "2022", "timeperiod": "6", "export": "-", "import_origin": "3.7", "import_consigment": "-"}, {"country": "El Salvador", "year": "2022", "timeperiod": "7", "export": "-", "import_origin": "5.3", "import_consigment": "-"}, {"country": "El Salvador", "year": "2022", "timeperiod": "8", "export": "-", "import_origin": "4.9", "import_consigment": "-"}, {"country": "El Salvador", "year": "2022", "timeperiod": "9", "export": "-", "import_origin": "1.3", "import_consigment": "-"}, {"country": "El Salvador", "year": "2022", "timeperiod": "10", "export": "-", "import_origin": "128.7", "import_consigment": "-"}, {"country": "El Salvador", "year": "2022", "timeperiod": "11", "export": "-", "import_origin": "134.6", "import_consigment": "-"}, {"country": "El Salvador", "year": "2022", "timeperiod": "12", "export": "-", "import_origin": "5.1", "import_consigment": "-"}, {"country": "El Salvador", "year": "2022", "timeperiod": "Year", "export": "-", "import_origin": "295.1", "import_consigment": "-"}, {"country": "El Salvador", "year": "2021", "timeperiod": "2", "export": "-", "import_origin": "0.5", "import_consigment": "-"}, {"country": "El Salvador", "year": "2021", "timeperiod": "3", "export": "-", "import_origin": "4.2", "import_consigment": "-"}]}