{"data": [{"country": "Portugal", "year": "2018", "timeperiod": "Year", "export": "432.5", "import_origin": "8015.8", "import_consigment": "6741.9"}, {"country": "Portugal", "year": "2017", "timeperiod": "1", "export": "-", "import_origin": "316.9", "import_consigment": "319.1"}, {"country": "Portugal", "year": "2017", "timeperiod": "2", "export": "-", "import_origin": "412.9", "import_consigment": "292.8"}, {"country": "Portugal", "year": "2017", "timeperiod": "3", "export": "-", "import_origin": "512.6", "import_consigment": "417.5"}, {"country": "Portugal", "year": "2017", "timeperiod": "4", "export": "-", "import_origin": "621.8", "import_consigment": "561.4"}, {"country": "Portugal", "year": "2017", "timeperiod": "5", "export": "-", "import_origin": "297.3", "import_consigment": "231.4"}, {"country": "Portugal", "year": "2017", "timeperiod": "6", "export": "-", "import_origin": "354.6", "import_consigment": "414.5"}, {"country": "Portugal", "year": "2017", "timeperiod": "7", "export": "-", "import_origin": "542.9", "import_consigment": "336.0"}, {"country": "Portugal", "year": "2017", "timeperiod": "8", "export": "-", "import_origin": "780.7", "import_consigment": "684.9"}, {"country": "Portugal", "year": "2017", "timeperiod": "9", "export": "209.0", "import_origin": "602.3", "import_consigment": "490.7"}, {"country": "Portugal", "year": "2017", "timeperiod": "10", "export": "204.9", "import_origin": "705.8", "import_consigment": "590.4"}, {"country": "Portugal", "year": "2017", "timeperiod": "11", "export": "-", "import_origin": "591.3", "import_consigment": "461.4"}, {"country": "Portugal", "year": "2017", "timeperiod": "12", "export": "-", "import_origin": "727.4", "import_consigment": "636.6"}, {"country": "Portugal", "year": "2017", "timeperiod": "Year", "export": "413.9", "import_origin": "6466.4", "import_consigment": "5436.8"}, {"country": "Timor-Leste", "year": "2022", "timeperiod": "7", "export": "-", "import_origin": "-", "import_consigment": "-"}, {"country": "Timor-Leste", "year": "2022", "timeperiod": "Year", "export": "-", "import_origin": "-", "import_consigment": "-"}, {"country": "Puerto Rico", "year": "2023", "timeperiod": "1", "export": "64.0", "import_origin": "0.5", "import_consigment": "-"}, {"country": "Puerto Rico", "year": "2023", "timeperiod": "Year", "export": "64.0", "import_origin": "0.5", "import_consigment": "-"}, {"country": "Puerto Rico", "year": "2022", "timeperiod": "1", "export": "-", "import_origin": "2.3", "import_consigment": "-"}, {"country": "Puerto Rico", "year": "2022", "timeperiod": "3", "export": "-", "import_origin": "3.0", "import_consigment": "-"}, {"country": "Puerto Rico", "year": "2022", "timeperiod": "5", "export": "-", "import_origin": "95.9", "import_consigment": "-"}, {"country": "Puerto Rico", "year": "2022", "timeperiod": "6", "export": "-", "import_origin": "5.4", "import_consigment": "-"}, {"country": "Puerto Rico", "year": "2022", "timeperiod": "7", "export": "-", "import_origin": "15.7", "import_consigment": "-"}, {"country": "Puerto Rico", "year": "2022", "timeperiod": "8", "export": "-", "import_origin": "417.8", "import_consigment": "-"}, {"country": "Puerto Rico", "year": "2022", "timeperiod": "9", "export": "-", "import_origin": "11.8", "import_consigment": "-"}]}