{"data": [{"country": "Romania", "year": "2021", "timeperiod": "3", "export": "-", "import_origin": "772.9", "import_consigment": "449.9"}, {"country": "Romania", "year": "2021", "timeperiod": "4", "export": "1.2", "import_origin": "739.3", "import_consigment": "241.6"}, {"country": "Romania", "year": "2021", "timeperiod": "5", "export": "4.2", "import_origin": "869.7", "import_consigment": "483.5"}, {"country": "Romania", "year": "2021", "timeperiod": "6", "export": "-", "import_origin": "1268.8", "import_consigment": "611.7"}, {"country": "Romania", "year": "2021", "timeperiod": "7", "export": "75.5", "import_origin": "857.3", "import_consigment": "560.7"}, {"country": "Romania", "year": "2021", "timeperiod": "8", "export": "72.7", "import_origin": "641.9", "import_consigment": "582.0"}, {"country": "Romania", "year": "2021", "timeperiod": "9", "export": "0.3", "import_origin": "701.0", "import_consigment": "603.3"}, {"country": "Romania", "year": "2021", "timeperiod": "10", "export": "3.8", "import_origin": "2715.0", "import_consigment": "2593.0"}, {"country": "Romania", "year": "2021", "timeperiod": "11", "export": "0.9", "import_origin": "8680.9", "import_consigment": "8053.6"}, {"country": "Romania", "year": "2021", "timeperiod": "12", "export": "-", "import_origin": "958.7", "import_consigment": "510.7"}, {"country": "Romania", "year": "2021", "timeperiod": "Year", "export": "159.4", "import_origin": "19120.9", "import_consigment": "17260.4"}, {"country": "Romania", "year": "2020", "timeperiod": "1", "export": "-", "import_origin": "2771.8", "import_consigment": "2550.4"}, {"country": "Romania", "year": "2020", "timeperiod": "2", "export": "-", "import_origin": "1010.6", "import_consigment": "760.2"}, {"country": "Romania", "year": "2020", "timeperiod": "3", "export": "-", "import_origin": "943.9", "import_consigment": "500.8"}, {"country": "Romania", "year": "2020", "timeperiod": "4", "export": "-", "import_origin": "577.2", "import_consigment": "115.6"}, {"country": "Romania", "year": "2020", "timeperiod": "5", "export": "38.9", "import_origin": "518.0", "import_consigment": "1337.0"}, {"country": "Romania", "year": "2020", "timeperiod": "6", "export": "1.0", "import_origin": "426.3", "import_consigment": "571.9"}, {"country": "Romania", "year": "2020", "timeperiod": "7", "export": "-", "import_origin": "562.6", "import_consigment": "536.4"}, {"country": "Romania", "year": "2020", "timeperiod": "8", "export": "2.2", "import_origin": "957.5", "import_consigment": "1071.2"}, {"country": "Romania", "year": "2020", "timeperiod": "9", "export": "-", "import_origin": "719.2", "import_consigment": "888.8"}, {"country": "Romania", "year": "2020", "timeperiod": "10", "export": "-", "import_origin": "707.7", "import_consigment": "195.6"}, {"country": "Romania", "year": "2020", "timeperiod": "11", "export": "22.9", "import_origin": "420.6", "import_consigment": "213.6"}, {"country": "Romania", "year": "2020", "timeperiod": "12", "export": "42.9", "import_origin": "430.0", "import_consigment": "333.9"}, {"country": "Romania", "year": "2020", "timeperiod": "Year", "export": "107.9", "import_origin": "10045.5", "import_consigment": "9075.2"}, {"country": "Romania", "year": "2019", "timeperiod": "1", "export": "-", "import_origin": "874.0", "import_consigment": "262.0"}]}