{"data": [{"country": "Rwanda", "year": "2019", "timeperiod": "10", "export": "-", "import_origin": "3.5", "import_consigment": "0.1"}, {"country": "Rwanda", "year": "2019", "timeperiod": "12", "export": "-", "import_origin": "0.7", "import_consigment": "-"}, {"country": "Rwanda", "year": "2019", "timeperiod": "Year", "export": "-", "import_origin": "16.5", "import_consigment": "0.1"}, {"country": "Rwanda", "year": "2018", "timeperiod": "4", "export": "-", "import_origin": "0.5", "import_consigment": "-"}, {"country": "Rwanda", "year": "2018", "timeperiod": "5", "export": "-", "import_origin": "0.1", "import_consigment": "-"}, {"country": "Rwanda", "year": "2018", "timeperiod": "10", "export": "-", "import_origin": "11.7", "import_consigment": "-"}, {"country": "Rwanda", "year": "2018", "timeperiod": "11", "export": "-", "import_origin": "2.6", "import_consigment": "-"}, {"country": "Rwanda", "year": "2018", "timeperiod": "Year", "export": "-", "import_origin": "14.9", "import_consigment": "-"}, {"country": "Rwanda", "year": "2017", "timeperiod": "6", "export": "-", "import_origin": "19.2", "import_consigment": "-"}, {"country": "Rwanda", "year": "2017", "timeperiod": "7", "export": "-", "import_origin": "4.9", "import_consigment": "-"}, {"country": "Rwanda", "year": "2017", "timeperiod": "12", "export": "-", "import_origin": "-", "import_consigment": "-"}, {"country": "Rwanda", "year": "2017", "timeperiod": "Year", "export": "-", "import_origin": "24.1", "import_consigment": "-"}, {"country": "Saint-Barth?lemy", "year": "2023", "timeperiod": "1", "export": "-", "import_origin": "-", "import_consigment": "-"}, {"country": "Saint-Barth?lemy", "year": "2023", "timeperiod": "Year", "export": "-", "import_origin": "-", "import_consigment": "-"}, {"country": "Saint-Barth?lemy", "year": "2022", "timeperiod": "7", "export": "-", "import_origin": "-", "import_consigment": "-"}, {"country": "Saint-Barth?lemy", "year": "2022", "timeperiod": "10", "export": "-", "import_origin": "0.2", "import_consigment": "-"}, {"country": "Saint-Barth?lemy", "year": "2022", "timeperiod": "Year", "export": "-", "import_origin": "0.2", "import_consigment": "-"}, {"country": "Saint-Barth?lemy", "year": "2019", "timeperiod": "10", "export": "-", "import_origin": "-", "import_consigment": "1.0"}, {"country": "Saint-Barth?lemy", "year": "2019", "timeperiod": "Year", "export": "-", "import_origin": "-", "import_consigment": "1.0"}, {"country": "Saint Helena", "year": "2020", "timeperiod": "9", "export": "-", "import_origin": "0.7", "import_consigment": "-"}, {"country": "Saint Helena", "year": "2020", "timeperiod": "Year", "export": "-", "import_origin": "0.7", "import_consigment": "-"}, {"country": "Saint Kitts and Nevis", "year": "2021", "timeperiod": "8", "export": "-", "import_origin": "1.2", "import_consigment": "-"}, {"country": "Saint Kitts and Nevis", "year": "2021", "timeperiod": "11", "export": "-", "import_origin": "0.6", "import_consigment": "-"}, {"country": "Saint Kitts and Nevis", "year": "2021", "timeperiod": "Year", "export": "-", "import_origin": "1.7", "import_consigment": "-"}, {"country": "Saint Kitts and Nevis", "year": "2018", "timeperiod": "3", "export": "-", "import_origin": "0.1", "import_consigment": "-"}]}