{"data": [{"country": "Laos", "year": "2021", "timeperiod": "3", "export": "-", "import_origin": "19.7", "import_consigment": "-"}, {"country": "Laos", "year": "2021", "timeperiod": "4", "export": "-", "import_origin": "5.9", "import_consigment": "-"}, {"country": "Laos", "year": "2021", "timeperiod": "5", "export": "-", "import_origin": "10.0", "import_consigment": "-"}, {"country": "Laos", "year": "2021", "timeperiod": "6", "export": "-", "import_origin": "24.8", "import_consigment": "-"}, {"country": "Laos", "year": "2021", "timeperiod": "7", "export": "-", "import_origin": "59.4", "import_consigment": "-"}, {"country": "Laos", "year": "2021", "timeperiod": "8", "export": "-", "import_origin": "26.0", "import_consigment": "-"}, {"country": "Laos", "year": "2021", "timeperiod": "9", "export": "-", "import_origin": "8.8", "import_consigment": "-"}, {"country": "Laos", "year": "2021", "timeperiod": "10", "export": "-", "import_origin": "15.3", "import_consigment": "-"}, {"country": "Laos", "year": "2021", "timeperiod": "11", "export": "-", "import_origin": "7.5", "import_consigment": "-"}, {"country": "Laos", "year": "2021", "timeperiod": "12", "export": "-", "import_origin": "6.6", "import_consigment": "-"}, {"country": "Laos", "year": "2021", "timeperiod": "Year", "export": "-", "import_origin": "198.9", "import_consigment": "-"}, {"country": "Laos", "year": "2020", "timeperiod": "2", "export": "-", "import_origin": "1.4", "import_consigment": "-"}, {"country": "Laos", "year": "2020", "timeperiod": "3", "export": "-", "import_origin": "3.8", "import_consigment": "-"}, {"country": "Laos", "year": "2020", "timeperiod": "4", "export": "-", "import_origin": "5.8", "import_consigment": "-"}, {"country": "Laos", "year": "2020", "timeperiod": "6", "export": "-", "import_origin": "0.5", "import_consigment": "-"}, {"country": "Laos", "year": "2020", "timeperiod": "7", "export": "-", "import_origin": "86.5", "import_consigment": "-"}, {"country": "Laos", "year": "2020", "timeperiod": "8", "export": "-", "import_origin": "1.6", "import_consigment": "-"}, {"country": "Laos", "year": "2020", "timeperiod": "9", "export": "-", "import_origin": "1.9", "import_consigment": "-"}, {"country": "Laos", "year": "2020", "timeperiod": "10", "export": "-", "import_origin": "4.8", "import_consigment": "-"}, {"country": "Laos", "year": "2020", "timeperiod": "11", "export": "-", "import_origin": "4.7", "import_consigment": "-"}, {"country": "Laos", "year": "2020", "timeperiod": "12", "export": "-", "import_origin": "57.2", "import_consigment": "-"}, {"country": "Laos", "year": "2020", "timeperiod": "Year", "export": "-", "import_origin": "168.0", "import_consigment": "-"}, {"country": "Laos", "year": "2019", "timeperiod": "2", "export": "-", "import_origin": "0.8", "import_consigment": "-"}, {"country": "Laos", "year": "2019", "timeperiod": "3", "export": "-", "import_origin": "1.3", "import_consigment": "-"}, {"country": "Laos", "year": "2019", "timeperiod": "4", "export": "-", "import_origin": "5.0", "import_consigment": "-"}]}