{"data": [{"country": "Switzerland", "year": "2022", "timeperiod": "1", "export": "22775.5", "import_origin": "1262.4", "import_consigment": "3477.4"}, {"country": "Switzerland", "year": "2022", "timeperiod": "2", "export": "32070.8", "import_origin": "2865.7", "import_consigment": "10551.9"}, {"country": "Switzerland", "year": "2022", "timeperiod": "3", "export": "21084.2", "import_origin": "1370.6", "import_consigment": "2404.2"}, {"country": "Switzerland", "year": "2022", "timeperiod": "4", "export": "14618.1", "import_origin": "1174.7", "import_consigment": "2449.3"}, {"country": "Switzerland", "year": "2022", "timeperiod": "5", "export": "23724.9", "import_origin": "1606.1", "import_consigment": "4967.1"}, {"country": "Switzerland", "year": "2022", "timeperiod": "6", "export": "28199.9", "import_origin": "1779.5", "import_consigment": "13448.1"}, {"country": "Switzerland", "year": "2022", "timeperiod": "7", "export": "23232.3", "import_origin": "6235.2", "import_consigment": "6171.9"}, {"country": "Switzerland", "year": "2022", "timeperiod": "8", "export": "18610.0", "import_origin": "3953.3", "import_consigment": "15380.8"}, {"country": "Switzerland", "year": "2022", "timeperiod": "9", "export": "10374.1", "import_origin": "2303.2", "import_consigment": "3741.9"}, {"country": "Switzerland", "year": "2022", "timeperiod": "10", "export": "14203.6", "import_origin": "3397.1", "import_consigment": "4204.2"}, {"country": "Switzerland", "year": "2022", "timeperiod": "11", "export": "19803.9", "import_origin": "13133.5", "import_consigment": "18897.8"}, {"country": "Switzerland", "year": "2022", "timeperiod": "12", "export": "25889.6", "import_origin": "6613.1", "import_consigment": "10765.0"}, {"country": "Switzerland", "year": "2022", "timeperiod": "Year", "export": "254587.1", "import_origin": "45694.5", "import_consigment": "96459.4"}, {"country": "Switzerland", "year": "2021", "timeperiod": "1", "export": "15355.6", "import_origin": "446.9", "import_consigment": "1178.2"}, {"country": "Switzerland", "year": "2021", "timeperiod": "2", "export": "24285.7", "import_origin": "1410.2", "import_consigment": "2664.0"}, {"country": "Switzerland", "year": "2021", "timeperiod": "3", "export": "34538.5", "import_origin": "1620.6", "import_consigment": "2422.6"}, {"country": "Switzerland", "year": "2021", "timeperiod": "4", "export": "29930.5", "import_origin": "11487.9", "import_consigment": "11629.8"}, {"country": "Switzerland", "year": "2021", "timeperiod": "5", "export": "26333.9", "import_origin": "780.3", "import_consigment": "1808.5"}, {"country": "Switzerland", "year": "2021", "timeperiod": "6", "export": "30769.8", "import_origin": "786.8", "import_consigment": "2094.5"}, {"country": "Switzerland", "year": "2021", "timeperiod": "7", "export": "30077.9", "import_origin": "1623.6", "import_consigment": "1781.9"}, {"country": "Switzerland", "year": "2021", "timeperiod": "8", "export": "29181.9", "import_origin": "1346.2", "import_consigment": "1337.4"}, {"country": "Switzerland", "year": "2021", "timeperiod": "9", "export": "13667.9", "import_origin": "1231.9", "import_consigment": "1103.4"}, {"country": "Switzerland", "year": "2021", "timeperiod": "10", "export": "26528.8", "import_origin": "1446.9", "import_consigment": "2439.5"}, {"country": "Switzerland", "year": "2021", "timeperiod": "11", "export": "42500.5", "import_origin": "970.2", "import_consigment": "1644.2"}, {"country": "Switzerland", "year": "2021", "timeperiod": "12", "export": "56321.7", "import_origin": "2556.2", "import_consigment": "3491.3"}]}