{"data": [{"country": "Estonia", "year": "2018", "timeperiod": "12", "export": "68.0", "import_origin": "331.3", "import_consigment": "412.2"}, {"country": "Estonia", "year": "2018", "timeperiod": "Year", "export": "584.9", "import_origin": "17572.2", "import_consigment": "21117.1"}, {"country": "Estonia", "year": "2017", "timeperiod": "1", "export": "68.6", "import_origin": "37.1", "import_consigment": "303.2"}, {"country": "Estonia", "year": "2017", "timeperiod": "2", "export": "2.9", "import_origin": "40.0", "import_consigment": "586.8"}, {"country": "Estonia", "year": "2017", "timeperiod": "3", "export": "-", "import_origin": "16.7", "import_consigment": "-"}, {"country": "Estonia", "year": "2017", "timeperiod": "4", "export": "190.2", "import_origin": "37.2", "import_consigment": "68.7"}, {"country": "Estonia", "year": "2017", "timeperiod": "5", "export": "3.1", "import_origin": "165.4", "import_consigment": "285.4"}, {"country": "Estonia", "year": "2017", "timeperiod": "6", "export": "36.7", "import_origin": "1844.9", "import_consigment": "257.1"}, {"country": "Estonia", "year": "2017", "timeperiod": "7", "export": "16.0", "import_origin": "392.0", "import_consigment": "386.8"}, {"country": "Estonia", "year": "2017", "timeperiod": "8", "export": "-", "import_origin": "2170.3", "import_consigment": "2677.8"}, {"country": "Estonia", "year": "2017", "timeperiod": "9", "export": "83.0", "import_origin": "2175.1", "import_consigment": "2218.5"}, {"country": "Estonia", "year": "2017", "timeperiod": "10", "export": "27.6", "import_origin": "2555.0", "import_consigment": "2721.6"}, {"country": "Estonia", "year": "2017", "timeperiod": "11", "export": "145.2", "import_origin": "2246.9", "import_consigment": "2179.8"}, {"country": "Estonia", "year": "2017", "timeperiod": "12", "export": "63.7", "import_origin": "2445.8", "import_consigment": "2540.5"}, {"country": "Estonia", "year": "2017", "timeperiod": "Year", "export": "637.0", "import_origin": "14126.4", "import_consigment": "14226.3"}, {"country": "Faeroe Islands", "year": "2022", "timeperiod": "1", "export": "-", "import_origin": "18.7", "import_consigment": "-"}, {"country": "Faeroe Islands", "year": "2022", "timeperiod": "2", "export": "-", "import_origin": "27.8", "import_consigment": "-"}, {"country": "Faeroe Islands", "year": "2022", "timeperiod": "3", "export": "-", "import_origin": "60.8", "import_consigment": "-"}, {"country": "Faeroe Islands", "year": "2022", "timeperiod": "4", "export": "-", "import_origin": "5.7", "import_consigment": "-"}, {"country": "Faeroe Islands", "year": "2022", "timeperiod": "7", "export": "-", "import_origin": "-", "import_consigment": "-"}, {"country": "Faeroe Islands", "year": "2022", "timeperiod": "11", "export": "-", "import_origin": "35.1", "import_consigment": "-"}, {"country": "Faeroe Islands", "year": "2022", "timeperiod": "Year", "export": "-", "import_origin": "148.2", "import_consigment": "-"}, {"country": "Faeroe Islands", "year": "2021", "timeperiod": "1", "export": "-", "import_origin": "10.5", "import_consigment": "-"}, {"country": "Faeroe Islands", "year": "2021", "timeperiod": "2", "export": "-", "import_origin": "32.4", "import_consigment": "-"}, {"country": "Faeroe Islands", "year": "2021", "timeperiod": "3", "export": "-", "import_origin": "22.1", "import_consigment": "-"}]}