{"data": [{"country": "Uruguay", "year": "2022", "timeperiod": "3", "export": "-", "import_origin": "-", "import_consigment": "-"}, {"country": "Uruguay", "year": "2022", "timeperiod": "5", "export": "-", "import_origin": "0.2", "import_consigment": "-"}, {"country": "Uruguay", "year": "2022", "timeperiod": "8", "export": "-", "import_origin": "0.2", "import_consigment": "0.1"}, {"country": "Uruguay", "year": "2022", "timeperiod": "10", "export": "-", "import_origin": "0.6", "import_consigment": "-"}, {"country": "Uruguay", "year": "2022", "timeperiod": "11", "export": "9.7", "import_origin": "-", "import_consigment": "-"}, {"country": "Uruguay", "year": "2022", "timeperiod": "12", "export": "-", "import_origin": "108.9", "import_consigment": "313.9"}, {"country": "Uruguay", "year": "2022", "timeperiod": "Year", "export": "9.7", "import_origin": "116.6", "import_consigment": "321.6"}, {"country": "Uruguay", "year": "2021", "timeperiod": "1", "export": "15.0", "import_origin": "-", "import_consigment": "5.2"}, {"country": "Uruguay", "year": "2021", "timeperiod": "3", "export": "-", "import_origin": "0.1", "import_consigment": "-"}, {"country": "Uruguay", "year": "2021", "timeperiod": "6", "export": "-", "import_origin": "-", "import_consigment": "2.6"}, {"country": "Uruguay", "year": "2021", "timeperiod": "7", "export": "-", "import_origin": "-", "import_consigment": "3.4"}, {"country": "Uruguay", "year": "2021", "timeperiod": "8", "export": "12.4", "import_origin": "1.2", "import_consigment": "1.2"}, {"country": "Uruguay", "year": "2021", "timeperiod": "9", "export": "-", "import_origin": "1.5", "import_consigment": "-"}, {"country": "Uruguay", "year": "2021", "timeperiod": "10", "export": "-", "import_origin": "-", "import_consigment": "1.9"}, {"country": "Uruguay", "year": "2021", "timeperiod": "11", "export": "-", "import_origin": "3.3", "import_consigment": "8.9"}, {"country": "Uruguay", "year": "2021", "timeperiod": "12", "export": "-", "import_origin": "-", "import_consigment": "3.4"}, {"country": "Uruguay", "year": "2021", "timeperiod": "Year", "export": "27.4", "import_origin": "6.2", "import_consigment": "26.5"}, {"country": "Uruguay", "year": "2020", "timeperiod": "5", "export": "-", "import_origin": "12.4", "import_consigment": "12.4"}, {"country": "Uruguay", "year": "2020", "timeperiod": "6", "export": "-", "import_origin": "-", "import_consigment": "115.8"}, {"country": "Uruguay", "year": "2020", "timeperiod": "8", "export": "0.2", "import_origin": "-", "import_consigment": "-"}, {"country": "Uruguay", "year": "2020", "timeperiod": "9", "export": "0.1", "import_origin": "41.5", "import_consigment": "-"}, {"country": "Uruguay", "year": "2020", "timeperiod": "10", "export": "-", "import_origin": "66.9", "import_consigment": "-"}, {"country": "Uruguay", "year": "2020", "timeperiod": "12", "export": "-", "import_origin": "41.4", "import_consigment": "-"}, {"country": "Uruguay", "year": "2020", "timeperiod": "Year", "export": "0.3", "import_origin": "162.2", "import_consigment": "128.2"}, {"country": "Uruguay", "year": "2019", "timeperiod": "2", "export": "-", "import_origin": "0.1", "import_consigment": "-"}]}