{"data": [{"country": "Italy", "year": "2019", "timeperiod": "10", "export": "4170.0", "import_origin": "20101.1", "import_consigment": "18097.2"}, {"country": "Italy", "year": "2019", "timeperiod": "11", "export": "4953.9", "import_origin": "16705.9", "import_consigment": "14134.9"}, {"country": "Italy", "year": "2019", "timeperiod": "12", "export": "4076.6", "import_origin": "19068.5", "import_consigment": "16023.2"}, {"country": "Italy", "year": "2019", "timeperiod": "Year", "export": "59687.0", "import_origin": "205119.2", "import_consigment": "181706.6"}, {"country": "Italy", "year": "2018", "timeperiod": "1", "export": "1709.2", "import_origin": "9203.6", "import_consigment": "7375.0"}, {"country": "Italy", "year": "2018", "timeperiod": "2", "export": "2813.6", "import_origin": "13102.3", "import_consigment": "11348.4"}, {"country": "Italy", "year": "2018", "timeperiod": "3", "export": "4189.7", "import_origin": "15627.9", "import_consigment": "13164.4"}, {"country": "Italy", "year": "2018", "timeperiod": "4", "export": "4866.8", "import_origin": "15523.7", "import_consigment": "13242.5"}, {"country": "Italy", "year": "2018", "timeperiod": "5", "export": "4694.8", "import_origin": "17331.5", "import_consigment": "15405.1"}, {"country": "Italy", "year": "2018", "timeperiod": "6", "export": "5360.6", "import_origin": "14694.8", "import_consigment": "12756.3"}, {"country": "Italy", "year": "2018", "timeperiod": "7", "export": "4053.5", "import_origin": "19283.3", "import_consigment": "17001.2"}, {"country": "Italy", "year": "2018", "timeperiod": "8", "export": "5312.6", "import_origin": "19245.3", "import_consigment": "15794.0"}, {"country": "Italy", "year": "2018", "timeperiod": "9", "export": "3995.6", "import_origin": "11603.1", "import_consigment": "9382.7"}, {"country": "Italy", "year": "2018", "timeperiod": "10", "export": "5517.3", "import_origin": "16970.0", "import_consigment": "14876.0"}, {"country": "Italy", "year": "2018", "timeperiod": "11", "export": "4160.9", "import_origin": "13098.3", "import_consigment": "11879.2"}, {"country": "Italy", "year": "2018", "timeperiod": "12", "export": "3202.8", "import_origin": "16840.5", "import_consigment": "14910.9"}, {"country": "Italy", "year": "2018", "timeperiod": "Year", "export": "49877.3", "import_origin": "182524.0", "import_consigment": "157135.6"}, {"country": "Italy", "year": "2017", "timeperiod": "1", "export": "1845.2", "import_origin": "7139.6", "import_consigment": "6713.4"}, {"country": "Italy", "year": "2017", "timeperiod": "2", "export": "3830.2", "import_origin": "8526.7", "import_consigment": "7659.1"}, {"country": "Italy", "year": "2017", "timeperiod": "3", "export": "5307.7", "import_origin": "12837.7", "import_consigment": "10972.0"}, {"country": "Italy", "year": "2017", "timeperiod": "4", "export": "4427.0", "import_origin": "10804.2", "import_consigment": "10028.9"}, {"country": "Italy", "year": "2017", "timeperiod": "5", "export": "2901.6", "import_origin": "10563.9", "import_consigment": "9428.8"}, {"country": "Italy", "year": "2017", "timeperiod": "6", "export": "4019.2", "import_origin": "17429.6", "import_consigment": "15624.0"}, {"country": "Italy", "year": "2017", "timeperiod": "7", "export": "3903.3", "import_origin": "15848.6", "import_consigment": "14469.1"}, {"country": "Italy", "year": "2017", "timeperiod": "8", "export": "4038.3", "import_origin": "17468.4", "import_consigment": "15669.0"}]}