{"data": [{"country": "Austria", "year": "2022", "timeperiod": "11", "export": "127.8", "import_origin": "5327.2", "import_consigment": "3721.7"}, {"country": "Austria", "year": "2022", "timeperiod": "12", "export": "256.7", "import_origin": "5539.2", "import_consigment": "2600.2"}, {"country": "Austria", "year": "2022", "timeperiod": "Year", "export": "1896.4", "import_origin": "44150.0", "import_consigment": "34802.0"}, {"country": "Austria", "year": "2021", "timeperiod": "1", "export": "-", "import_origin": "1286.7", "import_consigment": "1133.9"}, {"country": "Austria", "year": "2021", "timeperiod": "2", "export": "14.1", "import_origin": "1605.7", "import_consigment": "1997.5"}, {"country": "Austria", "year": "2021", "timeperiod": "3", "export": "1.2", "import_origin": "1927.5", "import_consigment": "2140.2"}, {"country": "Austria", "year": "2021", "timeperiod": "4", "export": "78.3", "import_origin": "1710.0", "import_consigment": "2519.3"}, {"country": "Austria", "year": "2021", "timeperiod": "5", "export": "205.0", "import_origin": "2470.4", "import_consigment": "2009.4"}, {"country": "Austria", "year": "2021", "timeperiod": "6", "export": "300.5", "import_origin": "1837.6", "import_consigment": "1515.4"}, {"country": "Austria", "year": "2021", "timeperiod": "7", "export": "139.7", "import_origin": "2293.5", "import_consigment": "1548.0"}, {"country": "Austria", "year": "2021", "timeperiod": "8", "export": "86.1", "import_origin": "2486.4", "import_consigment": "2229.9"}, {"country": "Austria", "year": "2021", "timeperiod": "9", "export": "20.7", "import_origin": "1923.0", "import_consigment": "936.2"}, {"country": "Austria", "year": "2021", "timeperiod": "10", "export": "152.4", "import_origin": "1840.2", "import_consigment": "2141.7"}, {"country": "Austria", "year": "2021", "timeperiod": "11", "export": "718.9", "import_origin": "1856.8", "import_consigment": "2540.4"}, {"country": "Austria", "year": "2021", "timeperiod": "12", "export": "285.6", "import_origin": "1865.0", "import_consigment": "2171.3"}, {"country": "Austria", "year": "2021", "timeperiod": "Year", "export": "2002.6", "import_origin": "23102.7", "import_consigment": "22883.1"}, {"country": "Austria", "year": "2020", "timeperiod": "1", "export": "188.2", "import_origin": "951.4", "import_consigment": "1215.1"}, {"country": "Austria", "year": "2020", "timeperiod": "2", "export": "120.0", "import_origin": "3407.0", "import_consigment": "3638.2"}, {"country": "Austria", "year": "2020", "timeperiod": "3", "export": "413.8", "import_origin": "3682.0", "import_consigment": "3564.2"}, {"country": "Austria", "year": "2020", "timeperiod": "4", "export": "486.8", "import_origin": "2103.5", "import_consigment": "1171.9"}, {"country": "Austria", "year": "2020", "timeperiod": "5", "export": "470.6", "import_origin": "1198.0", "import_consigment": "1167.0"}, {"country": "Austria", "year": "2020", "timeperiod": "6", "export": "489.3", "import_origin": "1688.8", "import_consigment": "4397.6"}, {"country": "Austria", "year": "2020", "timeperiod": "7", "export": "443.0", "import_origin": "1748.4", "import_consigment": "2017.5"}, {"country": "Austria", "year": "2020", "timeperiod": "8", "export": "308.6", "import_origin": "1439.2", "import_consigment": "2535.4"}, {"country": "Austria", "year": "2020", "timeperiod": "9", "export": "300.3", "import_origin": "1274.3", "import_consigment": "956.9"}]}