{"data": [{"country": "Zimbabwe", "year": "2021", "timeperiod": "2", "export": "-", "import_origin": "2291.1", "import_consigment": "2288.9"}, {"country": "Zimbabwe", "year": "2021", "timeperiod": "3", "export": "-", "import_origin": "1878.6", "import_consigment": "1878.6"}, {"country": "Zimbabwe", "year": "2021", "timeperiod": "4", "export": "-", "import_origin": "2259.2", "import_consigment": "2259.2"}, {"country": "Zimbabwe", "year": "2021", "timeperiod": "5", "export": "-", "import_origin": "1319.9", "import_consigment": "1319.9"}, {"country": "Zimbabwe", "year": "2021", "timeperiod": "6", "export": "-", "import_origin": "885.5", "import_consigment": "880.0"}, {"country": "Zimbabwe", "year": "2021", "timeperiod": "7", "export": "-", "import_origin": "939.3", "import_consigment": "939.3"}, {"country": "Zimbabwe", "year": "2021", "timeperiod": "8", "export": "-", "import_origin": "2758.6", "import_consigment": "2758.6"}, {"country": "Zimbabwe", "year": "2021", "timeperiod": "9", "export": "-", "import_origin": "135.2", "import_consigment": "-"}, {"country": "Zimbabwe", "year": "2021", "timeperiod": "10", "export": "-", "import_origin": "5.4", "import_consigment": "-"}, {"country": "Zimbabwe", "year": "2021", "timeperiod": "12", "export": "29.8", "import_origin": "4.4", "import_consigment": "-"}, {"country": "Zimbabwe", "year": "2021", "timeperiod": "Year", "export": "29.8", "import_origin": "13877.3", "import_consigment": "13644.3"}, {"country": "Zimbabwe", "year": "2020", "timeperiod": "1", "export": "-", "import_origin": "867.5", "import_consigment": "867.4"}, {"country": "Zimbabwe", "year": "2020", "timeperiod": "2", "export": "-", "import_origin": "2737.9", "import_consigment": "2737.7"}, {"country": "Zimbabwe", "year": "2020", "timeperiod": "3", "export": "-", "import_origin": "1529.2", "import_consigment": "1526.1"}, {"country": "Zimbabwe", "year": "2020", "timeperiod": "4", "export": "-", "import_origin": "1275.7", "import_consigment": "1270.7"}, {"country": "Zimbabwe", "year": "2020", "timeperiod": "5", "export": "-", "import_origin": "5147.9", "import_consigment": "5147.9"}, {"country": "Zimbabwe", "year": "2020", "timeperiod": "7", "export": "-", "import_origin": "2252.2", "import_consigment": "2252.2"}, {"country": "Zimbabwe", "year": "2020", "timeperiod": "8", "export": "-", "import_origin": "477.1", "import_consigment": "476.6"}, {"country": "Zimbabwe", "year": "2020", "timeperiod": "9", "export": "-", "import_origin": "32.8", "import_consigment": "-"}, {"country": "Zimbabwe", "year": "2020", "timeperiod": "10", "export": "-", "import_origin": "49.6", "import_consigment": "-"}, {"country": "Zimbabwe", "year": "2020", "timeperiod": "11", "export": "-", "import_origin": "25.6", "import_consigment": "-"}, {"country": "Zimbabwe", "year": "2020", "timeperiod": "12", "export": "-", "import_origin": "-", "import_consigment": "-"}, {"country": "Zimbabwe", "year": "2020", "timeperiod": "Year", "export": "-", "import_origin": "14395.7", "import_consigment": "14278.7"}, {"country": "Zimbabwe", "year": "2019", "timeperiod": "1", "export": "-", "import_origin": "6.5", "import_consigment": "-"}, {"country": "Zimbabwe", "year": "2019", "timeperiod": "2", "export": "-", "import_origin": "919.0", "import_consigment": "919.0"}]}