{"data": [{"country": "Andorra", "year": "2018", "timeperiod": "Year", "export": "-", "import_origin": "5.8", "import_consigment": "-"}, {"country": "Andorra", "year": "2017", "timeperiod": "4", "export": "-", "import_origin": "1.5", "import_consigment": "-"}, {"country": "Andorra", "year": "2017", "timeperiod": "11", "export": "-", "import_origin": "1.7", "import_consigment": "-"}, {"country": "Andorra", "year": "2017", "timeperiod": "Year", "export": "-", "import_origin": "3.2", "import_consigment": "-"}, {"country": "Angola", "year": "2022", "timeperiod": "8", "export": "-", "import_origin": "2645.1", "import_consigment": "-"}, {"country": "Angola", "year": "2022", "timeperiod": "10", "export": "-", "import_origin": "3386.5", "import_consigment": "-"}, {"country": "Angola", "year": "2022", "timeperiod": "Year", "export": "-", "import_origin": "6031.5", "import_consigment": "-"}, {"country": "Angola", "year": "2020", "timeperiod": "9", "export": "-", "import_origin": "-", "import_consigment": "0.2"}, {"country": "Angola", "year": "2020", "timeperiod": "12", "export": "-", "import_origin": "-", "import_consigment": "-"}, {"country": "Angola", "year": "2020", "timeperiod": "Year", "export": "-", "import_origin": "-", "import_consigment": "0.2"}, {"country": "Angola", "year": "2019", "timeperiod": "6", "export": "-", "import_origin": "0.7", "import_consigment": "-"}, {"country": "Angola", "year": "2019", "timeperiod": "7", "export": "-", "import_origin": "82.1", "import_consigment": "-"}, {"country": "Angola", "year": "2019", "timeperiod": "10", "export": "-", "import_origin": "236.9", "import_consigment": "-"}, {"country": "Angola", "year": "2019", "timeperiod": "Year", "export": "-", "import_origin": "319.7", "import_consigment": "-"}, {"country": "Angola", "year": "2018", "timeperiod": "1", "export": "-", "import_origin": "5.7", "import_consigment": "-"}, {"country": "Angola", "year": "2018", "timeperiod": "2", "export": "-", "import_origin": "141.1", "import_consigment": "-"}, {"country": "Angola", "year": "2018", "timeperiod": "Year", "export": "-", "import_origin": "146.8", "import_consigment": "-"}, {"country": "Angola", "year": "2017", "timeperiod": "10", "export": "-", "import_origin": "830.9", "import_consigment": "-"}, {"country": "Angola", "year": "2017", "timeperiod": "11", "export": "-", "import_origin": "550.7", "import_consigment": "-"}, {"country": "Angola", "year": "2017", "timeperiod": "Year", "export": "-", "import_origin": "1381.6", "import_consigment": "-"}, {"country": "Antigua and Barbuda", "year": "2022", "timeperiod": "9", "export": "-", "import_origin": "-", "import_consigment": "-"}, {"country": "Antigua and Barbuda", "year": "2022", "timeperiod": "Year", "export": "-", "import_origin": "-", "import_consigment": "-"}, {"country": "Antigua and Barbuda", "year": "2021", "timeperiod": "6", "export": "-", "import_origin": "0.2", "import_consigment": "-"}, {"country": "Antigua and Barbuda", "year": "2021", "timeperiod": "10", "export": "-", "import_origin": "1.0", "import_consigment": "-"}, {"country": "Antigua and Barbuda", "year": "2021", "timeperiod": "Year", "export": "-", "import_origin": "1.2", "import_consigment": "-"}]}