{"data": [{"country": "Dominican Republic", "year": "2017", "timeperiod": "11", "export": "-", "import_origin": "15.2", "import_consigment": "-"}, {"country": "Dominican Republic", "year": "2017", "timeperiod": "12", "export": "-", "import_origin": "10.7", "import_consigment": "0.4"}, {"country": "Dominican Republic", "year": "2017", "timeperiod": "Year", "export": "12.2", "import_origin": "94.4", "import_consigment": "21.3"}, {"country": "Ecuador", "year": "2023", "timeperiod": "1", "export": "-", "import_origin": "1545.6", "import_consigment": "487.1"}, {"country": "Ecuador", "year": "2023", "timeperiod": "Year", "export": "-", "import_origin": "1545.6", "import_consigment": "487.1"}, {"country": "Ecuador", "year": "2022", "timeperiod": "1", "export": "-", "import_origin": "1373.2", "import_consigment": "754.9"}, {"country": "Ecuador", "year": "2022", "timeperiod": "2", "export": "-", "import_origin": "1922.0", "import_consigment": "1286.4"}, {"country": "Ecuador", "year": "2022", "timeperiod": "3", "export": "-", "import_origin": "1627.9", "import_consigment": "623.0"}, {"country": "Ecuador", "year": "2022", "timeperiod": "4", "export": "-", "import_origin": "1986.8", "import_consigment": "915.4"}, {"country": "Ecuador", "year": "2022", "timeperiod": "5", "export": "-", "import_origin": "1887.0", "import_consigment": "845.0"}, {"country": "Ecuador", "year": "2022", "timeperiod": "6", "export": "-", "import_origin": "1825.2", "import_consigment": "537.8"}, {"country": "Ecuador", "year": "2022", "timeperiod": "7", "export": "-", "import_origin": "1536.4", "import_consigment": "821.9"}, {"country": "Ecuador", "year": "2022", "timeperiod": "8", "export": "-", "import_origin": "1897.3", "import_consigment": "1309.8"}, {"country": "Ecuador", "year": "2022", "timeperiod": "9", "export": "-", "import_origin": "1500.0", "import_consigment": "1025.1"}, {"country": "Ecuador", "year": "2022", "timeperiod": "10", "export": "-", "import_origin": "1377.4", "import_consigment": "627.1"}, {"country": "Ecuador", "year": "2022", "timeperiod": "11", "export": "-", "import_origin": "1952.6", "import_consigment": "975.6"}, {"country": "Ecuador", "year": "2022", "timeperiod": "12", "export": "-", "import_origin": "3009.9", "import_consigment": "1264.6"}, {"country": "Ecuador", "year": "2022", "timeperiod": "Year", "export": "-", "import_origin": "21895.9", "import_consigment": "10986.8"}, {"country": "Ecuador", "year": "2021", "timeperiod": "1", "export": "-", "import_origin": "1168.4", "import_consigment": "790.6"}, {"country": "Ecuador", "year": "2021", "timeperiod": "2", "export": "-", "import_origin": "1408.5", "import_consigment": "848.0"}, {"country": "Ecuador", "year": "2021", "timeperiod": "3", "export": "-", "import_origin": "1976.7", "import_consigment": "1187.4"}, {"country": "Ecuador", "year": "2021", "timeperiod": "4", "export": "-", "import_origin": "1885.4", "import_consigment": "1161.3"}, {"country": "Ecuador", "year": "2021", "timeperiod": "5", "export": "-", "import_origin": "1529.1", "import_consigment": "825.0"}, {"country": "Ecuador", "year": "2021", "timeperiod": "6", "export": "-", "import_origin": "1160.5", "import_consigment": "638.8"}, {"country": "Ecuador", "year": "2021", "timeperiod": "7", "export": "-", "import_origin": "870.6", "import_consigment": "355.4"}]}