{"data": [{"country": "Honduras", "year": "2020", "timeperiod": "Year", "export": "-", "import_origin": "132.8", "import_consigment": "62.7"}, {"country": "Honduras", "year": "2019", "timeperiod": "1", "export": "-", "import_origin": "1.1", "import_consigment": "-"}, {"country": "Honduras", "year": "2019", "timeperiod": "2", "export": "-", "import_origin": "-", "import_consigment": "784.1"}, {"country": "Honduras", "year": "2019", "timeperiod": "3", "export": "-", "import_origin": "0.7", "import_consigment": "-"}, {"country": "Honduras", "year": "2019", "timeperiod": "4", "export": "-", "import_origin": "20.0", "import_consigment": "-"}, {"country": "Honduras", "year": "2019", "timeperiod": "5", "export": "-", "import_origin": "86.2", "import_consigment": "51.1"}, {"country": "Honduras", "year": "2019", "timeperiod": "6", "export": "-", "import_origin": "3.8", "import_consigment": "-"}, {"country": "Honduras", "year": "2019", "timeperiod": "7", "export": "-", "import_origin": "0.7", "import_consigment": "-"}, {"country": "Honduras", "year": "2019", "timeperiod": "8", "export": "-", "import_origin": "9.7", "import_consigment": "-"}, {"country": "Honduras", "year": "2019", "timeperiod": "9", "export": "-", "import_origin": "3.0", "import_consigment": "-"}, {"country": "Honduras", "year": "2019", "timeperiod": "10", "export": "-", "import_origin": "-", "import_consigment": "-"}, {"country": "Honduras", "year": "2019", "timeperiod": "11", "export": "-", "import_origin": "0.1", "import_consigment": "-"}, {"country": "Honduras", "year": "2019", "timeperiod": "12", "export": "-", "import_origin": "2.3", "import_consigment": "-"}, {"country": "Honduras", "year": "2019", "timeperiod": "Year", "export": "-", "import_origin": "127.7", "import_consigment": "835.2"}, {"country": "Honduras", "year": "2018", "timeperiod": "1", "export": "-", "import_origin": "4.9", "import_consigment": "-"}, {"country": "Honduras", "year": "2018", "timeperiod": "3", "export": "-", "import_origin": "2.3", "import_consigment": "-"}, {"country": "Honduras", "year": "2018", "timeperiod": "4", "export": "-", "import_origin": "1.2", "import_consigment": "-"}, {"country": "Honduras", "year": "2018", "timeperiod": "5", "export": "-", "import_origin": "1.4", "import_consigment": "-"}, {"country": "Honduras", "year": "2018", "timeperiod": "6", "export": "-", "import_origin": "8.1", "import_consigment": "2.4"}, {"country": "Honduras", "year": "2018", "timeperiod": "7", "export": "-", "import_origin": "68.7", "import_consigment": "64.3"}, {"country": "Honduras", "year": "2018", "timeperiod": "9", "export": "-", "import_origin": "5.1", "import_consigment": "-"}, {"country": "Honduras", "year": "2018", "timeperiod": "10", "export": "-", "import_origin": "27.2", "import_consigment": "-"}, {"country": "Honduras", "year": "2018", "timeperiod": "11", "export": "-", "import_origin": "0.4", "import_consigment": "-"}, {"country": "Honduras", "year": "2018", "timeperiod": "12", "export": "-", "import_origin": "0.4", "import_consigment": "-"}, {"country": "Honduras", "year": "2018", "timeperiod": "Year", "export": "-", "import_origin": "119.9", "import_consigment": "66.6"}]}