{"data": [{"country": "Viet Nam", "year": "2017", "timeperiod": "3", "export": "-", "import_origin": "1843.3", "import_consigment": "243.2"}, {"country": "Viet Nam", "year": "2017", "timeperiod": "4", "export": "-", "import_origin": "2787.0", "import_consigment": "764.5"}, {"country": "Viet Nam", "year": "2017", "timeperiod": "5", "export": "12.8", "import_origin": "3583.9", "import_consigment": "191.9"}, {"country": "Viet Nam", "year": "2017", "timeperiod": "6", "export": "76.5", "import_origin": "2157.8", "import_consigment": "482.7"}, {"country": "Viet Nam", "year": "2017", "timeperiod": "7", "export": "1.1", "import_origin": "2946.5", "import_consigment": "331.1"}, {"country": "Viet Nam", "year": "2017", "timeperiod": "8", "export": "-", "import_origin": "3889.4", "import_consigment": "529.5"}, {"country": "Viet Nam", "year": "2017", "timeperiod": "9", "export": "-", "import_origin": "2105.3", "import_consigment": "431.1"}, {"country": "Viet Nam", "year": "2017", "timeperiod": "10", "export": "25.7", "import_origin": "4701.6", "import_consigment": "2045.4"}, {"country": "Viet Nam", "year": "2017", "timeperiod": "11", "export": "41.3", "import_origin": "3437.8", "import_consigment": "235.8"}, {"country": "Viet Nam", "year": "2017", "timeperiod": "12", "export": "-", "import_origin": "3956.8", "import_consigment": "361.2"}, {"country": "Viet Nam", "year": "2017", "timeperiod": "Year", "export": "157.4", "import_origin": "34784.7", "import_consigment": "6031.4"}, {"country": "Slovenia", "year": "2023", "timeperiod": "1", "export": "2.6", "import_origin": "1017.8", "import_consigment": "1037.4"}, {"country": "Slovenia", "year": "2023", "timeperiod": "Year", "export": "2.6", "import_origin": "1017.8", "import_consigment": "1037.4"}, {"country": "Slovenia", "year": "2022", "timeperiod": "1", "export": "4.0", "import_origin": "840.4", "import_consigment": "1092.7"}, {"country": "Slovenia", "year": "2022", "timeperiod": "2", "export": "-", "import_origin": "256.5", "import_consigment": "174.7"}, {"country": "Slovenia", "year": "2022", "timeperiod": "3", "export": "-", "import_origin": "1120.7", "import_consigment": "1317.4"}, {"country": "Slovenia", "year": "2022", "timeperiod": "4", "export": "-", "import_origin": "1155.0", "import_consigment": "1251.9"}, {"country": "Slovenia", "year": "2022", "timeperiod": "5", "export": "-", "import_origin": "415.4", "import_consigment": "372.1"}, {"country": "Slovenia", "year": "2022", "timeperiod": "6", "export": "-", "import_origin": "1465.8", "import_consigment": "1516.9"}, {"country": "Slovenia", "year": "2022", "timeperiod": "7", "export": "-", "import_origin": "812.7", "import_consigment": "1019.2"}, {"country": "Slovenia", "year": "2022", "timeperiod": "8", "export": "-", "import_origin": "3482.8", "import_consigment": "1415.2"}, {"country": "Slovenia", "year": "2022", "timeperiod": "9", "export": "-", "import_origin": "1109.6", "import_consigment": "1188.8"}, {"country": "Slovenia", "year": "2022", "timeperiod": "10", "export": "1.9", "import_origin": "1099.6", "import_consigment": "1080.8"}, {"country": "Slovenia", "year": "2022", "timeperiod": "11", "export": "-", "import_origin": "1439.4", "import_consigment": "1401.0"}, {"country": "Slovenia", "year": "2022", "timeperiod": "12", "export": "0.9", "import_origin": "1854.5", "import_consigment": "2136.4"}]}