{"data": [{"country": "Seychelles", "year": "2019", "timeperiod": "9", "export": "0.4", "import_origin": "3.9", "import_consigment": "-"}, {"country": "Seychelles", "year": "2019", "timeperiod": "11", "export": "6.6", "import_origin": "-", "import_consigment": "-"}, {"country": "Seychelles", "year": "2019", "timeperiod": "Year", "export": "20.8", "import_origin": "3.9", "import_consigment": "3.8"}, {"country": "Seychelles", "year": "2018", "timeperiod": "2", "export": "-", "import_origin": "-", "import_consigment": "4.7"}, {"country": "Seychelles", "year": "2018", "timeperiod": "3", "export": "244.4", "import_origin": "-", "import_consigment": "0.8"}, {"country": "Seychelles", "year": "2018", "timeperiod": "4", "export": "313.2", "import_origin": "-", "import_consigment": "-"}, {"country": "Seychelles", "year": "2018", "timeperiod": "9", "export": "-", "import_origin": "1.2", "import_consigment": "-"}, {"country": "Seychelles", "year": "2018", "timeperiod": "10", "export": "2.4", "import_origin": "-", "import_consigment": "-"}, {"country": "Seychelles", "year": "2018", "timeperiod": "11", "export": "5.2", "import_origin": "-", "import_consigment": "-"}, {"country": "Seychelles", "year": "2018", "timeperiod": "Year", "export": "565.3", "import_origin": "1.2", "import_consigment": "5.5"}, {"country": "Seychelles", "year": "2017", "timeperiod": "5", "export": "-", "import_origin": "-", "import_consigment": "4.7"}, {"country": "Seychelles", "year": "2017", "timeperiod": "10", "export": "-", "import_origin": "-", "import_consigment": "166.3"}, {"country": "Seychelles", "year": "2017", "timeperiod": "12", "export": "-", "import_origin": "-", "import_consigment": "-"}, {"country": "Seychelles", "year": "2017", "timeperiod": "Year", "export": "-", "import_origin": "-", "import_consigment": "171.0"}, {"country": "Sierra Leone", "year": "2023", "timeperiod": "1", "export": "-", "import_origin": "0.2", "import_consigment": "-"}, {"country": "Sierra Leone", "year": "2023", "timeperiod": "Year", "export": "-", "import_origin": "0.2", "import_consigment": "-"}, {"country": "Sierra Leone", "year": "2022", "timeperiod": "3", "export": "-", "import_origin": "51.9", "import_consigment": "51.9"}, {"country": "Sierra Leone", "year": "2022", "timeperiod": "4", "export": "-", "import_origin": "0.7", "import_consigment": "-"}, {"country": "Sierra Leone", "year": "2022", "timeperiod": "5", "export": "-", "import_origin": "1.9", "import_consigment": "-"}, {"country": "Sierra Leone", "year": "2022", "timeperiod": "6", "export": "1.3", "import_origin": "43.1", "import_consigment": "41.3"}, {"country": "Sierra Leone", "year": "2022", "timeperiod": "8", "export": "-", "import_origin": "1.2", "import_consigment": "-"}, {"country": "Sierra Leone", "year": "2022", "timeperiod": "9", "export": "-", "import_origin": "1.2", "import_consigment": "-"}, {"country": "Sierra Leone", "year": "2022", "timeperiod": "10", "export": "-", "import_origin": "1.4", "import_consigment": "-"}, {"country": "Sierra Leone", "year": "2022", "timeperiod": "11", "export": "-", "import_origin": "5.6", "import_consigment": "-"}, {"country": "Sierra Leone", "year": "2022", "timeperiod": "12", "export": "-", "import_origin": "4.0", "import_consigment": "-"}]}