{"data": [{"country": "Kenya", "year": "2018", "timeperiod": "12", "export": "-", "import_origin": "4.2", "import_consigment": "-"}, {"country": "Kenya", "year": "2018", "timeperiod": "Year", "export": "16.9", "import_origin": "94.7", "import_consigment": "102.1"}, {"country": "Kenya", "year": "2017", "timeperiod": "2", "export": "-", "import_origin": "6.6", "import_consigment": "-"}, {"country": "Kenya", "year": "2017", "timeperiod": "3", "export": "-", "import_origin": "3.3", "import_consigment": "-"}, {"country": "Kenya", "year": "2017", "timeperiod": "4", "export": "18.5", "import_origin": "-", "import_consigment": "-"}, {"country": "Kenya", "year": "2017", "timeperiod": "5", "export": "-", "import_origin": "2.1", "import_consigment": "-"}, {"country": "Kenya", "year": "2017", "timeperiod": "6", "export": "-", "import_origin": "1.1", "import_consigment": "-"}, {"country": "Kenya", "year": "2017", "timeperiod": "7", "export": "-", "import_origin": "3.8", "import_consigment": "-"}, {"country": "Kenya", "year": "2017", "timeperiod": "8", "export": "-", "import_origin": "2.0", "import_consigment": "2.0"}, {"country": "Kenya", "year": "2017", "timeperiod": "9", "export": "-", "import_origin": "6.8", "import_consigment": "4.2"}, {"country": "Kenya", "year": "2017", "timeperiod": "10", "export": "-", "import_origin": "47.5", "import_consigment": "-"}, {"country": "Kenya", "year": "2017", "timeperiod": "11", "export": "-", "import_origin": "3.7", "import_consigment": "-"}, {"country": "Kenya", "year": "2017", "timeperiod": "12", "export": "-", "import_origin": "93.7", "import_consigment": "-"}, {"country": "Kenya", "year": "2017", "timeperiod": "Year", "export": "18.5", "import_origin": "170.6", "import_consigment": "6.2"}, {"country": "Korea, DPR of", "year": "2023", "timeperiod": "1", "export": "-", "import_origin": "16.7", "import_consigment": "-"}, {"country": "Korea, DPR of", "year": "2023", "timeperiod": "Year", "export": "-", "import_origin": "16.7", "import_consigment": "-"}, {"country": "Korea, DPR of", "year": "2022", "timeperiod": "1", "export": "-", "import_origin": "0.1", "import_consigment": "-"}, {"country": "Korea, DPR of", "year": "2022", "timeperiod": "2", "export": "-", "import_origin": "0.8", "import_consigment": "-"}, {"country": "Korea, DPR of", "year": "2022", "timeperiod": "3", "export": "-", "import_origin": "0.6", "import_consigment": "-"}, {"country": "Korea, DPR of", "year": "2022", "timeperiod": "4", "export": "-", "import_origin": "5.4", "import_consigment": "-"}, {"country": "Korea, DPR of", "year": "2022", "timeperiod": "5", "export": "-", "import_origin": "3.9", "import_consigment": "-"}, {"country": "Korea, DPR of", "year": "2022", "timeperiod": "6", "export": "-", "import_origin": "6.4", "import_consigment": "-"}, {"country": "Korea, DPR of", "year": "2022", "timeperiod": "7", "export": "-", "import_origin": "3.6", "import_consigment": "-"}, {"country": "Korea, DPR of", "year": "2022", "timeperiod": "8", "export": "-", "import_origin": "31.6", "import_consigment": "-"}, {"country": "Korea, DPR of", "year": "2022", "timeperiod": "9", "export": "-", "import_origin": "6.2", "import_consigment": "-"}]}