{"data": [{"country": "Algeria", "year": "2019", "timeperiod": "12", "export": "-", "import_origin": "-", "import_consigment": "-"}, {"country": "Algeria", "year": "2019", "timeperiod": "Year", "export": "-", "import_origin": "1.3", "import_consigment": "-"}, {"country": "Algeria", "year": "2018", "timeperiod": "2", "export": "-", "import_origin": "0.4", "import_consigment": "-"}, {"country": "Algeria", "year": "2018", "timeperiod": "Year", "export": "-", "import_origin": "0.4", "import_consigment": "-"}, {"country": "Algeria", "year": "2017", "timeperiod": "3", "export": "-", "import_origin": "0.7", "import_consigment": "-"}, {"country": "Algeria", "year": "2017", "timeperiod": "6", "export": "-", "import_origin": "0.3", "import_consigment": "-"}, {"country": "Algeria", "year": "2017", "timeperiod": "7", "export": "2.5", "import_origin": "-", "import_consigment": "-"}, {"country": "Algeria", "year": "2017", "timeperiod": "8", "export": "-", "import_origin": "0.4", "import_consigment": "-"}, {"country": "Algeria", "year": "2017", "timeperiod": "10", "export": "1.5", "import_origin": "-", "import_consigment": "-"}, {"country": "Algeria", "year": "2017", "timeperiod": "Year", "export": "4.0", "import_origin": "1.3", "import_consigment": "-"}, {"country": "American Saoma", "year": "2021", "timeperiod": "1", "export": "-", "import_origin": "4.3", "import_consigment": "-"}, {"country": "American Saoma", "year": "2021", "timeperiod": "8", "export": "-", "import_origin": "-", "import_consigment": "-"}, {"country": "American Saoma", "year": "2021", "timeperiod": "12", "export": "-", "import_origin": "1.1", "import_consigment": "-"}, {"country": "American Saoma", "year": "2021", "timeperiod": "Year", "export": "-", "import_origin": "5.5", "import_consigment": "-"}, {"country": "American Saoma", "year": "2020", "timeperiod": "1", "export": "-", "import_origin": "0.4", "import_consigment": "-"}, {"country": "American Saoma", "year": "2020", "timeperiod": "5", "export": "-", "import_origin": "-", "import_consigment": "-"}, {"country": "American Saoma", "year": "2020", "timeperiod": "6", "export": "-", "import_origin": "-", "import_consigment": "-"}, {"country": "American Saoma", "year": "2020", "timeperiod": "Year", "export": "-", "import_origin": "0.4", "import_consigment": "-"}, {"country": "American Saoma", "year": "2018", "timeperiod": "6", "export": "-", "import_origin": "3.7", "import_consigment": "-"}, {"country": "American Saoma", "year": "2018", "timeperiod": "Year", "export": "-", "import_origin": "3.7", "import_consigment": "-"}, {"country": "American Saoma", "year": "2017", "timeperiod": "10", "export": "-", "import_origin": "0.8", "import_consigment": "-"}, {"country": "American Saoma", "year": "2017", "timeperiod": "Year", "export": "-", "import_origin": "0.8", "import_consigment": "-"}, {"country": "Andorra", "year": "2023", "timeperiod": "1", "export": "-", "import_origin": "27.2", "import_consigment": "-"}, {"country": "Andorra", "year": "2023", "timeperiod": "Year", "export": "-", "import_origin": "27.2", "import_consigment": "-"}, {"country": "Andorra", "year": "2022", "timeperiod": "1", "export": "-", "import_origin": "1.0", "import_consigment": "-"}]}