{"data": [{"country": "Ecuador", "year": "2021", "timeperiod": "8", "export": "-", "import_origin": "944.9", "import_consigment": "430.8"}, {"country": "Ecuador", "year": "2021", "timeperiod": "9", "export": "-", "import_origin": "1000.8", "import_consigment": "523.1"}, {"country": "Ecuador", "year": "2021", "timeperiod": "10", "export": "-", "import_origin": "1170.2", "import_consigment": "702.8"}, {"country": "Ecuador", "year": "2021", "timeperiod": "11", "export": "-", "import_origin": "1295.5", "import_consigment": "770.8"}, {"country": "Ecuador", "year": "2021", "timeperiod": "12", "export": "-", "import_origin": "1695.0", "import_consigment": "805.3"}, {"country": "Ecuador", "year": "2021", "timeperiod": "Year", "export": "-", "import_origin": "16105.8", "import_consigment": "9039.3"}, {"country": "Ecuador", "year": "2020", "timeperiod": "1", "export": "-", "import_origin": "997.5", "import_consigment": "434.1"}, {"country": "Ecuador", "year": "2020", "timeperiod": "2", "export": "-", "import_origin": "1241.7", "import_consigment": "770.4"}, {"country": "Ecuador", "year": "2020", "timeperiod": "3", "export": "-", "import_origin": "1700.3", "import_consigment": "1022.8"}, {"country": "Ecuador", "year": "2020", "timeperiod": "4", "export": "-", "import_origin": "1418.1", "import_consigment": "695.1"}, {"country": "Ecuador", "year": "2020", "timeperiod": "5", "export": "-", "import_origin": "1126.8", "import_consigment": "491.8"}, {"country": "Ecuador", "year": "2020", "timeperiod": "6", "export": "-", "import_origin": "1228.1", "import_consigment": "771.3"}, {"country": "Ecuador", "year": "2020", "timeperiod": "7", "export": "-", "import_origin": "1100.9", "import_consigment": "597.0"}, {"country": "Ecuador", "year": "2020", "timeperiod": "8", "export": "-", "import_origin": "1170.2", "import_consigment": "474.4"}, {"country": "Ecuador", "year": "2020", "timeperiod": "9", "export": "-", "import_origin": "880.2", "import_consigment": "503.2"}, {"country": "Ecuador", "year": "2020", "timeperiod": "10", "export": "-", "import_origin": "1281.4", "import_consigment": "710.2"}, {"country": "Ecuador", "year": "2020", "timeperiod": "11", "export": "-", "import_origin": "1152.9", "import_consigment": "731.4"}, {"country": "Ecuador", "year": "2020", "timeperiod": "12", "export": "-", "import_origin": "1367.5", "import_consigment": "874.4"}, {"country": "Ecuador", "year": "2020", "timeperiod": "Year", "export": "-", "import_origin": "14665.6", "import_consigment": "8076.1"}, {"country": "Ecuador", "year": "2019", "timeperiod": "1", "export": "-", "import_origin": "691.0", "import_consigment": "279.7"}, {"country": "Ecuador", "year": "2019", "timeperiod": "2", "export": "-", "import_origin": "1148.4", "import_consigment": "381.3"}, {"country": "Ecuador", "year": "2019", "timeperiod": "3", "export": "-", "import_origin": "1494.8", "import_consigment": "422.3"}, {"country": "Ecuador", "year": "2019", "timeperiod": "4", "export": "-", "import_origin": "1494.0", "import_consigment": "473.3"}, {"country": "Ecuador", "year": "2019", "timeperiod": "5", "export": "-", "import_origin": "2071.4", "import_consigment": "878.9"}, {"country": "Ecuador", "year": "2019", "timeperiod": "6", "export": "-", "import_origin": "1395.0", "import_consigment": "729.5"}]}