{"data": [{"country": "Togo", "year": "2019", "timeperiod": "8", "export": "-", "import_origin": "65.4", "import_consigment": "-"}, {"country": "Togo", "year": "2019", "timeperiod": "Year", "export": "-", "import_origin": "435.4", "import_consigment": "-"}, {"country": "Togo", "year": "2018", "timeperiod": "1", "export": "-", "import_origin": "56.2", "import_consigment": "-"}, {"country": "Togo", "year": "2018", "timeperiod": "3", "export": "-", "import_origin": "53.6", "import_consigment": "-"}, {"country": "Togo", "year": "2018", "timeperiod": "5", "export": "-", "import_origin": "58.1", "import_consigment": "-"}, {"country": "Togo", "year": "2018", "timeperiod": "9", "export": "-", "import_origin": "-", "import_consigment": "-"}, {"country": "Togo", "year": "2018", "timeperiod": "10", "export": "-", "import_origin": "115.4", "import_consigment": "-"}, {"country": "Togo", "year": "2018", "timeperiod": "11", "export": "-", "import_origin": "59.6", "import_consigment": "-"}, {"country": "Togo", "year": "2018", "timeperiod": "12", "export": "-", "import_origin": "120.1", "import_consigment": "-"}, {"country": "Togo", "year": "2018", "timeperiod": "Year", "export": "-", "import_origin": "463.2", "import_consigment": "-"}, {"country": "Togo", "year": "2017", "timeperiod": "2", "export": "-", "import_origin": "75.8", "import_consigment": "-"}, {"country": "Togo", "year": "2017", "timeperiod": "5", "export": "-", "import_origin": "14.2", "import_consigment": "-"}, {"country": "Togo", "year": "2017", "timeperiod": "6", "export": "-", "import_origin": "57.7", "import_consigment": "-"}, {"country": "Togo", "year": "2017", "timeperiod": "7", "export": "-", "import_origin": "111.0", "import_consigment": "-"}, {"country": "Togo", "year": "2017", "timeperiod": "8", "export": "-", "import_origin": "120.2", "import_consigment": "-"}, {"country": "Togo", "year": "2017", "timeperiod": "9", "export": "-", "import_origin": "109.0", "import_consigment": "-"}, {"country": "Togo", "year": "2017", "timeperiod": "12", "export": "-", "import_origin": "166.0", "import_consigment": "-"}, {"country": "Togo", "year": "2017", "timeperiod": "Year", "export": "-", "import_origin": "653.8", "import_consigment": "-"}, {"country": "Tokelau", "year": "2023", "timeperiod": "1", "export": "-", "import_origin": "-", "import_consigment": "-"}, {"country": "Tokelau", "year": "2023", "timeperiod": "Year", "export": "-", "import_origin": "-", "import_consigment": "-"}, {"country": "Tokelau", "year": "2021", "timeperiod": "7", "export": "-", "import_origin": "-", "import_consigment": "-"}, {"country": "Tokelau", "year": "2021", "timeperiod": "10", "export": "-", "import_origin": "0.2", "import_consigment": "-"}, {"country": "Tokelau", "year": "2021", "timeperiod": "Year", "export": "-", "import_origin": "0.2", "import_consigment": "-"}, {"country": "Tokelau", "year": "2020", "timeperiod": "11", "export": "-", "import_origin": "-", "import_consigment": "-"}, {"country": "Tokelau", "year": "2020", "timeperiod": "Year", "export": "-", "import_origin": "-", "import_consigment": "-"}]}