{"data": [{"country": "Indonesia", "year": "2019", "timeperiod": "10", "export": "-", "import_origin": "2488.0", "import_consigment": "2110.9"}, {"country": "Indonesia", "year": "2019", "timeperiod": "11", "export": "-", "import_origin": "2654.8", "import_consigment": "2344.1"}, {"country": "Indonesia", "year": "2019", "timeperiod": "12", "export": "-", "import_origin": "2805.3", "import_consigment": "2505.6"}, {"country": "Indonesia", "year": "2019", "timeperiod": "Year", "export": "1.0", "import_origin": "24610.2", "import_consigment": "21570.3"}, {"country": "Indonesia", "year": "2018", "timeperiod": "1", "export": "-", "import_origin": "1495.3", "import_consigment": "1304.6"}, {"country": "Indonesia", "year": "2018", "timeperiod": "2", "export": "-", "import_origin": "2039.7", "import_consigment": "1797.6"}, {"country": "Indonesia", "year": "2018", "timeperiod": "3", "export": "-", "import_origin": "2449.5", "import_consigment": "1988.6"}, {"country": "Indonesia", "year": "2018", "timeperiod": "4", "export": "-", "import_origin": "1431.4", "import_consigment": "1205.5"}, {"country": "Indonesia", "year": "2018", "timeperiod": "5", "export": "-", "import_origin": "3773.9", "import_consigment": "3566.9"}, {"country": "Indonesia", "year": "2018", "timeperiod": "6", "export": "0.3", "import_origin": "1963.2", "import_consigment": "1807.2"}, {"country": "Indonesia", "year": "2018", "timeperiod": "7", "export": "-", "import_origin": "1734.7", "import_consigment": "1406.7"}, {"country": "Indonesia", "year": "2018", "timeperiod": "8", "export": "-", "import_origin": "1994.6", "import_consigment": "1726.4"}, {"country": "Indonesia", "year": "2018", "timeperiod": "9", "export": "-", "import_origin": "2928.7", "import_consigment": "2669.8"}, {"country": "Indonesia", "year": "2018", "timeperiod": "10", "export": "-", "import_origin": "2674.6", "import_consigment": "2377.5"}, {"country": "Indonesia", "year": "2018", "timeperiod": "11", "export": "-", "import_origin": "2744.8", "import_consigment": "2515.2"}, {"country": "Indonesia", "year": "2018", "timeperiod": "12", "export": "-", "import_origin": "1715.4", "import_consigment": "1429.3"}, {"country": "Indonesia", "year": "2018", "timeperiod": "Year", "export": "0.3", "import_origin": "26945.6", "import_consigment": "23795.3"}, {"country": "Indonesia", "year": "2017", "timeperiod": "1", "export": "-", "import_origin": "1846.9", "import_consigment": "1768.4"}, {"country": "Indonesia", "year": "2017", "timeperiod": "2", "export": "-", "import_origin": "2268.2", "import_consigment": "2021.1"}, {"country": "Indonesia", "year": "2017", "timeperiod": "3", "export": "-", "import_origin": "2388.6", "import_consigment": "2214.0"}, {"country": "Indonesia", "year": "2017", "timeperiod": "4", "export": "-", "import_origin": "1935.7", "import_consigment": "1664.2"}, {"country": "Indonesia", "year": "2017", "timeperiod": "5", "export": "-", "import_origin": "1849.0", "import_consigment": "1664.9"}, {"country": "Indonesia", "year": "2017", "timeperiod": "6", "export": "-", "import_origin": "2228.2", "import_consigment": "2032.2"}, {"country": "Indonesia", "year": "2017", "timeperiod": "7", "export": "-", "import_origin": "2380.2", "import_consigment": "2186.9"}, {"country": "Indonesia", "year": "2017", "timeperiod": "8", "export": "-", "import_origin": "1831.0", "import_consigment": "1533.7"}]}