{"data": [{"country": "Ireland", "year": "2018", "timeperiod": "7", "export": "0.1", "import_origin": "566.0", "import_consigment": "1.1"}, {"country": "Ireland", "year": "2018", "timeperiod": "8", "export": "-", "import_origin": "734.3", "import_consigment": "99.8"}, {"country": "Ireland", "year": "2018", "timeperiod": "9", "export": "1.3", "import_origin": "609.4", "import_consigment": "0.6"}, {"country": "Ireland", "year": "2018", "timeperiod": "10", "export": "-", "import_origin": "752.9", "import_consigment": "32.9"}, {"country": "Ireland", "year": "2018", "timeperiod": "11", "export": "-", "import_origin": "811.9", "import_consigment": "14.4"}, {"country": "Ireland", "year": "2018", "timeperiod": "12", "export": "-", "import_origin": "1076.4", "import_consigment": "2.0"}, {"country": "Ireland", "year": "2018", "timeperiod": "Year", "export": "6.4", "import_origin": "10652.0", "import_consigment": "756.2"}, {"country": "Ireland", "year": "2017", "timeperiod": "1", "export": "-", "import_origin": "499.3", "import_consigment": "12.4"}, {"country": "Ireland", "year": "2017", "timeperiod": "2", "export": "-", "import_origin": "596.5", "import_consigment": "79.1"}, {"country": "Ireland", "year": "2017", "timeperiod": "3", "export": "-", "import_origin": "1038.1", "import_consigment": "117.8"}, {"country": "Ireland", "year": "2017", "timeperiod": "4", "export": "5.5", "import_origin": "540.2", "import_consigment": "160.7"}, {"country": "Ireland", "year": "2017", "timeperiod": "5", "export": "0.8", "import_origin": "587.5", "import_consigment": "10.7"}, {"country": "Ireland", "year": "2017", "timeperiod": "6", "export": "-", "import_origin": "769.7", "import_consigment": "33.8"}, {"country": "Ireland", "year": "2017", "timeperiod": "7", "export": "-", "import_origin": "920.9", "import_consigment": "20.8"}, {"country": "Ireland", "year": "2017", "timeperiod": "8", "export": "-", "import_origin": "484.7", "import_consigment": "58.7"}, {"country": "Ireland", "year": "2017", "timeperiod": "9", "export": "5.1", "import_origin": "1089.3", "import_consigment": "206.2"}, {"country": "Ireland", "year": "2017", "timeperiod": "10", "export": "-", "import_origin": "1361.3", "import_consigment": "645.8"}, {"country": "Ireland", "year": "2017", "timeperiod": "11", "export": "-", "import_origin": "1010.5", "import_consigment": "291.8"}, {"country": "Ireland", "year": "2017", "timeperiod": "12", "export": "1.1", "import_origin": "942.6", "import_consigment": "40.5"}, {"country": "Ireland", "year": "2017", "timeperiod": "Year", "export": "12.6", "import_origin": "9840.5", "import_consigment": "1678.4"}, {"country": "Israel", "year": "2023", "timeperiod": "1", "export": "588.1", "import_origin": "1715.3", "import_consigment": "1112.3"}, {"country": "Israel", "year": "2023", "timeperiod": "Year", "export": "588.1", "import_origin": "1715.3", "import_consigment": "1112.3"}, {"country": "Israel", "year": "2022", "timeperiod": "1", "export": "739.3", "import_origin": "482.9", "import_consigment": "562.3"}, {"country": "Israel", "year": "2022", "timeperiod": "2", "export": "940.5", "import_origin": "1116.3", "import_consigment": "1011.6"}, {"country": "Israel", "year": "2022", "timeperiod": "3", "export": "794.3", "import_origin": "1396.5", "import_consigment": "1306.4"}]}