{"data": [{"country": "Belgium", "year": "2022", "timeperiod": "7", "export": "10250.8", "import_origin": "2768.2", "import_consigment": "7891.4"}, {"country": "Belgium", "year": "2022", "timeperiod": "8", "export": "3427.9", "import_origin": "5053.7", "import_consigment": "12061.6"}, {"country": "Belgium", "year": "2022", "timeperiod": "9", "export": "9213.8", "import_origin": "2898.7", "import_consigment": "11382.9"}, {"country": "Belgium", "year": "2022", "timeperiod": "10", "export": "10404.4", "import_origin": "3883.0", "import_consigment": "8661.0"}, {"country": "Belgium", "year": "2022", "timeperiod": "11", "export": "3990.5", "import_origin": "2961.1", "import_consigment": "8868.8"}, {"country": "Belgium", "year": "2022", "timeperiod": "12", "export": "9065.2", "import_origin": "3328.0", "import_consigment": "8079.9"}, {"country": "Belgium", "year": "2022", "timeperiod": "Year", "export": "85733.1", "import_origin": "50894.3", "import_consigment": "102573.9"}, {"country": "Belgium", "year": "2021", "timeperiod": "1", "export": "1035.7", "import_origin": "1574.4", "import_consigment": "3273.5"}, {"country": "Belgium", "year": "2021", "timeperiod": "2", "export": "3007.8", "import_origin": "4718.9", "import_consigment": "3597.6"}, {"country": "Belgium", "year": "2021", "timeperiod": "3", "export": "4211.7", "import_origin": "2548.7", "import_consigment": "2825.7"}, {"country": "Belgium", "year": "2021", "timeperiod": "4", "export": "3588.3", "import_origin": "5302.2", "import_consigment": "4896.0"}, {"country": "Belgium", "year": "2021", "timeperiod": "5", "export": "5835.3", "import_origin": "2626.4", "import_consigment": "4030.8"}, {"country": "Belgium", "year": "2021", "timeperiod": "6", "export": "7527.9", "import_origin": "5552.5", "import_consigment": "5914.2"}, {"country": "Belgium", "year": "2021", "timeperiod": "7", "export": "6597.9", "import_origin": "3697.7", "import_consigment": "3185.5"}, {"country": "Belgium", "year": "2021", "timeperiod": "8", "export": "2538.3", "import_origin": "2308.2", "import_consigment": "3838.3"}, {"country": "Belgium", "year": "2021", "timeperiod": "9", "export": "3576.9", "import_origin": "4128.0", "import_consigment": "3310.9"}, {"country": "Belgium", "year": "2021", "timeperiod": "10", "export": "3411.5", "import_origin": "4607.0", "import_consigment": "5858.3"}, {"country": "Belgium", "year": "2021", "timeperiod": "11", "export": "4144.5", "import_origin": "9149.0", "import_consigment": "8489.9"}, {"country": "Belgium", "year": "2021", "timeperiod": "12", "export": "6441.8", "import_origin": "6719.0", "import_consigment": "6855.6"}, {"country": "Belgium", "year": "2021", "timeperiod": "Year", "export": "51917.6", "import_origin": "52932.0", "import_consigment": "56076.4"}, {"country": "Belgium", "year": "2020", "timeperiod": "1", "export": "1537.9", "import_origin": "1727.8", "import_consigment": "3164.0"}, {"country": "Belgium", "year": "2020", "timeperiod": "2", "export": "3125.8", "import_origin": "4036.1", "import_consigment": "5838.1"}, {"country": "Belgium", "year": "2020", "timeperiod": "3", "export": "4073.7", "import_origin": "2053.3", "import_consigment": "4391.5"}, {"country": "Belgium", "year": "2020", "timeperiod": "4", "export": "2007.8", "import_origin": "1463.1", "import_consigment": "2644.7"}, {"country": "Belgium", "year": "2020", "timeperiod": "5", "export": "1388.3", "import_origin": "2325.2", "import_consigment": "4116.8"}]}