{"data": [{"country": "Georgia", "year": "2019", "timeperiod": "1", "export": "5942.2", "import_origin": "4391.5", "import_consigment": "19156.5"}, {"country": "Georgia", "year": "2019", "timeperiod": "2", "export": "4606.3", "import_origin": "5407.1", "import_consigment": "28503.1"}, {"country": "Georgia", "year": "2019", "timeperiod": "3", "export": "7502.4", "import_origin": "6030.3", "import_consigment": "31679.1"}, {"country": "Georgia", "year": "2019", "timeperiod": "4", "export": "4958.1", "import_origin": "4580.8", "import_consigment": "34367.1"}, {"country": "Georgia", "year": "2019", "timeperiod": "5", "export": "5117.5", "import_origin": "6732.6", "import_consigment": "35918.6"}, {"country": "Georgia", "year": "2019", "timeperiod": "6", "export": "5197.8", "import_origin": "5990.4", "import_consigment": "32588.7"}, {"country": "Georgia", "year": "2019", "timeperiod": "7", "export": "6411.0", "import_origin": "7068.3", "import_consigment": "41073.5"}, {"country": "Georgia", "year": "2019", "timeperiod": "8", "export": "6191.4", "import_origin": "5824.6", "import_consigment": "39729.8"}, {"country": "Georgia", "year": "2019", "timeperiod": "9", "export": "5420.4", "import_origin": "6575.1", "import_consigment": "44543.5"}, {"country": "Georgia", "year": "2019", "timeperiod": "10", "export": "5456.4", "import_origin": "9446.9", "import_consigment": "54588.0"}, {"country": "Georgia", "year": "2019", "timeperiod": "11", "export": "6504.7", "import_origin": "8957.3", "import_consigment": "52333.9"}, {"country": "Georgia", "year": "2019", "timeperiod": "12", "export": "5957.3", "import_origin": "8722.6", "import_consigment": "70877.1"}, {"country": "Georgia", "year": "2019", "timeperiod": "Year", "export": "69265.4", "import_origin": "79727.6", "import_consigment": "485358.9"}, {"country": "Georgia", "year": "2018", "timeperiod": "1", "export": "3892.1", "import_origin": "4306.7", "import_consigment": "18635.9"}, {"country": "Georgia", "year": "2018", "timeperiod": "2", "export": "4056.1", "import_origin": "4455.5", "import_consigment": "24076.9"}, {"country": "Georgia", "year": "2018", "timeperiod": "3", "export": "5383.7", "import_origin": "6808.2", "import_consigment": "38043.3"}, {"country": "Georgia", "year": "2018", "timeperiod": "4", "export": "3679.9", "import_origin": "6684.1", "import_consigment": "27214.1"}, {"country": "Georgia", "year": "2018", "timeperiod": "5", "export": "5001.3", "import_origin": "6631.8", "import_consigment": "30285.6"}, {"country": "Georgia", "year": "2018", "timeperiod": "6", "export": "6390.8", "import_origin": "5793.9", "import_consigment": "30912.5"}, {"country": "Georgia", "year": "2018", "timeperiod": "7", "export": "6053.1", "import_origin": "6613.8", "import_consigment": "30627.0"}, {"country": "Georgia", "year": "2018", "timeperiod": "8", "export": "4985.7", "import_origin": "6769.6", "import_consigment": "32534.2"}, {"country": "Georgia", "year": "2018", "timeperiod": "9", "export": "6790.5", "import_origin": "4485.9", "import_consigment": "26996.9"}, {"country": "Georgia", "year": "2018", "timeperiod": "10", "export": "7046.6", "import_origin": "5528.8", "import_consigment": "36176.7"}, {"country": "Georgia", "year": "2018", "timeperiod": "11", "export": "5592.9", "import_origin": "5729.2", "import_consigment": "38006.6"}, {"country": "Georgia", "year": "2018", "timeperiod": "12", "export": "9812.8", "import_origin": "6966.8", "import_consigment": "39238.9"}]}