{"data": [{"country": "Bosnia Herzegovina", "year": "2017", "timeperiod": "6", "export": "-", "import_origin": "43.0", "import_consigment": "30.6"}, {"country": "Bosnia Herzegovina", "year": "2017", "timeperiod": "7", "export": "-", "import_origin": "39.4", "import_consigment": "23.7"}, {"country": "Bosnia Herzegovina", "year": "2017", "timeperiod": "8", "export": "-", "import_origin": "17.9", "import_consigment": "0.1"}, {"country": "Bosnia Herzegovina", "year": "2017", "timeperiod": "9", "export": "-", "import_origin": "36.2", "import_consigment": "24.4"}, {"country": "Bosnia Herzegovina", "year": "2017", "timeperiod": "10", "export": "-", "import_origin": "14.4", "import_consigment": "0.1"}, {"country": "Bosnia Herzegovina", "year": "2017", "timeperiod": "11", "export": "-", "import_origin": "9.7", "import_consigment": "-"}, {"country": "Bosnia Herzegovina", "year": "2017", "timeperiod": "12", "export": "-", "import_origin": "78.9", "import_consigment": "55.9"}, {"country": "Bosnia Herzegovina", "year": "2017", "timeperiod": "Year", "export": "-", "import_origin": "311.5", "import_consigment": "141.4"}, {"country": "Botswana", "year": "2020", "timeperiod": "1", "export": "-", "import_origin": "551.4", "import_consigment": "-"}, {"country": "Botswana", "year": "2020", "timeperiod": "2", "export": "-", "import_origin": "828.4", "import_consigment": "-"}, {"country": "Botswana", "year": "2020", "timeperiod": "8", "export": "-", "import_origin": "99.5", "import_consigment": "-"}, {"country": "Botswana", "year": "2020", "timeperiod": "10", "export": "-", "import_origin": "297.1", "import_consigment": "-"}, {"country": "Botswana", "year": "2020", "timeperiod": "Year", "export": "-", "import_origin": "1776.5", "import_consigment": "-"}, {"country": "Botswana", "year": "2019", "timeperiod": "2", "export": "-", "import_origin": "69.3", "import_consigment": "-"}, {"country": "Botswana", "year": "2019", "timeperiod": "3", "export": "-", "import_origin": "451.1", "import_consigment": "-"}, {"country": "Botswana", "year": "2019", "timeperiod": "4", "export": "-", "import_origin": "150.8", "import_consigment": "-"}, {"country": "Botswana", "year": "2019", "timeperiod": "5", "export": "-", "import_origin": "777.3", "import_consigment": "-"}, {"country": "Botswana", "year": "2019", "timeperiod": "6", "export": "-", "import_origin": "135.5", "import_consigment": "-"}, {"country": "Botswana", "year": "2019", "timeperiod": "7", "export": "-", "import_origin": "269.9", "import_consigment": "-"}, {"country": "Botswana", "year": "2019", "timeperiod": "8", "export": "-", "import_origin": "434.9", "import_consigment": "-"}, {"country": "Botswana", "year": "2019", "timeperiod": "9", "export": "-", "import_origin": "195.2", "import_consigment": "-"}, {"country": "Botswana", "year": "2019", "timeperiod": "10", "export": "-", "import_origin": "69.8", "import_consigment": "-"}, {"country": "Botswana", "year": "2019", "timeperiod": "11", "export": "-", "import_origin": "198.4", "import_consigment": "-"}, {"country": "Botswana", "year": "2019", "timeperiod": "12", "export": "-", "import_origin": "181.4", "import_consigment": "8.7"}, {"country": "Botswana", "year": "2019", "timeperiod": "Year", "export": "-", "import_origin": "2933.6", "import_consigment": "8.7"}]}