{"data": [{"country": "Malawi", "year": "2019", "timeperiod": "4", "export": "-", "import_origin": "2160.2", "import_consigment": "2160.2"}, {"country": "Malawi", "year": "2019", "timeperiod": "5", "export": "-", "import_origin": "843.3", "import_consigment": "843.3"}, {"country": "Malawi", "year": "2019", "timeperiod": "6", "export": "-", "import_origin": "843.7", "import_consigment": "843.7"}, {"country": "Malawi", "year": "2019", "timeperiod": "9", "export": "-", "import_origin": "1.0", "import_consigment": "-"}, {"country": "Malawi", "year": "2019", "timeperiod": "10", "export": "-", "import_origin": "1265.7", "import_consigment": "1265.7"}, {"country": "Malawi", "year": "2019", "timeperiod": "11", "export": "-", "import_origin": "843.9", "import_consigment": "843.6"}, {"country": "Malawi", "year": "2019", "timeperiod": "12", "export": "-", "import_origin": "714.9", "import_consigment": "714.9"}, {"country": "Malawi", "year": "2019", "timeperiod": "Year", "export": "-", "import_origin": "7940.9", "import_consigment": "7938.3"}, {"country": "Malawi", "year": "2018", "timeperiod": "1", "export": "-", "import_origin": "-", "import_consigment": "-"}, {"country": "Malawi", "year": "2018", "timeperiod": "2", "export": "-", "import_origin": "1418.7", "import_consigment": "1413.9"}, {"country": "Malawi", "year": "2018", "timeperiod": "3", "export": "-", "import_origin": "767.3", "import_consigment": "767.3"}, {"country": "Malawi", "year": "2018", "timeperiod": "5", "export": "-", "import_origin": "2423.2", "import_consigment": "2419.2"}, {"country": "Malawi", "year": "2018", "timeperiod": "6", "export": "-", "import_origin": "-", "import_consigment": "-"}, {"country": "Malawi", "year": "2018", "timeperiod": "7", "export": "-", "import_origin": "3.2", "import_consigment": "0.2"}, {"country": "Malawi", "year": "2018", "timeperiod": "8", "export": "-", "import_origin": "3.0", "import_consigment": "-"}, {"country": "Malawi", "year": "2018", "timeperiod": "10", "export": "-", "import_origin": "1.8", "import_consigment": "-"}, {"country": "Malawi", "year": "2018", "timeperiod": "11", "export": "-", "import_origin": "12.0", "import_consigment": "-"}, {"country": "Malawi", "year": "2018", "timeperiod": "12", "export": "-", "import_origin": "1341.9", "import_consigment": "1340.1"}, {"country": "Malawi", "year": "2018", "timeperiod": "Year", "export": "-", "import_origin": "5971.0", "import_consigment": "5940.8"}, {"country": "Malawi", "year": "2017", "timeperiod": "1", "export": "-", "import_origin": "580.5", "import_consigment": "580.5"}, {"country": "Malawi", "year": "2017", "timeperiod": "4", "export": "-", "import_origin": "2.6", "import_consigment": "-"}, {"country": "Malawi", "year": "2017", "timeperiod": "5", "export": "-", "import_origin": "2.8", "import_consigment": "-"}, {"country": "Malawi", "year": "2017", "timeperiod": "6", "export": "-", "import_origin": "1614.0", "import_consigment": "1614.0"}, {"country": "Malawi", "year": "2017", "timeperiod": "9", "export": "-", "import_origin": "-", "import_consigment": "-"}, {"country": "Malawi", "year": "2017", "timeperiod": "10", "export": "-", "import_origin": "19.4", "import_consigment": "-"}]}