{"data": [{"country": "Pakistan", "year": "2022", "timeperiod": "7", "export": "140.4", "import_origin": "468.2", "import_consigment": "192.0"}, {"country": "Pakistan", "year": "2022", "timeperiod": "8", "export": "14.0", "import_origin": "809.7", "import_consigment": "67.2"}, {"country": "Pakistan", "year": "2022", "timeperiod": "9", "export": "-", "import_origin": "732.4", "import_consigment": "60.0"}, {"country": "Pakistan", "year": "2022", "timeperiod": "10", "export": "-", "import_origin": "825.8", "import_consigment": "145.0"}, {"country": "Pakistan", "year": "2022", "timeperiod": "11", "export": "-", "import_origin": "523.3", "import_consigment": "111.8"}, {"country": "Pakistan", "year": "2022", "timeperiod": "12", "export": "156.9", "import_origin": "1109.5", "import_consigment": "418.0"}, {"country": "Pakistan", "year": "2022", "timeperiod": "Year", "export": "401.1", "import_origin": "8405.7", "import_consigment": "2771.5"}, {"country": "Pakistan", "year": "2021", "timeperiod": "1", "export": "12.1", "import_origin": "493.0", "import_consigment": "222.6"}, {"country": "Pakistan", "year": "2021", "timeperiod": "2", "export": "-", "import_origin": "481.8", "import_consigment": "117.3"}, {"country": "Pakistan", "year": "2021", "timeperiod": "3", "export": "-", "import_origin": "652.3", "import_consigment": "343.3"}, {"country": "Pakistan", "year": "2021", "timeperiod": "4", "export": "-", "import_origin": "285.5", "import_consigment": "31.2"}, {"country": "Pakistan", "year": "2021", "timeperiod": "5", "export": "-", "import_origin": "584.3", "import_consigment": "309.7"}, {"country": "Pakistan", "year": "2021", "timeperiod": "6", "export": "-", "import_origin": "286.6", "import_consigment": "98.0"}, {"country": "Pakistan", "year": "2021", "timeperiod": "7", "export": "-", "import_origin": "461.5", "import_consigment": "64.1"}, {"country": "Pakistan", "year": "2021", "timeperiod": "8", "export": "-", "import_origin": "406.4", "import_consigment": "73.8"}, {"country": "Pakistan", "year": "2021", "timeperiod": "9", "export": "0.1", "import_origin": "386.7", "import_consigment": "90.8"}, {"country": "Pakistan", "year": "2021", "timeperiod": "10", "export": "0.1", "import_origin": "346.8", "import_consigment": "33.1"}, {"country": "Pakistan", "year": "2021", "timeperiod": "11", "export": "-", "import_origin": "645.1", "import_consigment": "162.4"}, {"country": "Pakistan", "year": "2021", "timeperiod": "12", "export": "-", "import_origin": "854.9", "import_consigment": "472.8"}, {"country": "Pakistan", "year": "2021", "timeperiod": "Year", "export": "12.2", "import_origin": "5884.9", "import_consigment": "2019.1"}, {"country": "Pakistan", "year": "2020", "timeperiod": "1", "export": "-", "import_origin": "700.3", "import_consigment": "433.9"}, {"country": "Pakistan", "year": "2020", "timeperiod": "2", "export": "-", "import_origin": "668.7", "import_consigment": "375.3"}, {"country": "Pakistan", "year": "2020", "timeperiod": "3", "export": "-", "import_origin": "297.0", "import_consigment": "87.8"}, {"country": "Pakistan", "year": "2020", "timeperiod": "4", "export": "-", "import_origin": "233.0", "import_consigment": "119.8"}, {"country": "Pakistan", "year": "2020", "timeperiod": "5", "export": "-", "import_origin": "457.5", "import_consigment": "409.2"}]}