{"data": [{"country": "Guinea", "year": "2018", "timeperiod": "Year", "export": "-", "import_origin": "-", "import_consigment": "-"}, {"country": "Guinea", "year": "2017", "timeperiod": "4", "export": "-", "import_origin": "0.1", "import_consigment": "-"}, {"country": "Guinea", "year": "2017", "timeperiod": "5", "export": "-", "import_origin": "0.2", "import_consigment": "-"}, {"country": "Guinea", "year": "2017", "timeperiod": "Year", "export": "-", "import_origin": "0.3", "import_consigment": "-"}, {"country": "Guyana", "year": "2022", "timeperiod": "9", "export": "-", "import_origin": "0.1", "import_consigment": "-"}, {"country": "Guyana", "year": "2022", "timeperiod": "12", "export": "-", "import_origin": "-", "import_consigment": "-"}, {"country": "Guyana", "year": "2022", "timeperiod": "Year", "export": "-", "import_origin": "0.1", "import_consigment": "-"}, {"country": "Guyana", "year": "2021", "timeperiod": "4", "export": "-", "import_origin": "-", "import_consigment": "0.5"}, {"country": "Guyana", "year": "2021", "timeperiod": "7", "export": "-", "import_origin": "0.2", "import_consigment": "-"}, {"country": "Guyana", "year": "2021", "timeperiod": "9", "export": "-", "import_origin": "0.1", "import_consigment": "-"}, {"country": "Guyana", "year": "2021", "timeperiod": "11", "export": "-", "import_origin": "0.2", "import_consigment": "-"}, {"country": "Guyana", "year": "2021", "timeperiod": "12", "export": "-", "import_origin": "0.1", "import_consigment": "-"}, {"country": "Guyana", "year": "2021", "timeperiod": "Year", "export": "-", "import_origin": "0.5", "import_consigment": "0.5"}, {"country": "Guyana", "year": "2020", "timeperiod": "3", "export": "-", "import_origin": "-", "import_consigment": "-"}, {"country": "Guyana", "year": "2020", "timeperiod": "6", "export": "-", "import_origin": "-", "import_consigment": "-"}, {"country": "Guyana", "year": "2020", "timeperiod": "8", "export": "-", "import_origin": "0.1", "import_consigment": "-"}, {"country": "Guyana", "year": "2020", "timeperiod": "12", "export": "-", "import_origin": "0.1", "import_consigment": "-"}, {"country": "Guyana", "year": "2020", "timeperiod": "Year", "export": "-", "import_origin": "0.2", "import_consigment": "-"}, {"country": "Guyana", "year": "2019", "timeperiod": "12", "export": "-", "import_origin": "-", "import_consigment": "-"}, {"country": "Guyana", "year": "2019", "timeperiod": "Year", "export": "-", "import_origin": "-", "import_consigment": "-"}, {"country": "Haiti", "year": "2023", "timeperiod": "1", "export": "-", "import_origin": "0.3", "import_consigment": "-"}, {"country": "Haiti", "year": "2023", "timeperiod": "Year", "export": "-", "import_origin": "0.3", "import_consigment": "-"}, {"country": "Haiti", "year": "2022", "timeperiod": "1", "export": "-", "import_origin": "-", "import_consigment": "-"}, {"country": "Haiti", "year": "2022", "timeperiod": "2", "export": "-", "import_origin": "-", "import_consigment": "-"}, {"country": "Haiti", "year": "2022", "timeperiod": "10", "export": "-", "import_origin": "-", "import_consigment": "-"}]}