{"data": [{"country": "Malta", "year": "2021", "timeperiod": "2", "export": "0.3", "import_origin": "-", "import_consigment": "-"}, {"country": "Malta", "year": "2021", "timeperiod": "3", "export": "-", "import_origin": "0.9", "import_consigment": "-"}, {"country": "Malta", "year": "2021", "timeperiod": "4", "export": "3.1", "import_origin": "0.7", "import_consigment": "-"}, {"country": "Malta", "year": "2021", "timeperiod": "5", "export": "26.8", "import_origin": "3.6", "import_consigment": "-"}, {"country": "Malta", "year": "2021", "timeperiod": "6", "export": "-", "import_origin": "1.1", "import_consigment": "-"}, {"country": "Malta", "year": "2021", "timeperiod": "7", "export": "-", "import_origin": "4.5", "import_consigment": "0.7"}, {"country": "Malta", "year": "2021", "timeperiod": "8", "export": "4.2", "import_origin": "8.7", "import_consigment": "-"}, {"country": "Malta", "year": "2021", "timeperiod": "9", "export": "-", "import_origin": "2.3", "import_consigment": "-"}, {"country": "Malta", "year": "2021", "timeperiod": "10", "export": "11.4", "import_origin": "9.4", "import_consigment": "-"}, {"country": "Malta", "year": "2021", "timeperiod": "11", "export": "15.9", "import_origin": "9.9", "import_consigment": "-"}, {"country": "Malta", "year": "2021", "timeperiod": "12", "export": "-", "import_origin": "8.3", "import_consigment": "-"}, {"country": "Malta", "year": "2021", "timeperiod": "Year", "export": "68.6", "import_origin": "64.2", "import_consigment": "0.7"}, {"country": "Malta", "year": "2020", "timeperiod": "1", "export": "-", "import_origin": "-", "import_consigment": "-"}, {"country": "Malta", "year": "2020", "timeperiod": "2", "export": "0.5", "import_origin": "9.4", "import_consigment": "-"}, {"country": "Malta", "year": "2020", "timeperiod": "3", "export": "-", "import_origin": "2.8", "import_consigment": "-"}, {"country": "Malta", "year": "2020", "timeperiod": "4", "export": "-", "import_origin": "0.6", "import_consigment": "-"}, {"country": "Malta", "year": "2020", "timeperiod": "5", "export": "5.9", "import_origin": "24.1", "import_consigment": "-"}, {"country": "Malta", "year": "2020", "timeperiod": "6", "export": "-", "import_origin": "19.5", "import_consigment": "-"}, {"country": "Malta", "year": "2020", "timeperiod": "7", "export": "-", "import_origin": "3.0", "import_consigment": "-"}, {"country": "Malta", "year": "2020", "timeperiod": "8", "export": "8.1", "import_origin": "4.6", "import_consigment": "-"}, {"country": "Malta", "year": "2020", "timeperiod": "9", "export": "0.2", "import_origin": "11.2", "import_consigment": "0.1"}, {"country": "Malta", "year": "2020", "timeperiod": "10", "export": "0.5", "import_origin": "11.6", "import_consigment": "-"}, {"country": "Malta", "year": "2020", "timeperiod": "11", "export": "-", "import_origin": "9.3", "import_consigment": "-"}, {"country": "Malta", "year": "2020", "timeperiod": "12", "export": "3.1", "import_origin": "30.6", "import_consigment": "0.1"}, {"country": "Malta", "year": "2020", "timeperiod": "Year", "export": "18.1", "import_origin": "126.6", "import_consigment": "0.2"}]}