{"data": [{"country": "Tanzania, United Republic of", "year": "2017", "timeperiod": "12", "export": "10.0", "import_origin": "7.6", "import_consigment": "-"}, {"country": "Tanzania, United Republic of", "year": "2017", "timeperiod": "Year", "export": "20.7", "import_origin": "352.1", "import_consigment": "339.7"}, {"country": "United States", "year": "2023", "timeperiod": "1", "export": "2182.6", "import_origin": "47298.5", "import_consigment": "61782.6"}, {"country": "United States", "year": "2023", "timeperiod": "Year", "export": "2182.6", "import_origin": "47298.5", "import_consigment": "61782.6"}, {"country": "United States", "year": "2022", "timeperiod": "1", "export": "5090.9", "import_origin": "9598.5", "import_consigment": "12376.4"}, {"country": "United States", "year": "2022", "timeperiod": "2", "export": "7559.1", "import_origin": "15377.7", "import_consigment": "19761.8"}, {"country": "United States", "year": "2022", "timeperiod": "3", "export": "10227.7", "import_origin": "17398.4", "import_consigment": "19603.9"}, {"country": "United States", "year": "2022", "timeperiod": "4", "export": "7778.8", "import_origin": "18400.2", "import_consigment": "21753.5"}, {"country": "United States", "year": "2022", "timeperiod": "5", "export": "6476.5", "import_origin": "30198.6", "import_consigment": "28943.4"}, {"country": "United States", "year": "2022", "timeperiod": "6", "export": "6781.6", "import_origin": "22614.6", "import_consigment": "31833.5"}, {"country": "United States", "year": "2022", "timeperiod": "7", "export": "4734.3", "import_origin": "26996.1", "import_consigment": "41227.2"}, {"country": "United States", "year": "2022", "timeperiod": "8", "export": "4017.5", "import_origin": "46531.5", "import_consigment": "60126.5"}, {"country": "United States", "year": "2022", "timeperiod": "9", "export": "6022.6", "import_origin": "36472.3", "import_consigment": "35454.2"}, {"country": "United States", "year": "2022", "timeperiod": "10", "export": "4445.0", "import_origin": "41320.0", "import_consigment": "49300.9"}, {"country": "United States", "year": "2022", "timeperiod": "11", "export": "6589.3", "import_origin": "57826.2", "import_consigment": "66283.9"}, {"country": "United States", "year": "2022", "timeperiod": "12", "export": "8473.7", "import_origin": "63785.1", "import_consigment": "76185.7"}, {"country": "United States", "year": "2022", "timeperiod": "Year", "export": "78197.1", "import_origin": "386519.2", "import_consigment": "462851.2"}, {"country": "United States", "year": "2021", "timeperiod": "1", "export": "6618.1", "import_origin": "7302.9", "import_consigment": "6269.8"}, {"country": "United States", "year": "2021", "timeperiod": "2", "export": "8720.6", "import_origin": "4362.6", "import_consigment": "3867.4"}, {"country": "United States", "year": "2021", "timeperiod": "3", "export": "8024.5", "import_origin": "5577.3", "import_consigment": "4788.5"}, {"country": "United States", "year": "2021", "timeperiod": "4", "export": "5415.2", "import_origin": "10185.9", "import_consigment": "10324.5"}, {"country": "United States", "year": "2021", "timeperiod": "5", "export": "7262.8", "import_origin": "10109.3", "import_consigment": "13486.6"}, {"country": "United States", "year": "2021", "timeperiod": "6", "export": "7475.6", "import_origin": "8049.4", "import_consigment": "8020.3"}, {"country": "United States", "year": "2021", "timeperiod": "7", "export": "5961.3", "import_origin": "9523.7", "import_consigment": "13172.6"}, {"country": "United States", "year": "2021", "timeperiod": "8", "export": "5877.6", "import_origin": "9706.3", "import_consigment": "9103.5"}]}