{"data": [{"country": "Greenland", "year": "2021", "timeperiod": "11", "export": "-", "import_origin": "0.1", "import_consigment": "-"}, {"country": "Greenland", "year": "2021", "timeperiod": "12", "export": "-", "import_origin": "23.3", "import_consigment": "-"}, {"country": "Greenland", "year": "2021", "timeperiod": "Year", "export": "-", "import_origin": "37.4", "import_consigment": "-"}, {"country": "Greenland", "year": "2020", "timeperiod": "1", "export": "-", "import_origin": "0.5", "import_consigment": "-"}, {"country": "Greenland", "year": "2020", "timeperiod": "5", "export": "-", "import_origin": "1.4", "import_consigment": "-"}, {"country": "Greenland", "year": "2020", "timeperiod": "6", "export": "-", "import_origin": "1.4", "import_consigment": "-"}, {"country": "Greenland", "year": "2020", "timeperiod": "8", "export": "-", "import_origin": "0.2", "import_consigment": "-"}, {"country": "Greenland", "year": "2020", "timeperiod": "11", "export": "-", "import_origin": "1.3", "import_consigment": "-"}, {"country": "Greenland", "year": "2020", "timeperiod": "Year", "export": "-", "import_origin": "4.8", "import_consigment": "-"}, {"country": "Greenland", "year": "2019", "timeperiod": "1", "export": "-", "import_origin": "9.4", "import_consigment": "-"}, {"country": "Greenland", "year": "2019", "timeperiod": "2", "export": "-", "import_origin": "70.0", "import_consigment": "-"}, {"country": "Greenland", "year": "2019", "timeperiod": "3", "export": "-", "import_origin": "6.9", "import_consigment": "-"}, {"country": "Greenland", "year": "2019", "timeperiod": "4", "export": "-", "import_origin": "13.8", "import_consigment": "-"}, {"country": "Greenland", "year": "2019", "timeperiod": "5", "export": "-", "import_origin": "0.8", "import_consigment": "-"}, {"country": "Greenland", "year": "2019", "timeperiod": "9", "export": "-", "import_origin": "0.4", "import_consigment": "-"}, {"country": "Greenland", "year": "2019", "timeperiod": "10", "export": "-", "import_origin": "12.0", "import_consigment": "-"}, {"country": "Greenland", "year": "2019", "timeperiod": "11", "export": "-", "import_origin": "18.7", "import_consigment": "-"}, {"country": "Greenland", "year": "2019", "timeperiod": "Year", "export": "-", "import_origin": "131.9", "import_consigment": "-"}, {"country": "Greenland", "year": "2018", "timeperiod": "2", "export": "-", "import_origin": "0.4", "import_consigment": "-"}, {"country": "Greenland", "year": "2018", "timeperiod": "3", "export": "-", "import_origin": "0.4", "import_consigment": "-"}, {"country": "Greenland", "year": "2018", "timeperiod": "4", "export": "-", "import_origin": "0.2", "import_consigment": "-"}, {"country": "Greenland", "year": "2018", "timeperiod": "5", "export": "-", "import_origin": "0.2", "import_consigment": "-"}, {"country": "Greenland", "year": "2018", "timeperiod": "6", "export": "-", "import_origin": "0.4", "import_consigment": "-"}, {"country": "Greenland", "year": "2018", "timeperiod": "7", "export": "-", "import_origin": "0.2", "import_consigment": "-"}, {"country": "Greenland", "year": "2018", "timeperiod": "8", "export": "-", "import_origin": "0.3", "import_consigment": "-"}]}