{"data": [{"country": "Kazakhstan", "year": "2021", "timeperiod": "7", "export": "1279.9", "import_origin": "533.1", "import_consigment": "564.6"}, {"country": "Kazakhstan", "year": "2021", "timeperiod": "8", "export": "697.3", "import_origin": "752.0", "import_consigment": "687.6"}, {"country": "Kazakhstan", "year": "2021", "timeperiod": "9", "export": "1392.2", "import_origin": "711.8", "import_consigment": "727.6"}, {"country": "Kazakhstan", "year": "2021", "timeperiod": "10", "export": "769.1", "import_origin": "1586.0", "import_consigment": "1760.0"}, {"country": "Kazakhstan", "year": "2021", "timeperiod": "11", "export": "1200.4", "import_origin": "2042.7", "import_consigment": "2211.0"}, {"country": "Kazakhstan", "year": "2021", "timeperiod": "12", "export": "630.0", "import_origin": "290.0", "import_consigment": "339.2"}, {"country": "Kazakhstan", "year": "2021", "timeperiod": "Year", "export": "11012.4", "import_origin": "7795.6", "import_consigment": "8940.0"}, {"country": "Kazakhstan", "year": "2020", "timeperiod": "1", "export": "176.0", "import_origin": "129.9", "import_consigment": "159.7"}, {"country": "Kazakhstan", "year": "2020", "timeperiod": "2", "export": "824.3", "import_origin": "264.7", "import_consigment": "459.6"}, {"country": "Kazakhstan", "year": "2020", "timeperiod": "3", "export": "436.9", "import_origin": "432.6", "import_consigment": "435.4"}, {"country": "Kazakhstan", "year": "2020", "timeperiod": "4", "export": "192.3", "import_origin": "337.7", "import_consigment": "352.3"}, {"country": "Kazakhstan", "year": "2020", "timeperiod": "5", "export": "353.3", "import_origin": "293.1", "import_consigment": "410.7"}, {"country": "Kazakhstan", "year": "2020", "timeperiod": "6", "export": "314.0", "import_origin": "598.7", "import_consigment": "719.6"}, {"country": "Kazakhstan", "year": "2020", "timeperiod": "7", "export": "781.6", "import_origin": "385.0", "import_consigment": "427.5"}, {"country": "Kazakhstan", "year": "2020", "timeperiod": "8", "export": "522.9", "import_origin": "604.8", "import_consigment": "655.4"}, {"country": "Kazakhstan", "year": "2020", "timeperiod": "9", "export": "586.6", "import_origin": "478.6", "import_consigment": "711.8"}, {"country": "Kazakhstan", "year": "2020", "timeperiod": "10", "export": "606.9", "import_origin": "708.8", "import_consigment": "737.4"}, {"country": "Kazakhstan", "year": "2020", "timeperiod": "11", "export": "898.5", "import_origin": "377.1", "import_consigment": "393.8"}, {"country": "Kazakhstan", "year": "2020", "timeperiod": "12", "export": "913.3", "import_origin": "1114.9", "import_consigment": "1121.6"}, {"country": "Kazakhstan", "year": "2020", "timeperiod": "Year", "export": "6606.7", "import_origin": "5725.9", "import_consigment": "6584.8"}, {"country": "Kazakhstan", "year": "2019", "timeperiod": "1", "export": "274.7", "import_origin": "152.3", "import_consigment": "191.1"}, {"country": "Kazakhstan", "year": "2019", "timeperiod": "2", "export": "588.3", "import_origin": "170.6", "import_consigment": "192.0"}, {"country": "Kazakhstan", "year": "2019", "timeperiod": "3", "export": "397.0", "import_origin": "387.6", "import_consigment": "426.0"}, {"country": "Kazakhstan", "year": "2019", "timeperiod": "4", "export": "521.5", "import_origin": "196.3", "import_consigment": "317.4"}, {"country": "Kazakhstan", "year": "2019", "timeperiod": "5", "export": "158.2", "import_origin": "144.3", "import_consigment": "407.3"}]}