{"data": [{"country": "Korea, Republic of", "year": "2018", "timeperiod": "3", "export": "-", "import_origin": "2589.3", "import_consigment": "1185.2"}, {"country": "Korea, Republic of", "year": "2018", "timeperiod": "4", "export": "28.0", "import_origin": "2695.4", "import_consigment": "1602.6"}, {"country": "Korea, Republic of", "year": "2018", "timeperiod": "5", "export": "13.3", "import_origin": "2670.1", "import_consigment": "1523.2"}, {"country": "Korea, Republic of", "year": "2018", "timeperiod": "6", "export": "-", "import_origin": "2715.0", "import_consigment": "1507.0"}, {"country": "Korea, Republic of", "year": "2018", "timeperiod": "7", "export": "226.6", "import_origin": "3798.7", "import_consigment": "2209.6"}, {"country": "Korea, Republic of", "year": "2018", "timeperiod": "8", "export": "76.6", "import_origin": "3575.5", "import_consigment": "2105.0"}, {"country": "Korea, Republic of", "year": "2018", "timeperiod": "9", "export": "-", "import_origin": "2452.2", "import_consigment": "1261.9"}, {"country": "Korea, Republic of", "year": "2018", "timeperiod": "10", "export": "6.6", "import_origin": "2963.2", "import_consigment": "1230.9"}, {"country": "Korea, Republic of", "year": "2018", "timeperiod": "11", "export": "-", "import_origin": "3499.3", "import_consigment": "1861.8"}, {"country": "Korea, Republic of", "year": "2018", "timeperiod": "12", "export": "-", "import_origin": "2870.6", "import_consigment": "1116.0"}, {"country": "Korea, Republic of", "year": "2018", "timeperiod": "Year", "export": "357.6", "import_origin": "35071.1", "import_consigment": "18765.8"}, {"country": "Korea, Republic of", "year": "2017", "timeperiod": "1", "export": "18.7", "import_origin": "1162.1", "import_consigment": "936.0"}, {"country": "Korea, Republic of", "year": "2017", "timeperiod": "2", "export": "802.0", "import_origin": "1447.0", "import_consigment": "974.8"}, {"country": "Korea, Republic of", "year": "2017", "timeperiod": "3", "export": "770.7", "import_origin": "1605.4", "import_consigment": "638.8"}, {"country": "Korea, Republic of", "year": "2017", "timeperiod": "4", "export": "42.5", "import_origin": "1465.4", "import_consigment": "850.4"}, {"country": "Korea, Republic of", "year": "2017", "timeperiod": "5", "export": "11.7", "import_origin": "1539.6", "import_consigment": "1042.3"}, {"country": "Korea, Republic of", "year": "2017", "timeperiod": "6", "export": "11.9", "import_origin": "1863.4", "import_consigment": "1239.4"}, {"country": "Korea, Republic of", "year": "2017", "timeperiod": "7", "export": "48.3", "import_origin": "1727.3", "import_consigment": "687.3"}, {"country": "Korea, Republic of", "year": "2017", "timeperiod": "8", "export": "13.9", "import_origin": "1955.1", "import_consigment": "1288.3"}, {"country": "Korea, Republic of", "year": "2017", "timeperiod": "9", "export": "0.1", "import_origin": "1858.3", "import_consigment": "1086.3"}, {"country": "Korea, Republic of", "year": "2017", "timeperiod": "10", "export": "5.2", "import_origin": "3181.5", "import_consigment": "2160.5"}, {"country": "Korea, Republic of", "year": "2017", "timeperiod": "11", "export": "33.8", "import_origin": "2281.9", "import_consigment": "1483.6"}, {"country": "Korea, Republic of", "year": "2017", "timeperiod": "12", "export": "48.2", "import_origin": "1982.9", "import_consigment": "1010.9"}, {"country": "Korea, Republic of", "year": "2017", "timeperiod": "Year", "export": "1807.0", "import_origin": "22069.8", "import_consigment": "13398.6"}, {"country": "Kuwait", "year": "2023", "timeperiod": "1", "export": "452.0", "import_origin": "0.3", "import_consigment": "-"}]}