{"data": [{"country": "Morocco", "year": "2021", "timeperiod": "Year", "export": "33.3", "import_origin": "5945.9", "import_consigment": "2697.5"}, {"country": "Morocco", "year": "2020", "timeperiod": "1", "export": "-", "import_origin": "134.1", "import_consigment": "-"}, {"country": "Morocco", "year": "2020", "timeperiod": "2", "export": "-", "import_origin": "169.4", "import_consigment": "3.5"}, {"country": "Morocco", "year": "2020", "timeperiod": "3", "export": "-", "import_origin": "232.4", "import_consigment": "-"}, {"country": "Morocco", "year": "2020", "timeperiod": "4", "export": "-", "import_origin": "14.4", "import_consigment": "-"}, {"country": "Morocco", "year": "2020", "timeperiod": "5", "export": "-", "import_origin": "41.7", "import_consigment": "-"}, {"country": "Morocco", "year": "2020", "timeperiod": "6", "export": "-", "import_origin": "78.0", "import_consigment": "-"}, {"country": "Morocco", "year": "2020", "timeperiod": "7", "export": "-", "import_origin": "144.1", "import_consigment": "-"}, {"country": "Morocco", "year": "2020", "timeperiod": "8", "export": "-", "import_origin": "156.4", "import_consigment": "-"}, {"country": "Morocco", "year": "2020", "timeperiod": "9", "export": "-", "import_origin": "320.4", "import_consigment": "46.6"}, {"country": "Morocco", "year": "2020", "timeperiod": "10", "export": "-", "import_origin": "109.1", "import_consigment": "-"}, {"country": "Morocco", "year": "2020", "timeperiod": "11", "export": "-", "import_origin": "146.8", "import_consigment": "46.5"}, {"country": "Morocco", "year": "2020", "timeperiod": "12", "export": "-", "import_origin": "158.1", "import_consigment": "-"}, {"country": "Morocco", "year": "2020", "timeperiod": "Year", "export": "-", "import_origin": "1704.9", "import_consigment": "96.5"}, {"country": "Morocco", "year": "2019", "timeperiod": "1", "export": "-", "import_origin": "273.2", "import_consigment": "83.8"}, {"country": "Morocco", "year": "2019", "timeperiod": "2", "export": "-", "import_origin": "150.9", "import_consigment": "-"}, {"country": "Morocco", "year": "2019", "timeperiod": "3", "export": "-", "import_origin": "186.3", "import_consigment": "-"}, {"country": "Morocco", "year": "2019", "timeperiod": "4", "export": "-", "import_origin": "208.9", "import_consigment": "-"}, {"country": "Morocco", "year": "2019", "timeperiod": "5", "export": "-", "import_origin": "239.7", "import_consigment": "64.0"}, {"country": "Morocco", "year": "2019", "timeperiod": "6", "export": "-", "import_origin": "177.0", "import_consigment": "-"}, {"country": "Morocco", "year": "2019", "timeperiod": "7", "export": "18.5", "import_origin": "172.7", "import_consigment": "-"}, {"country": "Morocco", "year": "2019", "timeperiod": "8", "export": "-", "import_origin": "411.5", "import_consigment": "77.7"}, {"country": "Morocco", "year": "2019", "timeperiod": "9", "export": "-", "import_origin": "226.7", "import_consigment": "42.0"}, {"country": "Morocco", "year": "2019", "timeperiod": "10", "export": "2.0", "import_origin": "253.9", "import_consigment": "-"}, {"country": "Morocco", "year": "2019", "timeperiod": "11", "export": "-", "import_origin": "471.7", "import_consigment": "162.1"}]}