{"data": [{"country": "Tanzania, United Republic of", "year": "2019", "timeperiod": "11", "export": "-", "import_origin": "45.0", "import_consigment": "-"}, {"country": "Tanzania, United Republic of", "year": "2019", "timeperiod": "12", "export": "-", "import_origin": "3.3", "import_consigment": "-"}, {"country": "Tanzania, United Republic of", "year": "2019", "timeperiod": "Year", "export": "43.9", "import_origin": "208.1", "import_consigment": "12.4"}, {"country": "Tanzania, United Republic of", "year": "2018", "timeperiod": "1", "export": "-", "import_origin": "55.8", "import_consigment": "-"}, {"country": "Tanzania, United Republic of", "year": "2018", "timeperiod": "2", "export": "-", "import_origin": "11.0", "import_consigment": "-"}, {"country": "Tanzania, United Republic of", "year": "2018", "timeperiod": "3", "export": "5.4", "import_origin": "54.2", "import_consigment": "-"}, {"country": "Tanzania, United Republic of", "year": "2018", "timeperiod": "4", "export": "0.6", "import_origin": "7.1", "import_consigment": "-"}, {"country": "Tanzania, United Republic of", "year": "2018", "timeperiod": "5", "export": "1.7", "import_origin": "49.3", "import_consigment": "-"}, {"country": "Tanzania, United Republic of", "year": "2018", "timeperiod": "6", "export": "-", "import_origin": "269.4", "import_consigment": "264.0"}, {"country": "Tanzania, United Republic of", "year": "2018", "timeperiod": "7", "export": "-", "import_origin": "113.1", "import_consigment": "102.6"}, {"country": "Tanzania, United Republic of", "year": "2018", "timeperiod": "8", "export": "-", "import_origin": "40.0", "import_consigment": "-"}, {"country": "Tanzania, United Republic of", "year": "2018", "timeperiod": "9", "export": "11.5", "import_origin": "8.3", "import_consigment": "-"}, {"country": "Tanzania, United Republic of", "year": "2018", "timeperiod": "10", "export": "-", "import_origin": "13.8", "import_consigment": "-"}, {"country": "Tanzania, United Republic of", "year": "2018", "timeperiod": "11", "export": "25.8", "import_origin": "16.0", "import_consigment": "-"}, {"country": "Tanzania, United Republic of", "year": "2018", "timeperiod": "12", "export": "36.0", "import_origin": "13.7", "import_consigment": "-"}, {"country": "Tanzania, United Republic of", "year": "2018", "timeperiod": "Year", "export": "80.9", "import_origin": "651.7", "import_consigment": "366.6"}, {"country": "Tanzania, United Republic of", "year": "2017", "timeperiod": "1", "export": "-", "import_origin": "-", "import_consigment": "-"}, {"country": "Tanzania, United Republic of", "year": "2017", "timeperiod": "3", "export": "-", "import_origin": "2.8", "import_consigment": "-"}, {"country": "Tanzania, United Republic of", "year": "2017", "timeperiod": "4", "export": "-", "import_origin": "1.0", "import_consigment": "-"}, {"country": "Tanzania, United Republic of", "year": "2017", "timeperiod": "5", "export": "-", "import_origin": "181.3", "import_consigment": "181.3"}, {"country": "Tanzania, United Republic of", "year": "2017", "timeperiod": "6", "export": "-", "import_origin": "121.1", "import_consigment": "120.8"}, {"country": "Tanzania, United Republic of", "year": "2017", "timeperiod": "7", "export": "8.3", "import_origin": "1.1", "import_consigment": "7.4"}, {"country": "Tanzania, United Republic of", "year": "2017", "timeperiod": "8", "export": "-", "import_origin": "-", "import_consigment": "-"}, {"country": "Tanzania, United Republic of", "year": "2017", "timeperiod": "10", "export": "-", "import_origin": "2.6", "import_consigment": "-"}, {"country": "Tanzania, United Republic of", "year": "2017", "timeperiod": "11", "export": "2.4", "import_origin": "34.7", "import_consigment": "30.2"}]}