{"data": [{"country": "Somalia", "year": "2019", "timeperiod": "3", "export": "-", "import_origin": "0.3", "import_consigment": "-"}, {"country": "Somalia", "year": "2019", "timeperiod": "12", "export": "-", "import_origin": "0.1", "import_consigment": "-"}, {"country": "Somalia", "year": "2019", "timeperiod": "Year", "export": "-", "import_origin": "0.4", "import_consigment": "-"}, {"country": "Somalia", "year": "2018", "timeperiod": "2", "export": "-", "import_origin": "0.5", "import_consigment": "-"}, {"country": "Somalia", "year": "2018", "timeperiod": "10", "export": "-", "import_origin": "0.4", "import_consigment": "-"}, {"country": "Somalia", "year": "2018", "timeperiod": "Year", "export": "-", "import_origin": "0.9", "import_consigment": "-"}, {"country": "Somalia", "year": "2017", "timeperiod": "2", "export": "-", "import_origin": "-", "import_consigment": "-"}, {"country": "Somalia", "year": "2017", "timeperiod": "Year", "export": "-", "import_origin": "-", "import_consigment": "-"}, {"country": "South Africa", "year": "2023", "timeperiod": "1", "export": "-", "import_origin": "102.5", "import_consigment": "7.0"}, {"country": "South Africa", "year": "2023", "timeperiod": "Year", "export": "-", "import_origin": "102.5", "import_consigment": "7.0"}, {"country": "South Africa", "year": "2022", "timeperiod": "1", "export": "3.3", "import_origin": "1754.9", "import_consigment": "1665.5"}, {"country": "South Africa", "year": "2022", "timeperiod": "2", "export": "14.2", "import_origin": "39.8", "import_consigment": "199.4"}, {"country": "South Africa", "year": "2022", "timeperiod": "3", "export": "248.0", "import_origin": "2015.2", "import_consigment": "104.0"}, {"country": "South Africa", "year": "2022", "timeperiod": "4", "export": "128.7", "import_origin": "140.9", "import_consigment": "86.7"}, {"country": "South Africa", "year": "2022", "timeperiod": "5", "export": "129.8", "import_origin": "221.0", "import_consigment": "171.4"}, {"country": "South Africa", "year": "2022", "timeperiod": "6", "export": "0.5", "import_origin": "349.2", "import_consigment": "182.4"}, {"country": "South Africa", "year": "2022", "timeperiod": "7", "export": "1.3", "import_origin": "874.2", "import_consigment": "1005.8"}, {"country": "South Africa", "year": "2022", "timeperiod": "8", "export": "55.6", "import_origin": "1208.2", "import_consigment": "565.2"}, {"country": "South Africa", "year": "2022", "timeperiod": "9", "export": "-", "import_origin": "1119.5", "import_consigment": "816.4"}, {"country": "South Africa", "year": "2022", "timeperiod": "10", "export": "0.8", "import_origin": "693.3", "import_consigment": "616.2"}, {"country": "South Africa", "year": "2022", "timeperiod": "11", "export": "17.9", "import_origin": "1472.7", "import_consigment": "1428.8"}, {"country": "South Africa", "year": "2022", "timeperiod": "12", "export": "343.4", "import_origin": "793.6", "import_consigment": "288.3"}, {"country": "South Africa", "year": "2022", "timeperiod": "Year", "export": "943.5", "import_origin": "10682.4", "import_consigment": "7129.9"}, {"country": "South Africa", "year": "2021", "timeperiod": "1", "export": "-", "import_origin": "146.8", "import_consigment": "141.0"}, {"country": "South Africa", "year": "2021", "timeperiod": "2", "export": "9.6", "import_origin": "1229.1", "import_consigment": "1195.9"}]}