{"data": [{"country": "Puerto Rico", "year": "2018", "timeperiod": "12", "export": "-", "import_origin": "1.6", "import_consigment": "-"}, {"country": "Puerto Rico", "year": "2018", "timeperiod": "Year", "export": "-", "import_origin": "239.9", "import_consigment": "-"}, {"country": "Puerto Rico", "year": "2017", "timeperiod": "1", "export": "-", "import_origin": "68.6", "import_consigment": "-"}, {"country": "Puerto Rico", "year": "2017", "timeperiod": "2", "export": "-", "import_origin": "0.8", "import_consigment": "-"}, {"country": "Puerto Rico", "year": "2017", "timeperiod": "3", "export": "-", "import_origin": "1.0", "import_consigment": "-"}, {"country": "Puerto Rico", "year": "2017", "timeperiod": "4", "export": "-", "import_origin": "5.1", "import_consigment": "-"}, {"country": "Puerto Rico", "year": "2017", "timeperiod": "5", "export": "-", "import_origin": "1.7", "import_consigment": "-"}, {"country": "Puerto Rico", "year": "2017", "timeperiod": "6", "export": "-", "import_origin": "4.0", "import_consigment": "-"}, {"country": "Puerto Rico", "year": "2017", "timeperiod": "7", "export": "-", "import_origin": "88.0", "import_consigment": "-"}, {"country": "Puerto Rico", "year": "2017", "timeperiod": "8", "export": "-", "import_origin": "63.5", "import_consigment": "-"}, {"country": "Puerto Rico", "year": "2017", "timeperiod": "9", "export": "-", "import_origin": "0.7", "import_consigment": "-"}, {"country": "Puerto Rico", "year": "2017", "timeperiod": "10", "export": "-", "import_origin": "3.8", "import_consigment": "-"}, {"country": "Puerto Rico", "year": "2017", "timeperiod": "11", "export": "-", "import_origin": "18.1", "import_consigment": "-"}, {"country": "Puerto Rico", "year": "2017", "timeperiod": "12", "export": "-", "import_origin": "0.1", "import_consigment": "-"}, {"country": "Puerto Rico", "year": "2017", "timeperiod": "Year", "export": "-", "import_origin": "255.5", "import_consigment": "-"}, {"country": "Qatar", "year": "2023", "timeperiod": "1", "export": "234.5", "import_origin": "66.7", "import_consigment": "10.2"}, {"country": "Qatar", "year": "2023", "timeperiod": "Year", "export": "234.5", "import_origin": "66.7", "import_consigment": "10.2"}, {"country": "Qatar", "year": "2022", "timeperiod": "1", "export": "-", "import_origin": "36.8", "import_consigment": "-"}, {"country": "Qatar", "year": "2022", "timeperiod": "2", "export": "224.3", "import_origin": "0.1", "import_consigment": "0.3"}, {"country": "Qatar", "year": "2022", "timeperiod": "3", "export": "205.6", "import_origin": "-", "import_consigment": "-"}, {"country": "Qatar", "year": "2022", "timeperiod": "4", "export": "316.7", "import_origin": "-", "import_consigment": "-"}, {"country": "Qatar", "year": "2022", "timeperiod": "5", "export": "16.3", "import_origin": "-", "import_consigment": "2.8"}, {"country": "Qatar", "year": "2022", "timeperiod": "6", "export": "95.8", "import_origin": "-", "import_consigment": "-"}, {"country": "Qatar", "year": "2022", "timeperiod": "7", "export": "78.4", "import_origin": "138.7", "import_consigment": "103.9"}, {"country": "Qatar", "year": "2022", "timeperiod": "8", "export": "262.9", "import_origin": "-", "import_consigment": "-"}]}