{"data": [{"country": "Estonia", "year": "2020", "timeperiod": "Year", "export": "626.4", "import_origin": "1196.6", "import_consigment": "2080.3"}, {"country": "Estonia", "year": "2019", "timeperiod": "1", "export": "3.7", "import_origin": "49.9", "import_consigment": "103.7"}, {"country": "Estonia", "year": "2019", "timeperiod": "2", "export": "132.9", "import_origin": "16.1", "import_consigment": "4.4"}, {"country": "Estonia", "year": "2019", "timeperiod": "3", "export": "10.1", "import_origin": "29.8", "import_consigment": "95.4"}, {"country": "Estonia", "year": "2019", "timeperiod": "4", "export": "17.3", "import_origin": "114.3", "import_consigment": "326.2"}, {"country": "Estonia", "year": "2019", "timeperiod": "5", "export": "105.2", "import_origin": "60.0", "import_consigment": "360.9"}, {"country": "Estonia", "year": "2019", "timeperiod": "6", "export": "4.6", "import_origin": "34.5", "import_consigment": "176.9"}, {"country": "Estonia", "year": "2019", "timeperiod": "7", "export": "86.2", "import_origin": "87.9", "import_consigment": "204.8"}, {"country": "Estonia", "year": "2019", "timeperiod": "8", "export": "20.5", "import_origin": "36.1", "import_consigment": "26.0"}, {"country": "Estonia", "year": "2019", "timeperiod": "9", "export": "-", "import_origin": "282.7", "import_consigment": "654.4"}, {"country": "Estonia", "year": "2019", "timeperiod": "10", "export": "60.6", "import_origin": "74.8", "import_consigment": "157.5"}, {"country": "Estonia", "year": "2019", "timeperiod": "11", "export": "19.4", "import_origin": "63.8", "import_consigment": "263.6"}, {"country": "Estonia", "year": "2019", "timeperiod": "12", "export": "136.5", "import_origin": "59.6", "import_consigment": "1177.7"}, {"country": "Estonia", "year": "2019", "timeperiod": "Year", "export": "596.8", "import_origin": "909.4", "import_consigment": "3551.4"}, {"country": "Estonia", "year": "2018", "timeperiod": "1", "export": "2.4", "import_origin": "3835.6", "import_consigment": "4081.8"}, {"country": "Estonia", "year": "2018", "timeperiod": "2", "export": "6.1", "import_origin": "3167.3", "import_consigment": "3664.0"}, {"country": "Estonia", "year": "2018", "timeperiod": "3", "export": "2.1", "import_origin": "4690.2", "import_consigment": "4254.6"}, {"country": "Estonia", "year": "2018", "timeperiod": "4", "export": "119.7", "import_origin": "3889.3", "import_consigment": "4882.7"}, {"country": "Estonia", "year": "2018", "timeperiod": "5", "export": "111.9", "import_origin": "462.4", "import_consigment": "1178.9"}, {"country": "Estonia", "year": "2018", "timeperiod": "6", "export": "3.2", "import_origin": "235.9", "import_consigment": "559.5"}, {"country": "Estonia", "year": "2018", "timeperiod": "7", "export": "28.0", "import_origin": "461.8", "import_consigment": "83.0"}, {"country": "Estonia", "year": "2018", "timeperiod": "8", "export": "114.5", "import_origin": "101.8", "import_consigment": "150.2"}, {"country": "Estonia", "year": "2018", "timeperiod": "9", "export": "12.3", "import_origin": "53.7", "import_consigment": "31.5"}, {"country": "Estonia", "year": "2018", "timeperiod": "10", "export": "84.0", "import_origin": "245.0", "import_consigment": "400.4"}, {"country": "Estonia", "year": "2018", "timeperiod": "11", "export": "32.8", "import_origin": "97.9", "import_consigment": "1418.2"}]}