{"data": [{"country": "Monako", "year": "2019", "timeperiod": "2", "export": "1.0", "import_origin": "-", "import_consigment": "12.5"}, {"country": "Monako", "year": "2019", "timeperiod": "3", "export": "-", "import_origin": "-", "import_consigment": "4.6"}, {"country": "Monako", "year": "2019", "timeperiod": "4", "export": "-", "import_origin": "0.1", "import_consigment": "28.8"}, {"country": "Monako", "year": "2019", "timeperiod": "5", "export": "-", "import_origin": "-", "import_consigment": "4.6"}, {"country": "Monako", "year": "2019", "timeperiod": "6", "export": "-", "import_origin": "-", "import_consigment": "341.7"}, {"country": "Monako", "year": "2019", "timeperiod": "7", "export": "-", "import_origin": "-", "import_consigment": "2.2"}, {"country": "Monako", "year": "2019", "timeperiod": "8", "export": "-", "import_origin": "0.4", "import_consigment": "7.4"}, {"country": "Monako", "year": "2019", "timeperiod": "9", "export": "-", "import_origin": "-", "import_consigment": "-"}, {"country": "Monako", "year": "2019", "timeperiod": "10", "export": "-", "import_origin": "0.1", "import_consigment": "13.2"}, {"country": "Monako", "year": "2019", "timeperiod": "11", "export": "-", "import_origin": "0.8", "import_consigment": "17.9"}, {"country": "Monako", "year": "2019", "timeperiod": "12", "export": "-", "import_origin": "0.1", "import_consigment": "10.9"}, {"country": "Monako", "year": "2019", "timeperiod": "Year", "export": "1.0", "import_origin": "5.1", "import_consigment": "447.2"}, {"country": "Monako", "year": "2018", "timeperiod": "2", "export": "-", "import_origin": "0.6", "import_consigment": "-"}, {"country": "Monako", "year": "2018", "timeperiod": "3", "export": "-", "import_origin": "-", "import_consigment": "18.4"}, {"country": "Monako", "year": "2018", "timeperiod": "5", "export": "-", "import_origin": "0.1", "import_consigment": "-"}, {"country": "Monako", "year": "2018", "timeperiod": "6", "export": "-", "import_origin": "1.3", "import_consigment": "-"}, {"country": "Monako", "year": "2018", "timeperiod": "7", "export": "-", "import_origin": "-", "import_consigment": "14.7"}, {"country": "Monako", "year": "2018", "timeperiod": "9", "export": "-", "import_origin": "-", "import_consigment": "-"}, {"country": "Monako", "year": "2018", "timeperiod": "10", "export": "-", "import_origin": "0.2", "import_consigment": "-"}, {"country": "Monako", "year": "2018", "timeperiod": "12", "export": "-", "import_origin": "-", "import_consigment": "21.2"}, {"country": "Monako", "year": "2018", "timeperiod": "Year", "export": "-", "import_origin": "2.3", "import_consigment": "54.3"}, {"country": "Monako", "year": "2017", "timeperiod": "2", "export": "-", "import_origin": "0.1", "import_consigment": "-"}, {"country": "Monako", "year": "2017", "timeperiod": "3", "export": "-", "import_origin": "0.7", "import_consigment": "3.8"}, {"country": "Monako", "year": "2017", "timeperiod": "4", "export": "-", "import_origin": "-", "import_consigment": "7.4"}, {"country": "Monako", "year": "2017", "timeperiod": "5", "export": "-", "import_origin": "0.9", "import_consigment": "-"}]}