{"data": [{"country": "United States", "year": "2017", "timeperiod": "7", "export": "6282.6", "import_origin": "10257.9", "import_consigment": "12287.2"}, {"country": "United States", "year": "2017", "timeperiod": "8", "export": "7695.3", "import_origin": "9442.9", "import_consigment": "10768.5"}, {"country": "United States", "year": "2017", "timeperiod": "9", "export": "4544.6", "import_origin": "20339.0", "import_consigment": "14954.5"}, {"country": "United States", "year": "2017", "timeperiod": "10", "export": "7748.3", "import_origin": "15399.5", "import_consigment": "14724.6"}, {"country": "United States", "year": "2017", "timeperiod": "11", "export": "6722.3", "import_origin": "20958.7", "import_consigment": "20406.8"}, {"country": "United States", "year": "2017", "timeperiod": "12", "export": "6818.6", "import_origin": "15987.0", "import_consigment": "12035.2"}, {"country": "United States", "year": "2017", "timeperiod": "Year", "export": "66187.5", "import_origin": "133446.1", "import_consigment": "129850.1"}, {"country": "United States Virgin Islands", "year": "2022", "timeperiod": "8", "export": "-", "import_origin": "60.7", "import_consigment": "-"}, {"country": "United States Virgin Islands", "year": "2022", "timeperiod": "11", "export": "-", "import_origin": "-", "import_consigment": "-"}, {"country": "United States Virgin Islands", "year": "2022", "timeperiod": "Year", "export": "-", "import_origin": "60.7", "import_consigment": "-"}, {"country": "United States Virgin Islands", "year": "2020", "timeperiod": "12", "export": "386.0", "import_origin": "-", "import_consigment": "-"}, {"country": "United States Virgin Islands", "year": "2020", "timeperiod": "Year", "export": "386.0", "import_origin": "-", "import_consigment": "-"}, {"country": "United States Virgin Islands", "year": "2018", "timeperiod": "3", "export": "-", "import_origin": "0.8", "import_consigment": "-"}, {"country": "United States Virgin Islands", "year": "2018", "timeperiod": "4", "export": "-", "import_origin": "0.1", "import_consigment": "-"}, {"country": "United States Virgin Islands", "year": "2018", "timeperiod": "Year", "export": "-", "import_origin": "0.9", "import_consigment": "-"}, {"country": "Burkina Faso", "year": "2021", "timeperiod": "7", "export": "-", "import_origin": "-", "import_consigment": "-"}, {"country": "Burkina Faso", "year": "2021", "timeperiod": "11", "export": "-", "import_origin": "0.2", "import_consigment": "-"}, {"country": "Burkina Faso", "year": "2021", "timeperiod": "Year", "export": "-", "import_origin": "0.3", "import_consigment": "-"}, {"country": "Burkina Faso", "year": "2019", "timeperiod": "3", "export": "-", "import_origin": "0.3", "import_consigment": "-"}, {"country": "Burkina Faso", "year": "2019", "timeperiod": "Year", "export": "-", "import_origin": "0.3", "import_consigment": "-"}, {"country": "Burkina Faso", "year": "2018", "timeperiod": "2", "export": "-", "import_origin": "0.6", "import_consigment": "-"}, {"country": "Burkina Faso", "year": "2018", "timeperiod": "Year", "export": "-", "import_origin": "0.6", "import_consigment": "-"}, {"country": "Burkina Faso", "year": "2017", "timeperiod": "8", "export": "-", "import_origin": "0.4", "import_consigment": "-"}, {"country": "Burkina Faso", "year": "2017", "timeperiod": "Year", "export": "-", "import_origin": "0.4", "import_consigment": "-"}, {"country": "Uruguay", "year": "2022", "timeperiod": "2", "export": "-", "import_origin": "6.7", "import_consigment": "7.6"}]}