{"data": [{"country": "Syrian Arab Republic", "year": "2021", "timeperiod": "8", "export": "-", "import_origin": "75.4", "import_consigment": "76.1"}, {"country": "Syrian Arab Republic", "year": "2021", "timeperiod": "9", "export": "-", "import_origin": "44.9", "import_consigment": "44.0"}, {"country": "Syrian Arab Republic", "year": "2021", "timeperiod": "10", "export": "20.6", "import_origin": "29.2", "import_consigment": "28.2"}, {"country": "Syrian Arab Republic", "year": "2021", "timeperiod": "11", "export": "16.0", "import_origin": "3.4", "import_consigment": "1.3"}, {"country": "Syrian Arab Republic", "year": "2021", "timeperiod": "12", "export": "5145.5", "import_origin": "44.3", "import_consigment": "40.9"}, {"country": "Syrian Arab Republic", "year": "2021", "timeperiod": "Year", "export": "10922.5", "import_origin": "731.5", "import_consigment": "709.7"}, {"country": "Syrian Arab Republic", "year": "2020", "timeperiod": "1", "export": "4677.3", "import_origin": "32.7", "import_consigment": "32.6"}, {"country": "Syrian Arab Republic", "year": "2020", "timeperiod": "2", "export": "4101.4", "import_origin": "28.2", "import_consigment": "22.6"}, {"country": "Syrian Arab Republic", "year": "2020", "timeperiod": "3", "export": "1719.0", "import_origin": "48.3", "import_consigment": "47.0"}, {"country": "Syrian Arab Republic", "year": "2020", "timeperiod": "4", "export": "255.6", "import_origin": "12.0", "import_consigment": "11.9"}, {"country": "Syrian Arab Republic", "year": "2020", "timeperiod": "5", "export": "3320.8", "import_origin": "38.8", "import_consigment": "38.8"}, {"country": "Syrian Arab Republic", "year": "2020", "timeperiod": "6", "export": "2132.4", "import_origin": "0.2", "import_consigment": "-"}, {"country": "Syrian Arab Republic", "year": "2020", "timeperiod": "7", "export": "0.2", "import_origin": "7.6", "import_consigment": "7.6"}, {"country": "Syrian Arab Republic", "year": "2020", "timeperiod": "8", "export": "-", "import_origin": "29.2", "import_consigment": "24.3"}, {"country": "Syrian Arab Republic", "year": "2020", "timeperiod": "9", "export": "3128.6", "import_origin": "-", "import_consigment": "5.0"}, {"country": "Syrian Arab Republic", "year": "2020", "timeperiod": "10", "export": "2982.5", "import_origin": "53.7", "import_consigment": "53.5"}, {"country": "Syrian Arab Republic", "year": "2020", "timeperiod": "11", "export": "4216.2", "import_origin": "-", "import_consigment": "-"}, {"country": "Syrian Arab Republic", "year": "2020", "timeperiod": "12", "export": "4708.1", "import_origin": "117.3", "import_consigment": "117.2"}, {"country": "Syrian Arab Republic", "year": "2020", "timeperiod": "Year", "export": "31242.2", "import_origin": "368.0", "import_consigment": "360.5"}, {"country": "Syrian Arab Republic", "year": "2019", "timeperiod": "1", "export": "1998.3", "import_origin": "9.6", "import_consigment": "9.5"}, {"country": "Syrian Arab Republic", "year": "2019", "timeperiod": "2", "export": "3429.8", "import_origin": "31.0", "import_consigment": "30.0"}, {"country": "Syrian Arab Republic", "year": "2019", "timeperiod": "3", "export": "7471.4", "import_origin": "2.6", "import_consigment": "10.6"}, {"country": "Syrian Arab Republic", "year": "2019", "timeperiod": "4", "export": "4265.5", "import_origin": "1.6", "import_consigment": "6.3"}, {"country": "Syrian Arab Republic", "year": "2019", "timeperiod": "5", "export": "3978.1", "import_origin": "24.6", "import_consigment": "11.0"}, {"country": "Syrian Arab Republic", "year": "2019", "timeperiod": "6", "export": "624.2", "import_origin": "131.6", "import_consigment": "124.7"}]}