{"data": [{"country": "United Kingdom", "year": "2021", "timeperiod": "3", "export": "346.4", "import_origin": "1967.1", "import_consigment": "1323.0"}, {"country": "United Kingdom", "year": "2021", "timeperiod": "4", "export": "404.2", "import_origin": "3388.0", "import_consigment": "1679.2"}, {"country": "United Kingdom", "year": "2021", "timeperiod": "5", "export": "432.0", "import_origin": "3218.3", "import_consigment": "2082.6"}, {"country": "United Kingdom", "year": "2021", "timeperiod": "6", "export": "638.2", "import_origin": "3766.7", "import_consigment": "2159.8"}, {"country": "United Kingdom", "year": "2021", "timeperiod": "7", "export": "571.4", "import_origin": "3554.5", "import_consigment": "2442.6"}, {"country": "United Kingdom", "year": "2021", "timeperiod": "8", "export": "475.4", "import_origin": "2648.4", "import_consigment": "1733.2"}, {"country": "United Kingdom", "year": "2021", "timeperiod": "9", "export": "522.1", "import_origin": "3685.4", "import_consigment": "3469.7"}, {"country": "United Kingdom", "year": "2021", "timeperiod": "10", "export": "803.4", "import_origin": "2326.7", "import_consigment": "1644.3"}, {"country": "United Kingdom", "year": "2021", "timeperiod": "11", "export": "1043.2", "import_origin": "2681.2", "import_consigment": "2365.9"}, {"country": "United Kingdom", "year": "2021", "timeperiod": "12", "export": "1364.4", "import_origin": "3557.1", "import_consigment": "1669.4"}, {"country": "United Kingdom", "year": "2021", "timeperiod": "Year", "export": "7645.7", "import_origin": "34280.9", "import_consigment": "22994.7"}, {"country": "United Kingdom", "year": "2020", "timeperiod": "1", "export": "235.0", "import_origin": "1986.4", "import_consigment": "1344.4"}, {"country": "United Kingdom", "year": "2020", "timeperiod": "2", "export": "277.6", "import_origin": "2703.1", "import_consigment": "2315.7"}, {"country": "United Kingdom", "year": "2020", "timeperiod": "3", "export": "288.6", "import_origin": "3184.6", "import_consigment": "1521.5"}, {"country": "United Kingdom", "year": "2020", "timeperiod": "4", "export": "99.3", "import_origin": "2664.8", "import_consigment": "1858.1"}, {"country": "United Kingdom", "year": "2020", "timeperiod": "5", "export": "454.7", "import_origin": "1836.4", "import_consigment": "1701.1"}, {"country": "United Kingdom", "year": "2020", "timeperiod": "6", "export": "530.3", "import_origin": "2294.6", "import_consigment": "1302.6"}, {"country": "United Kingdom", "year": "2020", "timeperiod": "7", "export": "542.5", "import_origin": "2194.8", "import_consigment": "1804.2"}, {"country": "United Kingdom", "year": "2020", "timeperiod": "8", "export": "467.8", "import_origin": "2113.2", "import_consigment": "1520.4"}, {"country": "United Kingdom", "year": "2020", "timeperiod": "9", "export": "612.2", "import_origin": "2316.2", "import_consigment": "1793.5"}, {"country": "United Kingdom", "year": "2020", "timeperiod": "10", "export": "296.8", "import_origin": "2187.0", "import_consigment": "837.0"}, {"country": "United Kingdom", "year": "2020", "timeperiod": "11", "export": "66.6", "import_origin": "2360.8", "import_consigment": "2099.1"}, {"country": "United Kingdom", "year": "2020", "timeperiod": "12", "export": "1578.0", "import_origin": "3651.2", "import_consigment": "2741.6"}, {"country": "United Kingdom", "year": "2020", "timeperiod": "Year", "export": "5449.4", "import_origin": "29493.0", "import_consigment": "20839.1"}, {"country": "United Kingdom", "year": "2019", "timeperiod": "1", "export": "197.5", "import_origin": "1764.0", "import_consigment": "1431.8"}]}