{"data": [{"country": "Faeroe Islands", "year": "2021", "timeperiod": "4", "export": "-", "import_origin": "31.8", "import_consigment": "-"}, {"country": "Faeroe Islands", "year": "2021", "timeperiod": "5", "export": "-", "import_origin": "23.8", "import_consigment": "-"}, {"country": "Faeroe Islands", "year": "2021", "timeperiod": "6", "export": "-", "import_origin": "33.1", "import_consigment": "-"}, {"country": "Faeroe Islands", "year": "2021", "timeperiod": "7", "export": "-", "import_origin": "21.3", "import_consigment": "-"}, {"country": "Faeroe Islands", "year": "2021", "timeperiod": "8", "export": "-", "import_origin": "40.1", "import_consigment": "-"}, {"country": "Faeroe Islands", "year": "2021", "timeperiod": "9", "export": "-", "import_origin": "36.9", "import_consigment": "-"}, {"country": "Faeroe Islands", "year": "2021", "timeperiod": "10", "export": "-", "import_origin": "14.8", "import_consigment": "-"}, {"country": "Faeroe Islands", "year": "2021", "timeperiod": "11", "export": "-", "import_origin": "22.4", "import_consigment": "-"}, {"country": "Faeroe Islands", "year": "2021", "timeperiod": "12", "export": "-", "import_origin": "33.0", "import_consigment": "-"}, {"country": "Faeroe Islands", "year": "2021", "timeperiod": "Year", "export": "-", "import_origin": "322.2", "import_consigment": "-"}, {"country": "Faeroe Islands", "year": "2020", "timeperiod": "1", "export": "-", "import_origin": "12.4", "import_consigment": "-"}, {"country": "Faeroe Islands", "year": "2020", "timeperiod": "2", "export": "-", "import_origin": "23.2", "import_consigment": "-"}, {"country": "Faeroe Islands", "year": "2020", "timeperiod": "3", "export": "-", "import_origin": "17.8", "import_consigment": "-"}, {"country": "Faeroe Islands", "year": "2020", "timeperiod": "5", "export": "-", "import_origin": "16.4", "import_consigment": "-"}, {"country": "Faeroe Islands", "year": "2020", "timeperiod": "6", "export": "-", "import_origin": "18.3", "import_consigment": "-"}, {"country": "Faeroe Islands", "year": "2020", "timeperiod": "7", "export": "-", "import_origin": "18.0", "import_consigment": "-"}, {"country": "Faeroe Islands", "year": "2020", "timeperiod": "8", "export": "-", "import_origin": "18.8", "import_consigment": "-"}, {"country": "Faeroe Islands", "year": "2020", "timeperiod": "9", "export": "-", "import_origin": "26.3", "import_consigment": "-"}, {"country": "Faeroe Islands", "year": "2020", "timeperiod": "10", "export": "-", "import_origin": "8.2", "import_consigment": "-"}, {"country": "Faeroe Islands", "year": "2020", "timeperiod": "11", "export": "-", "import_origin": "3.6", "import_consigment": "-"}, {"country": "Faeroe Islands", "year": "2020", "timeperiod": "12", "export": "-", "import_origin": "6.6", "import_consigment": "-"}, {"country": "Faeroe Islands", "year": "2020", "timeperiod": "Year", "export": "-", "import_origin": "169.5", "import_consigment": "-"}, {"country": "Faeroe Islands", "year": "2019", "timeperiod": "1", "export": "-", "import_origin": "18.3", "import_consigment": "-"}, {"country": "Faeroe Islands", "year": "2019", "timeperiod": "2", "export": "-", "import_origin": "23.9", "import_consigment": "-"}, {"country": "Faeroe Islands", "year": "2019", "timeperiod": "3", "export": "-", "import_origin": "29.8", "import_consigment": "-"}]}