{"data": [{"country": "Turkmenistan", "year": "2019", "timeperiod": "2", "export": "875.0", "import_origin": "165.5", "import_consigment": "165.5"}, {"country": "Turkmenistan", "year": "2019", "timeperiod": "3", "export": "177.1", "import_origin": "223.7", "import_consigment": "370.1"}, {"country": "Turkmenistan", "year": "2019", "timeperiod": "4", "export": "335.3", "import_origin": "156.6", "import_consigment": "181.6"}, {"country": "Turkmenistan", "year": "2019", "timeperiod": "5", "export": "389.3", "import_origin": "177.2", "import_consigment": "186.9"}, {"country": "Turkmenistan", "year": "2019", "timeperiod": "6", "export": "259.5", "import_origin": "173.6", "import_consigment": "193.9"}, {"country": "Turkmenistan", "year": "2019", "timeperiod": "7", "export": "305.1", "import_origin": "396.4", "import_consigment": "449.5"}, {"country": "Turkmenistan", "year": "2019", "timeperiod": "8", "export": "188.5", "import_origin": "332.5", "import_consigment": "374.1"}, {"country": "Turkmenistan", "year": "2019", "timeperiod": "9", "export": "520.5", "import_origin": "192.3", "import_consigment": "223.7"}, {"country": "Turkmenistan", "year": "2019", "timeperiod": "10", "export": "682.1", "import_origin": "261.3", "import_consigment": "265.0"}, {"country": "Turkmenistan", "year": "2019", "timeperiod": "11", "export": "478.9", "import_origin": "195.3", "import_consigment": "200.3"}, {"country": "Turkmenistan", "year": "2019", "timeperiod": "12", "export": "893.3", "import_origin": "240.6", "import_consigment": "289.6"}, {"country": "Turkmenistan", "year": "2019", "timeperiod": "Year", "export": "5141.5", "import_origin": "2675.4", "import_consigment": "3069.6"}, {"country": "Turkmenistan", "year": "2018", "timeperiod": "1", "export": "-", "import_origin": "199.1", "import_consigment": "237.9"}, {"country": "Turkmenistan", "year": "2018", "timeperiod": "2", "export": "294.6", "import_origin": "28.4", "import_consigment": "27.6"}, {"country": "Turkmenistan", "year": "2018", "timeperiod": "3", "export": "186.4", "import_origin": "175.8", "import_consigment": "181.5"}, {"country": "Turkmenistan", "year": "2018", "timeperiod": "4", "export": "353.8", "import_origin": "170.8", "import_consigment": "234.2"}, {"country": "Turkmenistan", "year": "2018", "timeperiod": "5", "export": "162.4", "import_origin": "8590.9", "import_consigment": "8660.1"}, {"country": "Turkmenistan", "year": "2018", "timeperiod": "6", "export": "155.3", "import_origin": "247.2", "import_consigment": "213.0"}, {"country": "Turkmenistan", "year": "2018", "timeperiod": "7", "export": "224.9", "import_origin": "5302.1", "import_consigment": "5280.3"}, {"country": "Turkmenistan", "year": "2018", "timeperiod": "8", "export": "388.2", "import_origin": "4690.7", "import_consigment": "4538.9"}, {"country": "Turkmenistan", "year": "2018", "timeperiod": "9", "export": "237.2", "import_origin": "199.8", "import_consigment": "205.6"}, {"country": "Turkmenistan", "year": "2018", "timeperiod": "10", "export": "109.3", "import_origin": "4301.5", "import_consigment": "4259.2"}, {"country": "Turkmenistan", "year": "2018", "timeperiod": "11", "export": "141.7", "import_origin": "3313.1", "import_consigment": "3368.7"}, {"country": "Turkmenistan", "year": "2018", "timeperiod": "12", "export": "826.1", "import_origin": "248.5", "import_consigment": "256.9"}, {"country": "Turkmenistan", "year": "2018", "timeperiod": "Year", "export": "3079.8", "import_origin": "27468.0", "import_consigment": "27464.0"}]}