{"data": [{"country": "Kazakhstan", "year": "2017", "timeperiod": "5", "export": "149.2", "import_origin": "153.5", "import_consigment": "304.5"}, {"country": "Kazakhstan", "year": "2017", "timeperiod": "6", "export": "351.7", "import_origin": "223.7", "import_consigment": "256.4"}, {"country": "Kazakhstan", "year": "2017", "timeperiod": "7", "export": "224.2", "import_origin": "79.6", "import_consigment": "194.5"}, {"country": "Kazakhstan", "year": "2017", "timeperiod": "8", "export": "451.0", "import_origin": "347.2", "import_consigment": "394.8"}, {"country": "Kazakhstan", "year": "2017", "timeperiod": "9", "export": "664.0", "import_origin": "953.7", "import_consigment": "1119.5"}, {"country": "Kazakhstan", "year": "2017", "timeperiod": "10", "export": "755.0", "import_origin": "956.6", "import_consigment": "1325.3"}, {"country": "Kazakhstan", "year": "2017", "timeperiod": "11", "export": "445.4", "import_origin": "768.4", "import_consigment": "946.3"}, {"country": "Kazakhstan", "year": "2017", "timeperiod": "12", "export": "595.3", "import_origin": "381.2", "import_consigment": "467.0"}, {"country": "Kazakhstan", "year": "2017", "timeperiod": "Year", "export": "4928.2", "import_origin": "4044.6", "import_consigment": "5683.5"}, {"country": "Jordan", "year": "2023", "timeperiod": "1", "export": "-", "import_origin": "361.0", "import_consigment": "443.5"}, {"country": "Jordan", "year": "2023", "timeperiod": "Year", "export": "-", "import_origin": "361.0", "import_consigment": "443.5"}, {"country": "Jordan", "year": "2022", "timeperiod": "1", "export": "-", "import_origin": "1.9", "import_consigment": "1.9"}, {"country": "Jordan", "year": "2022", "timeperiod": "2", "export": "-", "import_origin": "267.2", "import_consigment": "219.2"}, {"country": "Jordan", "year": "2022", "timeperiod": "3", "export": "-", "import_origin": "83.6", "import_consigment": "67.6"}, {"country": "Jordan", "year": "2022", "timeperiod": "4", "export": "12.7", "import_origin": "43.8", "import_consigment": "13.7"}, {"country": "Jordan", "year": "2022", "timeperiod": "5", "export": "-", "import_origin": "236.8", "import_consigment": "236.6"}, {"country": "Jordan", "year": "2022", "timeperiod": "6", "export": "-", "import_origin": "9.5", "import_consigment": "5.2"}, {"country": "Jordan", "year": "2022", "timeperiod": "7", "export": "0.2", "import_origin": "15.0", "import_consigment": "-"}, {"country": "Jordan", "year": "2022", "timeperiod": "8", "export": "-", "import_origin": "30.4", "import_consigment": "-"}, {"country": "Jordan", "year": "2022", "timeperiod": "9", "export": "-", "import_origin": "412.1", "import_consigment": "426.9"}, {"country": "Jordan", "year": "2022", "timeperiod": "10", "export": "-", "import_origin": "504.0", "import_consigment": "487.8"}, {"country": "Jordan", "year": "2022", "timeperiod": "11", "export": "-", "import_origin": "787.3", "import_consigment": "763.4"}, {"country": "Jordan", "year": "2022", "timeperiod": "12", "export": "-", "import_origin": "89.8", "import_consigment": "114.5"}, {"country": "Jordan", "year": "2022", "timeperiod": "Year", "export": "12.9", "import_origin": "2481.4", "import_consigment": "2336.8"}, {"country": "Jordan", "year": "2021", "timeperiod": "1", "export": "6.6", "import_origin": "1.6", "import_consigment": "1.6"}]}