{"data": [{"country": "Monako", "year": "2022", "timeperiod": "6", "export": "-", "import_origin": "11.0", "import_consigment": "-"}, {"country": "Monako", "year": "2022", "timeperiod": "7", "export": "-", "import_origin": "0.2", "import_consigment": "-"}, {"country": "Monako", "year": "2022", "timeperiod": "8", "export": "0.3", "import_origin": "0.2", "import_consigment": "-"}, {"country": "Monako", "year": "2022", "timeperiod": "9", "export": "-", "import_origin": "6.3", "import_consigment": "-"}, {"country": "Monako", "year": "2022", "timeperiod": "10", "export": "-", "import_origin": "0.1", "import_consigment": "-"}, {"country": "Monako", "year": "2022", "timeperiod": "11", "export": "2.8", "import_origin": "-", "import_consigment": "47.0"}, {"country": "Monako", "year": "2022", "timeperiod": "12", "export": "0.5", "import_origin": "0.5", "import_consigment": "-"}, {"country": "Monako", "year": "2022", "timeperiod": "Year", "export": "4.1", "import_origin": "19.8", "import_consigment": "75.8"}, {"country": "Monako", "year": "2021", "timeperiod": "4", "export": "-", "import_origin": "-", "import_consigment": "-"}, {"country": "Monako", "year": "2021", "timeperiod": "6", "export": "-", "import_origin": "-", "import_consigment": "37.4"}, {"country": "Monako", "year": "2021", "timeperiod": "7", "export": "-", "import_origin": "0.1", "import_consigment": "-"}, {"country": "Monako", "year": "2021", "timeperiod": "8", "export": "0.2", "import_origin": "-", "import_consigment": "-"}, {"country": "Monako", "year": "2021", "timeperiod": "9", "export": "0.1", "import_origin": "0.1", "import_consigment": "-"}, {"country": "Monako", "year": "2021", "timeperiod": "10", "export": "-", "import_origin": "-", "import_consigment": "17.4"}, {"country": "Monako", "year": "2021", "timeperiod": "12", "export": "-", "import_origin": "-", "import_consigment": "-"}, {"country": "Monako", "year": "2021", "timeperiod": "Year", "export": "0.4", "import_origin": "0.2", "import_consigment": "54.8"}, {"country": "Monako", "year": "2020", "timeperiod": "1", "export": "1.2", "import_origin": "-", "import_consigment": "-"}, {"country": "Monako", "year": "2020", "timeperiod": "2", "export": "-", "import_origin": "-", "import_consigment": "-"}, {"country": "Monako", "year": "2020", "timeperiod": "3", "export": "-", "import_origin": "0.2", "import_consigment": "-"}, {"country": "Monako", "year": "2020", "timeperiod": "4", "export": "-", "import_origin": "2.5", "import_consigment": "-"}, {"country": "Monako", "year": "2020", "timeperiod": "6", "export": "-", "import_origin": "-", "import_consigment": "22.5"}, {"country": "Monako", "year": "2020", "timeperiod": "10", "export": "-", "import_origin": "-", "import_consigment": "16.8"}, {"country": "Monako", "year": "2020", "timeperiod": "11", "export": "-", "import_origin": "-", "import_consigment": "-"}, {"country": "Monako", "year": "2020", "timeperiod": "Year", "export": "1.2", "import_origin": "2.7", "import_consigment": "39.3"}, {"country": "Monako", "year": "2019", "timeperiod": "1", "export": "-", "import_origin": "3.6", "import_consigment": "3.3"}]}