{"data": [{"country": "Poland", "year": "2017", "timeperiod": "5", "export": "539.1", "import_origin": "2997.6", "import_consigment": "2397.4"}, {"country": "Poland", "year": "2017", "timeperiod": "6", "export": "791.7", "import_origin": "3405.8", "import_consigment": "3692.9"}, {"country": "Poland", "year": "2017", "timeperiod": "7", "export": "1200.2", "import_origin": "3883.8", "import_consigment": "4697.5"}, {"country": "Poland", "year": "2017", "timeperiod": "8", "export": "775.4", "import_origin": "5500.1", "import_consigment": "5899.8"}, {"country": "Poland", "year": "2017", "timeperiod": "9", "export": "652.9", "import_origin": "4205.4", "import_consigment": "4728.4"}, {"country": "Poland", "year": "2017", "timeperiod": "10", "export": "686.2", "import_origin": "4265.9", "import_consigment": "4425.4"}, {"country": "Poland", "year": "2017", "timeperiod": "11", "export": "828.6", "import_origin": "9197.2", "import_consigment": "8427.5"}, {"country": "Poland", "year": "2017", "timeperiod": "12", "export": "309.9", "import_origin": "4674.7", "import_consigment": "4607.0"}, {"country": "Poland", "year": "2017", "timeperiod": "Year", "export": "7947.7", "import_origin": "49302.2", "import_consigment": "51104.7"}, {"country": "Portugal", "year": "2023", "timeperiod": "1", "export": "1.4", "import_origin": "1139.0", "import_consigment": "726.4"}, {"country": "Portugal", "year": "2023", "timeperiod": "Year", "export": "1.4", "import_origin": "1139.0", "import_consigment": "726.4"}, {"country": "Portugal", "year": "2022", "timeperiod": "1", "export": "-", "import_origin": "457.4", "import_consigment": "279.3"}, {"country": "Portugal", "year": "2022", "timeperiod": "2", "export": "-", "import_origin": "613.7", "import_consigment": "440.4"}, {"country": "Portugal", "year": "2022", "timeperiod": "3", "export": "0.5", "import_origin": "640.9", "import_consigment": "392.3"}, {"country": "Portugal", "year": "2022", "timeperiod": "4", "export": "-", "import_origin": "569.0", "import_consigment": "468.0"}, {"country": "Portugal", "year": "2022", "timeperiod": "5", "export": "-", "import_origin": "717.5", "import_consigment": "826.9"}, {"country": "Portugal", "year": "2022", "timeperiod": "6", "export": "-", "import_origin": "1264.7", "import_consigment": "884.8"}, {"country": "Portugal", "year": "2022", "timeperiod": "7", "export": "-", "import_origin": "1381.7", "import_consigment": "815.2"}, {"country": "Portugal", "year": "2022", "timeperiod": "8", "export": "-", "import_origin": "1492.9", "import_consigment": "550.1"}, {"country": "Portugal", "year": "2022", "timeperiod": "9", "export": "-", "import_origin": "1198.7", "import_consigment": "782.7"}, {"country": "Portugal", "year": "2022", "timeperiod": "10", "export": "1.1", "import_origin": "1136.7", "import_consigment": "585.1"}, {"country": "Portugal", "year": "2022", "timeperiod": "11", "export": "-", "import_origin": "1657.0", "import_consigment": "1440.0"}, {"country": "Portugal", "year": "2022", "timeperiod": "12", "export": "-", "import_origin": "1414.9", "import_consigment": "783.3"}, {"country": "Portugal", "year": "2022", "timeperiod": "Year", "export": "1.6", "import_origin": "12545.2", "import_consigment": "8248.1"}, {"country": "Portugal", "year": "2021", "timeperiod": "1", "export": "15.3", "import_origin": "274.4", "import_consigment": "394.3"}]}