{"data": [{"country": "Iraq", "year": "2020", "timeperiod": "Year", "export": "163826.8", "import_origin": "2284.0", "import_consigment": "2216.5"}, {"country": "Iraq", "year": "2019", "timeperiod": "1", "export": "14439.0", "import_origin": "189.3", "import_consigment": "179.5"}, {"country": "Iraq", "year": "2019", "timeperiod": "2", "export": "17342.3", "import_origin": "183.6", "import_consigment": "145.7"}, {"country": "Iraq", "year": "2019", "timeperiod": "3", "export": "11711.1", "import_origin": "228.3", "import_consigment": "203.2"}, {"country": "Iraq", "year": "2019", "timeperiod": "4", "export": "11201.1", "import_origin": "407.5", "import_consigment": "329.9"}, {"country": "Iraq", "year": "2019", "timeperiod": "5", "export": "9150.0", "import_origin": "570.9", "import_consigment": "513.7"}, {"country": "Iraq", "year": "2019", "timeperiod": "6", "export": "12036.6", "import_origin": "720.1", "import_consigment": "634.2"}, {"country": "Iraq", "year": "2019", "timeperiod": "7", "export": "14681.8", "import_origin": "671.7", "import_consigment": "556.5"}, {"country": "Iraq", "year": "2019", "timeperiod": "8", "export": "13275.3", "import_origin": "740.8", "import_consigment": "694.0"}, {"country": "Iraq", "year": "2019", "timeperiod": "9", "export": "21534.6", "import_origin": "371.6", "import_consigment": "401.1"}, {"country": "Iraq", "year": "2019", "timeperiod": "10", "export": "18515.1", "import_origin": "20.2", "import_consigment": "-"}, {"country": "Iraq", "year": "2019", "timeperiod": "11", "export": "17072.8", "import_origin": "-", "import_consigment": "-"}, {"country": "Iraq", "year": "2019", "timeperiod": "12", "export": "16331.1", "import_origin": "28.8", "import_consigment": "28.8"}, {"country": "Iraq", "year": "2019", "timeperiod": "Year", "export": "177290.7", "import_origin": "4132.8", "import_consigment": "3686.6"}, {"country": "Iraq", "year": "2018", "timeperiod": "1", "export": "8694.3", "import_origin": "-", "import_consigment": "-"}, {"country": "Iraq", "year": "2018", "timeperiod": "2", "export": "11304.8", "import_origin": "-", "import_consigment": "-"}, {"country": "Iraq", "year": "2018", "timeperiod": "3", "export": "9343.3", "import_origin": "-", "import_consigment": "-"}, {"country": "Iraq", "year": "2018", "timeperiod": "4", "export": "7810.8", "import_origin": "14.0", "import_consigment": "14.0"}, {"country": "Iraq", "year": "2018", "timeperiod": "5", "export": "13402.0", "import_origin": "365.5", "import_consigment": "365.5"}, {"country": "Iraq", "year": "2018", "timeperiod": "6", "export": "12845.1", "import_origin": "349.5", "import_consigment": "349.5"}, {"country": "Iraq", "year": "2018", "timeperiod": "7", "export": "8762.6", "import_origin": "539.0", "import_consigment": "530.8"}, {"country": "Iraq", "year": "2018", "timeperiod": "8", "export": "11146.1", "import_origin": "835.8", "import_consigment": "782.2"}, {"country": "Iraq", "year": "2018", "timeperiod": "9", "export": "14721.6", "import_origin": "614.9", "import_consigment": "595.9"}, {"country": "Iraq", "year": "2018", "timeperiod": "10", "export": "19053.2", "import_origin": "869.3", "import_consigment": "809.0"}, {"country": "Iraq", "year": "2018", "timeperiod": "11", "export": "14070.6", "import_origin": "687.7", "import_consigment": "666.4"}]}