{"data": [{"country": "Russian Federation", "year": "2020", "timeperiod": "10", "export": "74913.3", "import_origin": "137991.2", "import_consigment": "145522.1"}, {"country": "Russian Federation", "year": "2020", "timeperiod": "11", "export": "62927.3", "import_origin": "111747.9", "import_consigment": "129445.1"}, {"country": "Russian Federation", "year": "2020", "timeperiod": "12", "export": "76067.4", "import_origin": "143928.0", "import_consigment": "166598.8"}, {"country": "Russian Federation", "year": "2020", "timeperiod": "Year", "export": "680337.8", "import_origin": "1477396.5", "import_consigment": "1635682.7"}, {"country": "Russian Federation", "year": "2019", "timeperiod": "1", "export": "31630.0", "import_origin": "90988.0", "import_consigment": "96012.7"}, {"country": "Russian Federation", "year": "2019", "timeperiod": "2", "export": "51437.2", "import_origin": "114333.7", "import_consigment": "127989.3"}, {"country": "Russian Federation", "year": "2019", "timeperiod": "3", "export": "55528.7", "import_origin": "113118.8", "import_consigment": "123329.4"}, {"country": "Russian Federation", "year": "2019", "timeperiod": "4", "export": "57697.2", "import_origin": "109232.8", "import_consigment": "121275.8"}, {"country": "Russian Federation", "year": "2019", "timeperiod": "5", "export": "52922.6", "import_origin": "90672.6", "import_consigment": "103243.8"}, {"country": "Russian Federation", "year": "2019", "timeperiod": "6", "export": "74761.2", "import_origin": "115007.8", "import_consigment": "123271.0"}, {"country": "Russian Federation", "year": "2019", "timeperiod": "7", "export": "69406.0", "import_origin": "141240.8", "import_consigment": "152422.8"}, {"country": "Russian Federation", "year": "2019", "timeperiod": "8", "export": "65492.3", "import_origin": "112646.9", "import_consigment": "127325.6"}, {"country": "Russian Federation", "year": "2019", "timeperiod": "9", "export": "60740.9", "import_origin": "124449.2", "import_consigment": "139458.2"}, {"country": "Russian Federation", "year": "2019", "timeperiod": "10", "export": "67804.8", "import_origin": "133241.7", "import_consigment": "147236.3"}, {"country": "Russian Federation", "year": "2019", "timeperiod": "11", "export": "91649.5", "import_origin": "170448.0", "import_consigment": "191901.9"}, {"country": "Russian Federation", "year": "2019", "timeperiod": "12", "export": "62371.0", "import_origin": "168546.2", "import_consigment": "189104.1"}, {"country": "Russian Federation", "year": "2019", "timeperiod": "Year", "export": "741441.5", "import_origin": "1483926.7", "import_consigment": "1642570.7"}, {"country": "Russian Federation", "year": "2018", "timeperiod": "1", "export": "35162.9", "import_origin": "99576.1", "import_consigment": "104862.7"}, {"country": "Russian Federation", "year": "2018", "timeperiod": "2", "export": "50402.5", "import_origin": "118796.5", "import_consigment": "126389.3"}, {"country": "Russian Federation", "year": "2018", "timeperiod": "3", "export": "60594.4", "import_origin": "106513.5", "import_consigment": "119106.2"}, {"country": "Russian Federation", "year": "2018", "timeperiod": "4", "export": "47167.0", "import_origin": "104415.7", "import_consigment": "114798.4"}, {"country": "Russian Federation", "year": "2018", "timeperiod": "5", "export": "44572.4", "import_origin": "93515.2", "import_consigment": "102091.3"}, {"country": "Russian Federation", "year": "2018", "timeperiod": "6", "export": "57688.4", "import_origin": "84303.8", "import_consigment": "95104.1"}, {"country": "Russian Federation", "year": "2018", "timeperiod": "7", "export": "57956.1", "import_origin": "99683.9", "import_consigment": "113610.4"}, {"country": "Russian Federation", "year": "2018", "timeperiod": "8", "export": "71305.8", "import_origin": "98855.3", "import_consigment": "116549.0"}]}