{"data": [{"country": "Nigeria", "year": "2021", "timeperiod": "11", "export": "-", "import_origin": "139.4", "import_consigment": "-"}, {"country": "Nigeria", "year": "2021", "timeperiod": "12", "export": "-", "import_origin": "0.1", "import_consigment": "-"}, {"country": "Nigeria", "year": "2021", "timeperiod": "Year", "export": "30.4", "import_origin": "691.3", "import_consigment": "-"}, {"country": "Nigeria", "year": "2020", "timeperiod": "1", "export": "-", "import_origin": "251.3", "import_consigment": "-"}, {"country": "Nigeria", "year": "2020", "timeperiod": "2", "export": "-", "import_origin": "0.3", "import_consigment": "-"}, {"country": "Nigeria", "year": "2020", "timeperiod": "3", "export": "-", "import_origin": "140.8", "import_consigment": "-"}, {"country": "Nigeria", "year": "2020", "timeperiod": "7", "export": "-", "import_origin": "135.0", "import_consigment": "-"}, {"country": "Nigeria", "year": "2020", "timeperiod": "9", "export": "-", "import_origin": "-", "import_consigment": "-"}, {"country": "Nigeria", "year": "2020", "timeperiod": "10", "export": "-", "import_origin": "341.3", "import_consigment": "-"}, {"country": "Nigeria", "year": "2020", "timeperiod": "12", "export": "-", "import_origin": "-", "import_consigment": "-"}, {"country": "Nigeria", "year": "2020", "timeperiod": "Year", "export": "-", "import_origin": "868.8", "import_consigment": "-"}, {"country": "Nigeria", "year": "2019", "timeperiod": "1", "export": "-", "import_origin": "118.6", "import_consigment": "-"}, {"country": "Nigeria", "year": "2019", "timeperiod": "2", "export": "-", "import_origin": "176.5", "import_consigment": "53.5"}, {"country": "Nigeria", "year": "2019", "timeperiod": "3", "export": "-", "import_origin": "0.1", "import_consigment": "-"}, {"country": "Nigeria", "year": "2019", "timeperiod": "4", "export": "-", "import_origin": "-", "import_consigment": "-"}, {"country": "Nigeria", "year": "2019", "timeperiod": "5", "export": "-", "import_origin": "434.8", "import_consigment": "-"}, {"country": "Nigeria", "year": "2019", "timeperiod": "7", "export": "-", "import_origin": "122.2", "import_consigment": "-"}, {"country": "Nigeria", "year": "2019", "timeperiod": "8", "export": "-", "import_origin": "128.9", "import_consigment": "-"}, {"country": "Nigeria", "year": "2019", "timeperiod": "9", "export": "-", "import_origin": "124.5", "import_consigment": "-"}, {"country": "Nigeria", "year": "2019", "timeperiod": "10", "export": "3.2", "import_origin": "332.5", "import_consigment": "-"}, {"country": "Nigeria", "year": "2019", "timeperiod": "11", "export": "-", "import_origin": "253.7", "import_consigment": "-"}, {"country": "Nigeria", "year": "2019", "timeperiod": "12", "export": "-", "import_origin": "752.6", "import_consigment": "-"}, {"country": "Nigeria", "year": "2019", "timeperiod": "Year", "export": "3.2", "import_origin": "2444.5", "import_consigment": "53.6"}, {"country": "Nigeria", "year": "2018", "timeperiod": "1", "export": "-", "import_origin": "56.9", "import_consigment": "-"}, {"country": "Nigeria", "year": "2018", "timeperiod": "3", "export": "-", "import_origin": "108.9", "import_consigment": "-"}]}