{"data": [{"country": "Cuba", "year": "2020", "timeperiod": "2", "export": "-", "import_origin": "10.1", "import_consigment": "-"}, {"country": "Cuba", "year": "2020", "timeperiod": "3", "export": "-", "import_origin": "8.8", "import_consigment": "-"}, {"country": "Cuba", "year": "2020", "timeperiod": "7", "export": "-", "import_origin": "0.5", "import_consigment": "-"}, {"country": "Cuba", "year": "2020", "timeperiod": "8", "export": "-", "import_origin": "0.1", "import_consigment": "-"}, {"country": "Cuba", "year": "2020", "timeperiod": "9", "export": "-", "import_origin": "0.6", "import_consigment": "-"}, {"country": "Cuba", "year": "2020", "timeperiod": "10", "export": "-", "import_origin": "43.4", "import_consigment": "-"}, {"country": "Cuba", "year": "2020", "timeperiod": "11", "export": "-", "import_origin": "12.3", "import_consigment": "-"}, {"country": "Cuba", "year": "2020", "timeperiod": "12", "export": "-", "import_origin": "17.6", "import_consigment": "-"}, {"country": "Cuba", "year": "2020", "timeperiod": "Year", "export": "-", "import_origin": "116.2", "import_consigment": "-"}, {"country": "Cuba", "year": "2019", "timeperiod": "1", "export": "-", "import_origin": "0.1", "import_consigment": "-"}, {"country": "Cuba", "year": "2019", "timeperiod": "2", "export": "-", "import_origin": "32.8", "import_consigment": "-"}, {"country": "Cuba", "year": "2019", "timeperiod": "3", "export": "-", "import_origin": "0.1", "import_consigment": "-"}, {"country": "Cuba", "year": "2019", "timeperiod": "4", "export": "-", "import_origin": "7.8", "import_consigment": "-"}, {"country": "Cuba", "year": "2019", "timeperiod": "5", "export": "-", "import_origin": "0.5", "import_consigment": "-"}, {"country": "Cuba", "year": "2019", "timeperiod": "6", "export": "-", "import_origin": "17.8", "import_consigment": "-"}, {"country": "Cuba", "year": "2019", "timeperiod": "7", "export": "-", "import_origin": "14.9", "import_consigment": "-"}, {"country": "Cuba", "year": "2019", "timeperiod": "8", "export": "-", "import_origin": "3.2", "import_consigment": "-"}, {"country": "Cuba", "year": "2019", "timeperiod": "9", "export": "7.1", "import_origin": "17.5", "import_consigment": "-"}, {"country": "Cuba", "year": "2019", "timeperiod": "10", "export": "-", "import_origin": "25.3", "import_consigment": "-"}, {"country": "Cuba", "year": "2019", "timeperiod": "11", "export": "-", "import_origin": "32.4", "import_consigment": "-"}, {"country": "Cuba", "year": "2019", "timeperiod": "12", "export": "-", "import_origin": "19.9", "import_consigment": "-"}, {"country": "Cuba", "year": "2019", "timeperiod": "Year", "export": "7.2", "import_origin": "172.3", "import_consigment": "-"}, {"country": "Cuba", "year": "2018", "timeperiod": "1", "export": "-", "import_origin": "0.1", "import_consigment": "-"}, {"country": "Cuba", "year": "2018", "timeperiod": "2", "export": "-", "import_origin": "20.9", "import_consigment": "-"}, {"country": "Cuba", "year": "2018", "timeperiod": "3", "export": "-", "import_origin": "14.8", "import_consigment": "-"}]}