{"data": [{"country": "Myanmar", "year": "2019", "timeperiod": "9", "export": "-", "import_origin": "274.6", "import_consigment": "-"}, {"country": "Myanmar", "year": "2019", "timeperiod": "10", "export": "-", "import_origin": "316.0", "import_consigment": "-"}, {"country": "Myanmar", "year": "2019", "timeperiod": "11", "export": "-", "import_origin": "290.6", "import_consigment": "-"}, {"country": "Myanmar", "year": "2019", "timeperiod": "12", "export": "-", "import_origin": "183.1", "import_consigment": "-"}, {"country": "Myanmar", "year": "2019", "timeperiod": "Year", "export": "0.2", "import_origin": "1967.9", "import_consigment": "2.4"}, {"country": "Myanmar", "year": "2018", "timeperiod": "1", "export": "-", "import_origin": "71.6", "import_consigment": "-"}, {"country": "Myanmar", "year": "2018", "timeperiod": "2", "export": "-", "import_origin": "64.8", "import_consigment": "-"}, {"country": "Myanmar", "year": "2018", "timeperiod": "3", "export": "-", "import_origin": "126.9", "import_consigment": "-"}, {"country": "Myanmar", "year": "2018", "timeperiod": "4", "export": "-", "import_origin": "38.4", "import_consigment": "-"}, {"country": "Myanmar", "year": "2018", "timeperiod": "5", "export": "-", "import_origin": "30.0", "import_consigment": "-"}, {"country": "Myanmar", "year": "2018", "timeperiod": "6", "export": "6.7", "import_origin": "18.2", "import_consigment": "0.1"}, {"country": "Myanmar", "year": "2018", "timeperiod": "7", "export": "-", "import_origin": "103.5", "import_consigment": "-"}, {"country": "Myanmar", "year": "2018", "timeperiod": "8", "export": "-", "import_origin": "160.3", "import_consigment": "-"}, {"country": "Myanmar", "year": "2018", "timeperiod": "9", "export": "-", "import_origin": "221.0", "import_consigment": "-"}, {"country": "Myanmar", "year": "2018", "timeperiod": "10", "export": "-", "import_origin": "132.2", "import_consigment": "-"}, {"country": "Myanmar", "year": "2018", "timeperiod": "11", "export": "-", "import_origin": "108.1", "import_consigment": "-"}, {"country": "Myanmar", "year": "2018", "timeperiod": "12", "export": "-", "import_origin": "66.9", "import_consigment": "-"}, {"country": "Myanmar", "year": "2018", "timeperiod": "Year", "export": "6.7", "import_origin": "1142.0", "import_consigment": "0.1"}, {"country": "Myanmar", "year": "2017", "timeperiod": "1", "export": "-", "import_origin": "8.5", "import_consigment": "-"}, {"country": "Myanmar", "year": "2017", "timeperiod": "2", "export": "1.3", "import_origin": "28.5", "import_consigment": "-"}, {"country": "Myanmar", "year": "2017", "timeperiod": "3", "export": "-", "import_origin": "23.1", "import_consigment": "-"}, {"country": "Myanmar", "year": "2017", "timeperiod": "4", "export": "-", "import_origin": "25.8", "import_consigment": "-"}, {"country": "Myanmar", "year": "2017", "timeperiod": "5", "export": "-", "import_origin": "7.6", "import_consigment": "-"}, {"country": "Myanmar", "year": "2017", "timeperiod": "6", "export": "-", "import_origin": "9.1", "import_consigment": "-"}, {"country": "Myanmar", "year": "2017", "timeperiod": "7", "export": "-", "import_origin": "19.3", "import_consigment": "-"}]}