{"data": [{"country": "Italy", "year": "2021", "timeperiod": "11", "export": "6570.4", "import_origin": "16454.4", "import_consigment": "14241.6"}, {"country": "Italy", "year": "2021", "timeperiod": "12", "export": "6133.2", "import_origin": "19001.6", "import_consigment": "16058.6"}, {"country": "Italy", "year": "2021", "timeperiod": "Year", "export": "63509.0", "import_origin": "224270.0", "import_consigment": "195071.9"}, {"country": "Italy", "year": "2020", "timeperiod": "1", "export": "2063.8", "import_origin": "13183.0", "import_consigment": "11533.3"}, {"country": "Italy", "year": "2020", "timeperiod": "2", "export": "3899.7", "import_origin": "12838.0", "import_consigment": "11204.5"}, {"country": "Italy", "year": "2020", "timeperiod": "3", "export": "3537.1", "import_origin": "18232.8", "import_consigment": "15077.2"}, {"country": "Italy", "year": "2020", "timeperiod": "4", "export": "815.2", "import_origin": "13500.8", "import_consigment": "11033.9"}, {"country": "Italy", "year": "2020", "timeperiod": "5", "export": "3641.1", "import_origin": "13076.4", "import_consigment": "10547.1"}, {"country": "Italy", "year": "2020", "timeperiod": "6", "export": "2728.3", "import_origin": "18349.3", "import_consigment": "15837.9"}, {"country": "Italy", "year": "2020", "timeperiod": "7", "export": "3820.3", "import_origin": "14147.0", "import_consigment": "12871.1"}, {"country": "Italy", "year": "2020", "timeperiod": "8", "export": "4565.5", "import_origin": "21448.2", "import_consigment": "17494.9"}, {"country": "Italy", "year": "2020", "timeperiod": "9", "export": "4641.9", "import_origin": "14463.5", "import_consigment": "13056.3"}, {"country": "Italy", "year": "2020", "timeperiod": "10", "export": "4986.9", "import_origin": "21168.3", "import_consigment": "18599.4"}, {"country": "Italy", "year": "2020", "timeperiod": "11", "export": "2840.5", "import_origin": "13745.3", "import_consigment": "13292.2"}, {"country": "Italy", "year": "2020", "timeperiod": "12", "export": "3430.4", "import_origin": "16962.6", "import_consigment": "15577.7"}, {"country": "Italy", "year": "2020", "timeperiod": "Year", "export": "40970.5", "import_origin": "191115.4", "import_consigment": "166125.6"}, {"country": "Italy", "year": "2019", "timeperiod": "1", "export": "1945.8", "import_origin": "9616.4", "import_consigment": "8419.7"}, {"country": "Italy", "year": "2019", "timeperiod": "2", "export": "3252.4", "import_origin": "16848.9", "import_consigment": "14644.0"}, {"country": "Italy", "year": "2019", "timeperiod": "3", "export": "6729.4", "import_origin": "19140.2", "import_consigment": "17320.4"}, {"country": "Italy", "year": "2019", "timeperiod": "4", "export": "4520.0", "import_origin": "17596.5", "import_consigment": "16453.8"}, {"country": "Italy", "year": "2019", "timeperiod": "5", "export": "6360.1", "import_origin": "23186.9", "import_consigment": "20763.8"}, {"country": "Italy", "year": "2019", "timeperiod": "6", "export": "5479.5", "import_origin": "15713.8", "import_consigment": "14229.7"}, {"country": "Italy", "year": "2019", "timeperiod": "7", "export": "5828.6", "import_origin": "21953.7", "import_consigment": "20079.2"}, {"country": "Italy", "year": "2019", "timeperiod": "8", "export": "6863.7", "import_origin": "15141.7", "import_consigment": "12888.7"}, {"country": "Italy", "year": "2019", "timeperiod": "9", "export": "5507.0", "import_origin": "10045.7", "import_consigment": "8651.9"}]}