{"data": [{"country": "Uruguay", "year": "2019", "timeperiod": "3", "export": "0.2", "import_origin": "-", "import_consigment": "-"}, {"country": "Uruguay", "year": "2019", "timeperiod": "4", "export": "-", "import_origin": "0.1", "import_consigment": "-"}, {"country": "Uruguay", "year": "2019", "timeperiod": "5", "export": "10.1", "import_origin": "0.4", "import_consigment": "0.4"}, {"country": "Uruguay", "year": "2019", "timeperiod": "10", "export": "-", "import_origin": "0.8", "import_consigment": "1.6"}, {"country": "Uruguay", "year": "2019", "timeperiod": "11", "export": "-", "import_origin": "0.1", "import_consigment": "-"}, {"country": "Uruguay", "year": "2019", "timeperiod": "12", "export": "10.1", "import_origin": "-", "import_consigment": "-"}, {"country": "Uruguay", "year": "2019", "timeperiod": "Year", "export": "20.4", "import_origin": "1.4", "import_consigment": "2.0"}, {"country": "Uruguay", "year": "2018", "timeperiod": "1", "export": "1.8", "import_origin": "0.2", "import_consigment": "-"}, {"country": "Uruguay", "year": "2018", "timeperiod": "4", "export": "-", "import_origin": "0.2", "import_consigment": "-"}, {"country": "Uruguay", "year": "2018", "timeperiod": "6", "export": "-", "import_origin": "0.4", "import_consigment": "-"}, {"country": "Uruguay", "year": "2018", "timeperiod": "7", "export": "-", "import_origin": "-", "import_consigment": "-"}, {"country": "Uruguay", "year": "2018", "timeperiod": "8", "export": "-", "import_origin": "0.3", "import_consigment": "-"}, {"country": "Uruguay", "year": "2018", "timeperiod": "9", "export": "-", "import_origin": "0.5", "import_consigment": "-"}, {"country": "Uruguay", "year": "2018", "timeperiod": "10", "export": "10.1", "import_origin": "4.5", "import_consigment": "4.5"}, {"country": "Uruguay", "year": "2018", "timeperiod": "Year", "export": "11.9", "import_origin": "6.1", "import_consigment": "4.5"}, {"country": "Uruguay", "year": "2017", "timeperiod": "3", "export": "-", "import_origin": "0.2", "import_consigment": "-"}, {"country": "Uruguay", "year": "2017", "timeperiod": "5", "export": "-", "import_origin": "0.3", "import_consigment": "-"}, {"country": "Uruguay", "year": "2017", "timeperiod": "6", "export": "-", "import_origin": "8.0", "import_consigment": "8.0"}, {"country": "Uruguay", "year": "2017", "timeperiod": "7", "export": "-", "import_origin": "0.1", "import_consigment": "0.1"}, {"country": "Uruguay", "year": "2017", "timeperiod": "8", "export": "-", "import_origin": "0.3", "import_consigment": "-"}, {"country": "Uruguay", "year": "2017", "timeperiod": "9", "export": "-", "import_origin": "0.6", "import_consigment": "-"}, {"country": "Uruguay", "year": "2017", "timeperiod": "11", "export": "-", "import_origin": "0.2", "import_consigment": "-"}, {"country": "Uruguay", "year": "2017", "timeperiod": "12", "export": "10.3", "import_origin": "-", "import_consigment": "-"}, {"country": "Uruguay", "year": "2017", "timeperiod": "Year", "export": "10.3", "import_origin": "9.7", "import_consigment": "8.1"}, {"country": "Uzbekistan", "year": "2023", "timeperiod": "1", "export": "173.0", "import_origin": "1230.2", "import_consigment": "1063.9"}]}