{"data": [{"country": "Luxembourg", "year": "2017", "timeperiod": "2", "export": "165.5", "import_origin": "8.4", "import_consigment": "2.6"}, {"country": "Luxembourg", "year": "2017", "timeperiod": "3", "export": "60.7", "import_origin": "91.4", "import_consigment": "46.7"}, {"country": "Luxembourg", "year": "2017", "timeperiod": "4", "export": "478.4", "import_origin": "19.5", "import_consigment": "43.1"}, {"country": "Luxembourg", "year": "2017", "timeperiod": "5", "export": "65.6", "import_origin": "98.6", "import_consigment": "9.3"}, {"country": "Luxembourg", "year": "2017", "timeperiod": "6", "export": "-", "import_origin": "37.4", "import_consigment": "106.4"}, {"country": "Luxembourg", "year": "2017", "timeperiod": "7", "export": "93.3", "import_origin": "33.7", "import_consigment": "423.8"}, {"country": "Luxembourg", "year": "2017", "timeperiod": "8", "export": "93.8", "import_origin": "118.1", "import_consigment": "200.8"}, {"country": "Luxembourg", "year": "2017", "timeperiod": "9", "export": "55.0", "import_origin": "144.5", "import_consigment": "108.2"}, {"country": "Luxembourg", "year": "2017", "timeperiod": "10", "export": "201.8", "import_origin": "26.2", "import_consigment": "-"}, {"country": "Luxembourg", "year": "2017", "timeperiod": "11", "export": "25.0", "import_origin": "24.5", "import_consigment": "276.6"}, {"country": "Luxembourg", "year": "2017", "timeperiod": "12", "export": "33.1", "import_origin": "38.6", "import_consigment": "2.3"}, {"country": "Luxembourg", "year": "2017", "timeperiod": "Year", "export": "1272.2", "import_origin": "715.2", "import_consigment": "1228.7"}, {"country": "Macao", "year": "2022", "timeperiod": "2", "export": "-", "import_origin": "0.2", "import_consigment": "-"}, {"country": "Macao", "year": "2022", "timeperiod": "3", "export": "-", "import_origin": "1.4", "import_consigment": "-"}, {"country": "Macao", "year": "2022", "timeperiod": "4", "export": "-", "import_origin": "1.9", "import_consigment": "-"}, {"country": "Macao", "year": "2022", "timeperiod": "5", "export": "-", "import_origin": "0.2", "import_consigment": "-"}, {"country": "Macao", "year": "2022", "timeperiod": "8", "export": "-", "import_origin": "7.0", "import_consigment": "-"}, {"country": "Macao", "year": "2022", "timeperiod": "9", "export": "-", "import_origin": "-", "import_consigment": "-"}, {"country": "Macao", "year": "2022", "timeperiod": "11", "export": "-", "import_origin": "0.5", "import_consigment": "-"}, {"country": "Macao", "year": "2022", "timeperiod": "12", "export": "-", "import_origin": "0.9", "import_consigment": "-"}, {"country": "Macao", "year": "2022", "timeperiod": "Year", "export": "-", "import_origin": "12.1", "import_consigment": "-"}, {"country": "Macao", "year": "2021", "timeperiod": "4", "export": "-", "import_origin": "-", "import_consigment": "-"}, {"country": "Macao", "year": "2021", "timeperiod": "8", "export": "-", "import_origin": "0.3", "import_consigment": "-"}, {"country": "Macao", "year": "2021", "timeperiod": "12", "export": "-", "import_origin": "2.8", "import_consigment": "-"}, {"country": "Macao", "year": "2021", "timeperiod": "Year", "export": "-", "import_origin": "3.2", "import_consigment": "-"}]}