{"data": [{"country": "Malaysia", "year": "2019", "timeperiod": "8", "export": "-", "import_origin": "1093.4", "import_consigment": "194.2"}, {"country": "Malaysia", "year": "2019", "timeperiod": "9", "export": "41.8", "import_origin": "1096.4", "import_consigment": "313.9"}, {"country": "Malaysia", "year": "2019", "timeperiod": "10", "export": "289.0", "import_origin": "1952.3", "import_consigment": "359.0"}, {"country": "Malaysia", "year": "2019", "timeperiod": "11", "export": "55.5", "import_origin": "2276.6", "import_consigment": "591.9"}, {"country": "Malaysia", "year": "2019", "timeperiod": "12", "export": "-", "import_origin": "2455.8", "import_consigment": "589.6"}, {"country": "Malaysia", "year": "2019", "timeperiod": "Year", "export": "426.9", "import_origin": "18498.2", "import_consigment": "4810.4"}, {"country": "Malaysia", "year": "2018", "timeperiod": "1", "export": "-", "import_origin": "837.8", "import_consigment": "224.6"}, {"country": "Malaysia", "year": "2018", "timeperiod": "2", "export": "-", "import_origin": "660.8", "import_consigment": "314.4"}, {"country": "Malaysia", "year": "2018", "timeperiod": "3", "export": "2.8", "import_origin": "751.8", "import_consigment": "285.2"}, {"country": "Malaysia", "year": "2018", "timeperiod": "4", "export": "-", "import_origin": "932.1", "import_consigment": "334.3"}, {"country": "Malaysia", "year": "2018", "timeperiod": "5", "export": "3.8", "import_origin": "1152.5", "import_consigment": "626.0"}, {"country": "Malaysia", "year": "2018", "timeperiod": "6", "export": "-", "import_origin": "1215.2", "import_consigment": "359.4"}, {"country": "Malaysia", "year": "2018", "timeperiod": "7", "export": "-", "import_origin": "1152.8", "import_consigment": "249.4"}, {"country": "Malaysia", "year": "2018", "timeperiod": "8", "export": "3.2", "import_origin": "767.1", "import_consigment": "117.6"}, {"country": "Malaysia", "year": "2018", "timeperiod": "9", "export": "-", "import_origin": "1464.1", "import_consigment": "523.7"}, {"country": "Malaysia", "year": "2018", "timeperiod": "10", "export": "-", "import_origin": "1874.8", "import_consigment": "348.2"}, {"country": "Malaysia", "year": "2018", "timeperiod": "11", "export": "-", "import_origin": "2091.2", "import_consigment": "381.2"}, {"country": "Malaysia", "year": "2018", "timeperiod": "12", "export": "-", "import_origin": "2055.8", "import_consigment": "221.1"}, {"country": "Malaysia", "year": "2018", "timeperiod": "Year", "export": "9.8", "import_origin": "14956.1", "import_consigment": "3985.0"}, {"country": "Malaysia", "year": "2017", "timeperiod": "1", "export": "-", "import_origin": "1621.6", "import_consigment": "799.9"}, {"country": "Malaysia", "year": "2017", "timeperiod": "2", "export": "2.8", "import_origin": "1249.4", "import_consigment": "944.8"}, {"country": "Malaysia", "year": "2017", "timeperiod": "3", "export": "-", "import_origin": "897.8", "import_consigment": "39.7"}, {"country": "Malaysia", "year": "2017", "timeperiod": "4", "export": "-", "import_origin": "669.1", "import_consigment": "145.3"}, {"country": "Malaysia", "year": "2017", "timeperiod": "5", "export": "-", "import_origin": "624.3", "import_consigment": "153.6"}, {"country": "Malaysia", "year": "2017", "timeperiod": "6", "export": "-", "import_origin": "659.7", "import_consigment": "207.6"}]}