{"data": [{"country": "Turkey", "year": "2021", "timeperiod": "8", "export": "-", "import_origin": "8733.6", "import_consigment": "2071.0"}, {"country": "Turkey", "year": "2021", "timeperiod": "9", "export": "-", "import_origin": "5973.4", "import_consigment": "2118.4"}, {"country": "Turkey", "year": "2021", "timeperiod": "10", "export": "134.1", "import_origin": "8356.0", "import_consigment": "3367.4"}, {"country": "Turkey", "year": "2021", "timeperiod": "11", "export": "121.4", "import_origin": "7455.6", "import_consigment": "2428.0"}, {"country": "Turkey", "year": "2021", "timeperiod": "12", "export": "81.9", "import_origin": "8138.6", "import_consigment": "3503.4"}, {"country": "Turkey", "year": "2021", "timeperiod": "Year", "export": "442.8", "import_origin": "73010.9", "import_consigment": "32892.0"}, {"country": "Turkey", "year": "2020", "timeperiod": "1", "export": "139.2", "import_origin": "11872.6", "import_consigment": "4176.7"}, {"country": "Turkey", "year": "2020", "timeperiod": "2", "export": "27.0", "import_origin": "22496.5", "import_consigment": "12134.8"}, {"country": "Turkey", "year": "2020", "timeperiod": "3", "export": "139.1", "import_origin": "23256.4", "import_consigment": "11868.7"}, {"country": "Turkey", "year": "2020", "timeperiod": "4", "export": "-", "import_origin": "8117.7", "import_consigment": "2559.2"}, {"country": "Turkey", "year": "2020", "timeperiod": "5", "export": "3.2", "import_origin": "13645.9", "import_consigment": "5977.2"}, {"country": "Turkey", "year": "2020", "timeperiod": "6", "export": "65.9", "import_origin": "21555.6", "import_consigment": "10057.1"}, {"country": "Turkey", "year": "2020", "timeperiod": "7", "export": "89.4", "import_origin": "20688.3", "import_consigment": "9416.3"}, {"country": "Turkey", "year": "2020", "timeperiod": "8", "export": "22.7", "import_origin": "19414.1", "import_consigment": "8974.7"}, {"country": "Turkey", "year": "2020", "timeperiod": "9", "export": "6.6", "import_origin": "22954.5", "import_consigment": "9447.1"}, {"country": "Turkey", "year": "2020", "timeperiod": "10", "export": "1.7", "import_origin": "15951.4", "import_consigment": "7035.4"}, {"country": "Turkey", "year": "2020", "timeperiod": "11", "export": "1.2", "import_origin": "14461.1", "import_consigment": "5456.8"}, {"country": "Turkey", "year": "2020", "timeperiod": "12", "export": "4.9", "import_origin": "37075.5", "import_consigment": "12010.0"}, {"country": "Turkey", "year": "2020", "timeperiod": "Year", "export": "500.7", "import_origin": "231489.7", "import_consigment": "99114.0"}, {"country": "Turkey", "year": "2019", "timeperiod": "1", "export": "75.4", "import_origin": "10422.8", "import_consigment": "4942.1"}, {"country": "Turkey", "year": "2019", "timeperiod": "2", "export": "272.9", "import_origin": "22419.3", "import_consigment": "12788.4"}, {"country": "Turkey", "year": "2019", "timeperiod": "3", "export": "101.6", "import_origin": "22920.0", "import_consigment": "12684.3"}, {"country": "Turkey", "year": "2019", "timeperiod": "4", "export": "428.5", "import_origin": "19409.5", "import_consigment": "10770.5"}, {"country": "Turkey", "year": "2019", "timeperiod": "5", "export": "215.7", "import_origin": "23309.2", "import_consigment": "14009.0"}, {"country": "Turkey", "year": "2019", "timeperiod": "6", "export": "259.3", "import_origin": "17047.8", "import_consigment": "10063.6"}]}