{"data": [{"country": "Kuwait", "year": "2021", "timeperiod": "12", "export": "414.9", "import_origin": "-", "import_consigment": "19.3"}, {"country": "Kuwait", "year": "2021", "timeperiod": "Year", "export": "6264.7", "import_origin": "3.7", "import_consigment": "48.0"}, {"country": "Kuwait", "year": "2020", "timeperiod": "1", "export": "82.1", "import_origin": "0.1", "import_consigment": "0.1"}, {"country": "Kuwait", "year": "2020", "timeperiod": "2", "export": "42.6", "import_origin": "-", "import_consigment": "9.0"}, {"country": "Kuwait", "year": "2020", "timeperiod": "3", "export": "64.6", "import_origin": "-", "import_consigment": "-"}, {"country": "Kuwait", "year": "2020", "timeperiod": "4", "export": "204.6", "import_origin": "-", "import_consigment": "0.1"}, {"country": "Kuwait", "year": "2020", "timeperiod": "5", "export": "500.8", "import_origin": "-", "import_consigment": "-"}, {"country": "Kuwait", "year": "2020", "timeperiod": "6", "export": "0.1", "import_origin": "108.7", "import_consigment": "108.7"}, {"country": "Kuwait", "year": "2020", "timeperiod": "7", "export": "743.8", "import_origin": "-", "import_consigment": "-"}, {"country": "Kuwait", "year": "2020", "timeperiod": "8", "export": "1013.3", "import_origin": "-", "import_consigment": "51.8"}, {"country": "Kuwait", "year": "2020", "timeperiod": "9", "export": "360.7", "import_origin": "0.1", "import_consigment": "-"}, {"country": "Kuwait", "year": "2020", "timeperiod": "10", "export": "0.1", "import_origin": "-", "import_consigment": "-"}, {"country": "Kuwait", "year": "2020", "timeperiod": "11", "export": "72.7", "import_origin": "0.1", "import_consigment": "-"}, {"country": "Kuwait", "year": "2020", "timeperiod": "12", "export": "284.5", "import_origin": "7.4", "import_consigment": "19.7"}, {"country": "Kuwait", "year": "2020", "timeperiod": "Year", "export": "3369.9", "import_origin": "116.4", "import_consigment": "189.4"}, {"country": "Kuwait", "year": "2019", "timeperiod": "1", "export": "6.7", "import_origin": "-", "import_consigment": "24.5"}, {"country": "Kuwait", "year": "2019", "timeperiod": "2", "export": "-", "import_origin": "1.8", "import_consigment": "1.8"}, {"country": "Kuwait", "year": "2019", "timeperiod": "3", "export": "0.9", "import_origin": "-", "import_consigment": "-"}, {"country": "Kuwait", "year": "2019", "timeperiod": "4", "export": "3.3", "import_origin": "0.6", "import_consigment": "36.6"}, {"country": "Kuwait", "year": "2019", "timeperiod": "5", "export": "68.5", "import_origin": "106.9", "import_consigment": "126.9"}, {"country": "Kuwait", "year": "2019", "timeperiod": "6", "export": "82.3", "import_origin": "2.4", "import_consigment": "32.8"}, {"country": "Kuwait", "year": "2019", "timeperiod": "7", "export": "174.8", "import_origin": "-", "import_consigment": "42.1"}, {"country": "Kuwait", "year": "2019", "timeperiod": "8", "export": "162.3", "import_origin": "0.3", "import_consigment": "21.2"}, {"country": "Kuwait", "year": "2019", "timeperiod": "9", "export": "7.6", "import_origin": "-", "import_consigment": "78.0"}, {"country": "Kuwait", "year": "2019", "timeperiod": "10", "export": "19.5", "import_origin": "-", "import_consigment": "63.1"}]}