{"data": [{"country": "Bahrain", "year": "2022", "timeperiod": "11", "export": "4.0", "import_origin": "56.2", "import_consigment": "250.1"}, {"country": "Bahrain", "year": "2022", "timeperiod": "12", "export": "3.7", "import_origin": "0.7", "import_consigment": "0.4"}, {"country": "Bahrain", "year": "2022", "timeperiod": "Year", "export": "70.8", "import_origin": "90.5", "import_consigment": "276.9"}, {"country": "Bahrain", "year": "2021", "timeperiod": "1", "export": "-", "import_origin": "0.1", "import_consigment": "1.8"}, {"country": "Bahrain", "year": "2021", "timeperiod": "3", "export": "-", "import_origin": "0.3", "import_consigment": "-"}, {"country": "Bahrain", "year": "2021", "timeperiod": "4", "export": "-", "import_origin": "1.5", "import_consigment": "0.3"}, {"country": "Bahrain", "year": "2021", "timeperiod": "5", "export": "-", "import_origin": "1.5", "import_consigment": "-"}, {"country": "Bahrain", "year": "2021", "timeperiod": "7", "export": "-", "import_origin": "0.5", "import_consigment": "-"}, {"country": "Bahrain", "year": "2021", "timeperiod": "8", "export": "-", "import_origin": "14.7", "import_consigment": "-"}, {"country": "Bahrain", "year": "2021", "timeperiod": "10", "export": "-", "import_origin": "0.8", "import_consigment": "-"}, {"country": "Bahrain", "year": "2021", "timeperiod": "12", "export": "0.1", "import_origin": "-", "import_consigment": "0.2"}, {"country": "Bahrain", "year": "2021", "timeperiod": "Year", "export": "0.1", "import_origin": "19.4", "import_consigment": "2.3"}, {"country": "Bahrain", "year": "2020", "timeperiod": "1", "export": "-", "import_origin": "-", "import_consigment": "0.2"}, {"country": "Bahrain", "year": "2020", "timeperiod": "2", "export": "6.0", "import_origin": "0.6", "import_consigment": "0.1"}, {"country": "Bahrain", "year": "2020", "timeperiod": "3", "export": "-", "import_origin": "0.3", "import_consigment": "0.2"}, {"country": "Bahrain", "year": "2020", "timeperiod": "4", "export": "-", "import_origin": "-", "import_consigment": "6.4"}, {"country": "Bahrain", "year": "2020", "timeperiod": "6", "export": "-", "import_origin": "0.4", "import_consigment": "9.3"}, {"country": "Bahrain", "year": "2020", "timeperiod": "7", "export": "-", "import_origin": "0.9", "import_consigment": "0.6"}, {"country": "Bahrain", "year": "2020", "timeperiod": "8", "export": "-", "import_origin": "0.3", "import_consigment": "0.3"}, {"country": "Bahrain", "year": "2020", "timeperiod": "9", "export": "24.3", "import_origin": "0.4", "import_consigment": "-"}, {"country": "Bahrain", "year": "2020", "timeperiod": "10", "export": "24.2", "import_origin": "1.6", "import_consigment": "24.3"}, {"country": "Bahrain", "year": "2020", "timeperiod": "11", "export": "-", "import_origin": "0.5", "import_consigment": "-"}, {"country": "Bahrain", "year": "2020", "timeperiod": "12", "export": "42.0", "import_origin": "2.6", "import_consigment": "0.4"}, {"country": "Bahrain", "year": "2020", "timeperiod": "Year", "export": "96.5", "import_origin": "7.5", "import_consigment": "41.7"}, {"country": "Bahrain", "year": "2019", "timeperiod": "3", "export": "-", "import_origin": "0.3", "import_consigment": "-"}]}