{"data": [{"country": "South Africa", "year": "2019", "timeperiod": "2", "export": "1.0", "import_origin": "335.4", "import_consigment": "188.4"}, {"country": "South Africa", "year": "2019", "timeperiod": "3", "export": "-", "import_origin": "387.5", "import_consigment": "1.9"}, {"country": "South Africa", "year": "2019", "timeperiod": "4", "export": "-", "import_origin": "74.1", "import_consigment": "8.2"}, {"country": "South Africa", "year": "2019", "timeperiod": "5", "export": "2.0", "import_origin": "429.1", "import_consigment": "323.7"}, {"country": "South Africa", "year": "2019", "timeperiod": "6", "export": "-", "import_origin": "252.1", "import_consigment": "131.8"}, {"country": "South Africa", "year": "2019", "timeperiod": "7", "export": "-", "import_origin": "373.1", "import_consigment": "212.4"}, {"country": "South Africa", "year": "2019", "timeperiod": "8", "export": "-", "import_origin": "112.9", "import_consigment": "21.8"}, {"country": "South Africa", "year": "2019", "timeperiod": "9", "export": "6.4", "import_origin": "741.5", "import_consigment": "581.8"}, {"country": "South Africa", "year": "2019", "timeperiod": "10", "export": "3.9", "import_origin": "675.9", "import_consigment": "350.9"}, {"country": "South Africa", "year": "2019", "timeperiod": "11", "export": "-", "import_origin": "2640.8", "import_consigment": "2487.2"}, {"country": "South Africa", "year": "2019", "timeperiod": "12", "export": "-", "import_origin": "2507.0", "import_consigment": "2225.6"}, {"country": "South Africa", "year": "2019", "timeperiod": "Year", "export": "18.1", "import_origin": "9020.2", "import_consigment": "7070.1"}, {"country": "South Africa", "year": "2018", "timeperiod": "1", "export": "-", "import_origin": "245.1", "import_consigment": "64.5"}, {"country": "South Africa", "year": "2018", "timeperiod": "2", "export": "7.4", "import_origin": "2351.1", "import_consigment": "2765.2"}, {"country": "South Africa", "year": "2018", "timeperiod": "3", "export": "-", "import_origin": "936.6", "import_consigment": "489.5"}, {"country": "South Africa", "year": "2018", "timeperiod": "4", "export": "-", "import_origin": "1136.1", "import_consigment": "671.5"}, {"country": "South Africa", "year": "2018", "timeperiod": "5", "export": "0.4", "import_origin": "209.6", "import_consigment": "130.1"}, {"country": "South Africa", "year": "2018", "timeperiod": "6", "export": "1.0", "import_origin": "148.0", "import_consigment": "61.1"}, {"country": "South Africa", "year": "2018", "timeperiod": "7", "export": "2.6", "import_origin": "121.8", "import_consigment": "11.2"}, {"country": "South Africa", "year": "2018", "timeperiod": "8", "export": "-", "import_origin": "754.8", "import_consigment": "181.6"}, {"country": "South Africa", "year": "2018", "timeperiod": "9", "export": "1.0", "import_origin": "465.4", "import_consigment": "431.6"}, {"country": "South Africa", "year": "2018", "timeperiod": "10", "export": "3.3", "import_origin": "231.2", "import_consigment": "29.4"}, {"country": "South Africa", "year": "2018", "timeperiod": "11", "export": "9.7", "import_origin": "2855.4", "import_consigment": "2791.1"}, {"country": "South Africa", "year": "2018", "timeperiod": "12", "export": "-", "import_origin": "3048.8", "import_consigment": "2811.4"}, {"country": "South Africa", "year": "2018", "timeperiod": "Year", "export": "25.4", "import_origin": "12503.8", "import_consigment": "10438.4"}]}