{"data": [{"country": "Ethiopia", "year": "2021", "timeperiod": "7", "export": "-", "import_origin": "0.3", "import_consigment": "-"}, {"country": "Ethiopia", "year": "2021", "timeperiod": "8", "export": "-", "import_origin": "55.6", "import_consigment": "-"}, {"country": "Ethiopia", "year": "2021", "timeperiod": "9", "export": "-", "import_origin": "143.0", "import_consigment": "64.8"}, {"country": "Ethiopia", "year": "2021", "timeperiod": "10", "export": "-", "import_origin": "19.0", "import_consigment": "-"}, {"country": "Ethiopia", "year": "2021", "timeperiod": "11", "export": "-", "import_origin": "79.7", "import_consigment": "75.8"}, {"country": "Ethiopia", "year": "2021", "timeperiod": "12", "export": "-", "import_origin": "86.0", "import_consigment": "-"}, {"country": "Ethiopia", "year": "2021", "timeperiod": "Year", "export": "-", "import_origin": "586.9", "import_consigment": "192.9"}, {"country": "Ethiopia", "year": "2020", "timeperiod": "1", "export": "-", "import_origin": "44.2", "import_consigment": "44.1"}, {"country": "Ethiopia", "year": "2020", "timeperiod": "2", "export": "-", "import_origin": "19.3", "import_consigment": "-"}, {"country": "Ethiopia", "year": "2020", "timeperiod": "3", "export": "-", "import_origin": "0.8", "import_consigment": "-"}, {"country": "Ethiopia", "year": "2020", "timeperiod": "4", "export": "-", "import_origin": "92.6", "import_consigment": "-"}, {"country": "Ethiopia", "year": "2020", "timeperiod": "5", "export": "-", "import_origin": "3.5", "import_consigment": "-"}, {"country": "Ethiopia", "year": "2020", "timeperiod": "6", "export": "-", "import_origin": "39.7", "import_consigment": "-"}, {"country": "Ethiopia", "year": "2020", "timeperiod": "7", "export": "-", "import_origin": "46.4", "import_consigment": "45.7"}, {"country": "Ethiopia", "year": "2020", "timeperiod": "9", "export": "-", "import_origin": "24.4", "import_consigment": "-"}, {"country": "Ethiopia", "year": "2020", "timeperiod": "10", "export": "-", "import_origin": "139.5", "import_consigment": "46.1"}, {"country": "Ethiopia", "year": "2020", "timeperiod": "11", "export": "281.5", "import_origin": "12.5", "import_consigment": "12.4"}, {"country": "Ethiopia", "year": "2020", "timeperiod": "12", "export": "11.5", "import_origin": "30.1", "import_consigment": "-"}, {"country": "Ethiopia", "year": "2020", "timeperiod": "Year", "export": "293.1", "import_origin": "452.9", "import_consigment": "148.3"}, {"country": "Ethiopia", "year": "2019", "timeperiod": "1", "export": "-", "import_origin": "67.6", "import_consigment": "54.0"}, {"country": "Ethiopia", "year": "2019", "timeperiod": "2", "export": "-", "import_origin": "0.5", "import_consigment": "-"}, {"country": "Ethiopia", "year": "2019", "timeperiod": "3", "export": "-", "import_origin": "41.3", "import_consigment": "30.1"}, {"country": "Ethiopia", "year": "2019", "timeperiod": "4", "export": "-", "import_origin": "19.7", "import_consigment": "-"}, {"country": "Ethiopia", "year": "2019", "timeperiod": "5", "export": "-", "import_origin": "119.5", "import_consigment": "103.6"}, {"country": "Ethiopia", "year": "2019", "timeperiod": "6", "export": "-", "import_origin": "9.3", "import_consigment": "-"}]}