{"data": [{"country": "Morocco", "year": "2017", "timeperiod": "11", "export": "-", "import_origin": "302.5", "import_consigment": "40.8"}, {"country": "Morocco", "year": "2017", "timeperiod": "12", "export": "-", "import_origin": "150.2", "import_consigment": "22.6"}, {"country": "Morocco", "year": "2017", "timeperiod": "Year", "export": "-", "import_origin": "2291.5", "import_consigment": "169.5"}, {"country": "Mozambique", "year": "2022", "timeperiod": "5", "export": "-", "import_origin": "0.3", "import_consigment": "-"}, {"country": "Mozambique", "year": "2022", "timeperiod": "6", "export": "109.8", "import_origin": "-", "import_consigment": "-"}, {"country": "Mozambique", "year": "2022", "timeperiod": "7", "export": "167.3", "import_origin": "-", "import_consigment": "-"}, {"country": "Mozambique", "year": "2022", "timeperiod": "12", "export": "-", "import_origin": "183.4", "import_consigment": "-"}, {"country": "Mozambique", "year": "2022", "timeperiod": "Year", "export": "277.1", "import_origin": "183.7", "import_consigment": "-"}, {"country": "Mozambique", "year": "2021", "timeperiod": "2", "export": "-", "import_origin": "9.6", "import_consigment": "-"}, {"country": "Mozambique", "year": "2021", "timeperiod": "9", "export": "-", "import_origin": "0.4", "import_consigment": "-"}, {"country": "Mozambique", "year": "2021", "timeperiod": "11", "export": "-", "import_origin": "0.2", "import_consigment": "-"}, {"country": "Mozambique", "year": "2021", "timeperiod": "12", "export": "-", "import_origin": "8.5", "import_consigment": "8.5"}, {"country": "Mozambique", "year": "2021", "timeperiod": "Year", "export": "-", "import_origin": "18.7", "import_consigment": "8.5"}, {"country": "Mozambique", "year": "2020", "timeperiod": "6", "export": "-", "import_origin": "0.9", "import_consigment": "-"}, {"country": "Mozambique", "year": "2020", "timeperiod": "Year", "export": "-", "import_origin": "0.9", "import_consigment": "-"}, {"country": "Mozambique", "year": "2019", "timeperiod": "3", "export": "-", "import_origin": "-", "import_consigment": "-"}, {"country": "Mozambique", "year": "2019", "timeperiod": "6", "export": "-", "import_origin": "-", "import_consigment": "-"}, {"country": "Mozambique", "year": "2019", "timeperiod": "Year", "export": "-", "import_origin": "-", "import_consigment": "-"}, {"country": "Mozambique", "year": "2018", "timeperiod": "1", "export": "-", "import_origin": "0.1", "import_consigment": "-"}, {"country": "Mozambique", "year": "2018", "timeperiod": "12", "export": "-", "import_origin": "0.3", "import_consigment": "-"}, {"country": "Mozambique", "year": "2018", "timeperiod": "Year", "export": "-", "import_origin": "0.4", "import_consigment": "-"}, {"country": "Mozambique", "year": "2017", "timeperiod": "11", "export": "1.4", "import_origin": "-", "import_consigment": "-"}, {"country": "Mozambique", "year": "2017", "timeperiod": "Year", "export": "1.4", "import_origin": "-", "import_consigment": "-"}, {"country": "Oman", "year": "2023", "timeperiod": "1", "export": "-", "import_origin": "39.3", "import_consigment": "39.2"}, {"country": "Oman", "year": "2023", "timeperiod": "Year", "export": "-", "import_origin": "39.3", "import_consigment": "39.2"}]}