{"data": [{"country": "Singapore", "year": "2018", "timeperiod": "1", "export": "153.6", "import_origin": "66.0", "import_consigment": "283.9"}, {"country": "Singapore", "year": "2018", "timeperiod": "2", "export": "123.2", "import_origin": "101.4", "import_consigment": "115.3"}, {"country": "Singapore", "year": "2018", "timeperiod": "3", "export": "61.4", "import_origin": "49.0", "import_consigment": "39.0"}, {"country": "Singapore", "year": "2018", "timeperiod": "4", "export": "62.0", "import_origin": "171.8", "import_consigment": "129.2"}, {"country": "Singapore", "year": "2018", "timeperiod": "5", "export": "152.0", "import_origin": "37.4", "import_consigment": "215.1"}, {"country": "Singapore", "year": "2018", "timeperiod": "6", "export": "-", "import_origin": "147.0", "import_consigment": "180.0"}, {"country": "Singapore", "year": "2018", "timeperiod": "7", "export": "51.9", "import_origin": "85.1", "import_consigment": "95.8"}, {"country": "Singapore", "year": "2018", "timeperiod": "8", "export": "35.6", "import_origin": "134.6", "import_consigment": "42.1"}, {"country": "Singapore", "year": "2018", "timeperiod": "9", "export": "12.8", "import_origin": "209.9", "import_consigment": "172.4"}, {"country": "Singapore", "year": "2018", "timeperiod": "10", "export": "11.1", "import_origin": "153.2", "import_consigment": "76.6"}, {"country": "Singapore", "year": "2018", "timeperiod": "11", "export": "-", "import_origin": "192.5", "import_consigment": "546.0"}, {"country": "Singapore", "year": "2018", "timeperiod": "12", "export": "15.7", "import_origin": "180.3", "import_consigment": "209.7"}, {"country": "Singapore", "year": "2018", "timeperiod": "Year", "export": "679.2", "import_origin": "1528.1", "import_consigment": "2105.2"}, {"country": "Singapore", "year": "2017", "timeperiod": "1", "export": "265.9", "import_origin": "173.6", "import_consigment": "49.3"}, {"country": "Singapore", "year": "2017", "timeperiod": "2", "export": "184.5", "import_origin": "52.2", "import_consigment": "8.2"}, {"country": "Singapore", "year": "2017", "timeperiod": "3", "export": "-", "import_origin": "148.3", "import_consigment": "26.3"}, {"country": "Singapore", "year": "2017", "timeperiod": "4", "export": "-", "import_origin": "83.4", "import_consigment": "94.5"}, {"country": "Singapore", "year": "2017", "timeperiod": "5", "export": "123.1", "import_origin": "1511.6", "import_consigment": "110.4"}, {"country": "Singapore", "year": "2017", "timeperiod": "6", "export": "-", "import_origin": "163.3", "import_consigment": "189.6"}, {"country": "Singapore", "year": "2017", "timeperiod": "7", "export": "96.1", "import_origin": "67.5", "import_consigment": "95.9"}, {"country": "Singapore", "year": "2017", "timeperiod": "8", "export": "175.6", "import_origin": "88.2", "import_consigment": "142.9"}, {"country": "Singapore", "year": "2017", "timeperiod": "9", "export": "12.8", "import_origin": "328.7", "import_consigment": "159.8"}, {"country": "Singapore", "year": "2017", "timeperiod": "10", "export": "345.7", "import_origin": "272.1", "import_consigment": "156.2"}, {"country": "Singapore", "year": "2017", "timeperiod": "11", "export": "91.5", "import_origin": "161.3", "import_consigment": "169.6"}, {"country": "Singapore", "year": "2017", "timeperiod": "12", "export": "130.0", "import_origin": "63.1", "import_consigment": "20.8"}]}