{"data": [{"country": "Ukraine", "year": "2020", "timeperiod": "5", "export": "1641.4", "import_origin": "6437.8", "import_consigment": "6577.8"}, {"country": "Ukraine", "year": "2020", "timeperiod": "6", "export": "2399.9", "import_origin": "8784.4", "import_consigment": "9422.1"}, {"country": "Ukraine", "year": "2020", "timeperiod": "7", "export": "1365.1", "import_origin": "9930.3", "import_consigment": "10359.2"}, {"country": "Ukraine", "year": "2020", "timeperiod": "8", "export": "1944.8", "import_origin": "8306.5", "import_consigment": "8773.8"}, {"country": "Ukraine", "year": "2020", "timeperiod": "9", "export": "2501.3", "import_origin": "8905.5", "import_consigment": "9320.3"}, {"country": "Ukraine", "year": "2020", "timeperiod": "10", "export": "3545.9", "import_origin": "14752.6", "import_consigment": "15050.7"}, {"country": "Ukraine", "year": "2020", "timeperiod": "11", "export": "2641.1", "import_origin": "10049.4", "import_consigment": "9608.4"}, {"country": "Ukraine", "year": "2020", "timeperiod": "12", "export": "4212.5", "import_origin": "12900.1", "import_consigment": "14309.9"}, {"country": "Ukraine", "year": "2020", "timeperiod": "Year", "export": "26438.4", "import_origin": "123772.5", "import_consigment": "128015.8"}, {"country": "Ukraine", "year": "2019", "timeperiod": "1", "export": "771.8", "import_origin": "4846.8", "import_consigment": "5254.5"}, {"country": "Ukraine", "year": "2019", "timeperiod": "2", "export": "1923.5", "import_origin": "8190.3", "import_consigment": "8639.3"}, {"country": "Ukraine", "year": "2019", "timeperiod": "3", "export": "1039.2", "import_origin": "9912.4", "import_consigment": "9954.4"}, {"country": "Ukraine", "year": "2019", "timeperiod": "4", "export": "974.5", "import_origin": "12130.8", "import_consigment": "12059.8"}, {"country": "Ukraine", "year": "2019", "timeperiod": "5", "export": "1879.0", "import_origin": "14201.0", "import_consigment": "14209.9"}, {"country": "Ukraine", "year": "2019", "timeperiod": "6", "export": "4055.1", "import_origin": "13139.5", "import_consigment": "13274.6"}, {"country": "Ukraine", "year": "2019", "timeperiod": "7", "export": "1337.8", "import_origin": "12036.7", "import_consigment": "12098.5"}, {"country": "Ukraine", "year": "2019", "timeperiod": "8", "export": "2359.4", "import_origin": "13100.6", "import_consigment": "13087.9"}, {"country": "Ukraine", "year": "2019", "timeperiod": "9", "export": "2046.3", "import_origin": "14569.7", "import_consigment": "14492.7"}, {"country": "Ukraine", "year": "2019", "timeperiod": "10", "export": "2460.3", "import_origin": "12724.3", "import_consigment": "13163.4"}, {"country": "Ukraine", "year": "2019", "timeperiod": "11", "export": "2624.0", "import_origin": "14084.9", "import_consigment": "14510.3"}, {"country": "Ukraine", "year": "2019", "timeperiod": "12", "export": "3145.4", "import_origin": "17214.4", "import_consigment": "17722.7"}, {"country": "Ukraine", "year": "2019", "timeperiod": "Year", "export": "24616.3", "import_origin": "146151.5", "import_consigment": "148468.0"}, {"country": "Ukraine", "year": "2018", "timeperiod": "1", "export": "732.6", "import_origin": "7581.1", "import_consigment": "7409.1"}, {"country": "Ukraine", "year": "2018", "timeperiod": "2", "export": "1190.7", "import_origin": "8083.4", "import_consigment": "8064.7"}, {"country": "Ukraine", "year": "2018", "timeperiod": "3", "export": "1493.2", "import_origin": "13955.0", "import_consigment": "14034.1"}]}