{"data": [{"country": "Laos", "year": "2017", "timeperiod": "7", "export": "-", "import_origin": "4.4", "import_consigment": "-"}, {"country": "Laos", "year": "2017", "timeperiod": "8", "export": "-", "import_origin": "12.8", "import_consigment": "-"}, {"country": "Laos", "year": "2017", "timeperiod": "9", "export": "-", "import_origin": "2.6", "import_consigment": "-"}, {"country": "Laos", "year": "2017", "timeperiod": "10", "export": "-", "import_origin": "2.3", "import_consigment": "-"}, {"country": "Laos", "year": "2017", "timeperiod": "11", "export": "-", "import_origin": "4.8", "import_consigment": "-"}, {"country": "Laos", "year": "2017", "timeperiod": "12", "export": "-", "import_origin": "1.0", "import_consigment": "-"}, {"country": "Laos", "year": "2017", "timeperiod": "Year", "export": "-", "import_origin": "30.4", "import_consigment": "-"}, {"country": "Lebanon", "year": "2023", "timeperiod": "1", "export": "-", "import_origin": "145.0", "import_consigment": "314.6"}, {"country": "Lebanon", "year": "2023", "timeperiod": "Year", "export": "-", "import_origin": "145.0", "import_consigment": "314.6"}, {"country": "Lebanon", "year": "2022", "timeperiod": "1", "export": "17.9", "import_origin": "19.8", "import_consigment": "26.0"}, {"country": "Lebanon", "year": "2022", "timeperiod": "2", "export": "-", "import_origin": "133.0", "import_consigment": "174.4"}, {"country": "Lebanon", "year": "2022", "timeperiod": "3", "export": "704.7", "import_origin": "98.5", "import_consigment": "574.3"}, {"country": "Lebanon", "year": "2022", "timeperiod": "4", "export": "1.4", "import_origin": "22.5", "import_consigment": "82.6"}, {"country": "Lebanon", "year": "2022", "timeperiod": "5", "export": "15.1", "import_origin": "142.5", "import_consigment": "162.5"}, {"country": "Lebanon", "year": "2022", "timeperiod": "6", "export": "681.0", "import_origin": "255.8", "import_consigment": "262.4"}, {"country": "Lebanon", "year": "2022", "timeperiod": "7", "export": "-", "import_origin": "75.8", "import_consigment": "225.5"}, {"country": "Lebanon", "year": "2022", "timeperiod": "8", "export": "62.3", "import_origin": "31.2", "import_consigment": "66.0"}, {"country": "Lebanon", "year": "2022", "timeperiod": "9", "export": "1.4", "import_origin": "71.9", "import_consigment": "126.6"}, {"country": "Lebanon", "year": "2022", "timeperiod": "10", "export": "34.0", "import_origin": "168.3", "import_consigment": "192.9"}, {"country": "Lebanon", "year": "2022", "timeperiod": "11", "export": "67.2", "import_origin": "225.6", "import_consigment": "217.8"}, {"country": "Lebanon", "year": "2022", "timeperiod": "12", "export": "0.7", "import_origin": "236.8", "import_consigment": "231.6"}, {"country": "Lebanon", "year": "2022", "timeperiod": "Year", "export": "1585.7", "import_origin": "1481.7", "import_consigment": "2342.6"}, {"country": "Lebanon", "year": "2021", "timeperiod": "1", "export": "47.8", "import_origin": "6.2", "import_consigment": "10.5"}, {"country": "Lebanon", "year": "2021", "timeperiod": "2", "export": "1.3", "import_origin": "18.7", "import_consigment": "21.4"}, {"country": "Lebanon", "year": "2021", "timeperiod": "3", "export": "8.0", "import_origin": "100.0", "import_consigment": "95.1"}]}