{"data": [{"country": "Indonesia", "year": "2023", "timeperiod": "1", "export": "3.2", "import_origin": "4485.1", "import_consigment": "3299.5"}, {"country": "Indonesia", "year": "2023", "timeperiod": "Year", "export": "3.2", "import_origin": "4485.1", "import_consigment": "3299.5"}, {"country": "Indonesia", "year": "2022", "timeperiod": "1", "export": "-", "import_origin": "2306.1", "import_consigment": "2084.3"}, {"country": "Indonesia", "year": "2022", "timeperiod": "2", "export": "-", "import_origin": "1176.0", "import_consigment": "869.3"}, {"country": "Indonesia", "year": "2022", "timeperiod": "3", "export": "-", "import_origin": "3102.0", "import_consigment": "2815.3"}, {"country": "Indonesia", "year": "2022", "timeperiod": "4", "export": "307.7", "import_origin": "3542.6", "import_consigment": "2896.9"}, {"country": "Indonesia", "year": "2022", "timeperiod": "5", "export": "0.9", "import_origin": "3304.4", "import_consigment": "2711.0"}, {"country": "Indonesia", "year": "2022", "timeperiod": "6", "export": "-", "import_origin": "4336.5", "import_consigment": "3957.8"}, {"country": "Indonesia", "year": "2022", "timeperiod": "7", "export": "-", "import_origin": "2867.8", "import_consigment": "2400.3"}, {"country": "Indonesia", "year": "2022", "timeperiod": "8", "export": "-", "import_origin": "3226.2", "import_consigment": "2376.6"}, {"country": "Indonesia", "year": "2022", "timeperiod": "9", "export": "0.5", "import_origin": "5332.9", "import_consigment": "4603.9"}, {"country": "Indonesia", "year": "2022", "timeperiod": "10", "export": "-", "import_origin": "3561.5", "import_consigment": "2914.9"}, {"country": "Indonesia", "year": "2022", "timeperiod": "11", "export": "-", "import_origin": "5038.1", "import_consigment": "3719.6"}, {"country": "Indonesia", "year": "2022", "timeperiod": "12", "export": "-", "import_origin": "4765.7", "import_consigment": "3306.2"}, {"country": "Indonesia", "year": "2022", "timeperiod": "Year", "export": "309.1", "import_origin": "42559.9", "import_consigment": "34656.1"}, {"country": "Indonesia", "year": "2021", "timeperiod": "1", "export": "1.2", "import_origin": "1466.9", "import_consigment": "1352.6"}, {"country": "Indonesia", "year": "2021", "timeperiod": "2", "export": "65.9", "import_origin": "2539.3", "import_consigment": "2271.2"}, {"country": "Indonesia", "year": "2021", "timeperiod": "3", "export": "-", "import_origin": "1533.1", "import_consigment": "1213.3"}, {"country": "Indonesia", "year": "2021", "timeperiod": "4", "export": "-", "import_origin": "2039.6", "import_consigment": "1724.3"}, {"country": "Indonesia", "year": "2021", "timeperiod": "5", "export": "-", "import_origin": "1536.2", "import_consigment": "1340.6"}, {"country": "Indonesia", "year": "2021", "timeperiod": "6", "export": "165.9", "import_origin": "2315.5", "import_consigment": "1966.7"}, {"country": "Indonesia", "year": "2021", "timeperiod": "7", "export": "567.0", "import_origin": "1792.7", "import_consigment": "1514.1"}, {"country": "Indonesia", "year": "2021", "timeperiod": "8", "export": "-", "import_origin": "1583.8", "import_consigment": "1315.6"}, {"country": "Indonesia", "year": "2021", "timeperiod": "9", "export": "-", "import_origin": "2722.0", "import_consigment": "2384.0"}, {"country": "Indonesia", "year": "2021", "timeperiod": "10", "export": "-", "import_origin": "3046.9", "import_consigment": "2555.1"}]}