{"data": [{"country": "Japan", "year": "2023", "timeperiod": "Year", "export": "77.5", "import_origin": "31129.0", "import_consigment": "6083.3"}, {"country": "Japan", "year": "2022", "timeperiod": "1", "export": "-", "import_origin": "5603.6", "import_consigment": "836.2"}, {"country": "Japan", "year": "2022", "timeperiod": "2", "export": "378.5", "import_origin": "5607.9", "import_consigment": "1151.9"}, {"country": "Japan", "year": "2022", "timeperiod": "3", "export": "14.4", "import_origin": "5561.0", "import_consigment": "374.0"}, {"country": "Japan", "year": "2022", "timeperiod": "4", "export": "573.4", "import_origin": "5938.1", "import_consigment": "446.7"}, {"country": "Japan", "year": "2022", "timeperiod": "5", "export": "57.8", "import_origin": "7961.2", "import_consigment": "648.5"}, {"country": "Japan", "year": "2022", "timeperiod": "6", "export": "492.9", "import_origin": "11806.7", "import_consigment": "1078.7"}, {"country": "Japan", "year": "2022", "timeperiod": "7", "export": "96.2", "import_origin": "18410.9", "import_consigment": "787.7"}, {"country": "Japan", "year": "2022", "timeperiod": "8", "export": "144.0", "import_origin": "17005.5", "import_consigment": "1386.8"}, {"country": "Japan", "year": "2022", "timeperiod": "9", "export": "406.9", "import_origin": "24879.6", "import_consigment": "647.5"}, {"country": "Japan", "year": "2022", "timeperiod": "10", "export": "295.4", "import_origin": "24311.5", "import_consigment": "1344.5"}, {"country": "Japan", "year": "2022", "timeperiod": "11", "export": "26.2", "import_origin": "31019.9", "import_consigment": "2000.0"}, {"country": "Japan", "year": "2022", "timeperiod": "12", "export": "455.7", "import_origin": "37212.9", "import_consigment": "923.4"}, {"country": "Japan", "year": "2022", "timeperiod": "Year", "export": "2941.4", "import_origin": "195318.9", "import_consigment": "11626.0"}, {"country": "Japan", "year": "2021", "timeperiod": "1", "export": "9.4", "import_origin": "1851.9", "import_consigment": "676.9"}, {"country": "Japan", "year": "2021", "timeperiod": "2", "export": "22.2", "import_origin": "1573.6", "import_consigment": "199.9"}, {"country": "Japan", "year": "2021", "timeperiod": "3", "export": "45.6", "import_origin": "2766.2", "import_consigment": "95.6"}, {"country": "Japan", "year": "2021", "timeperiod": "4", "export": "264.9", "import_origin": "4943.6", "import_consigment": "390.1"}, {"country": "Japan", "year": "2021", "timeperiod": "5", "export": "25.3", "import_origin": "4475.4", "import_consigment": "1211.0"}, {"country": "Japan", "year": "2021", "timeperiod": "6", "export": "519.0", "import_origin": "4995.7", "import_consigment": "498.8"}, {"country": "Japan", "year": "2021", "timeperiod": "7", "export": "343.2", "import_origin": "5084.7", "import_consigment": "1081.8"}, {"country": "Japan", "year": "2021", "timeperiod": "8", "export": "15.8", "import_origin": "5054.8", "import_consigment": "720.3"}, {"country": "Japan", "year": "2021", "timeperiod": "9", "export": "94.8", "import_origin": "5459.1", "import_consigment": "1594.8"}, {"country": "Japan", "year": "2021", "timeperiod": "10", "export": "66.4", "import_origin": "6103.2", "import_consigment": "747.8"}, {"country": "Japan", "year": "2021", "timeperiod": "11", "export": "9.6", "import_origin": "5511.3", "import_consigment": "949.6"}]}