{"data": [{"country": "Turks and Caicos Islands", "year": "2020", "timeperiod": "12", "export": "-", "import_origin": "-", "import_consigment": "-"}, {"country": "Turks and Caicos Islands", "year": "2020", "timeperiod": "Year", "export": "-", "import_origin": "14.5", "import_consigment": "-"}, {"country": "Turks and Caicos Islands", "year": "2019", "timeperiod": "2", "export": "-", "import_origin": "-", "import_consigment": "-"}, {"country": "Turks and Caicos Islands", "year": "2019", "timeperiod": "4", "export": "-", "import_origin": "-", "import_consigment": "-"}, {"country": "Turks and Caicos Islands", "year": "2019", "timeperiod": "6", "export": "-", "import_origin": "-", "import_consigment": "-"}, {"country": "Turks and Caicos Islands", "year": "2019", "timeperiod": "7", "export": "-", "import_origin": "-", "import_consigment": "-"}, {"country": "Turks and Caicos Islands", "year": "2019", "timeperiod": "8", "export": "-", "import_origin": "1.8", "import_consigment": "-"}, {"country": "Turks and Caicos Islands", "year": "2019", "timeperiod": "9", "export": "-", "import_origin": "0.7", "import_consigment": "-"}, {"country": "Turks and Caicos Islands", "year": "2019", "timeperiod": "10", "export": "-", "import_origin": "0.6", "import_consigment": "-"}, {"country": "Turks and Caicos Islands", "year": "2019", "timeperiod": "11", "export": "-", "import_origin": "0.8", "import_consigment": "-"}, {"country": "Turks and Caicos Islands", "year": "2019", "timeperiod": "12", "export": "-", "import_origin": "0.9", "import_consigment": "-"}, {"country": "Turks and Caicos Islands", "year": "2019", "timeperiod": "Year", "export": "-", "import_origin": "5.0", "import_consigment": "-"}, {"country": "Turks and Caicos Islands", "year": "2018", "timeperiod": "11", "export": "-", "import_origin": "-", "import_consigment": "-"}, {"country": "Turks and Caicos Islands", "year": "2018", "timeperiod": "Year", "export": "-", "import_origin": "-", "import_consigment": "-"}, {"country": "Turks and Caicos Islands", "year": "2017", "timeperiod": "6", "export": "-", "import_origin": "0.1", "import_consigment": "-"}, {"country": "Turks and Caicos Islands", "year": "2017", "timeperiod": "9", "export": "-", "import_origin": "-", "import_consigment": "-"}, {"country": "Turks and Caicos Islands", "year": "2017", "timeperiod": "Year", "export": "-", "import_origin": "0.2", "import_consigment": "-"}, {"country": "Tuvalu", "year": "2022", "timeperiod": "2", "export": "-", "import_origin": "0.3", "import_consigment": "-"}, {"country": "Tuvalu", "year": "2022", "timeperiod": "Year", "export": "-", "import_origin": "0.3", "import_consigment": "-"}, {"country": "Tuvalu", "year": "2019", "timeperiod": "4", "export": "-", "import_origin": "1.1", "import_consigment": "-"}, {"country": "Tuvalu", "year": "2019", "timeperiod": "Year", "export": "-", "import_origin": "1.1", "import_consigment": "-"}, {"country": "Uganda", "year": "2023", "timeperiod": "1", "export": "-", "import_origin": "100.2", "import_consigment": "92.4"}, {"country": "Uganda", "year": "2023", "timeperiod": "Year", "export": "-", "import_origin": "100.2", "import_consigment": "92.4"}, {"country": "Uganda", "year": "2022", "timeperiod": "1", "export": "-", "import_origin": "71.2", "import_consigment": "-"}, {"country": "Uganda", "year": "2022", "timeperiod": "2", "export": "0.1", "import_origin": "-", "import_consigment": "-"}]}