{"data": [{"country": "Bulgaria", "year": "2020", "timeperiod": "2", "export": "17129.6", "import_origin": "1523.6", "import_consigment": "2245.1"}, {"country": "Bulgaria", "year": "2020", "timeperiod": "3", "export": "7755.9", "import_origin": "1688.2", "import_consigment": "2218.5"}, {"country": "Bulgaria", "year": "2020", "timeperiod": "4", "export": "14326.6", "import_origin": "531.3", "import_consigment": "853.6"}, {"country": "Bulgaria", "year": "2020", "timeperiod": "5", "export": "9690.4", "import_origin": "1042.3", "import_consigment": "1134.5"}, {"country": "Bulgaria", "year": "2020", "timeperiod": "6", "export": "10439.7", "import_origin": "1446.8", "import_consigment": "2043.8"}, {"country": "Bulgaria", "year": "2020", "timeperiod": "7", "export": "14678.8", "import_origin": "2392.7", "import_consigment": "2452.2"}, {"country": "Bulgaria", "year": "2020", "timeperiod": "8", "export": "18975.1", "import_origin": "2172.5", "import_consigment": "2458.5"}, {"country": "Bulgaria", "year": "2020", "timeperiod": "9", "export": "11095.0", "import_origin": "1403.0", "import_consigment": "2342.4"}, {"country": "Bulgaria", "year": "2020", "timeperiod": "10", "export": "9369.7", "import_origin": "1043.2", "import_consigment": "1428.5"}, {"country": "Bulgaria", "year": "2020", "timeperiod": "11", "export": "3966.1", "import_origin": "3692.4", "import_consigment": "4198.9"}, {"country": "Bulgaria", "year": "2020", "timeperiod": "12", "export": "10964.4", "import_origin": "3353.6", "import_consigment": "3557.1"}, {"country": "Bulgaria", "year": "2020", "timeperiod": "Year", "export": "150799.8", "import_origin": "21192.2", "import_consigment": "26227.5"}, {"country": "Bulgaria", "year": "2019", "timeperiod": "1", "export": "15994.6", "import_origin": "5619.6", "import_consigment": "4984.7"}, {"country": "Bulgaria", "year": "2019", "timeperiod": "2", "export": "11611.2", "import_origin": "1762.4", "import_consigment": "1891.0"}, {"country": "Bulgaria", "year": "2019", "timeperiod": "3", "export": "13783.6", "import_origin": "2944.3", "import_consigment": "3234.7"}, {"country": "Bulgaria", "year": "2019", "timeperiod": "4", "export": "9514.9", "import_origin": "1773.0", "import_consigment": "2820.0"}, {"country": "Bulgaria", "year": "2019", "timeperiod": "5", "export": "16177.4", "import_origin": "2424.6", "import_consigment": "2060.6"}, {"country": "Bulgaria", "year": "2019", "timeperiod": "6", "export": "13509.3", "import_origin": "1087.3", "import_consigment": "1667.9"}, {"country": "Bulgaria", "year": "2019", "timeperiod": "7", "export": "24583.2", "import_origin": "1948.7", "import_consigment": "3522.2"}, {"country": "Bulgaria", "year": "2019", "timeperiod": "8", "export": "28462.8", "import_origin": "1728.6", "import_consigment": "1757.9"}, {"country": "Bulgaria", "year": "2019", "timeperiod": "9", "export": "30014.7", "import_origin": "3134.7", "import_consigment": "3354.9"}, {"country": "Bulgaria", "year": "2019", "timeperiod": "10", "export": "19923.6", "import_origin": "1263.5", "import_consigment": "1688.3"}, {"country": "Bulgaria", "year": "2019", "timeperiod": "11", "export": "17964.1", "import_origin": "2622.6", "import_consigment": "2749.5"}, {"country": "Bulgaria", "year": "2019", "timeperiod": "12", "export": "5873.2", "import_origin": "4532.5", "import_consigment": "5224.7"}, {"country": "Bulgaria", "year": "2019", "timeperiod": "Year", "export": "207412.6", "import_origin": "30841.8", "import_consigment": "34956.3"}]}