{"data": [{"country": "Kuwait", "year": "2019", "timeperiod": "11", "export": "7.8", "import_origin": "4.9", "import_consigment": "45.1"}, {"country": "Kuwait", "year": "2019", "timeperiod": "12", "export": "130.1", "import_origin": "-", "import_consigment": "37.2"}, {"country": "Kuwait", "year": "2019", "timeperiod": "Year", "export": "663.8", "import_origin": "116.8", "import_consigment": "509.4"}, {"country": "Kuwait", "year": "2018", "timeperiod": "1", "export": "-", "import_origin": "-", "import_consigment": "24.0"}, {"country": "Kuwait", "year": "2018", "timeperiod": "2", "export": "-", "import_origin": "0.4", "import_consigment": "4.2"}, {"country": "Kuwait", "year": "2018", "timeperiod": "3", "export": "59.3", "import_origin": "-", "import_consigment": "-"}, {"country": "Kuwait", "year": "2018", "timeperiod": "4", "export": "14.6", "import_origin": "2.3", "import_consigment": "1.7"}, {"country": "Kuwait", "year": "2018", "timeperiod": "5", "export": "-", "import_origin": "-", "import_consigment": "12.8"}, {"country": "Kuwait", "year": "2018", "timeperiod": "6", "export": "0.7", "import_origin": "-", "import_consigment": "-"}, {"country": "Kuwait", "year": "2018", "timeperiod": "7", "export": "-", "import_origin": "0.2", "import_consigment": "0.9"}, {"country": "Kuwait", "year": "2018", "timeperiod": "8", "export": "89.5", "import_origin": "-", "import_consigment": "35.0"}, {"country": "Kuwait", "year": "2018", "timeperiod": "9", "export": "-", "import_origin": "0.5", "import_consigment": "2.6"}, {"country": "Kuwait", "year": "2018", "timeperiod": "10", "export": "186.6", "import_origin": "125.1", "import_consigment": "145.0"}, {"country": "Kuwait", "year": "2018", "timeperiod": "11", "export": "-", "import_origin": "-", "import_consigment": "1.4"}, {"country": "Kuwait", "year": "2018", "timeperiod": "12", "export": "-", "import_origin": "2.3", "import_consigment": "2.3"}, {"country": "Kuwait", "year": "2018", "timeperiod": "Year", "export": "350.8", "import_origin": "130.8", "import_consigment": "229.7"}, {"country": "Kuwait", "year": "2017", "timeperiod": "1", "export": "82.4", "import_origin": "-", "import_consigment": "-"}, {"country": "Kuwait", "year": "2017", "timeperiod": "2", "export": "0.3", "import_origin": "1.5", "import_consigment": "-"}, {"country": "Kuwait", "year": "2017", "timeperiod": "3", "export": "35.1", "import_origin": "-", "import_consigment": "-"}, {"country": "Kuwait", "year": "2017", "timeperiod": "4", "export": "0.5", "import_origin": "-", "import_consigment": "-"}, {"country": "Kuwait", "year": "2017", "timeperiod": "5", "export": "0.2", "import_origin": "-", "import_consigment": "-"}, {"country": "Kuwait", "year": "2017", "timeperiod": "6", "export": "0.5", "import_origin": "-", "import_consigment": "-"}, {"country": "Kuwait", "year": "2017", "timeperiod": "7", "export": "0.9", "import_origin": "-", "import_consigment": "64.3"}, {"country": "Kuwait", "year": "2017", "timeperiod": "9", "export": "7.4", "import_origin": "-", "import_consigment": "1.2"}, {"country": "Kuwait", "year": "2017", "timeperiod": "10", "export": "0.6", "import_origin": "-", "import_consigment": "-"}]}