{"data": [{"country": "Colombia", "year": "2020", "timeperiod": "12", "export": "-", "import_origin": "3.2", "import_consigment": "-"}, {"country": "Colombia", "year": "2020", "timeperiod": "Year", "export": "-", "import_origin": "716.4", "import_consigment": "647.7"}, {"country": "Colombia", "year": "2019", "timeperiod": "1", "export": "-", "import_origin": "1.7", "import_consigment": "1.0"}, {"country": "Colombia", "year": "2019", "timeperiod": "2", "export": "-", "import_origin": "8.5", "import_consigment": "3.7"}, {"country": "Colombia", "year": "2019", "timeperiod": "3", "export": "-", "import_origin": "108.2", "import_consigment": "106.8"}, {"country": "Colombia", "year": "2019", "timeperiod": "4", "export": "-", "import_origin": "66.6", "import_consigment": "64.0"}, {"country": "Colombia", "year": "2019", "timeperiod": "5", "export": "-", "import_origin": "109.6", "import_consigment": "103.5"}, {"country": "Colombia", "year": "2019", "timeperiod": "6", "export": "-", "import_origin": "107.0", "import_consigment": "102.8"}, {"country": "Colombia", "year": "2019", "timeperiod": "7", "export": "-", "import_origin": "115.0", "import_consigment": "111.1"}, {"country": "Colombia", "year": "2019", "timeperiod": "8", "export": "-", "import_origin": "4.8", "import_consigment": "-"}, {"country": "Colombia", "year": "2019", "timeperiod": "9", "export": "19.7", "import_origin": "8.6", "import_consigment": "-"}, {"country": "Colombia", "year": "2019", "timeperiod": "10", "export": "-", "import_origin": "3.1", "import_consigment": "-"}, {"country": "Colombia", "year": "2019", "timeperiod": "11", "export": "-", "import_origin": "238.5", "import_consigment": "233.2"}, {"country": "Colombia", "year": "2019", "timeperiod": "12", "export": "-", "import_origin": "7.5", "import_consigment": "3.9"}, {"country": "Colombia", "year": "2019", "timeperiod": "Year", "export": "19.7", "import_origin": "778.9", "import_consigment": "730.0"}, {"country": "Colombia", "year": "2018", "timeperiod": "1", "export": "2.4", "import_origin": "579.5", "import_consigment": "136.0"}, {"country": "Colombia", "year": "2018", "timeperiod": "2", "export": "-", "import_origin": "71.2", "import_consigment": "70.1"}, {"country": "Colombia", "year": "2018", "timeperiod": "3", "export": "-", "import_origin": "6.0", "import_consigment": "1.1"}, {"country": "Colombia", "year": "2018", "timeperiod": "4", "export": "-", "import_origin": "189.1", "import_consigment": "170.1"}, {"country": "Colombia", "year": "2018", "timeperiod": "5", "export": "-", "import_origin": "3.4", "import_consigment": "0.4"}, {"country": "Colombia", "year": "2018", "timeperiod": "6", "export": "-", "import_origin": "9.7", "import_consigment": "-"}, {"country": "Colombia", "year": "2018", "timeperiod": "7", "export": "-", "import_origin": "6.5", "import_consigment": "-"}, {"country": "Colombia", "year": "2018", "timeperiod": "8", "export": "-", "import_origin": "155.9", "import_consigment": "155.2"}, {"country": "Colombia", "year": "2018", "timeperiod": "9", "export": "-", "import_origin": "4.2", "import_consigment": "-"}, {"country": "Colombia", "year": "2018", "timeperiod": "10", "export": "-", "import_origin": "1.0", "import_consigment": "-"}]}