{"data": [{"country": "Slovakia", "year": "2019", "timeperiod": "9", "export": "22.9", "import_origin": "328.6", "import_consigment": "210.7"}, {"country": "Slovakia", "year": "2019", "timeperiod": "10", "export": "31.8", "import_origin": "722.7", "import_consigment": "428.2"}, {"country": "Slovakia", "year": "2019", "timeperiod": "11", "export": "69.4", "import_origin": "1074.8", "import_consigment": "822.7"}, {"country": "Slovakia", "year": "2019", "timeperiod": "12", "export": "33.1", "import_origin": "920.6", "import_consigment": "888.8"}, {"country": "Slovakia", "year": "2019", "timeperiod": "Year", "export": "398.8", "import_origin": "8474.5", "import_consigment": "5038.0"}, {"country": "Slovakia", "year": "2018", "timeperiod": "1", "export": "42.3", "import_origin": "734.9", "import_consigment": "135.9"}, {"country": "Slovakia", "year": "2018", "timeperiod": "2", "export": "-", "import_origin": "740.7", "import_consigment": "553.8"}, {"country": "Slovakia", "year": "2018", "timeperiod": "3", "export": "35.1", "import_origin": "643.2", "import_consigment": "371.7"}, {"country": "Slovakia", "year": "2018", "timeperiod": "4", "export": "41.1", "import_origin": "489.0", "import_consigment": "393.5"}, {"country": "Slovakia", "year": "2018", "timeperiod": "5", "export": "46.6", "import_origin": "2178.9", "import_consigment": "1215.3"}, {"country": "Slovakia", "year": "2018", "timeperiod": "6", "export": "-", "import_origin": "608.8", "import_consigment": "159.3"}, {"country": "Slovakia", "year": "2018", "timeperiod": "7", "export": "15.7", "import_origin": "495.1", "import_consigment": "213.0"}, {"country": "Slovakia", "year": "2018", "timeperiod": "8", "export": "15.4", "import_origin": "447.3", "import_consigment": "419.1"}, {"country": "Slovakia", "year": "2018", "timeperiod": "9", "export": "-", "import_origin": "573.6", "import_consigment": "133.6"}, {"country": "Slovakia", "year": "2018", "timeperiod": "10", "export": "16.6", "import_origin": "466.8", "import_consigment": "2260.0"}, {"country": "Slovakia", "year": "2018", "timeperiod": "11", "export": "171.1", "import_origin": "1036.1", "import_consigment": "1734.7"}, {"country": "Slovakia", "year": "2018", "timeperiod": "12", "export": "15.3", "import_origin": "965.1", "import_consigment": "1601.3"}, {"country": "Slovakia", "year": "2018", "timeperiod": "Year", "export": "399.3", "import_origin": "9379.5", "import_consigment": "9191.0"}, {"country": "Slovakia", "year": "2017", "timeperiod": "1", "export": "1.6", "import_origin": "502.4", "import_consigment": "68.8"}, {"country": "Slovakia", "year": "2017", "timeperiod": "2", "export": "0.5", "import_origin": "263.0", "import_consigment": "54.0"}, {"country": "Slovakia", "year": "2017", "timeperiod": "3", "export": "-", "import_origin": "789.6", "import_consigment": "546.6"}, {"country": "Slovakia", "year": "2017", "timeperiod": "4", "export": "24.0", "import_origin": "477.3", "import_consigment": "78.6"}, {"country": "Slovakia", "year": "2017", "timeperiod": "5", "export": "-", "import_origin": "550.1", "import_consigment": "533.0"}, {"country": "Slovakia", "year": "2017", "timeperiod": "6", "export": "-", "import_origin": "674.3", "import_consigment": "492.6"}, {"country": "Slovakia", "year": "2017", "timeperiod": "7", "export": "15.5", "import_origin": "2026.3", "import_consigment": "1868.6"}]}