{"data": [{"country": "Belarus", "year": "2022", "timeperiod": "12", "export": "8199.8", "import_origin": "11242.6", "import_consigment": "12279.2"}, {"country": "Belarus", "year": "2022", "timeperiod": "Year", "export": "75193.7", "import_origin": "110581.0", "import_consigment": "119281.9"}, {"country": "Belarus", "year": "2021", "timeperiod": "1", "export": "791.5", "import_origin": "905.1", "import_consigment": "993.1"}, {"country": "Belarus", "year": "2021", "timeperiod": "2", "export": "1257.1", "import_origin": "2762.1", "import_consigment": "2916.5"}, {"country": "Belarus", "year": "2021", "timeperiod": "3", "export": "1338.1", "import_origin": "2408.0", "import_consigment": "2641.3"}, {"country": "Belarus", "year": "2021", "timeperiod": "4", "export": "1504.9", "import_origin": "4940.1", "import_consigment": "5933.6"}, {"country": "Belarus", "year": "2021", "timeperiod": "5", "export": "2211.9", "import_origin": "5100.5", "import_consigment": "5489.3"}, {"country": "Belarus", "year": "2021", "timeperiod": "6", "export": "1933.0", "import_origin": "4053.8", "import_consigment": "4542.1"}, {"country": "Belarus", "year": "2021", "timeperiod": "7", "export": "2411.1", "import_origin": "5586.3", "import_consigment": "6002.3"}, {"country": "Belarus", "year": "2021", "timeperiod": "8", "export": "2189.2", "import_origin": "5877.3", "import_consigment": "6291.7"}, {"country": "Belarus", "year": "2021", "timeperiod": "9", "export": "2242.8", "import_origin": "6629.2", "import_consigment": "7184.5"}, {"country": "Belarus", "year": "2021", "timeperiod": "10", "export": "3644.5", "import_origin": "7050.2", "import_consigment": "7599.0"}, {"country": "Belarus", "year": "2021", "timeperiod": "11", "export": "5227.4", "import_origin": "6665.3", "import_consigment": "7385.9"}, {"country": "Belarus", "year": "2021", "timeperiod": "12", "export": "3567.0", "import_origin": "5888.9", "import_consigment": "13044.1"}, {"country": "Belarus", "year": "2021", "timeperiod": "Year", "export": "28318.7", "import_origin": "57866.9", "import_consigment": "70023.4"}, {"country": "Belarus", "year": "2020", "timeperiod": "1", "export": "1090.4", "import_origin": "2546.6", "import_consigment": "2703.2"}, {"country": "Belarus", "year": "2020", "timeperiod": "2", "export": "1380.6", "import_origin": "2926.8", "import_consigment": "2626.7"}, {"country": "Belarus", "year": "2020", "timeperiod": "3", "export": "2186.2", "import_origin": "8598.7", "import_consigment": "8261.0"}, {"country": "Belarus", "year": "2020", "timeperiod": "4", "export": "1064.3", "import_origin": "3324.0", "import_consigment": "3176.3"}, {"country": "Belarus", "year": "2020", "timeperiod": "5", "export": "1309.8", "import_origin": "3381.7", "import_consigment": "3636.7"}, {"country": "Belarus", "year": "2020", "timeperiod": "6", "export": "1986.1", "import_origin": "3194.3", "import_consigment": "3043.5"}, {"country": "Belarus", "year": "2020", "timeperiod": "7", "export": "1367.7", "import_origin": "7971.5", "import_consigment": "8144.8"}, {"country": "Belarus", "year": "2020", "timeperiod": "8", "export": "1822.2", "import_origin": "8955.0", "import_consigment": "9372.2"}, {"country": "Belarus", "year": "2020", "timeperiod": "9", "export": "1015.6", "import_origin": "6412.0", "import_consigment": "6858.9"}, {"country": "Belarus", "year": "2020", "timeperiod": "10", "export": "2032.2", "import_origin": "3587.5", "import_consigment": "3782.2"}]}