{"data": [{"country": "Afghanistan", "year": "2020", "timeperiod": "5", "export": "-", "import_origin": "0.1", "import_consigment": "-"}, {"country": "Afghanistan", "year": "2020", "timeperiod": "7", "export": "573.4", "import_origin": "-", "import_consigment": "-"}, {"country": "Afghanistan", "year": "2020", "timeperiod": "8", "export": "210.6", "import_origin": "-", "import_consigment": "-"}, {"country": "Afghanistan", "year": "2020", "timeperiod": "9", "export": "196.6", "import_origin": "-", "import_consigment": "-"}, {"country": "Afghanistan", "year": "2020", "timeperiod": "10", "export": "1081.8", "import_origin": "-", "import_consigment": "-"}, {"country": "Afghanistan", "year": "2020", "timeperiod": "11", "export": "123.1", "import_origin": "-", "import_consigment": "-"}, {"country": "Afghanistan", "year": "2020", "timeperiod": "12", "export": "807.2", "import_origin": "-", "import_consigment": "-"}, {"country": "Afghanistan", "year": "2020", "timeperiod": "Year", "export": "3326.0", "import_origin": "0.3", "import_consigment": "0.2"}, {"country": "Afghanistan", "year": "2019", "timeperiod": "3", "export": "-", "import_origin": "1.3", "import_consigment": "-"}, {"country": "Afghanistan", "year": "2019", "timeperiod": "5", "export": "-", "import_origin": "1.4", "import_consigment": "-"}, {"country": "Afghanistan", "year": "2019", "timeperiod": "7", "export": "-", "import_origin": "0.5", "import_consigment": "-"}, {"country": "Afghanistan", "year": "2019", "timeperiod": "8", "export": "-", "import_origin": "2.1", "import_consigment": "-"}, {"country": "Afghanistan", "year": "2019", "timeperiod": "10", "export": "-", "import_origin": "1.3", "import_consigment": "-"}, {"country": "Afghanistan", "year": "2019", "timeperiod": "11", "export": "-", "import_origin": "0.3", "import_consigment": "-"}, {"country": "Afghanistan", "year": "2019", "timeperiod": "12", "export": "-", "import_origin": "0.3", "import_consigment": "-"}, {"country": "Afghanistan", "year": "2019", "timeperiod": "Year", "export": "-", "import_origin": "7.3", "import_consigment": "-"}, {"country": "Afghanistan", "year": "2018", "timeperiod": "2", "export": "17.5", "import_origin": "1.2", "import_consigment": "-"}, {"country": "Afghanistan", "year": "2018", "timeperiod": "3", "export": "-", "import_origin": "0.8", "import_consigment": "-"}, {"country": "Afghanistan", "year": "2018", "timeperiod": "6", "export": "-", "import_origin": "0.5", "import_consigment": "-"}, {"country": "Afghanistan", "year": "2018", "timeperiod": "8", "export": "-", "import_origin": "0.5", "import_consigment": "-"}, {"country": "Afghanistan", "year": "2018", "timeperiod": "10", "export": "-", "import_origin": "1.0", "import_consigment": "-"}, {"country": "Afghanistan", "year": "2018", "timeperiod": "11", "export": "-", "import_origin": "-", "import_consigment": "11.9"}, {"country": "Afghanistan", "year": "2018", "timeperiod": "12", "export": "-", "import_origin": "1.0", "import_consigment": "-"}, {"country": "Afghanistan", "year": "2018", "timeperiod": "Year", "export": "17.5", "import_origin": "4.9", "import_consigment": "11.9"}, {"country": "Afghanistan", "year": "2017", "timeperiod": "2", "export": "-", "import_origin": "0.2", "import_consigment": "-"}]}