{"data": [{"country": "Iran, Islamic Republic of", "year": "2017", "timeperiod": "4", "export": "4513.2", "import_origin": "12572.9", "import_consigment": "12777.4"}, {"country": "Iran, Islamic Republic of", "year": "2017", "timeperiod": "5", "export": "8322.8", "import_origin": "11393.5", "import_consigment": "11185.4"}, {"country": "Iran, Islamic Republic of", "year": "2017", "timeperiod": "6", "export": "8344.7", "import_origin": "16883.8", "import_consigment": "16591.0"}, {"country": "Iran, Islamic Republic of", "year": "2017", "timeperiod": "7", "export": "9996.4", "import_origin": "15222.9", "import_consigment": "15141.2"}, {"country": "Iran, Islamic Republic of", "year": "2017", "timeperiod": "8", "export": "10101.9", "import_origin": "23955.0", "import_consigment": "23397.9"}, {"country": "Iran, Islamic Republic of", "year": "2017", "timeperiod": "9", "export": "8035.3", "import_origin": "15920.2", "import_consigment": "15561.5"}, {"country": "Iran, Islamic Republic of", "year": "2017", "timeperiod": "10", "export": "4943.9", "import_origin": "13268.0", "import_consigment": "13051.8"}, {"country": "Iran, Islamic Republic of", "year": "2017", "timeperiod": "11", "export": "5965.5", "import_origin": "15314.9", "import_consigment": "14890.0"}, {"country": "Iran, Islamic Republic of", "year": "2017", "timeperiod": "12", "export": "10525.4", "import_origin": "15800.4", "import_consigment": "14583.6"}, {"country": "Iran, Islamic Republic of", "year": "2017", "timeperiod": "Year", "export": "84123.2", "import_origin": "174698.2", "import_consigment": "171772.2"}, {"country": "Iraq", "year": "2023", "timeperiod": "1", "export": "19563.5", "import_origin": "-", "import_consigment": "-"}, {"country": "Iraq", "year": "2023", "timeperiod": "Year", "export": "19563.5", "import_origin": "-", "import_consigment": "-"}, {"country": "Iraq", "year": "2022", "timeperiod": "1", "export": "15582.5", "import_origin": "41.3", "import_consigment": "41.7"}, {"country": "Iraq", "year": "2022", "timeperiod": "2", "export": "18831.4", "import_origin": "14.1", "import_consigment": "14.1"}, {"country": "Iraq", "year": "2022", "timeperiod": "3", "export": "17128.9", "import_origin": "47.2", "import_consigment": "31.3"}, {"country": "Iraq", "year": "2022", "timeperiod": "4", "export": "15037.7", "import_origin": "76.0", "import_consigment": "60.4"}, {"country": "Iraq", "year": "2022", "timeperiod": "5", "export": "21406.7", "import_origin": "72.6", "import_consigment": "72.6"}, {"country": "Iraq", "year": "2022", "timeperiod": "6", "export": "20050.4", "import_origin": "65.8", "import_consigment": "74.3"}, {"country": "Iraq", "year": "2022", "timeperiod": "7", "export": "20988.5", "import_origin": "11.7", "import_consigment": "11.7"}, {"country": "Iraq", "year": "2022", "timeperiod": "8", "export": "20822.1", "import_origin": "-", "import_consigment": "-"}, {"country": "Iraq", "year": "2022", "timeperiod": "9", "export": "18797.9", "import_origin": "35.2", "import_consigment": "35.2"}, {"country": "Iraq", "year": "2022", "timeperiod": "10", "export": "27326.2", "import_origin": "-", "import_consigment": "-"}, {"country": "Iraq", "year": "2022", "timeperiod": "11", "export": "29796.0", "import_origin": "-", "import_consigment": "16.1"}, {"country": "Iraq", "year": "2022", "timeperiod": "12", "export": "23941.9", "import_origin": "-", "import_consigment": "-"}, {"country": "Iraq", "year": "2022", "timeperiod": "Year", "export": "249710.2", "import_origin": "363.8", "import_consigment": "357.3"}]}