{"data": [{"country": "Norway", "year": "2020", "timeperiod": "6", "export": "-", "import_origin": "128.4", "import_consigment": "99.3"}, {"country": "Norway", "year": "2020", "timeperiod": "7", "export": "-", "import_origin": "162.1", "import_consigment": "161.3"}, {"country": "Norway", "year": "2020", "timeperiod": "8", "export": "-", "import_origin": "95.3", "import_consigment": "38.3"}, {"country": "Norway", "year": "2020", "timeperiod": "9", "export": "-", "import_origin": "51.6", "import_consigment": "37.0"}, {"country": "Norway", "year": "2020", "timeperiod": "10", "export": "4.3", "import_origin": "350.5", "import_consigment": "318.2"}, {"country": "Norway", "year": "2020", "timeperiod": "11", "export": "-", "import_origin": "305.8", "import_consigment": "288.5"}, {"country": "Norway", "year": "2020", "timeperiod": "12", "export": "0.5", "import_origin": "298.5", "import_consigment": "163.5"}, {"country": "Norway", "year": "2020", "timeperiod": "Year", "export": "6.7", "import_origin": "2589.0", "import_consigment": "2180.7"}, {"country": "Norway", "year": "2019", "timeperiod": "1", "export": "-", "import_origin": "347.6", "import_consigment": "198.9"}, {"country": "Norway", "year": "2019", "timeperiod": "2", "export": "3.9", "import_origin": "87.2", "import_consigment": "11.0"}, {"country": "Norway", "year": "2019", "timeperiod": "3", "export": "-", "import_origin": "163.0", "import_consigment": "25.9"}, {"country": "Norway", "year": "2019", "timeperiod": "4", "export": "0.1", "import_origin": "264.7", "import_consigment": "169.9"}, {"country": "Norway", "year": "2019", "timeperiod": "5", "export": "-", "import_origin": "163.3", "import_consigment": "147.5"}, {"country": "Norway", "year": "2019", "timeperiod": "6", "export": "-", "import_origin": "55.8", "import_consigment": "31.6"}, {"country": "Norway", "year": "2019", "timeperiod": "7", "export": "-", "import_origin": "251.9", "import_consigment": "195.8"}, {"country": "Norway", "year": "2019", "timeperiod": "8", "export": "-", "import_origin": "128.3", "import_consigment": "37.6"}, {"country": "Norway", "year": "2019", "timeperiod": "9", "export": "-", "import_origin": "88.2", "import_consigment": "21.2"}, {"country": "Norway", "year": "2019", "timeperiod": "10", "export": "-", "import_origin": "238.0", "import_consigment": "98.8"}, {"country": "Norway", "year": "2019", "timeperiod": "11", "export": "-", "import_origin": "191.9", "import_consigment": "225.5"}, {"country": "Norway", "year": "2019", "timeperiod": "12", "export": "6.9", "import_origin": "277.7", "import_consigment": "185.5"}, {"country": "Norway", "year": "2019", "timeperiod": "Year", "export": "10.9", "import_origin": "2257.7", "import_consigment": "1349.1"}, {"country": "Norway", "year": "2018", "timeperiod": "1", "export": "4.8", "import_origin": "256.1", "import_consigment": "215.5"}, {"country": "Norway", "year": "2018", "timeperiod": "2", "export": "-", "import_origin": "64.5", "import_consigment": "0.9"}, {"country": "Norway", "year": "2018", "timeperiod": "3", "export": "13.9", "import_origin": "229.6", "import_consigment": "100.7"}, {"country": "Norway", "year": "2018", "timeperiod": "4", "export": "3.4", "import_origin": "270.0", "import_consigment": "235.3"}]}