{"data": [{"country": "China", "year": "2021", "timeperiod": "5", "export": "46178.8", "import_origin": "63850.7", "import_consigment": "39037.8"}, {"country": "China", "year": "2021", "timeperiod": "6", "export": "51954.2", "import_origin": "61328.1", "import_consigment": "39995.7"}, {"country": "China", "year": "2021", "timeperiod": "7", "export": "24955.8", "import_origin": "69944.7", "import_consigment": "41190.3"}, {"country": "China", "year": "2021", "timeperiod": "8", "export": "25835.1", "import_origin": "70922.1", "import_consigment": "44917.7"}, {"country": "China", "year": "2021", "timeperiod": "9", "export": "25534.3", "import_origin": "85066.2", "import_consigment": "56256.4"}, {"country": "China", "year": "2021", "timeperiod": "10", "export": "25811.6", "import_origin": "101042.1", "import_consigment": "71918.0"}, {"country": "China", "year": "2021", "timeperiod": "11", "export": "33417.3", "import_origin": "109106.7", "import_consigment": "74060.8"}, {"country": "China", "year": "2021", "timeperiod": "12", "export": "32374.1", "import_origin": "110530.8", "import_consigment": "68967.8"}, {"country": "China", "year": "2021", "timeperiod": "Year", "export": "393183.1", "import_origin": "867617.4", "import_consigment": "551819.7"}, {"country": "China", "year": "2020", "timeperiod": "1", "export": "12227.0", "import_origin": "49365.3", "import_consigment": "30661.7"}, {"country": "China", "year": "2020", "timeperiod": "2", "export": "3855.8", "import_origin": "66887.2", "import_consigment": "39905.5"}, {"country": "China", "year": "2020", "timeperiod": "3", "export": "24498.1", "import_origin": "45813.0", "import_consigment": "29018.3"}, {"country": "China", "year": "2020", "timeperiod": "4", "export": "17215.6", "import_origin": "30273.1", "import_consigment": "15785.9"}, {"country": "China", "year": "2020", "timeperiod": "5", "export": "22691.2", "import_origin": "44848.9", "import_consigment": "32359.1"}, {"country": "China", "year": "2020", "timeperiod": "6", "export": "31886.5", "import_origin": "58965.1", "import_consigment": "39058.0"}, {"country": "China", "year": "2020", "timeperiod": "7", "export": "13888.4", "import_origin": "56207.8", "import_consigment": "37658.0"}, {"country": "China", "year": "2020", "timeperiod": "8", "export": "23428.2", "import_origin": "57073.0", "import_consigment": "35880.2"}, {"country": "China", "year": "2020", "timeperiod": "9", "export": "39627.7", "import_origin": "59682.7", "import_consigment": "39571.7"}, {"country": "China", "year": "2020", "timeperiod": "10", "export": "31077.2", "import_origin": "71141.7", "import_consigment": "51021.8"}, {"country": "China", "year": "2020", "timeperiod": "11", "export": "34636.3", "import_origin": "71887.1", "import_consigment": "49802.7"}, {"country": "China", "year": "2020", "timeperiod": "12", "export": "34793.9", "import_origin": "62031.3", "import_consigment": "36562.3"}, {"country": "China", "year": "2020", "timeperiod": "Year", "export": "289825.9", "import_origin": "674176.1", "import_consigment": "437285.1"}, {"country": "China", "year": "2019", "timeperiod": "1", "export": "14762.2", "import_origin": "54663.9", "import_consigment": "41968.7"}, {"country": "China", "year": "2019", "timeperiod": "2", "export": "7678.4", "import_origin": "58152.0", "import_consigment": "37532.2"}, {"country": "China", "year": "2019", "timeperiod": "3", "export": "13078.6", "import_origin": "54327.2", "import_consigment": "34388.2"}]}