{"data": [{"country": "Denmark", "year": "2021", "timeperiod": "12", "export": "87.5", "import_origin": "509.7", "import_consigment": "511.2"}, {"country": "Denmark", "year": "2021", "timeperiod": "Year", "export": "823.7", "import_origin": "13965.4", "import_consigment": "14392.1"}, {"country": "Denmark", "year": "2020", "timeperiod": "1", "export": "-", "import_origin": "224.0", "import_consigment": "77.8"}, {"country": "Denmark", "year": "2020", "timeperiod": "2", "export": "-", "import_origin": "294.7", "import_consigment": "589.9"}, {"country": "Denmark", "year": "2020", "timeperiod": "3", "export": "1.2", "import_origin": "196.5", "import_consigment": "138.3"}, {"country": "Denmark", "year": "2020", "timeperiod": "4", "export": "-", "import_origin": "517.4", "import_consigment": "805.9"}, {"country": "Denmark", "year": "2020", "timeperiod": "5", "export": "-", "import_origin": "395.3", "import_consigment": "257.5"}, {"country": "Denmark", "year": "2020", "timeperiod": "6", "export": "1.2", "import_origin": "851.0", "import_consigment": "838.9"}, {"country": "Denmark", "year": "2020", "timeperiod": "7", "export": "0.3", "import_origin": "308.6", "import_consigment": "210.1"}, {"country": "Denmark", "year": "2020", "timeperiod": "8", "export": "-", "import_origin": "336.5", "import_consigment": "411.8"}, {"country": "Denmark", "year": "2020", "timeperiod": "9", "export": "25.1", "import_origin": "360.6", "import_consigment": "561.6"}, {"country": "Denmark", "year": "2020", "timeperiod": "10", "export": "2.0", "import_origin": "195.4", "import_consigment": "380.1"}, {"country": "Denmark", "year": "2020", "timeperiod": "11", "export": "87.9", "import_origin": "155.7", "import_consigment": "128.9"}, {"country": "Denmark", "year": "2020", "timeperiod": "12", "export": "56.1", "import_origin": "424.5", "import_consigment": "641.0"}, {"country": "Denmark", "year": "2020", "timeperiod": "Year", "export": "173.8", "import_origin": "4259.9", "import_consigment": "5041.7"}, {"country": "Denmark", "year": "2019", "timeperiod": "1", "export": "221.0", "import_origin": "339.7", "import_consigment": "329.1"}, {"country": "Denmark", "year": "2019", "timeperiod": "2", "export": "86.1", "import_origin": "386.2", "import_consigment": "483.3"}, {"country": "Denmark", "year": "2019", "timeperiod": "3", "export": "165.9", "import_origin": "3613.0", "import_consigment": "3820.1"}, {"country": "Denmark", "year": "2019", "timeperiod": "4", "export": "189.4", "import_origin": "975.5", "import_consigment": "1206.0"}, {"country": "Denmark", "year": "2019", "timeperiod": "5", "export": "220.5", "import_origin": "266.3", "import_consigment": "349.9"}, {"country": "Denmark", "year": "2019", "timeperiod": "6", "export": "-", "import_origin": "286.2", "import_consigment": "236.2"}, {"country": "Denmark", "year": "2019", "timeperiod": "7", "export": "26.0", "import_origin": "189.4", "import_consigment": "345.2"}, {"country": "Denmark", "year": "2019", "timeperiod": "8", "export": "1.6", "import_origin": "275.3", "import_consigment": "296.9"}, {"country": "Denmark", "year": "2019", "timeperiod": "9", "export": "-", "import_origin": "330.0", "import_consigment": "323.3"}, {"country": "Denmark", "year": "2019", "timeperiod": "10", "export": "1.0", "import_origin": "564.8", "import_consigment": "599.7"}]}