{"data": [{"country": "Hungary", "year": "2018", "timeperiod": "5", "export": "62.5", "import_origin": "1316.9", "import_consigment": "1542.3"}, {"country": "Hungary", "year": "2018", "timeperiod": "6", "export": "92.4", "import_origin": "1123.4", "import_consigment": "1573.0"}, {"country": "Hungary", "year": "2018", "timeperiod": "7", "export": "152.3", "import_origin": "949.0", "import_consigment": "1259.0"}, {"country": "Hungary", "year": "2018", "timeperiod": "8", "export": "4.4", "import_origin": "1019.6", "import_consigment": "3952.9"}, {"country": "Hungary", "year": "2018", "timeperiod": "9", "export": "50.0", "import_origin": "1183.1", "import_consigment": "1836.0"}, {"country": "Hungary", "year": "2018", "timeperiod": "10", "export": "11.2", "import_origin": "1452.1", "import_consigment": "1464.6"}, {"country": "Hungary", "year": "2018", "timeperiod": "11", "export": "111.1", "import_origin": "1444.2", "import_consigment": "1670.2"}, {"country": "Hungary", "year": "2018", "timeperiod": "12", "export": "94.8", "import_origin": "3577.9", "import_consigment": "1789.4"}, {"country": "Hungary", "year": "2018", "timeperiod": "Year", "export": "678.9", "import_origin": "16370.1", "import_consigment": "20126.3"}, {"country": "Hungary", "year": "2017", "timeperiod": "1", "export": "137.1", "import_origin": "312.0", "import_consigment": "564.9"}, {"country": "Hungary", "year": "2017", "timeperiod": "2", "export": "404.1", "import_origin": "862.3", "import_consigment": "1647.1"}, {"country": "Hungary", "year": "2017", "timeperiod": "3", "export": "837.1", "import_origin": "912.5", "import_consigment": "1781.3"}, {"country": "Hungary", "year": "2017", "timeperiod": "4", "export": "-", "import_origin": "714.2", "import_consigment": "1370.4"}, {"country": "Hungary", "year": "2017", "timeperiod": "5", "export": "-", "import_origin": "1058.2", "import_consigment": "1266.8"}, {"country": "Hungary", "year": "2017", "timeperiod": "6", "export": "28.9", "import_origin": "1208.7", "import_consigment": "1273.9"}, {"country": "Hungary", "year": "2017", "timeperiod": "7", "export": "9.4", "import_origin": "1163.7", "import_consigment": "1678.2"}, {"country": "Hungary", "year": "2017", "timeperiod": "8", "export": "13.2", "import_origin": "1041.3", "import_consigment": "1565.9"}, {"country": "Hungary", "year": "2017", "timeperiod": "9", "export": "359.6", "import_origin": "968.4", "import_consigment": "1353.5"}, {"country": "Hungary", "year": "2017", "timeperiod": "10", "export": "7.0", "import_origin": "1657.0", "import_consigment": "1927.4"}, {"country": "Hungary", "year": "2017", "timeperiod": "11", "export": "252.9", "import_origin": "1700.2", "import_consigment": "1907.0"}, {"country": "Hungary", "year": "2017", "timeperiod": "12", "export": "135.0", "import_origin": "1280.9", "import_consigment": "1880.5"}, {"country": "Hungary", "year": "2017", "timeperiod": "Year", "export": "2184.3", "import_origin": "12879.3", "import_consigment": "18216.8"}, {"country": "Iceland", "year": "2023", "timeperiod": "1", "export": "-", "import_origin": "92.7", "import_consigment": "-"}, {"country": "Iceland", "year": "2023", "timeperiod": "Year", "export": "-", "import_origin": "92.7", "import_consigment": "-"}, {"country": "Iceland", "year": "2022", "timeperiod": "1", "export": "-", "import_origin": "0.1", "import_consigment": "-"}]}