{"data": [{"country": "Virgin Islands, British", "year": "2022", "timeperiod": "3", "export": "-", "import_origin": "-", "import_consigment": "247.5"}, {"country": "Virgin Islands, British", "year": "2022", "timeperiod": "6", "export": "-", "import_origin": "-", "import_consigment": "128.7"}, {"country": "Virgin Islands, British", "year": "2022", "timeperiod": "7", "export": "-", "import_origin": "4.1", "import_consigment": "-"}, {"country": "Virgin Islands, British", "year": "2022", "timeperiod": "Year", "export": "-", "import_origin": "4.1", "import_consigment": "376.2"}, {"country": "Virgin Islands, British", "year": "2021", "timeperiod": "3", "export": "-", "import_origin": "-", "import_consigment": "1610.0"}, {"country": "Virgin Islands, British", "year": "2021", "timeperiod": "4", "export": "-", "import_origin": "0.3", "import_consigment": "99.0"}, {"country": "Virgin Islands, British", "year": "2021", "timeperiod": "10", "export": "-", "import_origin": "-", "import_consigment": "34.6"}, {"country": "Virgin Islands, British", "year": "2021", "timeperiod": "12", "export": "-", "import_origin": "-", "import_consigment": "49.5"}, {"country": "Virgin Islands, British", "year": "2021", "timeperiod": "Year", "export": "-", "import_origin": "0.3", "import_consigment": "1793.2"}, {"country": "Virgin Islands, British", "year": "2020", "timeperiod": "4", "export": "-", "import_origin": "-", "import_consigment": "19.8"}, {"country": "Virgin Islands, British", "year": "2020", "timeperiod": "5", "export": "-", "import_origin": "-", "import_consigment": "247.6"}, {"country": "Virgin Islands, British", "year": "2020", "timeperiod": "7", "export": "-", "import_origin": "1.5", "import_consigment": "-"}, {"country": "Virgin Islands, British", "year": "2020", "timeperiod": "10", "export": "-", "import_origin": "-", "import_consigment": "8.7"}, {"country": "Virgin Islands, British", "year": "2020", "timeperiod": "Year", "export": "-", "import_origin": "1.5", "import_consigment": "276.1"}, {"country": "Virgin Islands, British", "year": "2019", "timeperiod": "1", "export": "-", "import_origin": "-", "import_consigment": "86.6"}, {"country": "Virgin Islands, British", "year": "2019", "timeperiod": "2", "export": "-", "import_origin": "-", "import_consigment": "1900.0"}, {"country": "Virgin Islands, British", "year": "2019", "timeperiod": "3", "export": "-", "import_origin": "-", "import_consigment": "12.0"}, {"country": "Virgin Islands, British", "year": "2019", "timeperiod": "4", "export": "-", "import_origin": "-", "import_consigment": "20.1"}, {"country": "Virgin Islands, British", "year": "2019", "timeperiod": "8", "export": "-", "import_origin": "-", "import_consigment": "78.7"}, {"country": "Virgin Islands, British", "year": "2019", "timeperiod": "11", "export": "-", "import_origin": "-", "import_consigment": "40.6"}, {"country": "Virgin Islands, British", "year": "2019", "timeperiod": "Year", "export": "-", "import_origin": "-", "import_consigment": "2138.0"}, {"country": "Virgin Islands, British", "year": "2018", "timeperiod": "1", "export": "-", "import_origin": "-", "import_consigment": "250.2"}, {"country": "Virgin Islands, British", "year": "2018", "timeperiod": "2", "export": "-", "import_origin": "-", "import_consigment": "20.7"}, {"country": "Virgin Islands, British", "year": "2018", "timeperiod": "3", "export": "-", "import_origin": "-", "import_consigment": "165.5"}, {"country": "Virgin Islands, British", "year": "2018", "timeperiod": "5", "export": "-", "import_origin": "-", "import_consigment": "128.8"}]}