{"data": [{"country": "Peru", "year": "2018", "timeperiod": "6", "export": "-", "import_origin": "302.6", "import_consigment": "-"}, {"country": "Peru", "year": "2018", "timeperiod": "7", "export": "5.1", "import_origin": "99.8", "import_consigment": "-"}, {"country": "Peru", "year": "2018", "timeperiod": "8", "export": "-", "import_origin": "228.4", "import_consigment": "-"}, {"country": "Peru", "year": "2018", "timeperiod": "9", "export": "-", "import_origin": "51.2", "import_consigment": "-"}, {"country": "Peru", "year": "2018", "timeperiod": "10", "export": "-", "import_origin": "23.4", "import_consigment": "-"}, {"country": "Peru", "year": "2018", "timeperiod": "11", "export": "-", "import_origin": "109.6", "import_consigment": "-"}, {"country": "Peru", "year": "2018", "timeperiod": "12", "export": "-", "import_origin": "251.2", "import_consigment": "-"}, {"country": "Peru", "year": "2018", "timeperiod": "Year", "export": "5.1", "import_origin": "1634.1", "import_consigment": "-"}, {"country": "Peru", "year": "2017", "timeperiod": "1", "export": "-", "import_origin": "9.5", "import_consigment": "-"}, {"country": "Peru", "year": "2017", "timeperiod": "2", "export": "-", "import_origin": "11.6", "import_consigment": "-"}, {"country": "Peru", "year": "2017", "timeperiod": "3", "export": "-", "import_origin": "10.3", "import_consigment": "-"}, {"country": "Peru", "year": "2017", "timeperiod": "4", "export": "-", "import_origin": "54.7", "import_consigment": "34.7"}, {"country": "Peru", "year": "2017", "timeperiod": "5", "export": "-", "import_origin": "47.9", "import_consigment": "34.7"}, {"country": "Peru", "year": "2017", "timeperiod": "6", "export": "-", "import_origin": "93.1", "import_consigment": "-"}, {"country": "Peru", "year": "2017", "timeperiod": "7", "export": "-", "import_origin": "68.2", "import_consigment": "-"}, {"country": "Peru", "year": "2017", "timeperiod": "8", "export": "-", "import_origin": "100.1", "import_consigment": "-"}, {"country": "Peru", "year": "2017", "timeperiod": "9", "export": "-", "import_origin": "18.7", "import_consigment": "-"}, {"country": "Peru", "year": "2017", "timeperiod": "10", "export": "-", "import_origin": "10.2", "import_consigment": "-"}, {"country": "Peru", "year": "2017", "timeperiod": "11", "export": "-", "import_origin": "224.4", "import_consigment": "-"}, {"country": "Peru", "year": "2017", "timeperiod": "12", "export": "41.6", "import_origin": "14.0", "import_consigment": "-"}, {"country": "Peru", "year": "2017", "timeperiod": "Year", "export": "41.6", "import_origin": "662.6", "import_consigment": "69.5"}, {"country": "Philippines", "year": "2023", "timeperiod": "1", "export": "5.6", "import_origin": "487.7", "import_consigment": "24.9"}, {"country": "Philippines", "year": "2023", "timeperiod": "Year", "export": "5.6", "import_origin": "487.7", "import_consigment": "24.9"}, {"country": "Philippines", "year": "2022", "timeperiod": "1", "export": "-", "import_origin": "80.1", "import_consigment": "-"}, {"country": "Philippines", "year": "2022", "timeperiod": "2", "export": "-", "import_origin": "368.7", "import_consigment": "225.9"}]}