{"data": [{"country": "Cambodia", "year": "2018", "timeperiod": "5", "export": "-", "import_origin": "192.4", "import_consigment": "-"}, {"country": "Cambodia", "year": "2018", "timeperiod": "6", "export": "-", "import_origin": "175.2", "import_consigment": "-"}, {"country": "Cambodia", "year": "2018", "timeperiod": "7", "export": "-", "import_origin": "516.8", "import_consigment": "-"}, {"country": "Cambodia", "year": "2018", "timeperiod": "8", "export": "-", "import_origin": "1065.9", "import_consigment": "-"}, {"country": "Cambodia", "year": "2018", "timeperiod": "9", "export": "-", "import_origin": "694.7", "import_consigment": "-"}, {"country": "Cambodia", "year": "2018", "timeperiod": "10", "export": "-", "import_origin": "398.2", "import_consigment": "-"}, {"country": "Cambodia", "year": "2018", "timeperiod": "11", "export": "-", "import_origin": "355.6", "import_consigment": "-"}, {"country": "Cambodia", "year": "2018", "timeperiod": "12", "export": "-", "import_origin": "161.8", "import_consigment": "-"}, {"country": "Cambodia", "year": "2018", "timeperiod": "Year", "export": "-", "import_origin": "5913.9", "import_consigment": "-"}, {"country": "Cambodia", "year": "2017", "timeperiod": "1", "export": "-", "import_origin": "98.8", "import_consigment": "-"}, {"country": "Cambodia", "year": "2017", "timeperiod": "2", "export": "-", "import_origin": "137.5", "import_consigment": "-"}, {"country": "Cambodia", "year": "2017", "timeperiod": "3", "export": "-", "import_origin": "180.6", "import_consigment": "-"}, {"country": "Cambodia", "year": "2017", "timeperiod": "4", "export": "-", "import_origin": "179.4", "import_consigment": "-"}, {"country": "Cambodia", "year": "2017", "timeperiod": "5", "export": "-", "import_origin": "126.8", "import_consigment": "-"}, {"country": "Cambodia", "year": "2017", "timeperiod": "6", "export": "-", "import_origin": "97.0", "import_consigment": "-"}, {"country": "Cambodia", "year": "2017", "timeperiod": "7", "export": "-", "import_origin": "165.1", "import_consigment": "-"}, {"country": "Cambodia", "year": "2017", "timeperiod": "8", "export": "-", "import_origin": "339.2", "import_consigment": "-"}, {"country": "Cambodia", "year": "2017", "timeperiod": "9", "export": "-", "import_origin": "340.0", "import_consigment": "-"}, {"country": "Cambodia", "year": "2017", "timeperiod": "10", "export": "-", "import_origin": "385.3", "import_consigment": "-"}, {"country": "Cambodia", "year": "2017", "timeperiod": "11", "export": "-", "import_origin": "271.5", "import_consigment": "-"}, {"country": "Cambodia", "year": "2017", "timeperiod": "12", "export": "-", "import_origin": "257.7", "import_consigment": "-"}, {"country": "Cambodia", "year": "2017", "timeperiod": "Year", "export": "-", "import_origin": "2579.1", "import_consigment": "-"}, {"country": "Cameroon", "year": "2023", "timeperiod": "1", "export": "-", "import_origin": "-", "import_consigment": "-"}, {"country": "Cameroon", "year": "2023", "timeperiod": "Year", "export": "-", "import_origin": "-", "import_consigment": "-"}, {"country": "Cameroon", "year": "2022", "timeperiod": "1", "export": "-", "import_origin": "25.5", "import_consigment": "-"}]}