{"data": [{"country": "United Kingdom", "year": "2017", "timeperiod": "1", "export": "287.1", "import_origin": "1214.3", "import_consigment": "3272.9"}, {"country": "United Kingdom", "year": "2017", "timeperiod": "2", "export": "338.0", "import_origin": "1908.8", "import_consigment": "2891.8"}, {"country": "United Kingdom", "year": "2017", "timeperiod": "3", "export": "1086.3", "import_origin": "2546.4", "import_consigment": "1359.9"}, {"country": "United Kingdom", "year": "2017", "timeperiod": "4", "export": "202.7", "import_origin": "2776.3", "import_consigment": "1482.6"}, {"country": "United Kingdom", "year": "2017", "timeperiod": "5", "export": "124.5", "import_origin": "2237.5", "import_consigment": "1583.9"}, {"country": "United Kingdom", "year": "2017", "timeperiod": "6", "export": "348.2", "import_origin": "2397.3", "import_consigment": "2070.1"}, {"country": "United Kingdom", "year": "2017", "timeperiod": "7", "export": "173.8", "import_origin": "2495.3", "import_consigment": "1824.5"}, {"country": "United Kingdom", "year": "2017", "timeperiod": "8", "export": "639.0", "import_origin": "2625.6", "import_consigment": "2067.1"}, {"country": "United Kingdom", "year": "2017", "timeperiod": "9", "export": "135.3", "import_origin": "4313.9", "import_consigment": "2834.0"}, {"country": "United Kingdom", "year": "2017", "timeperiod": "10", "export": "506.6", "import_origin": "3674.0", "import_consigment": "3281.9"}, {"country": "United Kingdom", "year": "2017", "timeperiod": "11", "export": "457.9", "import_origin": "2327.1", "import_consigment": "2062.9"}, {"country": "United Kingdom", "year": "2017", "timeperiod": "12", "export": "638.3", "import_origin": "6204.2", "import_consigment": "1867.4"}, {"country": "United Kingdom", "year": "2017", "timeperiod": "Year", "export": "4937.7", "import_origin": "34720.7", "import_consigment": "26598.8"}, {"country": "Guernsey", "year": "2021", "timeperiod": "7", "export": "-", "import_origin": "-", "import_consigment": "-"}, {"country": "Guernsey", "year": "2021", "timeperiod": "Year", "export": "-", "import_origin": "-", "import_consigment": "-"}, {"country": "Guernsey", "year": "2019", "timeperiod": "10", "export": "-", "import_origin": "0.1", "import_consigment": "-"}, {"country": "Guernsey", "year": "2019", "timeperiod": "12", "export": "-", "import_origin": "-", "import_consigment": "0.1"}, {"country": "Guernsey", "year": "2019", "timeperiod": "Year", "export": "-", "import_origin": "0.1", "import_consigment": "0.1"}, {"country": "Guernsey", "year": "2018", "timeperiod": "4", "export": "-", "import_origin": "-", "import_consigment": "-"}, {"country": "Guernsey", "year": "2018", "timeperiod": "Year", "export": "-", "import_origin": "-", "import_consigment": "-"}, {"country": "Jersey", "year": "2022", "timeperiod": "8", "export": "-", "import_origin": "-", "import_consigment": "6914.7"}, {"country": "Jersey", "year": "2022", "timeperiod": "9", "export": "-", "import_origin": "-", "import_consigment": "167.7"}, {"country": "Jersey", "year": "2022", "timeperiod": "10", "export": "-", "import_origin": "-", "import_consigment": "4828.8"}, {"country": "Jersey", "year": "2022", "timeperiod": "Year", "export": "-", "import_origin": "-", "import_consigment": "11911.3"}, {"country": "Jersey", "year": "2018", "timeperiod": "12", "export": "-", "import_origin": "0.1", "import_consigment": "0.1"}]}