{"data": [{"country": "Costa Rica", "year": "2020", "timeperiod": "11", "export": "-", "import_origin": "153.3", "import_consigment": "-"}, {"country": "Costa Rica", "year": "2020", "timeperiod": "12", "export": "-", "import_origin": "618.1", "import_consigment": "-"}, {"country": "Costa Rica", "year": "2020", "timeperiod": "Year", "export": "-", "import_origin": "1713.9", "import_consigment": "51.2"}, {"country": "Costa Rica", "year": "2019", "timeperiod": "1", "export": "-", "import_origin": "277.1", "import_consigment": "204.1"}, {"country": "Costa Rica", "year": "2019", "timeperiod": "2", "export": "-", "import_origin": "441.4", "import_consigment": "360.6"}, {"country": "Costa Rica", "year": "2019", "timeperiod": "3", "export": "-", "import_origin": "154.6", "import_consigment": "64.7"}, {"country": "Costa Rica", "year": "2019", "timeperiod": "4", "export": "-", "import_origin": "136.8", "import_consigment": "-"}, {"country": "Costa Rica", "year": "2019", "timeperiod": "5", "export": "-", "import_origin": "68.3", "import_consigment": "-"}, {"country": "Costa Rica", "year": "2019", "timeperiod": "6", "export": "-", "import_origin": "118.9", "import_consigment": "-"}, {"country": "Costa Rica", "year": "2019", "timeperiod": "7", "export": "-", "import_origin": "32.8", "import_consigment": "-"}, {"country": "Costa Rica", "year": "2019", "timeperiod": "8", "export": "-", "import_origin": "59.7", "import_consigment": "-"}, {"country": "Costa Rica", "year": "2019", "timeperiod": "9", "export": "-", "import_origin": "139.3", "import_consigment": "56.7"}, {"country": "Costa Rica", "year": "2019", "timeperiod": "10", "export": "-", "import_origin": "207.8", "import_consigment": "84.2"}, {"country": "Costa Rica", "year": "2019", "timeperiod": "11", "export": "-", "import_origin": "341.1", "import_consigment": "179.1"}, {"country": "Costa Rica", "year": "2019", "timeperiod": "12", "export": "-", "import_origin": "454.8", "import_consigment": "-"}, {"country": "Costa Rica", "year": "2019", "timeperiod": "Year", "export": "-", "import_origin": "2432.6", "import_consigment": "949.5"}, {"country": "Costa Rica", "year": "2018", "timeperiod": "1", "export": "-", "import_origin": "124.6", "import_consigment": "-"}, {"country": "Costa Rica", "year": "2018", "timeperiod": "2", "export": "-", "import_origin": "78.5", "import_consigment": "-"}, {"country": "Costa Rica", "year": "2018", "timeperiod": "3", "export": "-", "import_origin": "51.5", "import_consigment": "-"}, {"country": "Costa Rica", "year": "2018", "timeperiod": "4", "export": "-", "import_origin": "90.7", "import_consigment": "0.1"}, {"country": "Costa Rica", "year": "2018", "timeperiod": "5", "export": "-", "import_origin": "214.3", "import_consigment": "-"}, {"country": "Costa Rica", "year": "2018", "timeperiod": "6", "export": "-", "import_origin": "98.8", "import_consigment": "-"}, {"country": "Costa Rica", "year": "2018", "timeperiod": "7", "export": "-", "import_origin": "118.8", "import_consigment": "-"}, {"country": "Costa Rica", "year": "2018", "timeperiod": "8", "export": "-", "import_origin": "51.5", "import_consigment": "11.3"}, {"country": "Costa Rica", "year": "2018", "timeperiod": "9", "export": "-", "import_origin": "66.6", "import_consigment": "34.7"}]}