{"data": [{"country": "Austria", "year": "2020", "timeperiod": "10", "export": "32.3", "import_origin": "2015.5", "import_consigment": "1877.8"}, {"country": "Austria", "year": "2020", "timeperiod": "11", "export": "445.7", "import_origin": "1491.9", "import_consigment": "1064.5"}, {"country": "Austria", "year": "2020", "timeperiod": "12", "export": "151.7", "import_origin": "2808.0", "import_consigment": "3430.9"}, {"country": "Austria", "year": "2020", "timeperiod": "Year", "export": "3850.3", "import_origin": "23808.0", "import_consigment": "27036.9"}, {"country": "Austria", "year": "2019", "timeperiod": "1", "export": "440.9", "import_origin": "853.0", "import_consigment": "2216.0"}, {"country": "Austria", "year": "2019", "timeperiod": "2", "export": "528.4", "import_origin": "2937.0", "import_consigment": "2385.1"}, {"country": "Austria", "year": "2019", "timeperiod": "3", "export": "65.4", "import_origin": "3074.1", "import_consigment": "2558.2"}, {"country": "Austria", "year": "2019", "timeperiod": "4", "export": "125.1", "import_origin": "2940.4", "import_consigment": "1081.0"}, {"country": "Austria", "year": "2019", "timeperiod": "5", "export": "455.7", "import_origin": "1795.3", "import_consigment": "1517.1"}, {"country": "Austria", "year": "2019", "timeperiod": "6", "export": "283.8", "import_origin": "2218.5", "import_consigment": "3106.5"}, {"country": "Austria", "year": "2019", "timeperiod": "7", "export": "453.4", "import_origin": "3620.4", "import_consigment": "5123.6"}, {"country": "Austria", "year": "2019", "timeperiod": "8", "export": "1.7", "import_origin": "4216.6", "import_consigment": "4192.9"}, {"country": "Austria", "year": "2019", "timeperiod": "9", "export": "83.3", "import_origin": "3525.3", "import_consigment": "3291.9"}, {"country": "Austria", "year": "2019", "timeperiod": "10", "export": "406.1", "import_origin": "1925.2", "import_consigment": "1792.4"}, {"country": "Austria", "year": "2019", "timeperiod": "11", "export": "239.3", "import_origin": "3687.2", "import_consigment": "3490.6"}, {"country": "Austria", "year": "2019", "timeperiod": "12", "export": "401.9", "import_origin": "3248.9", "import_consigment": "3728.2"}, {"country": "Austria", "year": "2019", "timeperiod": "Year", "export": "3484.8", "import_origin": "34042.0", "import_consigment": "34483.7"}, {"country": "Austria", "year": "2018", "timeperiod": "1", "export": "-", "import_origin": "1543.3", "import_consigment": "1978.1"}, {"country": "Austria", "year": "2018", "timeperiod": "2", "export": "224.2", "import_origin": "1798.2", "import_consigment": "4366.0"}, {"country": "Austria", "year": "2018", "timeperiod": "3", "export": "368.6", "import_origin": "1739.7", "import_consigment": "1430.9"}, {"country": "Austria", "year": "2018", "timeperiod": "4", "export": "729.7", "import_origin": "1768.0", "import_consigment": "2135.7"}, {"country": "Austria", "year": "2018", "timeperiod": "5", "export": "758.0", "import_origin": "2170.0", "import_consigment": "3055.9"}, {"country": "Austria", "year": "2018", "timeperiod": "6", "export": "738.1", "import_origin": "903.0", "import_consigment": "2049.4"}, {"country": "Austria", "year": "2018", "timeperiod": "7", "export": "249.5", "import_origin": "1734.4", "import_consigment": "3939.3"}, {"country": "Austria", "year": "2018", "timeperiod": "8", "export": "832.3", "import_origin": "2846.9", "import_consigment": "3559.6"}]}