{"data": [{"country": "Moldova, Republic of", "year": "2020", "timeperiod": "4", "export": "255.6", "import_origin": "13.8", "import_consigment": "6.1"}, {"country": "Moldova, Republic of", "year": "2020", "timeperiod": "5", "export": "-", "import_origin": "21.5", "import_consigment": "41.7"}, {"country": "Moldova, Republic of", "year": "2020", "timeperiod": "6", "export": "32.6", "import_origin": "130.9", "import_consigment": "165.4"}, {"country": "Moldova, Republic of", "year": "2020", "timeperiod": "7", "export": "121.4", "import_origin": "123.4", "import_consigment": "119.4"}, {"country": "Moldova, Republic of", "year": "2020", "timeperiod": "8", "export": "14.9", "import_origin": "281.4", "import_consigment": "313.1"}, {"country": "Moldova, Republic of", "year": "2020", "timeperiod": "9", "export": "90.4", "import_origin": "213.2", "import_consigment": "179.4"}, {"country": "Moldova, Republic of", "year": "2020", "timeperiod": "10", "export": "93.1", "import_origin": "176.1", "import_consigment": "166.1"}, {"country": "Moldova, Republic of", "year": "2020", "timeperiod": "11", "export": "35.1", "import_origin": "100.9", "import_consigment": "96.2"}, {"country": "Moldova, Republic of", "year": "2020", "timeperiod": "12", "export": "173.7", "import_origin": "197.4", "import_consigment": "198.9"}, {"country": "Moldova, Republic of", "year": "2020", "timeperiod": "Year", "export": "1003.7", "import_origin": "1569.6", "import_consigment": "1611.5"}, {"country": "Moldova, Republic of", "year": "2019", "timeperiod": "1", "export": "18.3", "import_origin": "111.2", "import_consigment": "138.2"}, {"country": "Moldova, Republic of", "year": "2019", "timeperiod": "2", "export": "151.4", "import_origin": "139.3", "import_consigment": "108.7"}, {"country": "Moldova, Republic of", "year": "2019", "timeperiod": "3", "export": "212.5", "import_origin": "66.8", "import_consigment": "74.7"}, {"country": "Moldova, Republic of", "year": "2019", "timeperiod": "4", "export": "212.7", "import_origin": "128.9", "import_consigment": "119.2"}, {"country": "Moldova, Republic of", "year": "2019", "timeperiod": "5", "export": "46.5", "import_origin": "141.2", "import_consigment": "131.4"}, {"country": "Moldova, Republic of", "year": "2019", "timeperiod": "6", "export": "409.3", "import_origin": "35.5", "import_consigment": "45.1"}, {"country": "Moldova, Republic of", "year": "2019", "timeperiod": "7", "export": "58.7", "import_origin": "114.0", "import_consigment": "958.2"}, {"country": "Moldova, Republic of", "year": "2019", "timeperiod": "8", "export": "337.4", "import_origin": "296.9", "import_consigment": "294.5"}, {"country": "Moldova, Republic of", "year": "2019", "timeperiod": "9", "export": "251.5", "import_origin": "606.3", "import_consigment": "562.4"}, {"country": "Moldova, Republic of", "year": "2019", "timeperiod": "10", "export": "115.0", "import_origin": "1203.0", "import_consigment": "1170.2"}, {"country": "Moldova, Republic of", "year": "2019", "timeperiod": "11", "export": "382.4", "import_origin": "588.2", "import_consigment": "611.4"}, {"country": "Moldova, Republic of", "year": "2019", "timeperiod": "12", "export": "147.9", "import_origin": "100.5", "import_consigment": "98.2"}, {"country": "Moldova, Republic of", "year": "2019", "timeperiod": "Year", "export": "2343.6", "import_origin": "3531.9", "import_consigment": "4312.3"}, {"country": "Moldova, Republic of", "year": "2018", "timeperiod": "1", "export": "-", "import_origin": "14.0", "import_consigment": "-"}, {"country": "Moldova, Republic of", "year": "2018", "timeperiod": "2", "export": "193.1", "import_origin": "204.2", "import_consigment": "177.1"}]}