{"data": [{"country": "Paraguay", "year": "2022", "timeperiod": "1", "export": "-", "import_origin": "44.8", "import_consigment": "44.3"}, {"country": "Paraguay", "year": "2022", "timeperiod": "3", "export": "-", "import_origin": "9.5", "import_consigment": "-"}, {"country": "Paraguay", "year": "2022", "timeperiod": "4", "export": "-", "import_origin": "3.3", "import_consigment": "-"}, {"country": "Paraguay", "year": "2022", "timeperiod": "5", "export": "-", "import_origin": "59.6", "import_consigment": "-"}, {"country": "Paraguay", "year": "2022", "timeperiod": "6", "export": "-", "import_origin": "112.2", "import_consigment": "107.5"}, {"country": "Paraguay", "year": "2022", "timeperiod": "7", "export": "-", "import_origin": "-", "import_consigment": "-"}, {"country": "Paraguay", "year": "2022", "timeperiod": "8", "export": "-", "import_origin": "1.8", "import_consigment": "-"}, {"country": "Paraguay", "year": "2022", "timeperiod": "9", "export": "-", "import_origin": "209.6", "import_consigment": "158.7"}, {"country": "Paraguay", "year": "2022", "timeperiod": "10", "export": "-", "import_origin": "245.3", "import_consigment": "198.1"}, {"country": "Paraguay", "year": "2022", "timeperiod": "11", "export": "-", "import_origin": "52.3", "import_consigment": "-"}, {"country": "Paraguay", "year": "2022", "timeperiod": "12", "export": "-", "import_origin": "4.5", "import_consigment": "-"}, {"country": "Paraguay", "year": "2022", "timeperiod": "Year", "export": "-", "import_origin": "743.0", "import_consigment": "508.7"}, {"country": "Paraguay", "year": "2021", "timeperiod": "3", "export": "-", "import_origin": "23.3", "import_consigment": "-"}, {"country": "Paraguay", "year": "2021", "timeperiod": "4", "export": "-", "import_origin": "297.4", "import_consigment": "62.5"}, {"country": "Paraguay", "year": "2021", "timeperiod": "5", "export": "-", "import_origin": "117.7", "import_consigment": "-"}, {"country": "Paraguay", "year": "2021", "timeperiod": "6", "export": "-", "import_origin": "180.8", "import_consigment": "-"}, {"country": "Paraguay", "year": "2021", "timeperiod": "7", "export": "-", "import_origin": "140.8", "import_consigment": "-"}, {"country": "Paraguay", "year": "2021", "timeperiod": "8", "export": "-", "import_origin": "66.0", "import_consigment": "-"}, {"country": "Paraguay", "year": "2021", "timeperiod": "9", "export": "-", "import_origin": "221.3", "import_consigment": "-"}, {"country": "Paraguay", "year": "2021", "timeperiod": "10", "export": "-", "import_origin": "171.9", "import_consigment": "-"}, {"country": "Paraguay", "year": "2021", "timeperiod": "11", "export": "2.7", "import_origin": "58.9", "import_consigment": "-"}, {"country": "Paraguay", "year": "2021", "timeperiod": "12", "export": "-", "import_origin": "26.7", "import_consigment": "-"}, {"country": "Paraguay", "year": "2021", "timeperiod": "Year", "export": "2.7", "import_origin": "1304.8", "import_consigment": "62.5"}, {"country": "Paraguay", "year": "2020", "timeperiod": "3", "export": "-", "import_origin": "0.1", "import_consigment": "-"}, {"country": "Paraguay", "year": "2020", "timeperiod": "5", "export": "-", "import_origin": "1.9", "import_consigment": "-"}]}