{"data": [{"country": "Oman", "year": "2017", "timeperiod": "5", "export": "-", "import_origin": "135.0", "import_consigment": "135.0"}, {"country": "Oman", "year": "2017", "timeperiod": "6", "export": "12.8", "import_origin": "18.2", "import_consigment": "-"}, {"country": "Oman", "year": "2017", "timeperiod": "7", "export": "-", "import_origin": "15.7", "import_consigment": "-"}, {"country": "Oman", "year": "2017", "timeperiod": "9", "export": "-", "import_origin": "38.5", "import_consigment": "31.3"}, {"country": "Oman", "year": "2017", "timeperiod": "10", "export": "0.1", "import_origin": "-", "import_consigment": "-"}, {"country": "Oman", "year": "2017", "timeperiod": "11", "export": "-", "import_origin": "17.4", "import_consigment": "16.6"}, {"country": "Oman", "year": "2017", "timeperiod": "12", "export": "35.9", "import_origin": "14.9", "import_consigment": "14.9"}, {"country": "Oman", "year": "2017", "timeperiod": "Year", "export": "48.8", "import_origin": "239.6", "import_consigment": "197.9"}, {"country": "Namibia", "year": "2022", "timeperiod": "2", "export": "-", "import_origin": "0.2", "import_consigment": "-"}, {"country": "Namibia", "year": "2022", "timeperiod": "4", "export": "-", "import_origin": "-", "import_consigment": "-"}, {"country": "Namibia", "year": "2022", "timeperiod": "6", "export": "-", "import_origin": "-", "import_consigment": "1.3"}, {"country": "Namibia", "year": "2022", "timeperiod": "Year", "export": "-", "import_origin": "0.2", "import_consigment": "1.3"}, {"country": "Namibia", "year": "2021", "timeperiod": "3", "export": "-", "import_origin": "4.2", "import_consigment": "-"}, {"country": "Namibia", "year": "2021", "timeperiod": "7", "export": "-", "import_origin": "-", "import_consigment": "-"}, {"country": "Namibia", "year": "2021", "timeperiod": "10", "export": "0.7", "import_origin": "-", "import_consigment": "-"}, {"country": "Namibia", "year": "2021", "timeperiod": "Year", "export": "0.7", "import_origin": "4.3", "import_consigment": "-"}, {"country": "Namibia", "year": "2020", "timeperiod": "1", "export": "-", "import_origin": "10.0", "import_consigment": "-"}, {"country": "Namibia", "year": "2020", "timeperiod": "2", "export": "-", "import_origin": "1.4", "import_consigment": "-"}, {"country": "Namibia", "year": "2020", "timeperiod": "6", "export": "-", "import_origin": "0.1", "import_consigment": "-"}, {"country": "Namibia", "year": "2020", "timeperiod": "Year", "export": "-", "import_origin": "11.6", "import_consigment": "-"}, {"country": "Namibia", "year": "2019", "timeperiod": "9", "export": "-", "import_origin": "3.0", "import_consigment": "-"}, {"country": "Namibia", "year": "2019", "timeperiod": "10", "export": "-", "import_origin": "-", "import_consigment": "-"}, {"country": "Namibia", "year": "2019", "timeperiod": "Year", "export": "-", "import_origin": "3.0", "import_consigment": "-"}, {"country": "Namibia", "year": "2017", "timeperiod": "4", "export": "-", "import_origin": "-", "import_consigment": "1.0"}, {"country": "Namibia", "year": "2017", "timeperiod": "9", "export": "-", "import_origin": "46.1", "import_consigment": "-"}]}