{"data": [{"country": "Malta", "year": "2018", "timeperiod": "Year", "export": "179.6", "import_origin": "66.9", "import_consigment": "4.3"}, {"country": "Malta", "year": "2017", "timeperiod": "1", "export": "-", "import_origin": "0.6", "import_consigment": "-"}, {"country": "Malta", "year": "2017", "timeperiod": "2", "export": "-", "import_origin": "36.0", "import_consigment": "-"}, {"country": "Malta", "year": "2017", "timeperiod": "3", "export": "2.0", "import_origin": "10.6", "import_consigment": "-"}, {"country": "Malta", "year": "2017", "timeperiod": "4", "export": "8.6", "import_origin": "7.0", "import_consigment": "-"}, {"country": "Malta", "year": "2017", "timeperiod": "5", "export": "-", "import_origin": "12.0", "import_consigment": "-"}, {"country": "Malta", "year": "2017", "timeperiod": "6", "export": "-", "import_origin": "18.9", "import_consigment": "-"}, {"country": "Malta", "year": "2017", "timeperiod": "7", "export": "-", "import_origin": "10.0", "import_consigment": "-"}, {"country": "Malta", "year": "2017", "timeperiod": "8", "export": "-", "import_origin": "7.1", "import_consigment": "-"}, {"country": "Malta", "year": "2017", "timeperiod": "9", "export": "7.5", "import_origin": "43.4", "import_consigment": "35.2"}, {"country": "Malta", "year": "2017", "timeperiod": "10", "export": "-", "import_origin": "6.0", "import_consigment": "-"}, {"country": "Malta", "year": "2017", "timeperiod": "11", "export": "-", "import_origin": "0.6", "import_consigment": "-"}, {"country": "Malta", "year": "2017", "timeperiod": "12", "export": "-", "import_origin": "83.7", "import_consigment": "-"}, {"country": "Malta", "year": "2017", "timeperiod": "Year", "export": "18.2", "import_origin": "235.8", "import_consigment": "35.2"}, {"country": "Martinique", "year": "2022", "timeperiod": "10", "export": "-", "import_origin": "1.6", "import_consigment": "-"}, {"country": "Martinique", "year": "2022", "timeperiod": "12", "export": "-", "import_origin": "0.2", "import_consigment": "-"}, {"country": "Martinique", "year": "2022", "timeperiod": "Year", "export": "-", "import_origin": "1.8", "import_consigment": "-"}, {"country": "Martinique", "year": "2021", "timeperiod": "12", "export": "-", "import_origin": "0.2", "import_consigment": "-"}, {"country": "Martinique", "year": "2021", "timeperiod": "Year", "export": "-", "import_origin": "0.2", "import_consigment": "-"}, {"country": "Martinique", "year": "2020", "timeperiod": "7", "export": "-", "import_origin": "-", "import_consigment": "-"}, {"country": "Martinique", "year": "2020", "timeperiod": "11", "export": "-", "import_origin": "0.2", "import_consigment": "-"}, {"country": "Martinique", "year": "2020", "timeperiod": "Year", "export": "-", "import_origin": "0.2", "import_consigment": "-"}, {"country": "Martinique", "year": "2019", "timeperiod": "7", "export": "-", "import_origin": "0.3", "import_consigment": "-"}, {"country": "Martinique", "year": "2019", "timeperiod": "10", "export": "-", "import_origin": "-", "import_consigment": "-"}, {"country": "Martinique", "year": "2019", "timeperiod": "Year", "export": "-", "import_origin": "0.3", "import_consigment": "-"}]}