{"data": [{"country": "Bahrain", "year": "2017", "timeperiod": "Year", "export": "1.6", "import_origin": "28.1", "import_consigment": "-"}, {"country": "Bangladesh", "year": "2023", "timeperiod": "1", "export": "-", "import_origin": "1720.0", "import_consigment": "3.9"}, {"country": "Bangladesh", "year": "2023", "timeperiod": "Year", "export": "-", "import_origin": "1720.0", "import_consigment": "3.9"}, {"country": "Bangladesh", "year": "2022", "timeperiod": "1", "export": "-", "import_origin": "1125.2", "import_consigment": "108.6"}, {"country": "Bangladesh", "year": "2022", "timeperiod": "2", "export": "0.3", "import_origin": "1291.1", "import_consigment": "71.4"}, {"country": "Bangladesh", "year": "2022", "timeperiod": "3", "export": "-", "import_origin": "1469.8", "import_consigment": "2.3"}, {"country": "Bangladesh", "year": "2022", "timeperiod": "4", "export": "-", "import_origin": "1312.4", "import_consigment": "-"}, {"country": "Bangladesh", "year": "2022", "timeperiod": "5", "export": "-", "import_origin": "1312.2", "import_consigment": "0.1"}, {"country": "Bangladesh", "year": "2022", "timeperiod": "6", "export": "-", "import_origin": "1382.4", "import_consigment": "45.8"}, {"country": "Bangladesh", "year": "2022", "timeperiod": "7", "export": "-", "import_origin": "1592.0", "import_consigment": "8.2"}, {"country": "Bangladesh", "year": "2022", "timeperiod": "8", "export": "-", "import_origin": "2069.9", "import_consigment": "0.1"}, {"country": "Bangladesh", "year": "2022", "timeperiod": "9", "export": "-", "import_origin": "2501.4", "import_consigment": "62.0"}, {"country": "Bangladesh", "year": "2022", "timeperiod": "10", "export": "-", "import_origin": "1678.9", "import_consigment": "53.8"}, {"country": "Bangladesh", "year": "2022", "timeperiod": "11", "export": "-", "import_origin": "1724.6", "import_consigment": "5.2"}, {"country": "Bangladesh", "year": "2022", "timeperiod": "12", "export": "-", "import_origin": "1835.5", "import_consigment": "-"}, {"country": "Bangladesh", "year": "2022", "timeperiod": "Year", "export": "0.3", "import_origin": "19295.5", "import_consigment": "357.5"}, {"country": "Bangladesh", "year": "2021", "timeperiod": "1", "export": "-", "import_origin": "965.5", "import_consigment": "516.4"}, {"country": "Bangladesh", "year": "2021", "timeperiod": "2", "export": "-", "import_origin": "1040.4", "import_consigment": "23.8"}, {"country": "Bangladesh", "year": "2021", "timeperiod": "3", "export": "-", "import_origin": "1330.4", "import_consigment": "49.7"}, {"country": "Bangladesh", "year": "2021", "timeperiod": "4", "export": "-", "import_origin": "1074.2", "import_consigment": "31.2"}, {"country": "Bangladesh", "year": "2021", "timeperiod": "5", "export": "-", "import_origin": "990.9", "import_consigment": "1.3"}, {"country": "Bangladesh", "year": "2021", "timeperiod": "6", "export": "0.1", "import_origin": "1280.5", "import_consigment": "10.5"}, {"country": "Bangladesh", "year": "2021", "timeperiod": "7", "export": "-", "import_origin": "1313.0", "import_consigment": "9.5"}, {"country": "Bangladesh", "year": "2021", "timeperiod": "8", "export": "-", "import_origin": "2208.0", "import_consigment": "49.9"}, {"country": "Bangladesh", "year": "2021", "timeperiod": "9", "export": "-", "import_origin": "1968.0", "import_consigment": "22.6"}]}