{"data": [{"country": "Uzbekistan", "year": "2023", "timeperiod": "Year", "export": "173.0", "import_origin": "1230.2", "import_consigment": "1063.9"}, {"country": "Uzbekistan", "year": "2022", "timeperiod": "1", "export": "371.6", "import_origin": "2053.6", "import_consigment": "1920.1"}, {"country": "Uzbekistan", "year": "2022", "timeperiod": "2", "export": "83.6", "import_origin": "1970.6", "import_consigment": "1910.9"}, {"country": "Uzbekistan", "year": "2022", "timeperiod": "3", "export": "244.0", "import_origin": "593.4", "import_consigment": "579.4"}, {"country": "Uzbekistan", "year": "2022", "timeperiod": "4", "export": "499.3", "import_origin": "1152.2", "import_consigment": "1019.7"}, {"country": "Uzbekistan", "year": "2022", "timeperiod": "5", "export": "270.4", "import_origin": "2132.4", "import_consigment": "1936.1"}, {"country": "Uzbekistan", "year": "2022", "timeperiod": "6", "export": "1043.2", "import_origin": "1995.6", "import_consigment": "1753.2"}, {"country": "Uzbekistan", "year": "2022", "timeperiod": "7", "export": "476.4", "import_origin": "1567.5", "import_consigment": "1379.4"}, {"country": "Uzbekistan", "year": "2022", "timeperiod": "8", "export": "274.4", "import_origin": "2206.7", "import_consigment": "1982.0"}, {"country": "Uzbekistan", "year": "2022", "timeperiod": "9", "export": "1430.0", "import_origin": "2940.1", "import_consigment": "2624.4"}, {"country": "Uzbekistan", "year": "2022", "timeperiod": "10", "export": "703.9", "import_origin": "1883.3", "import_consigment": "1494.3"}, {"country": "Uzbekistan", "year": "2022", "timeperiod": "11", "export": "99.9", "import_origin": "2241.4", "import_consigment": "2182.5"}, {"country": "Uzbekistan", "year": "2022", "timeperiod": "12", "export": "760.6", "import_origin": "3034.4", "import_consigment": "2754.1"}, {"country": "Uzbekistan", "year": "2022", "timeperiod": "Year", "export": "6257.1", "import_origin": "23771.1", "import_consigment": "21536.0"}, {"country": "Uzbekistan", "year": "2021", "timeperiod": "1", "export": "55.3", "import_origin": "305.4", "import_consigment": "281.9"}, {"country": "Uzbekistan", "year": "2021", "timeperiod": "2", "export": "202.9", "import_origin": "597.5", "import_consigment": "484.4"}, {"country": "Uzbekistan", "year": "2021", "timeperiod": "3", "export": "238.9", "import_origin": "629.1", "import_consigment": "546.1"}, {"country": "Uzbekistan", "year": "2021", "timeperiod": "4", "export": "139.9", "import_origin": "1368.4", "import_consigment": "1283.6"}, {"country": "Uzbekistan", "year": "2021", "timeperiod": "5", "export": "556.8", "import_origin": "807.6", "import_consigment": "739.0"}, {"country": "Uzbekistan", "year": "2021", "timeperiod": "6", "export": "344.9", "import_origin": "700.2", "import_consigment": "581.1"}, {"country": "Uzbekistan", "year": "2021", "timeperiod": "7", "export": "103.4", "import_origin": "1110.9", "import_consigment": "1001.3"}, {"country": "Uzbekistan", "year": "2021", "timeperiod": "8", "export": "354.8", "import_origin": "1635.6", "import_consigment": "1347.1"}, {"country": "Uzbekistan", "year": "2021", "timeperiod": "9", "export": "204.2", "import_origin": "1178.7", "import_consigment": "972.6"}, {"country": "Uzbekistan", "year": "2021", "timeperiod": "10", "export": "358.3", "import_origin": "890.5", "import_consigment": "1011.4"}, {"country": "Uzbekistan", "year": "2021", "timeperiod": "11", "export": "48.5", "import_origin": "1133.5", "import_consigment": "950.1"}]}