{"data": [{"country": "Cote d' Ivoire", "year": "2021", "timeperiod": "6", "export": "-", "import_origin": "246.8", "import_consigment": "-"}, {"country": "Cote d' Ivoire", "year": "2021", "timeperiod": "7", "export": "-", "import_origin": "182.2", "import_consigment": "-"}, {"country": "Cote d' Ivoire", "year": "2021", "timeperiod": "8", "export": "-", "import_origin": "146.9", "import_consigment": "-"}, {"country": "Cote d' Ivoire", "year": "2021", "timeperiod": "9", "export": "-", "import_origin": "199.5", "import_consigment": "-"}, {"country": "Cote d' Ivoire", "year": "2021", "timeperiod": "10", "export": "-", "import_origin": "100.9", "import_consigment": "-"}, {"country": "Cote d' Ivoire", "year": "2021", "timeperiod": "11", "export": "-", "import_origin": "175.6", "import_consigment": "-"}, {"country": "Cote d' Ivoire", "year": "2021", "timeperiod": "12", "export": "-", "import_origin": "129.4", "import_consigment": "-"}, {"country": "Cote d' Ivoire", "year": "2021", "timeperiod": "Year", "export": "-", "import_origin": "1753.0", "import_consigment": "-"}, {"country": "Cote d' Ivoire", "year": "2020", "timeperiod": "2", "export": "-", "import_origin": "6.1", "import_consigment": "-"}, {"country": "Cote d' Ivoire", "year": "2020", "timeperiod": "3", "export": "-", "import_origin": "137.6", "import_consigment": "-"}, {"country": "Cote d' Ivoire", "year": "2020", "timeperiod": "4", "export": "-", "import_origin": "41.8", "import_consigment": "-"}, {"country": "Cote d' Ivoire", "year": "2020", "timeperiod": "5", "export": "-", "import_origin": "34.2", "import_consigment": "-"}, {"country": "Cote d' Ivoire", "year": "2020", "timeperiod": "6", "export": "-", "import_origin": "10.7", "import_consigment": "-"}, {"country": "Cote d' Ivoire", "year": "2020", "timeperiod": "7", "export": "-", "import_origin": "213.3", "import_consigment": "-"}, {"country": "Cote d' Ivoire", "year": "2020", "timeperiod": "8", "export": "-", "import_origin": "76.2", "import_consigment": "-"}, {"country": "Cote d' Ivoire", "year": "2020", "timeperiod": "9", "export": "-", "import_origin": "43.1", "import_consigment": "-"}, {"country": "Cote d' Ivoire", "year": "2020", "timeperiod": "10", "export": "-", "import_origin": "82.3", "import_consigment": "-"}, {"country": "Cote d' Ivoire", "year": "2020", "timeperiod": "11", "export": "-", "import_origin": "7.4", "import_consigment": "-"}, {"country": "Cote d' Ivoire", "year": "2020", "timeperiod": "12", "export": "-", "import_origin": "35.7", "import_consigment": "24.7"}, {"country": "Cote d' Ivoire", "year": "2020", "timeperiod": "Year", "export": "-", "import_origin": "688.5", "import_consigment": "24.7"}, {"country": "Cote d' Ivoire", "year": "2019", "timeperiod": "1", "export": "-", "import_origin": "150.4", "import_consigment": "-"}, {"country": "Cote d' Ivoire", "year": "2019", "timeperiod": "2", "export": "-", "import_origin": "434.4", "import_consigment": "61.0"}, {"country": "Cote d' Ivoire", "year": "2019", "timeperiod": "3", "export": "-", "import_origin": "359.7", "import_consigment": "60.8"}, {"country": "Cote d' Ivoire", "year": "2019", "timeperiod": "4", "export": "-", "import_origin": "247.5", "import_consigment": "-"}, {"country": "Cote d' Ivoire", "year": "2019", "timeperiod": "5", "export": "-", "import_origin": "14.0", "import_consigment": "-"}]}