{"data": [{"country": "Norway", "year": "2018", "timeperiod": "5", "export": "-", "import_origin": "97.3", "import_consigment": "178.1"}, {"country": "Norway", "year": "2018", "timeperiod": "6", "export": "-", "import_origin": "141.0", "import_consigment": "286.4"}, {"country": "Norway", "year": "2018", "timeperiod": "7", "export": "0.2", "import_origin": "146.7", "import_consigment": "80.1"}, {"country": "Norway", "year": "2018", "timeperiod": "8", "export": "-", "import_origin": "78.0", "import_consigment": "17.3"}, {"country": "Norway", "year": "2018", "timeperiod": "9", "export": "-", "import_origin": "180.7", "import_consigment": "-"}, {"country": "Norway", "year": "2018", "timeperiod": "10", "export": "-", "import_origin": "169.5", "import_consigment": "111.9"}, {"country": "Norway", "year": "2018", "timeperiod": "11", "export": "-", "import_origin": "83.8", "import_consigment": "23.6"}, {"country": "Norway", "year": "2018", "timeperiod": "12", "export": "1.4", "import_origin": "234.6", "import_consigment": "57.6"}, {"country": "Norway", "year": "2018", "timeperiod": "Year", "export": "23.6", "import_origin": "1951.9", "import_consigment": "1307.4"}, {"country": "Norway", "year": "2017", "timeperiod": "1", "export": "-", "import_origin": "150.0", "import_consigment": "139.3"}, {"country": "Norway", "year": "2017", "timeperiod": "2", "export": "-", "import_origin": "99.2", "import_consigment": "94.2"}, {"country": "Norway", "year": "2017", "timeperiod": "3", "export": "-", "import_origin": "217.4", "import_consigment": "169.9"}, {"country": "Norway", "year": "2017", "timeperiod": "4", "export": "-", "import_origin": "97.1", "import_consigment": "61.7"}, {"country": "Norway", "year": "2017", "timeperiod": "5", "export": "0.3", "import_origin": "64.3", "import_consigment": "-"}, {"country": "Norway", "year": "2017", "timeperiod": "6", "export": "0.9", "import_origin": "145.6", "import_consigment": "122.7"}, {"country": "Norway", "year": "2017", "timeperiod": "7", "export": "-", "import_origin": "465.3", "import_consigment": "243.5"}, {"country": "Norway", "year": "2017", "timeperiod": "8", "export": "0.5", "import_origin": "71.2", "import_consigment": "33.5"}, {"country": "Norway", "year": "2017", "timeperiod": "9", "export": "-", "import_origin": "56.5", "import_consigment": "28.1"}, {"country": "Norway", "year": "2017", "timeperiod": "10", "export": "0.9", "import_origin": "98.9", "import_consigment": "69.0"}, {"country": "Norway", "year": "2017", "timeperiod": "11", "export": "-", "import_origin": "215.2", "import_consigment": "142.2"}, {"country": "Norway", "year": "2017", "timeperiod": "12", "export": "-", "import_origin": "297.4", "import_consigment": "223.0"}, {"country": "Norway", "year": "2017", "timeperiod": "Year", "export": "2.6", "import_origin": "1978.2", "import_consigment": "1327.1"}, {"country": "United States Minor Outlying Islands", "year": "2023", "timeperiod": "1", "export": "-", "import_origin": "-", "import_consigment": "-"}, {"country": "United States Minor Outlying Islands", "year": "2023", "timeperiod": "Year", "export": "-", "import_origin": "-", "import_consigment": "-"}, {"country": "United States Minor Outlying Islands", "year": "2022", "timeperiod": "1", "export": "-", "import_origin": "1.8", "import_consigment": "-"}]}