{"data": [{"country": "Lebanon", "year": "2019", "timeperiod": "3", "export": "28.3", "import_origin": "102.2", "import_consigment": "148.3"}, {"country": "Lebanon", "year": "2019", "timeperiod": "4", "export": "12.2", "import_origin": "116.3", "import_consigment": "46.3"}, {"country": "Lebanon", "year": "2019", "timeperiod": "5", "export": "-", "import_origin": "73.8", "import_consigment": "107.9"}, {"country": "Lebanon", "year": "2019", "timeperiod": "6", "export": "46.7", "import_origin": "65.7", "import_consigment": "67.6"}, {"country": "Lebanon", "year": "2019", "timeperiod": "7", "export": "0.9", "import_origin": "164.0", "import_consigment": "196.3"}, {"country": "Lebanon", "year": "2019", "timeperiod": "8", "export": "42.7", "import_origin": "49.3", "import_consigment": "155.0"}, {"country": "Lebanon", "year": "2019", "timeperiod": "9", "export": "7.6", "import_origin": "261.1", "import_consigment": "359.8"}, {"country": "Lebanon", "year": "2019", "timeperiod": "10", "export": "15.2", "import_origin": "178.2", "import_consigment": "211.9"}, {"country": "Lebanon", "year": "2019", "timeperiod": "11", "export": "55.0", "import_origin": "196.8", "import_consigment": "218.4"}, {"country": "Lebanon", "year": "2019", "timeperiod": "12", "export": "337.6", "import_origin": "152.0", "import_consigment": "189.7"}, {"country": "Lebanon", "year": "2019", "timeperiod": "Year", "export": "546.2", "import_origin": "1492.0", "import_consigment": "1849.2"}, {"country": "Lebanon", "year": "2018", "timeperiod": "1", "export": "10.3", "import_origin": "55.5", "import_consigment": "70.2"}, {"country": "Lebanon", "year": "2018", "timeperiod": "2", "export": "0.8", "import_origin": "97.0", "import_consigment": "105.8"}, {"country": "Lebanon", "year": "2018", "timeperiod": "3", "export": "20.0", "import_origin": "164.3", "import_consigment": "149.5"}, {"country": "Lebanon", "year": "2018", "timeperiod": "4", "export": "1.0", "import_origin": "248.5", "import_consigment": "272.3"}, {"country": "Lebanon", "year": "2018", "timeperiod": "5", "export": "8.2", "import_origin": "205.2", "import_consigment": "237.0"}, {"country": "Lebanon", "year": "2018", "timeperiod": "6", "export": "21.0", "import_origin": "18.4", "import_consigment": "18.3"}, {"country": "Lebanon", "year": "2018", "timeperiod": "7", "export": "22.4", "import_origin": "56.3", "import_consigment": "59.8"}, {"country": "Lebanon", "year": "2018", "timeperiod": "8", "export": "38.5", "import_origin": "43.6", "import_consigment": "51.2"}, {"country": "Lebanon", "year": "2018", "timeperiod": "9", "export": "8.1", "import_origin": "113.1", "import_consigment": "134.9"}, {"country": "Lebanon", "year": "2018", "timeperiod": "10", "export": "-", "import_origin": "55.5", "import_consigment": "136.8"}, {"country": "Lebanon", "year": "2018", "timeperiod": "11", "export": "53.5", "import_origin": "106.7", "import_consigment": "145.4"}, {"country": "Lebanon", "year": "2018", "timeperiod": "12", "export": "50.7", "import_origin": "300.0", "import_consigment": "350.8"}, {"country": "Lebanon", "year": "2018", "timeperiod": "Year", "export": "234.5", "import_origin": "1464.0", "import_consigment": "1732.1"}, {"country": "Lebanon", "year": "2017", "timeperiod": "1", "export": "16.0", "import_origin": "31.1", "import_consigment": "33.6"}]}