{"data": [{"country": "Luxembourg", "year": "2019", "timeperiod": "3", "export": "245.0", "import_origin": "81.0", "import_consigment": "240.9"}, {"country": "Luxembourg", "year": "2019", "timeperiod": "4", "export": "253.0", "import_origin": "94.5", "import_consigment": "212.3"}, {"country": "Luxembourg", "year": "2019", "timeperiod": "5", "export": "59.9", "import_origin": "41.0", "import_consigment": "277.2"}, {"country": "Luxembourg", "year": "2019", "timeperiod": "6", "export": "-", "import_origin": "69.1", "import_consigment": "227.4"}, {"country": "Luxembourg", "year": "2019", "timeperiod": "7", "export": "-", "import_origin": "36.1", "import_consigment": "605.7"}, {"country": "Luxembourg", "year": "2019", "timeperiod": "8", "export": "-", "import_origin": "146.0", "import_consigment": "235.1"}, {"country": "Luxembourg", "year": "2019", "timeperiod": "9", "export": "-", "import_origin": "44.2", "import_consigment": "799.4"}, {"country": "Luxembourg", "year": "2019", "timeperiod": "10", "export": "12.5", "import_origin": "288.8", "import_consigment": "844.0"}, {"country": "Luxembourg", "year": "2019", "timeperiod": "11", "export": "87.5", "import_origin": "64.1", "import_consigment": "500.3"}, {"country": "Luxembourg", "year": "2019", "timeperiod": "12", "export": "142.5", "import_origin": "143.1", "import_consigment": "511.1"}, {"country": "Luxembourg", "year": "2019", "timeperiod": "Year", "export": "1004.4", "import_origin": "1215.6", "import_consigment": "4679.7"}, {"country": "Luxembourg", "year": "2018", "timeperiod": "1", "export": "146.6", "import_origin": "65.6", "import_consigment": "-"}, {"country": "Luxembourg", "year": "2018", "timeperiod": "2", "export": "73.3", "import_origin": "128.2", "import_consigment": "433.0"}, {"country": "Luxembourg", "year": "2018", "timeperiod": "3", "export": "55.2", "import_origin": "110.7", "import_consigment": "23.3"}, {"country": "Luxembourg", "year": "2018", "timeperiod": "4", "export": "-", "import_origin": "93.1", "import_consigment": "19.6"}, {"country": "Luxembourg", "year": "2018", "timeperiod": "5", "export": "324.5", "import_origin": "76.6", "import_consigment": "48.5"}, {"country": "Luxembourg", "year": "2018", "timeperiod": "6", "export": "39.0", "import_origin": "110.6", "import_consigment": "14.9"}, {"country": "Luxembourg", "year": "2018", "timeperiod": "7", "export": "67.5", "import_origin": "8.0", "import_consigment": "0.4"}, {"country": "Luxembourg", "year": "2018", "timeperiod": "8", "export": "160.5", "import_origin": "97.0", "import_consigment": "85.8"}, {"country": "Luxembourg", "year": "2018", "timeperiod": "9", "export": "188.8", "import_origin": "74.2", "import_consigment": "16.5"}, {"country": "Luxembourg", "year": "2018", "timeperiod": "10", "export": "75.0", "import_origin": "81.0", "import_consigment": "81.6"}, {"country": "Luxembourg", "year": "2018", "timeperiod": "11", "export": "-", "import_origin": "58.5", "import_consigment": "2.6"}, {"country": "Luxembourg", "year": "2018", "timeperiod": "12", "export": "130.3", "import_origin": "72.3", "import_consigment": "399.0"}, {"country": "Luxembourg", "year": "2018", "timeperiod": "Year", "export": "1260.7", "import_origin": "975.8", "import_consigment": "1125.1"}, {"country": "Luxembourg", "year": "2017", "timeperiod": "1", "export": "-", "import_origin": "74.3", "import_consigment": "9.0"}]}