{"data": [{"country": "Morocco", "year": "2019", "timeperiod": "12", "export": "-", "import_origin": "232.9", "import_consigment": "83.3"}, {"country": "Morocco", "year": "2019", "timeperiod": "Year", "export": "20.5", "import_origin": "3005.4", "import_consigment": "513.0"}, {"country": "Morocco", "year": "2018", "timeperiod": "1", "export": "9.4", "import_origin": "166.6", "import_consigment": "-"}, {"country": "Morocco", "year": "2018", "timeperiod": "2", "export": "-", "import_origin": "170.5", "import_consigment": "-"}, {"country": "Morocco", "year": "2018", "timeperiod": "3", "export": "-", "import_origin": "276.4", "import_consigment": "-"}, {"country": "Morocco", "year": "2018", "timeperiod": "4", "export": "-", "import_origin": "283.4", "import_consigment": "37.7"}, {"country": "Morocco", "year": "2018", "timeperiod": "5", "export": "-", "import_origin": "200.3", "import_consigment": "-"}, {"country": "Morocco", "year": "2018", "timeperiod": "6", "export": "-", "import_origin": "220.2", "import_consigment": "82.5"}, {"country": "Morocco", "year": "2018", "timeperiod": "7", "export": "-", "import_origin": "240.6", "import_consigment": "-"}, {"country": "Morocco", "year": "2018", "timeperiod": "8", "export": "-", "import_origin": "363.5", "import_consigment": "-"}, {"country": "Morocco", "year": "2018", "timeperiod": "9", "export": "-", "import_origin": "197.9", "import_consigment": "-"}, {"country": "Morocco", "year": "2018", "timeperiod": "10", "export": "-", "import_origin": "242.5", "import_consigment": "-"}, {"country": "Morocco", "year": "2018", "timeperiod": "11", "export": "-", "import_origin": "225.2", "import_consigment": "-"}, {"country": "Morocco", "year": "2018", "timeperiod": "12", "export": "-", "import_origin": "142.0", "import_consigment": "-"}, {"country": "Morocco", "year": "2018", "timeperiod": "Year", "export": "9.4", "import_origin": "2729.0", "import_consigment": "120.2"}, {"country": "Morocco", "year": "2017", "timeperiod": "1", "export": "-", "import_origin": "103.6", "import_consigment": "-"}, {"country": "Morocco", "year": "2017", "timeperiod": "2", "export": "-", "import_origin": "166.0", "import_consigment": "-"}, {"country": "Morocco", "year": "2017", "timeperiod": "3", "export": "-", "import_origin": "193.1", "import_consigment": "-"}, {"country": "Morocco", "year": "2017", "timeperiod": "4", "export": "-", "import_origin": "193.0", "import_consigment": "-"}, {"country": "Morocco", "year": "2017", "timeperiod": "5", "export": "-", "import_origin": "100.6", "import_consigment": "-"}, {"country": "Morocco", "year": "2017", "timeperiod": "6", "export": "-", "import_origin": "157.2", "import_consigment": "41.8"}, {"country": "Morocco", "year": "2017", "timeperiod": "7", "export": "-", "import_origin": "167.1", "import_consigment": "-"}, {"country": "Morocco", "year": "2017", "timeperiod": "8", "export": "-", "import_origin": "286.6", "import_consigment": "32.3"}, {"country": "Morocco", "year": "2017", "timeperiod": "9", "export": "-", "import_origin": "273.9", "import_consigment": "32.0"}, {"country": "Morocco", "year": "2017", "timeperiod": "10", "export": "-", "import_origin": "197.8", "import_consigment": "-"}]}