{"data": [{"country": "Costa Rica", "year": "2022", "timeperiod": "12", "export": "-", "import_origin": "1184.6", "import_consigment": "-"}, {"country": "Costa Rica", "year": "2022", "timeperiod": "Year", "export": "-", "import_origin": "3564.9", "import_consigment": "150.6"}, {"country": "Costa Rica", "year": "2021", "timeperiod": "1", "export": "-", "import_origin": "79.3", "import_consigment": "-"}, {"country": "Costa Rica", "year": "2021", "timeperiod": "2", "export": "-", "import_origin": "269.9", "import_consigment": "-"}, {"country": "Costa Rica", "year": "2021", "timeperiod": "3", "export": "-", "import_origin": "128.4", "import_consigment": "13.3"}, {"country": "Costa Rica", "year": "2021", "timeperiod": "4", "export": "-", "import_origin": "137.3", "import_consigment": "-"}, {"country": "Costa Rica", "year": "2021", "timeperiod": "5", "export": "-", "import_origin": "179.9", "import_consigment": "13.0"}, {"country": "Costa Rica", "year": "2021", "timeperiod": "6", "export": "-", "import_origin": "169.8", "import_consigment": "14.3"}, {"country": "Costa Rica", "year": "2021", "timeperiod": "7", "export": "-", "import_origin": "115.5", "import_consigment": "-"}, {"country": "Costa Rica", "year": "2021", "timeperiod": "8", "export": "-", "import_origin": "69.3", "import_consigment": "-"}, {"country": "Costa Rica", "year": "2021", "timeperiod": "9", "export": "-", "import_origin": "237.5", "import_consigment": "-"}, {"country": "Costa Rica", "year": "2021", "timeperiod": "10", "export": "-", "import_origin": "121.4", "import_consigment": "-"}, {"country": "Costa Rica", "year": "2021", "timeperiod": "11", "export": "-", "import_origin": "208.6", "import_consigment": "-"}, {"country": "Costa Rica", "year": "2021", "timeperiod": "12", "export": "-", "import_origin": "810.9", "import_consigment": "-"}, {"country": "Costa Rica", "year": "2021", "timeperiod": "Year", "export": "-", "import_origin": "2527.8", "import_consigment": "40.7"}, {"country": "Costa Rica", "year": "2020", "timeperiod": "1", "export": "-", "import_origin": "105.6", "import_consigment": "-"}, {"country": "Costa Rica", "year": "2020", "timeperiod": "2", "export": "-", "import_origin": "149.2", "import_consigment": "-"}, {"country": "Costa Rica", "year": "2020", "timeperiod": "3", "export": "-", "import_origin": "91.4", "import_consigment": "-"}, {"country": "Costa Rica", "year": "2020", "timeperiod": "4", "export": "-", "import_origin": "58.8", "import_consigment": "-"}, {"country": "Costa Rica", "year": "2020", "timeperiod": "5", "export": "-", "import_origin": "120.3", "import_consigment": "25.1"}, {"country": "Costa Rica", "year": "2020", "timeperiod": "6", "export": "-", "import_origin": "62.3", "import_consigment": "26.1"}, {"country": "Costa Rica", "year": "2020", "timeperiod": "7", "export": "-", "import_origin": "109.0", "import_consigment": "-"}, {"country": "Costa Rica", "year": "2020", "timeperiod": "8", "export": "-", "import_origin": "43.2", "import_consigment": "-"}, {"country": "Costa Rica", "year": "2020", "timeperiod": "9", "export": "-", "import_origin": "106.2", "import_consigment": "-"}, {"country": "Costa Rica", "year": "2020", "timeperiod": "10", "export": "-", "import_origin": "96.5", "import_consigment": "-"}]}