{"data": [{"country": "Iran, Islamic Republic of", "year": "2019", "timeperiod": "5", "export": "7507.8", "import_origin": "27321.8", "import_consigment": "27346.8"}, {"country": "Iran, Islamic Republic of", "year": "2019", "timeperiod": "6", "export": "9716.6", "import_origin": "26826.5", "import_consigment": "26906.3"}, {"country": "Iran, Islamic Republic of", "year": "2019", "timeperiod": "7", "export": "6951.4", "import_origin": "26865.4", "import_consigment": "27014.5"}, {"country": "Iran, Islamic Republic of", "year": "2019", "timeperiod": "8", "export": "10652.9", "import_origin": "27223.2", "import_consigment": "27129.6"}, {"country": "Iran, Islamic Republic of", "year": "2019", "timeperiod": "9", "export": "10624.0", "import_origin": "30096.8", "import_consigment": "30026.4"}, {"country": "Iran, Islamic Republic of", "year": "2019", "timeperiod": "10", "export": "8069.9", "import_origin": "34049.7", "import_consigment": "33952.6"}, {"country": "Iran, Islamic Republic of", "year": "2019", "timeperiod": "11", "export": "4706.4", "import_origin": "31103.5", "import_consigment": "30927.1"}, {"country": "Iran, Islamic Republic of", "year": "2019", "timeperiod": "12", "export": "7764.5", "import_origin": "38200.2", "import_consigment": "38406.8"}, {"country": "Iran, Islamic Republic of", "year": "2019", "timeperiod": "Year", "export": "83864.7", "import_origin": "325257.0", "import_consigment": "325795.5"}, {"country": "Iran, Islamic Republic of", "year": "2018", "timeperiod": "1", "export": "11028.9", "import_origin": "12276.5", "import_consigment": "11568.2"}, {"country": "Iran, Islamic Republic of", "year": "2018", "timeperiod": "2", "export": "8170.6", "import_origin": "15134.4", "import_consigment": "14893.8"}, {"country": "Iran, Islamic Republic of", "year": "2018", "timeperiod": "3", "export": "5587.6", "import_origin": "18438.7", "import_consigment": "18158.0"}, {"country": "Iran, Islamic Republic of", "year": "2018", "timeperiod": "4", "export": "7436.6", "import_origin": "13747.6", "import_consigment": "13103.0"}, {"country": "Iran, Islamic Republic of", "year": "2018", "timeperiod": "5", "export": "7746.6", "import_origin": "22523.3", "import_consigment": "22369.9"}, {"country": "Iran, Islamic Republic of", "year": "2018", "timeperiod": "6", "export": "8096.7", "import_origin": "24320.4", "import_consigment": "24138.5"}, {"country": "Iran, Islamic Republic of", "year": "2018", "timeperiod": "7", "export": "8168.7", "import_origin": "23502.6", "import_consigment": "23420.3"}, {"country": "Iran, Islamic Republic of", "year": "2018", "timeperiod": "8", "export": "6697.1", "import_origin": "23638.5", "import_consigment": "23743.0"}, {"country": "Iran, Islamic Republic of", "year": "2018", "timeperiod": "9", "export": "6150.5", "import_origin": "28255.8", "import_consigment": "27851.5"}, {"country": "Iran, Islamic Republic of", "year": "2018", "timeperiod": "10", "export": "11246.9", "import_origin": "30565.5", "import_consigment": "30403.4"}, {"country": "Iran, Islamic Republic of", "year": "2018", "timeperiod": "11", "export": "8755.0", "import_origin": "30810.7", "import_consigment": "30742.4"}, {"country": "Iran, Islamic Republic of", "year": "2018", "timeperiod": "12", "export": "5118.2", "import_origin": "26127.2", "import_consigment": "26049.0"}, {"country": "Iran, Islamic Republic of", "year": "2018", "timeperiod": "Year", "export": "94203.6", "import_origin": "269341.4", "import_consigment": "266441.0"}, {"country": "Iran, Islamic Republic of", "year": "2017", "timeperiod": "1", "export": "5610.0", "import_origin": "10015.5", "import_consigment": "10059.9"}, {"country": "Iran, Islamic Republic of", "year": "2017", "timeperiod": "2", "export": "3620.8", "import_origin": "10623.4", "import_consigment": "10767.0"}, {"country": "Iran, Islamic Republic of", "year": "2017", "timeperiod": "3", "export": "4143.4", "import_origin": "13727.6", "import_consigment": "13765.3"}]}