{"data": [{"country": "South Africa", "year": "2017", "timeperiod": "1", "export": "-", "import_origin": "131.4", "import_consigment": "43.5"}, {"country": "South Africa", "year": "2017", "timeperiod": "2", "export": "-", "import_origin": "520.0", "import_consigment": "457.9"}, {"country": "South Africa", "year": "2017", "timeperiod": "3", "export": "-", "import_origin": "1149.5", "import_consigment": "859.1"}, {"country": "South Africa", "year": "2017", "timeperiod": "4", "export": "-", "import_origin": "140.1", "import_consigment": "40.4"}, {"country": "South Africa", "year": "2017", "timeperiod": "5", "export": "-", "import_origin": "373.7", "import_consigment": "15.6"}, {"country": "South Africa", "year": "2017", "timeperiod": "6", "export": "-", "import_origin": "218.7", "import_consigment": "133.5"}, {"country": "South Africa", "year": "2017", "timeperiod": "7", "export": "0.9", "import_origin": "322.7", "import_consigment": "27.3"}, {"country": "South Africa", "year": "2017", "timeperiod": "8", "export": "2.1", "import_origin": "220.6", "import_consigment": "29.7"}, {"country": "South Africa", "year": "2017", "timeperiod": "9", "export": "-", "import_origin": "530.5", "import_consigment": "225.5"}, {"country": "South Africa", "year": "2017", "timeperiod": "10", "export": "-", "import_origin": "3951.8", "import_consigment": "3709.5"}, {"country": "South Africa", "year": "2017", "timeperiod": "11", "export": "3.3", "import_origin": "311.4", "import_consigment": "45.3"}, {"country": "South Africa", "year": "2017", "timeperiod": "12", "export": "0.1", "import_origin": "4183.1", "import_consigment": "3665.1"}, {"country": "South Africa", "year": "2017", "timeperiod": "Year", "export": "6.4", "import_origin": "12053.5", "import_consigment": "9252.2"}, {"country": "Zimbabwe", "year": "2023", "timeperiod": "1", "export": "-", "import_origin": "1354.4", "import_consigment": "989.5"}, {"country": "Zimbabwe", "year": "2023", "timeperiod": "Year", "export": "-", "import_origin": "1354.4", "import_consigment": "989.5"}, {"country": "Zimbabwe", "year": "2022", "timeperiod": "2", "export": "-", "import_origin": "2378.0", "import_consigment": "2378.0"}, {"country": "Zimbabwe", "year": "2022", "timeperiod": "4", "export": "-", "import_origin": "4.9", "import_consigment": "-"}, {"country": "Zimbabwe", "year": "2022", "timeperiod": "7", "export": "-", "import_origin": "2.3", "import_consigment": "-"}, {"country": "Zimbabwe", "year": "2022", "timeperiod": "8", "export": "-", "import_origin": "4.4", "import_consigment": "-"}, {"country": "Zimbabwe", "year": "2022", "timeperiod": "9", "export": "-", "import_origin": "557.9", "import_consigment": "-"}, {"country": "Zimbabwe", "year": "2022", "timeperiod": "10", "export": "-", "import_origin": "1186.0", "import_consigment": "-"}, {"country": "Zimbabwe", "year": "2022", "timeperiod": "11", "export": "-", "import_origin": "64.2", "import_consigment": "-"}, {"country": "Zimbabwe", "year": "2022", "timeperiod": "12", "export": "-", "import_origin": "1234.8", "import_consigment": "1234.8"}, {"country": "Zimbabwe", "year": "2022", "timeperiod": "Year", "export": "-", "import_origin": "5432.6", "import_consigment": "3612.8"}, {"country": "Zimbabwe", "year": "2021", "timeperiod": "1", "export": "-", "import_origin": "1400.1", "import_consigment": "1319.9"}]}