{"data": [{"country": "Qatar", "year": "2018", "timeperiod": "8", "export": "707.5", "import_origin": "38.7", "import_consigment": "38.7"}, {"country": "Qatar", "year": "2018", "timeperiod": "9", "export": "-", "import_origin": "84.7", "import_consigment": "77.8"}, {"country": "Qatar", "year": "2018", "timeperiod": "10", "export": "4.9", "import_origin": "268.3", "import_consigment": "269.8"}, {"country": "Qatar", "year": "2018", "timeperiod": "11", "export": "32.0", "import_origin": "271.4", "import_consigment": "153.7"}, {"country": "Qatar", "year": "2018", "timeperiod": "12", "export": "14.7", "import_origin": "169.2", "import_consigment": "114.8"}, {"country": "Qatar", "year": "2018", "timeperiod": "Year", "export": "922.1", "import_origin": "1121.9", "import_consigment": "863.4"}, {"country": "Qatar", "year": "2017", "timeperiod": "1", "export": "-", "import_origin": "38.3", "import_consigment": "38.4"}, {"country": "Qatar", "year": "2017", "timeperiod": "3", "export": "-", "import_origin": "-", "import_consigment": "0.9"}, {"country": "Qatar", "year": "2017", "timeperiod": "4", "export": "-", "import_origin": "-", "import_consigment": "0.2"}, {"country": "Qatar", "year": "2017", "timeperiod": "6", "export": "10.9", "import_origin": "0.1", "import_consigment": "0.6"}, {"country": "Qatar", "year": "2017", "timeperiod": "7", "export": "376.9", "import_origin": "33.9", "import_consigment": "33.9"}, {"country": "Qatar", "year": "2017", "timeperiod": "8", "export": "368.2", "import_origin": "1.4", "import_consigment": "2.9"}, {"country": "Qatar", "year": "2017", "timeperiod": "9", "export": "470.7", "import_origin": "76.5", "import_consigment": "77.1"}, {"country": "Qatar", "year": "2017", "timeperiod": "10", "export": "99.0", "import_origin": "29.4", "import_consigment": "1.1"}, {"country": "Qatar", "year": "2017", "timeperiod": "11", "export": "-", "import_origin": "18.0", "import_consigment": "0.4"}, {"country": "Qatar", "year": "2017", "timeperiod": "12", "export": "12.6", "import_origin": "319.3", "import_consigment": "306.2"}, {"country": "Qatar", "year": "2017", "timeperiod": "Year", "export": "1338.4", "import_origin": "516.8", "import_consigment": "461.8"}, {"country": "Reunion", "year": "2023", "timeperiod": "1", "export": "-", "import_origin": "0.2", "import_consigment": "-"}, {"country": "Reunion", "year": "2023", "timeperiod": "Year", "export": "-", "import_origin": "0.2", "import_consigment": "-"}, {"country": "Reunion", "year": "2022", "timeperiod": "5", "export": "-", "import_origin": "17.8", "import_consigment": "-"}, {"country": "Reunion", "year": "2022", "timeperiod": "6", "export": "-", "import_origin": "0.1", "import_consigment": "-"}, {"country": "Reunion", "year": "2022", "timeperiod": "8", "export": "-", "import_origin": "1.2", "import_consigment": "-"}, {"country": "Reunion", "year": "2022", "timeperiod": "10", "export": "-", "import_origin": "0.2", "import_consigment": "-"}, {"country": "Reunion", "year": "2022", "timeperiod": "Year", "export": "-", "import_origin": "19.3", "import_consigment": "-"}, {"country": "Reunion", "year": "2021", "timeperiod": "8", "export": "-", "import_origin": "0.2", "import_consigment": "-"}]}