{"data": [{"country": "Ethiopia", "year": "2017", "timeperiod": "6", "export": "-", "import_origin": "52.2", "import_consigment": "50.3"}, {"country": "Ethiopia", "year": "2017", "timeperiod": "8", "export": "-", "import_origin": "74.5", "import_consigment": "-"}, {"country": "Ethiopia", "year": "2017", "timeperiod": "9", "export": "-", "import_origin": "2.8", "import_consigment": "-"}, {"country": "Ethiopia", "year": "2017", "timeperiod": "10", "export": "-", "import_origin": "6.0", "import_consigment": "-"}, {"country": "Ethiopia", "year": "2017", "timeperiod": "11", "export": "0.6", "import_origin": "57.0", "import_consigment": "54.0"}, {"country": "Ethiopia", "year": "2017", "timeperiod": "12", "export": "0.3", "import_origin": "1.1", "import_consigment": "-"}, {"country": "Ethiopia", "year": "2017", "timeperiod": "Year", "export": "1.0", "import_origin": "341.8", "import_consigment": "104.3"}, {"country": "Eritrea", "year": "2022", "timeperiod": "5", "export": "-", "import_origin": "0.1", "import_consigment": "-"}, {"country": "Eritrea", "year": "2022", "timeperiod": "12", "export": "-", "import_origin": "-", "import_consigment": "-"}, {"country": "Eritrea", "year": "2022", "timeperiod": "Year", "export": "-", "import_origin": "0.1", "import_consigment": "-"}, {"country": "Estonia", "year": "2023", "timeperiod": "1", "export": "139.7", "import_origin": "145.1", "import_consigment": "1241.1"}, {"country": "Estonia", "year": "2023", "timeperiod": "Year", "export": "139.7", "import_origin": "145.1", "import_consigment": "1241.1"}, {"country": "Estonia", "year": "2022", "timeperiod": "1", "export": "35.0", "import_origin": "107.5", "import_consigment": "177.4"}, {"country": "Estonia", "year": "2022", "timeperiod": "2", "export": "114.3", "import_origin": "81.9", "import_consigment": "118.9"}, {"country": "Estonia", "year": "2022", "timeperiod": "3", "export": "108.9", "import_origin": "33.4", "import_consigment": "670.5"}, {"country": "Estonia", "year": "2022", "timeperiod": "4", "export": "95.8", "import_origin": "128.7", "import_consigment": "452.5"}, {"country": "Estonia", "year": "2022", "timeperiod": "5", "export": "205.8", "import_origin": "146.1", "import_consigment": "396.3"}, {"country": "Estonia", "year": "2022", "timeperiod": "6", "export": "98.5", "import_origin": "269.9", "import_consigment": "697.0"}, {"country": "Estonia", "year": "2022", "timeperiod": "7", "export": "58.2", "import_origin": "112.3", "import_consigment": "462.9"}, {"country": "Estonia", "year": "2022", "timeperiod": "8", "export": "177.9", "import_origin": "332.4", "import_consigment": "1695.9"}, {"country": "Estonia", "year": "2022", "timeperiod": "9", "export": "154.0", "import_origin": "246.1", "import_consigment": "1632.0"}, {"country": "Estonia", "year": "2022", "timeperiod": "10", "export": "323.5", "import_origin": "322.6", "import_consigment": "2468.3"}, {"country": "Estonia", "year": "2022", "timeperiod": "11", "export": "113.1", "import_origin": "565.7", "import_consigment": "938.4"}, {"country": "Estonia", "year": "2022", "timeperiod": "12", "export": "136.7", "import_origin": "282.3", "import_consigment": "2136.8"}, {"country": "Estonia", "year": "2022", "timeperiod": "Year", "export": "1621.7", "import_origin": "2628.9", "import_consigment": "11846.9"}]}