{"data": [{"country": "Thailand", "year": "2021", "timeperiod": "1", "export": "-", "import_origin": "1349.7", "import_consigment": "870.8"}, {"country": "Thailand", "year": "2021", "timeperiod": "2", "export": "-", "import_origin": "1790.3", "import_consigment": "862.1"}, {"country": "Thailand", "year": "2021", "timeperiod": "3", "export": "-", "import_origin": "2054.7", "import_consigment": "1278.0"}, {"country": "Thailand", "year": "2021", "timeperiod": "4", "export": "-", "import_origin": "2531.6", "import_consigment": "1559.1"}, {"country": "Thailand", "year": "2021", "timeperiod": "5", "export": "2.7", "import_origin": "1628.3", "import_consigment": "1012.7"}, {"country": "Thailand", "year": "2021", "timeperiod": "6", "export": "14.2", "import_origin": "2150.4", "import_consigment": "1121.0"}, {"country": "Thailand", "year": "2021", "timeperiod": "7", "export": "40.3", "import_origin": "1604.2", "import_consigment": "674.9"}, {"country": "Thailand", "year": "2021", "timeperiod": "8", "export": "-", "import_origin": "1692.5", "import_consigment": "1150.5"}, {"country": "Thailand", "year": "2021", "timeperiod": "9", "export": "-", "import_origin": "1765.8", "import_consigment": "1301.3"}, {"country": "Thailand", "year": "2021", "timeperiod": "10", "export": "-", "import_origin": "2230.1", "import_consigment": "1289.3"}, {"country": "Thailand", "year": "2021", "timeperiod": "11", "export": "-", "import_origin": "1718.7", "import_consigment": "548.0"}, {"country": "Thailand", "year": "2021", "timeperiod": "12", "export": "-", "import_origin": "3181.1", "import_consigment": "1734.0"}, {"country": "Thailand", "year": "2021", "timeperiod": "Year", "export": "57.3", "import_origin": "23697.4", "import_consigment": "13401.9"}, {"country": "Thailand", "year": "2020", "timeperiod": "1", "export": "74.8", "import_origin": "1420.1", "import_consigment": "835.3"}, {"country": "Thailand", "year": "2020", "timeperiod": "2", "export": "38.3", "import_origin": "2340.1", "import_consigment": "1593.6"}, {"country": "Thailand", "year": "2020", "timeperiod": "3", "export": "144.3", "import_origin": "1722.3", "import_consigment": "1329.8"}, {"country": "Thailand", "year": "2020", "timeperiod": "4", "export": "-", "import_origin": "1350.4", "import_consigment": "818.1"}, {"country": "Thailand", "year": "2020", "timeperiod": "5", "export": "312.7", "import_origin": "1302.4", "import_consigment": "732.8"}, {"country": "Thailand", "year": "2020", "timeperiod": "6", "export": "-", "import_origin": "1912.1", "import_consigment": "1068.8"}, {"country": "Thailand", "year": "2020", "timeperiod": "7", "export": "236.3", "import_origin": "1320.7", "import_consigment": "815.5"}, {"country": "Thailand", "year": "2020", "timeperiod": "8", "export": "-", "import_origin": "1768.1", "import_consigment": "1176.3"}, {"country": "Thailand", "year": "2020", "timeperiod": "9", "export": "-", "import_origin": "1755.3", "import_consigment": "1261.1"}, {"country": "Thailand", "year": "2020", "timeperiod": "10", "export": "1.2", "import_origin": "1770.5", "import_consigment": "703.3"}, {"country": "Thailand", "year": "2020", "timeperiod": "11", "export": "0.4", "import_origin": "1417.8", "import_consigment": "950.1"}, {"country": "Thailand", "year": "2020", "timeperiod": "12", "export": "-", "import_origin": "3110.4", "import_consigment": "1784.0"}]}