{"data": [{"country": "Denmark", "year": "2019", "timeperiod": "11", "export": "1.2", "import_origin": "726.3", "import_consigment": "841.4"}, {"country": "Denmark", "year": "2019", "timeperiod": "12", "export": "-", "import_origin": "178.2", "import_consigment": "173.5"}, {"country": "Denmark", "year": "2019", "timeperiod": "Year", "export": "912.8", "import_origin": "8130.9", "import_consigment": "9004.6"}, {"country": "Denmark", "year": "2018", "timeperiod": "1", "export": "76.9", "import_origin": "316.0", "import_consigment": "424.5"}, {"country": "Denmark", "year": "2018", "timeperiod": "2", "export": "3.8", "import_origin": "1707.4", "import_consigment": "1744.5"}, {"country": "Denmark", "year": "2018", "timeperiod": "3", "export": "3.7", "import_origin": "552.4", "import_consigment": "686.4"}, {"country": "Denmark", "year": "2018", "timeperiod": "4", "export": "0.1", "import_origin": "438.2", "import_consigment": "498.6"}, {"country": "Denmark", "year": "2018", "timeperiod": "5", "export": "277.9", "import_origin": "408.2", "import_consigment": "417.5"}, {"country": "Denmark", "year": "2018", "timeperiod": "6", "export": "99.1", "import_origin": "600.0", "import_consigment": "586.4"}, {"country": "Denmark", "year": "2018", "timeperiod": "7", "export": "276.6", "import_origin": "589.6", "import_consigment": "466.9"}, {"country": "Denmark", "year": "2018", "timeperiod": "8", "export": "191.9", "import_origin": "497.6", "import_consigment": "673.3"}, {"country": "Denmark", "year": "2018", "timeperiod": "9", "export": "152.6", "import_origin": "719.8", "import_consigment": "718.9"}, {"country": "Denmark", "year": "2018", "timeperiod": "10", "export": "147.2", "import_origin": "530.8", "import_consigment": "311.4"}, {"country": "Denmark", "year": "2018", "timeperiod": "11", "export": "114.3", "import_origin": "240.3", "import_consigment": "224.7"}, {"country": "Denmark", "year": "2018", "timeperiod": "12", "export": "471.5", "import_origin": "577.7", "import_consigment": "492.6"}, {"country": "Denmark", "year": "2018", "timeperiod": "Year", "export": "1815.7", "import_origin": "7177.9", "import_consigment": "7246.0"}, {"country": "Denmark", "year": "2017", "timeperiod": "1", "export": "-", "import_origin": "183.5", "import_consigment": "243.8"}, {"country": "Denmark", "year": "2017", "timeperiod": "2", "export": "73.0", "import_origin": "175.6", "import_consigment": "276.8"}, {"country": "Denmark", "year": "2017", "timeperiod": "3", "export": "-", "import_origin": "169.6", "import_consigment": "163.9"}, {"country": "Denmark", "year": "2017", "timeperiod": "4", "export": "71.4", "import_origin": "298.9", "import_consigment": "319.8"}, {"country": "Denmark", "year": "2017", "timeperiod": "5", "export": "88.9", "import_origin": "1049.7", "import_consigment": "1004.8"}, {"country": "Denmark", "year": "2017", "timeperiod": "6", "export": "83.8", "import_origin": "889.4", "import_consigment": "782.7"}, {"country": "Denmark", "year": "2017", "timeperiod": "7", "export": "83.3", "import_origin": "678.1", "import_consigment": "811.5"}, {"country": "Denmark", "year": "2017", "timeperiod": "8", "export": "170.3", "import_origin": "59.2", "import_consigment": "122.2"}, {"country": "Denmark", "year": "2017", "timeperiod": "9", "export": "86.9", "import_origin": "514.2", "import_consigment": "568.1"}]}