{"data": [{"country": "Bolivia", "year": "2021", "timeperiod": "12", "export": "-", "import_origin": "-", "import_consigment": "-"}, {"country": "Bolivia", "year": "2021", "timeperiod": "Year", "export": "-", "import_origin": "13.3", "import_consigment": "-"}, {"country": "Bolivia", "year": "2020", "timeperiod": "2", "export": "-", "import_origin": "0.4", "import_consigment": "0.2"}, {"country": "Bolivia", "year": "2020", "timeperiod": "3", "export": "-", "import_origin": "0.8", "import_consigment": "-"}, {"country": "Bolivia", "year": "2020", "timeperiod": "4", "export": "-", "import_origin": "2.5", "import_consigment": "-"}, {"country": "Bolivia", "year": "2020", "timeperiod": "6", "export": "-", "import_origin": "53.7", "import_consigment": "-"}, {"country": "Bolivia", "year": "2020", "timeperiod": "7", "export": "-", "import_origin": "2.5", "import_consigment": "-"}, {"country": "Bolivia", "year": "2020", "timeperiod": "8", "export": "-", "import_origin": "2.7", "import_consigment": "-"}, {"country": "Bolivia", "year": "2020", "timeperiod": "10", "export": "-", "import_origin": "2.0", "import_consigment": "-"}, {"country": "Bolivia", "year": "2020", "timeperiod": "11", "export": "-", "import_origin": "9.9", "import_consigment": "-"}, {"country": "Bolivia", "year": "2020", "timeperiod": "Year", "export": "-", "import_origin": "74.5", "import_consigment": "0.2"}, {"country": "Bolivia", "year": "2019", "timeperiod": "1", "export": "-", "import_origin": "24.2", "import_consigment": "-"}, {"country": "Bolivia", "year": "2019", "timeperiod": "3", "export": "-", "import_origin": "0.9", "import_consigment": "-"}, {"country": "Bolivia", "year": "2019", "timeperiod": "5", "export": "-", "import_origin": "1.7", "import_consigment": "-"}, {"country": "Bolivia", "year": "2019", "timeperiod": "6", "export": "-", "import_origin": "-", "import_consigment": "-"}, {"country": "Bolivia", "year": "2019", "timeperiod": "8", "export": "-", "import_origin": "-", "import_consigment": "-"}, {"country": "Bolivia", "year": "2019", "timeperiod": "10", "export": "-", "import_origin": "4.3", "import_consigment": "-"}, {"country": "Bolivia", "year": "2019", "timeperiod": "12", "export": "-", "import_origin": "2.5", "import_consigment": "-"}, {"country": "Bolivia", "year": "2019", "timeperiod": "Year", "export": "-", "import_origin": "33.5", "import_consigment": "-"}, {"country": "Bolivia", "year": "2018", "timeperiod": "3", "export": "0.5", "import_origin": "0.4", "import_consigment": "-"}, {"country": "Bolivia", "year": "2018", "timeperiod": "4", "export": "-", "import_origin": "0.2", "import_consigment": "-"}, {"country": "Bolivia", "year": "2018", "timeperiod": "Year", "export": "0.5", "import_origin": "0.6", "import_consigment": "-"}, {"country": "Bolivia", "year": "2017", "timeperiod": "1", "export": "-", "import_origin": "0.9", "import_consigment": "-"}, {"country": "Bolivia", "year": "2017", "timeperiod": "3", "export": "-", "import_origin": "0.9", "import_consigment": "-"}, {"country": "Bolivia", "year": "2017", "timeperiod": "5", "export": "-", "import_origin": "0.4", "import_consigment": "-"}]}