{"data": [{"country": "Kenya", "year": "2022", "timeperiod": "Year", "export": "-", "import_origin": "455.7", "import_consigment": "179.4"}, {"country": "Kenya", "year": "2021", "timeperiod": "1", "export": "-", "import_origin": "5.6", "import_consigment": "80.3"}, {"country": "Kenya", "year": "2021", "timeperiod": "2", "export": "-", "import_origin": "37.4", "import_consigment": "-"}, {"country": "Kenya", "year": "2021", "timeperiod": "3", "export": "-", "import_origin": "0.7", "import_consigment": "-"}, {"country": "Kenya", "year": "2021", "timeperiod": "4", "export": "11.7", "import_origin": "5.1", "import_consigment": "31.2"}, {"country": "Kenya", "year": "2021", "timeperiod": "5", "export": "-", "import_origin": "-", "import_consigment": "48.3"}, {"country": "Kenya", "year": "2021", "timeperiod": "6", "export": "30.6", "import_origin": "4.0", "import_consigment": "-"}, {"country": "Kenya", "year": "2021", "timeperiod": "7", "export": "3.7", "import_origin": "7.7", "import_consigment": "-"}, {"country": "Kenya", "year": "2021", "timeperiod": "8", "export": "7.2", "import_origin": "0.8", "import_consigment": "116.5"}, {"country": "Kenya", "year": "2021", "timeperiod": "9", "export": "-", "import_origin": "12.4", "import_consigment": "12.0"}, {"country": "Kenya", "year": "2021", "timeperiod": "10", "export": "-", "import_origin": "16.8", "import_consigment": "85.0"}, {"country": "Kenya", "year": "2021", "timeperiod": "11", "export": "-", "import_origin": "7.7", "import_consigment": "3.7"}, {"country": "Kenya", "year": "2021", "timeperiod": "12", "export": "-", "import_origin": "17.4", "import_consigment": "139.0"}, {"country": "Kenya", "year": "2021", "timeperiod": "Year", "export": "53.2", "import_origin": "115.6", "import_consigment": "515.9"}, {"country": "Kenya", "year": "2020", "timeperiod": "1", "export": "-", "import_origin": "0.1", "import_consigment": "-"}, {"country": "Kenya", "year": "2020", "timeperiod": "2", "export": "-", "import_origin": "21.9", "import_consigment": "4.6"}, {"country": "Kenya", "year": "2020", "timeperiod": "3", "export": "-", "import_origin": "6.5", "import_consigment": "5.8"}, {"country": "Kenya", "year": "2020", "timeperiod": "4", "export": "-", "import_origin": "7.9", "import_consigment": "72.2"}, {"country": "Kenya", "year": "2020", "timeperiod": "5", "export": "-", "import_origin": "2.3", "import_consigment": "-"}, {"country": "Kenya", "year": "2020", "timeperiod": "6", "export": "-", "import_origin": "5.8", "import_consigment": "-"}, {"country": "Kenya", "year": "2020", "timeperiod": "7", "export": "-", "import_origin": "8.7", "import_consigment": "-"}, {"country": "Kenya", "year": "2020", "timeperiod": "8", "export": "-", "import_origin": "0.3", "import_consigment": "-"}, {"country": "Kenya", "year": "2020", "timeperiod": "9", "export": "-", "import_origin": "2.3", "import_consigment": "-"}, {"country": "Kenya", "year": "2020", "timeperiod": "10", "export": "-", "import_origin": "5.8", "import_consigment": "-"}, {"country": "Kenya", "year": "2020", "timeperiod": "11", "export": "-", "import_origin": "22.6", "import_consigment": "-"}]}