{"data": [{"country": "Guatemala", "year": "2018", "timeperiod": "9", "export": "-", "import_origin": "3.8", "import_consigment": "-"}, {"country": "Guatemala", "year": "2018", "timeperiod": "10", "export": "-", "import_origin": "1.5", "import_consigment": "-"}, {"country": "Guatemala", "year": "2018", "timeperiod": "11", "export": "-", "import_origin": "0.9", "import_consigment": "-"}, {"country": "Guatemala", "year": "2018", "timeperiod": "12", "export": "-", "import_origin": "3.4", "import_consigment": "-"}, {"country": "Guatemala", "year": "2018", "timeperiod": "Year", "export": "-", "import_origin": "96.0", "import_consigment": "60.6"}, {"country": "Guatemala", "year": "2017", "timeperiod": "1", "export": "-", "import_origin": "0.6", "import_consigment": "-"}, {"country": "Guatemala", "year": "2017", "timeperiod": "2", "export": "-", "import_origin": "4.0", "import_consigment": "-"}, {"country": "Guatemala", "year": "2017", "timeperiod": "3", "export": "-", "import_origin": "1.0", "import_consigment": "-"}, {"country": "Guatemala", "year": "2017", "timeperiod": "4", "export": "-", "import_origin": "0.2", "import_consigment": "-"}, {"country": "Guatemala", "year": "2017", "timeperiod": "5", "export": "-", "import_origin": "3.1", "import_consigment": "-"}, {"country": "Guatemala", "year": "2017", "timeperiod": "6", "export": "-", "import_origin": "2.4", "import_consigment": "-"}, {"country": "Guatemala", "year": "2017", "timeperiod": "7", "export": "-", "import_origin": "1.7", "import_consigment": "-"}, {"country": "Guatemala", "year": "2017", "timeperiod": "8", "export": "-", "import_origin": "4.5", "import_consigment": "-"}, {"country": "Guatemala", "year": "2017", "timeperiod": "9", "export": "-", "import_origin": "0.6", "import_consigment": "-"}, {"country": "Guatemala", "year": "2017", "timeperiod": "10", "export": "-", "import_origin": "6.3", "import_consigment": "-"}, {"country": "Guatemala", "year": "2017", "timeperiod": "11", "export": "-", "import_origin": "0.9", "import_consigment": "-"}, {"country": "Guatemala", "year": "2017", "timeperiod": "12", "export": "-", "import_origin": "6.2", "import_consigment": "-"}, {"country": "Guatemala", "year": "2017", "timeperiod": "Year", "export": "-", "import_origin": "31.6", "import_consigment": "-"}, {"country": "Guinea", "year": "2022", "timeperiod": "4", "export": "-", "import_origin": "0.5", "import_consigment": "-"}, {"country": "Guinea", "year": "2022", "timeperiod": "Year", "export": "-", "import_origin": "0.5", "import_consigment": "-"}, {"country": "Guinea", "year": "2020", "timeperiod": "10", "export": "-", "import_origin": "0.1", "import_consigment": "-"}, {"country": "Guinea", "year": "2020", "timeperiod": "Year", "export": "-", "import_origin": "0.1", "import_consigment": "-"}, {"country": "Guinea", "year": "2019", "timeperiod": "8", "export": "-", "import_origin": "0.7", "import_consigment": "-"}, {"country": "Guinea", "year": "2019", "timeperiod": "Year", "export": "-", "import_origin": "0.7", "import_consigment": "-"}, {"country": "Guinea", "year": "2018", "timeperiod": "8", "export": "-", "import_origin": "-", "import_consigment": "-"}]}