{"data": [{"country": "Finland", "year": "2021", "timeperiod": "8", "export": "12.9", "import_origin": "923.0", "import_consigment": "989.1"}, {"country": "Finland", "year": "2021", "timeperiod": "9", "export": "-", "import_origin": "1824.0", "import_consigment": "1602.2"}, {"country": "Finland", "year": "2021", "timeperiod": "10", "export": "11.0", "import_origin": "1388.7", "import_consigment": "1138.1"}, {"country": "Finland", "year": "2021", "timeperiod": "11", "export": "2.7", "import_origin": "1570.6", "import_consigment": "1176.9"}, {"country": "Finland", "year": "2021", "timeperiod": "12", "export": "9.4", "import_origin": "1780.0", "import_consigment": "1367.7"}, {"country": "Finland", "year": "2021", "timeperiod": "Year", "export": "104.2", "import_origin": "25491.4", "import_consigment": "16898.2"}, {"country": "Finland", "year": "2020", "timeperiod": "1", "export": "1.2", "import_origin": "2916.3", "import_consigment": "2917.1"}, {"country": "Finland", "year": "2020", "timeperiod": "2", "export": "10.6", "import_origin": "645.4", "import_consigment": "500.1"}, {"country": "Finland", "year": "2020", "timeperiod": "3", "export": "1.3", "import_origin": "3316.4", "import_consigment": "3129.3"}, {"country": "Finland", "year": "2020", "timeperiod": "4", "export": "2.3", "import_origin": "2990.3", "import_consigment": "2552.9"}, {"country": "Finland", "year": "2020", "timeperiod": "5", "export": "3.6", "import_origin": "3104.3", "import_consigment": "2940.3"}, {"country": "Finland", "year": "2020", "timeperiod": "6", "export": "4.6", "import_origin": "1866.5", "import_consigment": "1801.3"}, {"country": "Finland", "year": "2020", "timeperiod": "7", "export": "3.5", "import_origin": "749.9", "import_consigment": "757.2"}, {"country": "Finland", "year": "2020", "timeperiod": "8", "export": "15.2", "import_origin": "692.3", "import_consigment": "594.7"}, {"country": "Finland", "year": "2020", "timeperiod": "9", "export": "5.8", "import_origin": "2853.5", "import_consigment": "2690.6"}, {"country": "Finland", "year": "2020", "timeperiod": "10", "export": "17.5", "import_origin": "2808.2", "import_consigment": "2809.3"}, {"country": "Finland", "year": "2020", "timeperiod": "11", "export": "12.5", "import_origin": "1261.7", "import_consigment": "1237.3"}, {"country": "Finland", "year": "2020", "timeperiod": "12", "export": "16.3", "import_origin": "3567.1", "import_consigment": "3472.2"}, {"country": "Finland", "year": "2020", "timeperiod": "Year", "export": "94.5", "import_origin": "26771.9", "import_consigment": "25402.5"}, {"country": "Finland", "year": "2019", "timeperiod": "1", "export": "1.7", "import_origin": "2053.8", "import_consigment": "1926.9"}, {"country": "Finland", "year": "2019", "timeperiod": "2", "export": "13.5", "import_origin": "2101.4", "import_consigment": "1484.8"}, {"country": "Finland", "year": "2019", "timeperiod": "3", "export": "5.6", "import_origin": "1766.3", "import_consigment": "1755.6"}, {"country": "Finland", "year": "2019", "timeperiod": "4", "export": "7.3", "import_origin": "2542.0", "import_consigment": "2403.9"}, {"country": "Finland", "year": "2019", "timeperiod": "5", "export": "-", "import_origin": "2812.6", "import_consigment": "2764.1"}, {"country": "Finland", "year": "2019", "timeperiod": "6", "export": "3.9", "import_origin": "1281.4", "import_consigment": "1144.6"}]}