{"data": [{"country": "Haiti", "year": "2018", "timeperiod": "12", "export": "-", "import_origin": "-", "import_consigment": "-"}, {"country": "Haiti", "year": "2018", "timeperiod": "Year", "export": "-", "import_origin": "0.9", "import_consigment": "-"}, {"country": "Haiti", "year": "2017", "timeperiod": "5", "export": "-", "import_origin": "0.7", "import_consigment": "-"}, {"country": "Haiti", "year": "2017", "timeperiod": "8", "export": "-", "import_origin": "0.2", "import_consigment": "-"}, {"country": "Haiti", "year": "2017", "timeperiod": "10", "export": "-", "import_origin": "0.5", "import_consigment": "-"}, {"country": "Haiti", "year": "2017", "timeperiod": "Year", "export": "-", "import_origin": "1.4", "import_consigment": "-"}, {"country": "Vatican City State", "year": "2021", "timeperiod": "5", "export": "-", "import_origin": "-", "import_consigment": "-"}, {"country": "Vatican City State", "year": "2021", "timeperiod": "Year", "export": "-", "import_origin": "-", "import_consigment": "-"}, {"country": "Vatican City State", "year": "2018", "timeperiod": "3", "export": "-", "import_origin": "-", "import_consigment": "-"}, {"country": "Vatican City State", "year": "2018", "timeperiod": "Year", "export": "-", "import_origin": "-", "import_consigment": "-"}, {"country": "Vatican City State", "year": "2017", "timeperiod": "11", "export": "0.4", "import_origin": "-", "import_consigment": "-"}, {"country": "Vatican City State", "year": "2017", "timeperiod": "Year", "export": "0.4", "import_origin": "-", "import_consigment": "-"}, {"country": "Honduras", "year": "2023", "timeperiod": "1", "export": "-", "import_origin": "0.2", "import_consigment": "-"}, {"country": "Honduras", "year": "2023", "timeperiod": "Year", "export": "-", "import_origin": "0.2", "import_consigment": "-"}, {"country": "Honduras", "year": "2022", "timeperiod": "1", "export": "-", "import_origin": "0.8", "import_consigment": "-"}, {"country": "Honduras", "year": "2022", "timeperiod": "2", "export": "-", "import_origin": "11.7", "import_consigment": "-"}, {"country": "Honduras", "year": "2022", "timeperiod": "3", "export": "-", "import_origin": "6.0", "import_consigment": "-"}, {"country": "Honduras", "year": "2022", "timeperiod": "4", "export": "-", "import_origin": "12.9", "import_consigment": "5.3"}, {"country": "Honduras", "year": "2022", "timeperiod": "6", "export": "-", "import_origin": "16.9", "import_consigment": "-"}, {"country": "Honduras", "year": "2022", "timeperiod": "7", "export": "-", "import_origin": "18.6", "import_consigment": "-"}, {"country": "Honduras", "year": "2022", "timeperiod": "8", "export": "-", "import_origin": "17.9", "import_consigment": "-"}, {"country": "Honduras", "year": "2022", "timeperiod": "9", "export": "-", "import_origin": "12.7", "import_consigment": "-"}, {"country": "Honduras", "year": "2022", "timeperiod": "10", "export": "-", "import_origin": "3.2", "import_consigment": "-"}, {"country": "Honduras", "year": "2022", "timeperiod": "11", "export": "-", "import_origin": "18.7", "import_consigment": "-"}, {"country": "Honduras", "year": "2022", "timeperiod": "12", "export": "-", "import_origin": "15.1", "import_consigment": "-"}]}