{"data": [{"country": "India", "year": "2018", "timeperiod": "2", "export": "10.6", "import_origin": "5770.6", "import_consigment": "3688.3"}, {"country": "India", "year": "2018", "timeperiod": "3", "export": "43.5", "import_origin": "4444.3", "import_consigment": "2400.0"}, {"country": "India", "year": "2018", "timeperiod": "4", "export": "-", "import_origin": "6242.0", "import_consigment": "5015.8"}, {"country": "India", "year": "2018", "timeperiod": "5", "export": "20.7", "import_origin": "5864.3", "import_consigment": "3335.0"}, {"country": "India", "year": "2018", "timeperiod": "6", "export": "46.7", "import_origin": "6485.3", "import_consigment": "4652.5"}, {"country": "India", "year": "2018", "timeperiod": "7", "export": "15.0", "import_origin": "6278.0", "import_consigment": "4397.3"}, {"country": "India", "year": "2018", "timeperiod": "8", "export": "54.0", "import_origin": "10401.4", "import_consigment": "7026.7"}, {"country": "India", "year": "2018", "timeperiod": "9", "export": "72.3", "import_origin": "6687.2", "import_consigment": "5092.7"}, {"country": "India", "year": "2018", "timeperiod": "10", "export": "199.3", "import_origin": "5860.5", "import_consigment": "3553.2"}, {"country": "India", "year": "2018", "timeperiod": "11", "export": "9.6", "import_origin": "7792.8", "import_consigment": "5244.1"}, {"country": "India", "year": "2018", "timeperiod": "12", "export": "94.4", "import_origin": "6514.9", "import_consigment": "3238.5"}, {"country": "India", "year": "2018", "timeperiod": "Year", "export": "566.1", "import_origin": "77791.6", "import_consigment": "51424.1"}, {"country": "India", "year": "2017", "timeperiod": "1", "export": "11.0", "import_origin": "1490.8", "import_consigment": "1201.0"}, {"country": "India", "year": "2017", "timeperiod": "2", "export": "-", "import_origin": "3161.5", "import_consigment": "2265.9"}, {"country": "India", "year": "2017", "timeperiod": "3", "export": "14.3", "import_origin": "4110.6", "import_consigment": "3074.6"}, {"country": "India", "year": "2017", "timeperiod": "4", "export": "5.1", "import_origin": "3964.0", "import_consigment": "2320.8"}, {"country": "India", "year": "2017", "timeperiod": "5", "export": "221.0", "import_origin": "2021.8", "import_consigment": "1004.4"}, {"country": "India", "year": "2017", "timeperiod": "6", "export": "816.5", "import_origin": "2977.9", "import_consigment": "1842.7"}, {"country": "India", "year": "2017", "timeperiod": "7", "export": "187.0", "import_origin": "3776.9", "import_consigment": "2300.4"}, {"country": "India", "year": "2017", "timeperiod": "8", "export": "500.0", "import_origin": "3991.9", "import_consigment": "1843.3"}, {"country": "India", "year": "2017", "timeperiod": "9", "export": "71.2", "import_origin": "3939.6", "import_consigment": "2508.0"}, {"country": "India", "year": "2017", "timeperiod": "10", "export": "334.5", "import_origin": "5268.0", "import_consigment": "2522.9"}, {"country": "India", "year": "2017", "timeperiod": "11", "export": "672.0", "import_origin": "7196.6", "import_consigment": "5207.2"}, {"country": "India", "year": "2017", "timeperiod": "12", "export": "465.1", "import_origin": "4743.5", "import_consigment": "3474.5"}, {"country": "India", "year": "2017", "timeperiod": "Year", "export": "3297.7", "import_origin": "46642.9", "import_consigment": "29565.7"}]}