{"data": [{"country": "Georgia", "year": "2021", "timeperiod": "2", "export": "5253.0", "import_origin": "6998.0", "import_consigment": "18408.1"}, {"country": "Georgia", "year": "2021", "timeperiod": "3", "export": "4539.3", "import_origin": "6092.7", "import_consigment": "20459.2"}, {"country": "Georgia", "year": "2021", "timeperiod": "4", "export": "6239.1", "import_origin": "8573.1", "import_consigment": "24336.3"}, {"country": "Georgia", "year": "2021", "timeperiod": "5", "export": "5727.7", "import_origin": "10387.0", "import_consigment": "25859.4"}, {"country": "Georgia", "year": "2021", "timeperiod": "6", "export": "6721.5", "import_origin": "12162.1", "import_consigment": "33125.1"}, {"country": "Georgia", "year": "2021", "timeperiod": "7", "export": "5176.1", "import_origin": "11596.3", "import_consigment": "35136.0"}, {"country": "Georgia", "year": "2021", "timeperiod": "8", "export": "6417.1", "import_origin": "12243.3", "import_consigment": "31291.6"}, {"country": "Georgia", "year": "2021", "timeperiod": "9", "export": "4672.9", "import_origin": "13021.3", "import_consigment": "32844.5"}, {"country": "Georgia", "year": "2021", "timeperiod": "10", "export": "6962.4", "import_origin": "11548.2", "import_consigment": "34899.3"}, {"country": "Georgia", "year": "2021", "timeperiod": "11", "export": "7714.0", "import_origin": "11874.5", "import_consigment": "38166.2"}, {"country": "Georgia", "year": "2021", "timeperiod": "12", "export": "6137.5", "import_origin": "12429.2", "import_consigment": "45646.0"}, {"country": "Georgia", "year": "2021", "timeperiod": "Year", "export": "68309.2", "import_origin": "122030.5", "import_consigment": "354297.5"}, {"country": "Georgia", "year": "2020", "timeperiod": "1", "export": "3159.5", "import_origin": "2958.3", "import_consigment": "15710.7"}, {"country": "Georgia", "year": "2020", "timeperiod": "2", "export": "4263.2", "import_origin": "6057.7", "import_consigment": "25452.8"}, {"country": "Georgia", "year": "2020", "timeperiod": "3", "export": "6327.1", "import_origin": "5906.5", "import_consigment": "28478.6"}, {"country": "Georgia", "year": "2020", "timeperiod": "4", "export": "3156.6", "import_origin": "4890.8", "import_consigment": "17128.1"}, {"country": "Georgia", "year": "2020", "timeperiod": "5", "export": "3973.2", "import_origin": "5602.1", "import_consigment": "20273.0"}, {"country": "Georgia", "year": "2020", "timeperiod": "6", "export": "5925.4", "import_origin": "6030.8", "import_consigment": "26145.6"}, {"country": "Georgia", "year": "2020", "timeperiod": "7", "export": "5626.0", "import_origin": "9266.4", "import_consigment": "31053.9"}, {"country": "Georgia", "year": "2020", "timeperiod": "8", "export": "5141.8", "import_origin": "7325.0", "import_consigment": "27906.6"}, {"country": "Georgia", "year": "2020", "timeperiod": "9", "export": "4449.8", "import_origin": "6941.9", "import_consigment": "29842.8"}, {"country": "Georgia", "year": "2020", "timeperiod": "10", "export": "4707.7", "import_origin": "4157.5", "import_consigment": "25437.6"}, {"country": "Georgia", "year": "2020", "timeperiod": "11", "export": "4564.5", "import_origin": "5296.1", "import_consigment": "25957.7"}, {"country": "Georgia", "year": "2020", "timeperiod": "12", "export": "6155.2", "import_origin": "8548.5", "import_consigment": "48882.1"}, {"country": "Georgia", "year": "2020", "timeperiod": "Year", "export": "57450.0", "import_origin": "72981.7", "import_consigment": "322269.5"}]}