{"data": [{"country": "Guadeloupe", "year": "2019", "timeperiod": "9", "export": "-", "import_origin": "2.0", "import_consigment": "-"}, {"country": "Guadeloupe", "year": "2019", "timeperiod": "Year", "export": "-", "import_origin": "7.7", "import_consigment": "1.1"}, {"country": "Guadeloupe", "year": "2017", "timeperiod": "5", "export": "-", "import_origin": "-", "import_consigment": "1.0"}, {"country": "Guadeloupe", "year": "2017", "timeperiod": "Year", "export": "-", "import_origin": "-", "import_consigment": "1.0"}, {"country": "Guam", "year": "2022", "timeperiod": "2", "export": "-", "import_origin": "0.1", "import_consigment": "-"}, {"country": "Guam", "year": "2022", "timeperiod": "Year", "export": "-", "import_origin": "0.1", "import_consigment": "-"}, {"country": "Guam", "year": "2021", "timeperiod": "6", "export": "-", "import_origin": "-", "import_consigment": "-"}, {"country": "Guam", "year": "2021", "timeperiod": "Year", "export": "-", "import_origin": "-", "import_consigment": "-"}, {"country": "Guam", "year": "2019", "timeperiod": "4", "export": "-", "import_origin": "0.1", "import_consigment": "-"}, {"country": "Guam", "year": "2019", "timeperiod": "6", "export": "-", "import_origin": "0.1", "import_consigment": "-"}, {"country": "Guam", "year": "2019", "timeperiod": "Year", "export": "-", "import_origin": "0.2", "import_consigment": "-"}, {"country": "Guam", "year": "2018", "timeperiod": "10", "export": "-", "import_origin": "0.1", "import_consigment": "-"}, {"country": "Guam", "year": "2018", "timeperiod": "11", "export": "-", "import_origin": "0.1", "import_consigment": "-"}, {"country": "Guam", "year": "2018", "timeperiod": "Year", "export": "-", "import_origin": "0.2", "import_consigment": "-"}, {"country": "Guatemala", "year": "2023", "timeperiod": "1", "export": "-", "import_origin": "1.4", "import_consigment": "-"}, {"country": "Guatemala", "year": "2023", "timeperiod": "Year", "export": "-", "import_origin": "1.4", "import_consigment": "-"}, {"country": "Guatemala", "year": "2022", "timeperiod": "1", "export": "-", "import_origin": "10.4", "import_consigment": "-"}, {"country": "Guatemala", "year": "2022", "timeperiod": "2", "export": "-", "import_origin": "1.4", "import_consigment": "-"}, {"country": "Guatemala", "year": "2022", "timeperiod": "3", "export": "-", "import_origin": "6.5", "import_consigment": "-"}, {"country": "Guatemala", "year": "2022", "timeperiod": "4", "export": "-", "import_origin": "3.0", "import_consigment": "-"}, {"country": "Guatemala", "year": "2022", "timeperiod": "5", "export": "-", "import_origin": "4.3", "import_consigment": "-"}, {"country": "Guatemala", "year": "2022", "timeperiod": "6", "export": "-", "import_origin": "7.8", "import_consigment": "-"}, {"country": "Guatemala", "year": "2022", "timeperiod": "7", "export": "-", "import_origin": "16.1", "import_consigment": "-"}, {"country": "Guatemala", "year": "2022", "timeperiod": "8", "export": "0.5", "import_origin": "80.4", "import_consigment": "-"}, {"country": "Guatemala", "year": "2022", "timeperiod": "9", "export": "-", "import_origin": "7.7", "import_consigment": "-"}]}