{"data": [{"country": "Sierra Leone", "year": "2019", "timeperiod": "Year", "export": "-", "import_origin": "9.7", "import_consigment": "-"}, {"country": "Sierra Leone", "year": "2018", "timeperiod": "1", "export": "12.4", "import_origin": "114.3", "import_consigment": "-"}, {"country": "Sierra Leone", "year": "2018", "timeperiod": "2", "export": "-", "import_origin": "0.5", "import_consigment": "-"}, {"country": "Sierra Leone", "year": "2018", "timeperiod": "3", "export": "-", "import_origin": "54.1", "import_consigment": "-"}, {"country": "Sierra Leone", "year": "2018", "timeperiod": "4", "export": "-", "import_origin": "113.5", "import_consigment": "-"}, {"country": "Sierra Leone", "year": "2018", "timeperiod": "6", "export": "-", "import_origin": "1.7", "import_consigment": "-"}, {"country": "Sierra Leone", "year": "2018", "timeperiod": "7", "export": "1.9", "import_origin": "1.3", "import_consigment": "-"}, {"country": "Sierra Leone", "year": "2018", "timeperiod": "9", "export": "-", "import_origin": "3.7", "import_consigment": "-"}, {"country": "Sierra Leone", "year": "2018", "timeperiod": "12", "export": "-", "import_origin": "2.9", "import_consigment": "-"}, {"country": "Sierra Leone", "year": "2018", "timeperiod": "Year", "export": "14.3", "import_origin": "292.1", "import_consigment": "-"}, {"country": "Sierra Leone", "year": "2017", "timeperiod": "1", "export": "-", "import_origin": "-", "import_consigment": "-"}, {"country": "Sierra Leone", "year": "2017", "timeperiod": "2", "export": "-", "import_origin": "1.3", "import_consigment": "-"}, {"country": "Sierra Leone", "year": "2017", "timeperiod": "3", "export": "-", "import_origin": "1.1", "import_consigment": "-"}, {"country": "Sierra Leone", "year": "2017", "timeperiod": "4", "export": "-", "import_origin": "21.3", "import_consigment": "-"}, {"country": "Sierra Leone", "year": "2017", "timeperiod": "5", "export": "-", "import_origin": "1.1", "import_consigment": "-"}, {"country": "Sierra Leone", "year": "2017", "timeperiod": "6", "export": "-", "import_origin": "56.8", "import_consigment": "-"}, {"country": "Sierra Leone", "year": "2017", "timeperiod": "7", "export": "-", "import_origin": "55.3", "import_consigment": "-"}, {"country": "Sierra Leone", "year": "2017", "timeperiod": "8", "export": "0.4", "import_origin": "56.0", "import_consigment": "-"}, {"country": "Sierra Leone", "year": "2017", "timeperiod": "9", "export": "-", "import_origin": "121.6", "import_consigment": "-"}, {"country": "Sierra Leone", "year": "2017", "timeperiod": "12", "export": "53.8", "import_origin": "-", "import_consigment": "-"}, {"country": "Sierra Leone", "year": "2017", "timeperiod": "Year", "export": "54.2", "import_origin": "314.6", "import_consigment": "-"}, {"country": "Singapore", "year": "2023", "timeperiod": "1", "export": "2313.8", "import_origin": "560.3", "import_consigment": "253.5"}, {"country": "Singapore", "year": "2023", "timeperiod": "Year", "export": "2313.8", "import_origin": "560.3", "import_consigment": "253.5"}, {"country": "Singapore", "year": "2022", "timeperiod": "1", "export": "15.6", "import_origin": "155.9", "import_consigment": "283.5"}, {"country": "Singapore", "year": "2022", "timeperiod": "2", "export": "-", "import_origin": "193.5", "import_consigment": "120.8"}]}