{"data": [{"country": "Kenya", "year": "2020", "timeperiod": "12", "export": "-", "import_origin": "3.8", "import_consigment": "-"}, {"country": "Kenya", "year": "2020", "timeperiod": "Year", "export": "-", "import_origin": "87.9", "import_consigment": "82.6"}, {"country": "Kenya", "year": "2019", "timeperiod": "1", "export": "-", "import_origin": "4.5", "import_consigment": "-"}, {"country": "Kenya", "year": "2019", "timeperiod": "2", "export": "-", "import_origin": "11.4", "import_consigment": "-"}, {"country": "Kenya", "year": "2019", "timeperiod": "3", "export": "-", "import_origin": "2.0", "import_consigment": "-"}, {"country": "Kenya", "year": "2019", "timeperiod": "4", "export": "-", "import_origin": "-", "import_consigment": "-"}, {"country": "Kenya", "year": "2019", "timeperiod": "5", "export": "-", "import_origin": "12.2", "import_consigment": "6.1"}, {"country": "Kenya", "year": "2019", "timeperiod": "6", "export": "-", "import_origin": "1.1", "import_consigment": "-"}, {"country": "Kenya", "year": "2019", "timeperiod": "7", "export": "14.7", "import_origin": "3.1", "import_consigment": "-"}, {"country": "Kenya", "year": "2019", "timeperiod": "8", "export": "-", "import_origin": "0.7", "import_consigment": "-"}, {"country": "Kenya", "year": "2019", "timeperiod": "9", "export": "-", "import_origin": "21.6", "import_consigment": "55.9"}, {"country": "Kenya", "year": "2019", "timeperiod": "10", "export": "-", "import_origin": "4.9", "import_consigment": "-"}, {"country": "Kenya", "year": "2019", "timeperiod": "11", "export": "-", "import_origin": "2.2", "import_consigment": "-"}, {"country": "Kenya", "year": "2019", "timeperiod": "12", "export": "-", "import_origin": "0.5", "import_consigment": "-"}, {"country": "Kenya", "year": "2019", "timeperiod": "Year", "export": "14.7", "import_origin": "64.1", "import_consigment": "62.0"}, {"country": "Kenya", "year": "2018", "timeperiod": "2", "export": "-", "import_origin": "7.2", "import_consigment": "2.2"}, {"country": "Kenya", "year": "2018", "timeperiod": "3", "export": "-", "import_origin": "8.7", "import_consigment": "7.2"}, {"country": "Kenya", "year": "2018", "timeperiod": "4", "export": "-", "import_origin": "0.1", "import_consigment": "-"}, {"country": "Kenya", "year": "2018", "timeperiod": "5", "export": "16.9", "import_origin": "8.0", "import_consigment": "-"}, {"country": "Kenya", "year": "2018", "timeperiod": "6", "export": "-", "import_origin": "0.1", "import_consigment": "-"}, {"country": "Kenya", "year": "2018", "timeperiod": "7", "export": "-", "import_origin": "5.0", "import_consigment": "-"}, {"country": "Kenya", "year": "2018", "timeperiod": "8", "export": "-", "import_origin": "3.3", "import_consigment": "-"}, {"country": "Kenya", "year": "2018", "timeperiod": "9", "export": "-", "import_origin": "7.1", "import_consigment": "6.6"}, {"country": "Kenya", "year": "2018", "timeperiod": "10", "export": "-", "import_origin": "35.8", "import_consigment": "86.2"}, {"country": "Kenya", "year": "2018", "timeperiod": "11", "export": "-", "import_origin": "15.3", "import_consigment": "-"}]}