{"data": [{"country": "Tunisia", "year": "2022", "timeperiod": "1", "export": "-", "import_origin": "120.6", "import_consigment": "-"}, {"country": "Tunisia", "year": "2022", "timeperiod": "2", "export": "-", "import_origin": "429.9", "import_consigment": "-"}, {"country": "Tunisia", "year": "2022", "timeperiod": "3", "export": "-", "import_origin": "310.6", "import_consigment": "-"}, {"country": "Tunisia", "year": "2022", "timeperiod": "4", "export": "-", "import_origin": "167.1", "import_consigment": "20.3"}, {"country": "Tunisia", "year": "2022", "timeperiod": "5", "export": "-", "import_origin": "161.0", "import_consigment": "-"}, {"country": "Tunisia", "year": "2022", "timeperiod": "6", "export": "-", "import_origin": "95.2", "import_consigment": "-"}, {"country": "Tunisia", "year": "2022", "timeperiod": "7", "export": "-", "import_origin": "221.4", "import_consigment": "-"}, {"country": "Tunisia", "year": "2022", "timeperiod": "8", "export": "-", "import_origin": "262.7", "import_consigment": "66.2"}, {"country": "Tunisia", "year": "2022", "timeperiod": "9", "export": "-", "import_origin": "321.2", "import_consigment": "-"}, {"country": "Tunisia", "year": "2022", "timeperiod": "10", "export": "-", "import_origin": "279.2", "import_consigment": "-"}, {"country": "Tunisia", "year": "2022", "timeperiod": "11", "export": "-", "import_origin": "174.8", "import_consigment": "-"}, {"country": "Tunisia", "year": "2022", "timeperiod": "12", "export": "-", "import_origin": "136.8", "import_consigment": "73.9"}, {"country": "Tunisia", "year": "2022", "timeperiod": "Year", "export": "-", "import_origin": "2680.6", "import_consigment": "160.4"}, {"country": "Tunisia", "year": "2021", "timeperiod": "1", "export": "-", "import_origin": "113.0", "import_consigment": "-"}, {"country": "Tunisia", "year": "2021", "timeperiod": "2", "export": "-", "import_origin": "194.6", "import_consigment": "-"}, {"country": "Tunisia", "year": "2021", "timeperiod": "3", "export": "-", "import_origin": "379.6", "import_consigment": "-"}, {"country": "Tunisia", "year": "2021", "timeperiod": "4", "export": "-", "import_origin": "119.2", "import_consigment": "-"}, {"country": "Tunisia", "year": "2021", "timeperiod": "5", "export": "-", "import_origin": "99.5", "import_consigment": "-"}, {"country": "Tunisia", "year": "2021", "timeperiod": "6", "export": "-", "import_origin": "115.2", "import_consigment": "-"}, {"country": "Tunisia", "year": "2021", "timeperiod": "7", "export": "1.0", "import_origin": "178.5", "import_consigment": "-"}, {"country": "Tunisia", "year": "2021", "timeperiod": "8", "export": "-", "import_origin": "398.3", "import_consigment": "70.2"}, {"country": "Tunisia", "year": "2021", "timeperiod": "9", "export": "-", "import_origin": "87.1", "import_consigment": "-"}, {"country": "Tunisia", "year": "2021", "timeperiod": "10", "export": "-", "import_origin": "197.5", "import_consigment": "-"}, {"country": "Tunisia", "year": "2021", "timeperiod": "11", "export": "-", "import_origin": "116.8", "import_consigment": "-"}, {"country": "Tunisia", "year": "2021", "timeperiod": "12", "export": "-", "import_origin": "243.9", "import_consigment": "19.1"}]}