{"data": [{"country": "Kuwait", "year": "2023", "timeperiod": "Year", "export": "452.0", "import_origin": "0.3", "import_consigment": "-"}, {"country": "Kuwait", "year": "2022", "timeperiod": "1", "export": "123.2", "import_origin": "0.1", "import_consigment": "-"}, {"country": "Kuwait", "year": "2022", "timeperiod": "2", "export": "133.4", "import_origin": "0.1", "import_consigment": "-"}, {"country": "Kuwait", "year": "2022", "timeperiod": "3", "export": "7.8", "import_origin": "-", "import_consigment": "-"}, {"country": "Kuwait", "year": "2022", "timeperiod": "4", "export": "0.6", "import_origin": "0.1", "import_consigment": "-"}, {"country": "Kuwait", "year": "2022", "timeperiod": "5", "export": "206.1", "import_origin": "0.2", "import_consigment": "-"}, {"country": "Kuwait", "year": "2022", "timeperiod": "6", "export": "141.0", "import_origin": "1.3", "import_consigment": "12.6"}, {"country": "Kuwait", "year": "2022", "timeperiod": "7", "export": "433.6", "import_origin": "-", "import_consigment": "-"}, {"country": "Kuwait", "year": "2022", "timeperiod": "8", "export": "817.1", "import_origin": "1.9", "import_consigment": "-"}, {"country": "Kuwait", "year": "2022", "timeperiod": "9", "export": "1020.0", "import_origin": "0.2", "import_consigment": "-"}, {"country": "Kuwait", "year": "2022", "timeperiod": "10", "export": "720.3", "import_origin": "-", "import_consigment": "5.6"}, {"country": "Kuwait", "year": "2022", "timeperiod": "11", "export": "181.2", "import_origin": "0.1", "import_consigment": "-"}, {"country": "Kuwait", "year": "2022", "timeperiod": "12", "export": "606.8", "import_origin": "142.7", "import_consigment": "142.7"}, {"country": "Kuwait", "year": "2022", "timeperiod": "Year", "export": "4391.0", "import_origin": "146.8", "import_consigment": "160.9"}, {"country": "Kuwait", "year": "2021", "timeperiod": "1", "export": "260.1", "import_origin": "-", "import_consigment": "-"}, {"country": "Kuwait", "year": "2021", "timeperiod": "2", "export": "332.7", "import_origin": "0.3", "import_consigment": "-"}, {"country": "Kuwait", "year": "2021", "timeperiod": "3", "export": "146.1", "import_origin": "0.1", "import_consigment": "-"}, {"country": "Kuwait", "year": "2021", "timeperiod": "4", "export": "261.4", "import_origin": "0.2", "import_consigment": "-"}, {"country": "Kuwait", "year": "2021", "timeperiod": "5", "export": "397.3", "import_origin": "0.2", "import_consigment": "-"}, {"country": "Kuwait", "year": "2021", "timeperiod": "6", "export": "1177.4", "import_origin": "0.1", "import_consigment": "-"}, {"country": "Kuwait", "year": "2021", "timeperiod": "7", "export": "878.3", "import_origin": "0.2", "import_consigment": "-"}, {"country": "Kuwait", "year": "2021", "timeperiod": "8", "export": "956.9", "import_origin": "1.8", "import_consigment": "1.6"}, {"country": "Kuwait", "year": "2021", "timeperiod": "9", "export": "450.1", "import_origin": "0.4", "import_consigment": "27.0"}, {"country": "Kuwait", "year": "2021", "timeperiod": "10", "export": "524.8", "import_origin": "0.2", "import_consigment": "-"}, {"country": "Kuwait", "year": "2021", "timeperiod": "11", "export": "464.9", "import_origin": "-", "import_consigment": "-"}]}