{"data": [{"country": "Malaysia", "year": "2021", "timeperiod": "9", "export": "-", "import_origin": "696.3", "import_consigment": "88.6"}, {"country": "Malaysia", "year": "2021", "timeperiod": "10", "export": "-", "import_origin": "906.4", "import_consigment": "738.2"}, {"country": "Malaysia", "year": "2021", "timeperiod": "11", "export": "-", "import_origin": "1408.3", "import_consigment": "736.4"}, {"country": "Malaysia", "year": "2021", "timeperiod": "12", "export": "13.3", "import_origin": "1313.1", "import_consigment": "698.9"}, {"country": "Malaysia", "year": "2021", "timeperiod": "Year", "export": "15.5", "import_origin": "11684.8", "import_consigment": "4972.6"}, {"country": "Malaysia", "year": "2020", "timeperiod": "1", "export": "23.8", "import_origin": "986.4", "import_consigment": "474.2"}, {"country": "Malaysia", "year": "2020", "timeperiod": "2", "export": "84.0", "import_origin": "1412.8", "import_consigment": "932.4"}, {"country": "Malaysia", "year": "2020", "timeperiod": "3", "export": "0.7", "import_origin": "1487.1", "import_consigment": "486.5"}, {"country": "Malaysia", "year": "2020", "timeperiod": "4", "export": "-", "import_origin": "945.6", "import_consigment": "683.6"}, {"country": "Malaysia", "year": "2020", "timeperiod": "5", "export": "-", "import_origin": "538.8", "import_consigment": "285.0"}, {"country": "Malaysia", "year": "2020", "timeperiod": "6", "export": "-", "import_origin": "548.5", "import_consigment": "287.7"}, {"country": "Malaysia", "year": "2020", "timeperiod": "7", "export": "-", "import_origin": "863.5", "import_consigment": "334.7"}, {"country": "Malaysia", "year": "2020", "timeperiod": "8", "export": "-", "import_origin": "1064.2", "import_consigment": "608.7"}, {"country": "Malaysia", "year": "2020", "timeperiod": "9", "export": "-", "import_origin": "830.4", "import_consigment": "246.0"}, {"country": "Malaysia", "year": "2020", "timeperiod": "10", "export": "-", "import_origin": "778.8", "import_consigment": "232.2"}, {"country": "Malaysia", "year": "2020", "timeperiod": "11", "export": "-", "import_origin": "1622.7", "import_consigment": "387.2"}, {"country": "Malaysia", "year": "2020", "timeperiod": "12", "export": "157.9", "import_origin": "1182.5", "import_consigment": "201.4"}, {"country": "Malaysia", "year": "2020", "timeperiod": "Year", "export": "266.4", "import_origin": "12261.3", "import_consigment": "5159.5"}, {"country": "Malaysia", "year": "2019", "timeperiod": "1", "export": "-", "import_origin": "787.5", "import_consigment": "296.5"}, {"country": "Malaysia", "year": "2019", "timeperiod": "2", "export": "-", "import_origin": "1201.7", "import_consigment": "220.5"}, {"country": "Malaysia", "year": "2019", "timeperiod": "3", "export": "0.6", "import_origin": "1465.3", "import_consigment": "296.6"}, {"country": "Malaysia", "year": "2019", "timeperiod": "4", "export": "19.4", "import_origin": "1252.4", "import_consigment": "529.2"}, {"country": "Malaysia", "year": "2019", "timeperiod": "5", "export": "14.8", "import_origin": "1968.2", "import_consigment": "741.4"}, {"country": "Malaysia", "year": "2019", "timeperiod": "6", "export": "-", "import_origin": "1043.8", "import_consigment": "252.5"}, {"country": "Malaysia", "year": "2019", "timeperiod": "7", "export": "5.8", "import_origin": "1904.9", "import_consigment": "425.2"}]}