{"data": [{"country": "Turkey", "year": "2019", "timeperiod": "7", "export": "253.3", "import_origin": "23205.8", "import_consigment": "15458.6"}, {"country": "Turkey", "year": "2019", "timeperiod": "8", "export": "15.0", "import_origin": "23304.9", "import_consigment": "13800.5"}, {"country": "Turkey", "year": "2019", "timeperiod": "9", "export": "169.5", "import_origin": "23456.0", "import_consigment": "13817.2"}, {"country": "Turkey", "year": "2019", "timeperiod": "10", "export": "64.2", "import_origin": "24557.5", "import_consigment": "12815.2"}, {"country": "Turkey", "year": "2019", "timeperiod": "11", "export": "97.0", "import_origin": "26616.6", "import_consigment": "13600.5"}, {"country": "Turkey", "year": "2019", "timeperiod": "12", "export": "271.5", "import_origin": "31429.0", "import_consigment": "15183.0"}, {"country": "Turkey", "year": "2019", "timeperiod": "Year", "export": "2223.9", "import_origin": "268098.4", "import_consigment": "149933.0"}, {"country": "Turkey", "year": "2018", "timeperiod": "1", "export": "60.6", "import_origin": "9778.8", "import_consigment": "5830.0"}, {"country": "Turkey", "year": "2018", "timeperiod": "2", "export": "21.5", "import_origin": "18391.4", "import_consigment": "11240.1"}, {"country": "Turkey", "year": "2018", "timeperiod": "3", "export": "49.9", "import_origin": "22728.1", "import_consigment": "14046.1"}, {"country": "Turkey", "year": "2018", "timeperiod": "4", "export": "46.0", "import_origin": "18570.4", "import_consigment": "12946.9"}, {"country": "Turkey", "year": "2018", "timeperiod": "5", "export": "737.6", "import_origin": "18401.4", "import_consigment": "12452.4"}, {"country": "Turkey", "year": "2018", "timeperiod": "6", "export": "66.2", "import_origin": "19492.8", "import_consigment": "13789.8"}, {"country": "Turkey", "year": "2018", "timeperiod": "7", "export": "345.7", "import_origin": "22530.2", "import_consigment": "15779.6"}, {"country": "Turkey", "year": "2018", "timeperiod": "8", "export": "10.3", "import_origin": "22899.5", "import_consigment": "15790.6"}, {"country": "Turkey", "year": "2018", "timeperiod": "9", "export": "183.0", "import_origin": "20787.4", "import_consigment": "14421.7"}, {"country": "Turkey", "year": "2018", "timeperiod": "10", "export": "257.5", "import_origin": "28014.3", "import_consigment": "18388.6"}, {"country": "Turkey", "year": "2018", "timeperiod": "11", "export": "226.3", "import_origin": "26393.5", "import_consigment": "14809.6"}, {"country": "Turkey", "year": "2018", "timeperiod": "12", "export": "522.9", "import_origin": "24606.5", "import_consigment": "12498.5"}, {"country": "Turkey", "year": "2018", "timeperiod": "Year", "export": "2527.7", "import_origin": "252594.2", "import_consigment": "161993.9"}, {"country": "Turkey", "year": "2017", "timeperiod": "1", "export": "47.5", "import_origin": "6885.9", "import_consigment": "4373.9"}, {"country": "Turkey", "year": "2017", "timeperiod": "2", "export": "57.4", "import_origin": "18060.5", "import_consigment": "13273.7"}, {"country": "Turkey", "year": "2017", "timeperiod": "3", "export": "156.6", "import_origin": "20239.4", "import_consigment": "15485.4"}, {"country": "Turkey", "year": "2017", "timeperiod": "4", "export": "86.4", "import_origin": "18835.4", "import_consigment": "13732.4"}, {"country": "Turkey", "year": "2017", "timeperiod": "5", "export": "55.7", "import_origin": "13010.0", "import_consigment": "9620.2"}]}