{"data": [{"country": "Philippines", "year": "2018", "timeperiod": "1", "export": "-", "import_origin": "138.2", "import_consigment": "-"}, {"country": "Philippines", "year": "2018", "timeperiod": "2", "export": "-", "import_origin": "89.4", "import_consigment": "2.2"}, {"country": "Philippines", "year": "2018", "timeperiod": "3", "export": "-", "import_origin": "107.9", "import_consigment": "34.4"}, {"country": "Philippines", "year": "2018", "timeperiod": "4", "export": "-", "import_origin": "127.9", "import_consigment": "-"}, {"country": "Philippines", "year": "2018", "timeperiod": "5", "export": "-", "import_origin": "212.2", "import_consigment": "0.6"}, {"country": "Philippines", "year": "2018", "timeperiod": "6", "export": "-", "import_origin": "211.5", "import_consigment": "30.8"}, {"country": "Philippines", "year": "2018", "timeperiod": "7", "export": "-", "import_origin": "309.9", "import_consigment": "100.4"}, {"country": "Philippines", "year": "2018", "timeperiod": "8", "export": "-", "import_origin": "162.4", "import_consigment": "32.5"}, {"country": "Philippines", "year": "2018", "timeperiod": "9", "export": "-", "import_origin": "241.2", "import_consigment": "11.0"}, {"country": "Philippines", "year": "2018", "timeperiod": "10", "export": "-", "import_origin": "292.4", "import_consigment": "-"}, {"country": "Philippines", "year": "2018", "timeperiod": "11", "export": "15.0", "import_origin": "193.5", "import_consigment": "67.8"}, {"country": "Philippines", "year": "2018", "timeperiod": "12", "export": "-", "import_origin": "153.8", "import_consigment": "-"}, {"country": "Philippines", "year": "2018", "timeperiod": "Year", "export": "15.0", "import_origin": "2240.3", "import_consigment": "279.7"}, {"country": "Philippines", "year": "2017", "timeperiod": "1", "export": "-", "import_origin": "97.7", "import_consigment": "-"}, {"country": "Philippines", "year": "2017", "timeperiod": "2", "export": "-", "import_origin": "48.4", "import_consigment": "-"}, {"country": "Philippines", "year": "2017", "timeperiod": "3", "export": "-", "import_origin": "171.1", "import_consigment": "59.2"}, {"country": "Philippines", "year": "2017", "timeperiod": "4", "export": "5.1", "import_origin": "210.0", "import_consigment": "45.7"}, {"country": "Philippines", "year": "2017", "timeperiod": "5", "export": "-", "import_origin": "91.1", "import_consigment": "-"}, {"country": "Philippines", "year": "2017", "timeperiod": "6", "export": "-", "import_origin": "129.0", "import_consigment": "-"}, {"country": "Philippines", "year": "2017", "timeperiod": "7", "export": "-", "import_origin": "259.5", "import_consigment": "12.7"}, {"country": "Philippines", "year": "2017", "timeperiod": "8", "export": "-", "import_origin": "78.3", "import_consigment": "25.3"}, {"country": "Philippines", "year": "2017", "timeperiod": "9", "export": "-", "import_origin": "294.3", "import_consigment": "22.7"}, {"country": "Philippines", "year": "2017", "timeperiod": "10", "export": "4.0", "import_origin": "302.2", "import_consigment": "116.7"}, {"country": "Philippines", "year": "2017", "timeperiod": "11", "export": "-", "import_origin": "146.1", "import_consigment": "58.9"}, {"country": "Philippines", "year": "2017", "timeperiod": "12", "export": "37.8", "import_origin": "149.8", "import_consigment": "-"}]}