{"data": [{"country": "Cyprus", "year": "2017", "timeperiod": "12", "export": "-", "import_origin": "79.9", "import_consigment": "2228.6"}, {"country": "Cyprus", "year": "2017", "timeperiod": "Year", "export": "123.0", "import_origin": "1521.3", "import_consigment": "11294.4"}, {"country": "Czech Republic", "year": "2023", "timeperiod": "1", "export": "93.0", "import_origin": "1937.5", "import_consigment": "6498.9"}, {"country": "Czech Republic", "year": "2023", "timeperiod": "Year", "export": "93.0", "import_origin": "1937.5", "import_consigment": "6498.9"}, {"country": "Czech Republic", "year": "2022", "timeperiod": "1", "export": "46.4", "import_origin": "611.0", "import_consigment": "2211.4"}, {"country": "Czech Republic", "year": "2022", "timeperiod": "2", "export": "149.3", "import_origin": "907.9", "import_consigment": "5873.7"}, {"country": "Czech Republic", "year": "2022", "timeperiod": "3", "export": "63.5", "import_origin": "1861.8", "import_consigment": "3277.0"}, {"country": "Czech Republic", "year": "2022", "timeperiod": "4", "export": "310.4", "import_origin": "3467.5", "import_consigment": "8605.6"}, {"country": "Czech Republic", "year": "2022", "timeperiod": "5", "export": "119.2", "import_origin": "2250.0", "import_consigment": "6289.7"}, {"country": "Czech Republic", "year": "2022", "timeperiod": "6", "export": "55.8", "import_origin": "4309.4", "import_consigment": "9247.3"}, {"country": "Czech Republic", "year": "2022", "timeperiod": "7", "export": "224.5", "import_origin": "2899.6", "import_consigment": "14168.1"}, {"country": "Czech Republic", "year": "2022", "timeperiod": "8", "export": "38.4", "import_origin": "2332.0", "import_consigment": "11423.1"}, {"country": "Czech Republic", "year": "2022", "timeperiod": "9", "export": "196.9", "import_origin": "4090.3", "import_consigment": "11362.2"}, {"country": "Czech Republic", "year": "2022", "timeperiod": "10", "export": "300.8", "import_origin": "4526.9", "import_consigment": "12778.5"}, {"country": "Czech Republic", "year": "2022", "timeperiod": "11", "export": "220.9", "import_origin": "4592.3", "import_consigment": "13154.4"}, {"country": "Czech Republic", "year": "2022", "timeperiod": "12", "export": "192.0", "import_origin": "4709.1", "import_consigment": "15698.7"}, {"country": "Czech Republic", "year": "2022", "timeperiod": "Year", "export": "1918.1", "import_origin": "36557.8", "import_consigment": "114089.7"}, {"country": "Czech Republic", "year": "2021", "timeperiod": "1", "export": "69.3", "import_origin": "532.9", "import_consigment": "2052.3"}, {"country": "Czech Republic", "year": "2021", "timeperiod": "2", "export": "305.6", "import_origin": "2006.3", "import_consigment": "4150.1"}, {"country": "Czech Republic", "year": "2021", "timeperiod": "3", "export": "308.4", "import_origin": "1206.3", "import_consigment": "4101.3"}, {"country": "Czech Republic", "year": "2021", "timeperiod": "4", "export": "144.7", "import_origin": "2566.3", "import_consigment": "4692.2"}, {"country": "Czech Republic", "year": "2021", "timeperiod": "5", "export": "316.8", "import_origin": "2090.3", "import_consigment": "3557.7"}, {"country": "Czech Republic", "year": "2021", "timeperiod": "6", "export": "330.1", "import_origin": "1556.2", "import_consigment": "2856.7"}, {"country": "Czech Republic", "year": "2021", "timeperiod": "7", "export": "162.0", "import_origin": "1540.4", "import_consigment": "2303.1"}, {"country": "Czech Republic", "year": "2021", "timeperiod": "8", "export": "479.6", "import_origin": "1741.9", "import_consigment": "3000.4"}]}