{"data": [{"country": "Chile", "year": "2019", "timeperiod": "9", "export": "-", "import_origin": "302.5", "import_consigment": "156.4"}, {"country": "Chile", "year": "2019", "timeperiod": "10", "export": "-", "import_origin": "182.4", "import_consigment": "108.3"}, {"country": "Chile", "year": "2019", "timeperiod": "11", "export": "-", "import_origin": "202.4", "import_consigment": "128.6"}, {"country": "Chile", "year": "2019", "timeperiod": "12", "export": "-", "import_origin": "48.0", "import_consigment": "-"}, {"country": "Chile", "year": "2019", "timeperiod": "Year", "export": "-", "import_origin": "2138.7", "import_consigment": "1007.1"}, {"country": "Chile", "year": "2018", "timeperiod": "1", "export": "-", "import_origin": "23.2", "import_consigment": "-"}, {"country": "Chile", "year": "2018", "timeperiod": "2", "export": "-", "import_origin": "89.6", "import_consigment": "70.7"}, {"country": "Chile", "year": "2018", "timeperiod": "3", "export": "-", "import_origin": "5.2", "import_consigment": "64.0"}, {"country": "Chile", "year": "2018", "timeperiod": "4", "export": "-", "import_origin": "50.9", "import_consigment": "-"}, {"country": "Chile", "year": "2018", "timeperiod": "5", "export": "-", "import_origin": "263.0", "import_consigment": "104.4"}, {"country": "Chile", "year": "2018", "timeperiod": "6", "export": "-", "import_origin": "29.9", "import_consigment": "-"}, {"country": "Chile", "year": "2018", "timeperiod": "7", "export": "-", "import_origin": "323.5", "import_consigment": "191.0"}, {"country": "Chile", "year": "2018", "timeperiod": "8", "export": "-", "import_origin": "160.6", "import_consigment": "60.9"}, {"country": "Chile", "year": "2018", "timeperiod": "9", "export": "-", "import_origin": "329.3", "import_consigment": "71.2"}, {"country": "Chile", "year": "2018", "timeperiod": "10", "export": "-", "import_origin": "100.4", "import_consigment": "72.1"}, {"country": "Chile", "year": "2018", "timeperiod": "11", "export": "6.7", "import_origin": "290.7", "import_consigment": "193.5"}, {"country": "Chile", "year": "2018", "timeperiod": "12", "export": "-", "import_origin": "292.0", "import_consigment": "60.4"}, {"country": "Chile", "year": "2018", "timeperiod": "Year", "export": "6.7", "import_origin": "1958.4", "import_consigment": "888.0"}, {"country": "Chile", "year": "2017", "timeperiod": "1", "export": "-", "import_origin": "29.0", "import_consigment": "-"}, {"country": "Chile", "year": "2017", "timeperiod": "2", "export": "-", "import_origin": "56.1", "import_consigment": "38.9"}, {"country": "Chile", "year": "2017", "timeperiod": "3", "export": "-", "import_origin": "71.7", "import_consigment": "-"}, {"country": "Chile", "year": "2017", "timeperiod": "4", "export": "-", "import_origin": "61.8", "import_consigment": "-"}, {"country": "Chile", "year": "2017", "timeperiod": "5", "export": "-", "import_origin": "91.1", "import_consigment": "76.9"}, {"country": "Chile", "year": "2017", "timeperiod": "6", "export": "-", "import_origin": "127.4", "import_consigment": "-"}, {"country": "Chile", "year": "2017", "timeperiod": "7", "export": "-", "import_origin": "43.1", "import_consigment": "26.3"}]}