{"data": [{"country": "Philippines", "year": "2022", "timeperiod": "3", "export": "-", "import_origin": "309.7", "import_consigment": "50.1"}, {"country": "Philippines", "year": "2022", "timeperiod": "4", "export": "-", "import_origin": "199.0", "import_consigment": "22.2"}, {"country": "Philippines", "year": "2022", "timeperiod": "5", "export": "-", "import_origin": "305.3", "import_consigment": "107.0"}, {"country": "Philippines", "year": "2022", "timeperiod": "6", "export": "-", "import_origin": "505.2", "import_consigment": "13.9"}, {"country": "Philippines", "year": "2022", "timeperiod": "7", "export": "1.5", "import_origin": "669.1", "import_consigment": "-"}, {"country": "Philippines", "year": "2022", "timeperiod": "8", "export": "0.6", "import_origin": "1410.4", "import_consigment": "56.1"}, {"country": "Philippines", "year": "2022", "timeperiod": "9", "export": "1.5", "import_origin": "2765.0", "import_consigment": "71.3"}, {"country": "Philippines", "year": "2022", "timeperiod": "10", "export": "-", "import_origin": "1502.8", "import_consigment": "26.0"}, {"country": "Philippines", "year": "2022", "timeperiod": "11", "export": "-", "import_origin": "409.8", "import_consigment": "-"}, {"country": "Philippines", "year": "2022", "timeperiod": "12", "export": "1.5", "import_origin": "984.6", "import_consigment": "41.1"}, {"country": "Philippines", "year": "2022", "timeperiod": "Year", "export": "5.1", "import_origin": "9509.8", "import_consigment": "613.6"}, {"country": "Philippines", "year": "2021", "timeperiod": "1", "export": "5.8", "import_origin": "82.2", "import_consigment": "23.8"}, {"country": "Philippines", "year": "2021", "timeperiod": "2", "export": "1.0", "import_origin": "159.7", "import_consigment": "12.0"}, {"country": "Philippines", "year": "2021", "timeperiod": "3", "export": "-", "import_origin": "199.9", "import_consigment": "19.6"}, {"country": "Philippines", "year": "2021", "timeperiod": "4", "export": "-", "import_origin": "311.2", "import_consigment": "25.1"}, {"country": "Philippines", "year": "2021", "timeperiod": "5", "export": "-", "import_origin": "316.1", "import_consigment": "6.8"}, {"country": "Philippines", "year": "2021", "timeperiod": "6", "export": "-", "import_origin": "728.3", "import_consigment": "16.2"}, {"country": "Philippines", "year": "2021", "timeperiod": "7", "export": "-", "import_origin": "229.8", "import_consigment": "59.9"}, {"country": "Philippines", "year": "2021", "timeperiod": "8", "export": "-", "import_origin": "168.6", "import_consigment": "-"}, {"country": "Philippines", "year": "2021", "timeperiod": "9", "export": "-", "import_origin": "579.9", "import_consigment": "52.0"}, {"country": "Philippines", "year": "2021", "timeperiod": "10", "export": "-", "import_origin": "244.8", "import_consigment": "21.2"}, {"country": "Philippines", "year": "2021", "timeperiod": "11", "export": "-", "import_origin": "178.3", "import_consigment": "39.0"}, {"country": "Philippines", "year": "2021", "timeperiod": "12", "export": "-", "import_origin": "187.8", "import_consigment": "9.6"}, {"country": "Philippines", "year": "2021", "timeperiod": "Year", "export": "6.8", "import_origin": "3386.6", "import_consigment": "285.3"}, {"country": "Philippines", "year": "2020", "timeperiod": "1", "export": "-", "import_origin": "209.3", "import_consigment": "18.9"}]}