{"data": [{"country": "Morocco", "year": "2022", "timeperiod": "1", "export": "-", "import_origin": "319.9", "import_consigment": "-"}, {"country": "Morocco", "year": "2022", "timeperiod": "2", "export": "-", "import_origin": "307.1", "import_consigment": "-"}, {"country": "Morocco", "year": "2022", "timeperiod": "3", "export": "14.7", "import_origin": "432.8", "import_consigment": "-"}, {"country": "Morocco", "year": "2022", "timeperiod": "4", "export": "-", "import_origin": "422.3", "import_consigment": "-"}, {"country": "Morocco", "year": "2022", "timeperiod": "5", "export": "16.8", "import_origin": "428.8", "import_consigment": "-"}, {"country": "Morocco", "year": "2022", "timeperiod": "6", "export": "-", "import_origin": "366.3", "import_consigment": "-"}, {"country": "Morocco", "year": "2022", "timeperiod": "7", "export": "-", "import_origin": "505.7", "import_consigment": "-"}, {"country": "Morocco", "year": "2022", "timeperiod": "8", "export": "-", "import_origin": "650.6", "import_consigment": "17.4"}, {"country": "Morocco", "year": "2022", "timeperiod": "9", "export": "-", "import_origin": "574.6", "import_consigment": "-"}, {"country": "Morocco", "year": "2022", "timeperiod": "10", "export": "-", "import_origin": "431.9", "import_consigment": "17.0"}, {"country": "Morocco", "year": "2022", "timeperiod": "11", "export": "-", "import_origin": "518.1", "import_consigment": "-"}, {"country": "Morocco", "year": "2022", "timeperiod": "12", "export": "-", "import_origin": "383.1", "import_consigment": "6.0"}, {"country": "Morocco", "year": "2022", "timeperiod": "Year", "export": "31.4", "import_origin": "5341.2", "import_consigment": "40.4"}, {"country": "Morocco", "year": "2021", "timeperiod": "1", "export": "-", "import_origin": "103.4", "import_consigment": "-"}, {"country": "Morocco", "year": "2021", "timeperiod": "2", "export": "11.3", "import_origin": "254.7", "import_consigment": "-"}, {"country": "Morocco", "year": "2021", "timeperiod": "3", "export": "10.8", "import_origin": "463.8", "import_consigment": "45.0"}, {"country": "Morocco", "year": "2021", "timeperiod": "4", "export": "3.8", "import_origin": "379.3", "import_consigment": "23.5"}, {"country": "Morocco", "year": "2021", "timeperiod": "5", "export": "-", "import_origin": "347.9", "import_consigment": "-"}, {"country": "Morocco", "year": "2021", "timeperiod": "6", "export": "-", "import_origin": "807.8", "import_consigment": "510.7"}, {"country": "Morocco", "year": "2021", "timeperiod": "7", "export": "-", "import_origin": "1534.7", "import_consigment": "1278.0"}, {"country": "Morocco", "year": "2021", "timeperiod": "8", "export": "-", "import_origin": "414.1", "import_consigment": "15.1"}, {"country": "Morocco", "year": "2021", "timeperiod": "9", "export": "-", "import_origin": "462.2", "import_consigment": "721.6"}, {"country": "Morocco", "year": "2021", "timeperiod": "10", "export": "-", "import_origin": "415.4", "import_consigment": "-"}, {"country": "Morocco", "year": "2021", "timeperiod": "11", "export": "-", "import_origin": "482.8", "import_consigment": "101.6"}, {"country": "Morocco", "year": "2021", "timeperiod": "12", "export": "7.4", "import_origin": "279.8", "import_consigment": "2.2"}]}