{"data": [{"country": "Montenegro", "year": "2023", "timeperiod": "Year", "export": "-", "import_origin": "11.6", "import_consigment": "-"}, {"country": "Montenegro", "year": "2022", "timeperiod": "1", "export": "-", "import_origin": "5.3", "import_consigment": "-"}, {"country": "Montenegro", "year": "2022", "timeperiod": "2", "export": "-", "import_origin": "7.5", "import_consigment": "-"}, {"country": "Montenegro", "year": "2022", "timeperiod": "3", "export": "-", "import_origin": "1.4", "import_consigment": "-"}, {"country": "Montenegro", "year": "2022", "timeperiod": "4", "export": "-", "import_origin": "5.9", "import_consigment": "-"}, {"country": "Montenegro", "year": "2022", "timeperiod": "5", "export": "-", "import_origin": "36.0", "import_consigment": "-"}, {"country": "Montenegro", "year": "2022", "timeperiod": "6", "export": "-", "import_origin": "6.3", "import_consigment": "-"}, {"country": "Montenegro", "year": "2022", "timeperiod": "7", "export": "3.4", "import_origin": "17.0", "import_consigment": "-"}, {"country": "Montenegro", "year": "2022", "timeperiod": "8", "export": "-", "import_origin": "12.9", "import_consigment": "-"}, {"country": "Montenegro", "year": "2022", "timeperiod": "10", "export": "0.1", "import_origin": "28.1", "import_consigment": "-"}, {"country": "Montenegro", "year": "2022", "timeperiod": "11", "export": "-", "import_origin": "35.1", "import_consigment": "-"}, {"country": "Montenegro", "year": "2022", "timeperiod": "12", "export": "142.5", "import_origin": "10.8", "import_consigment": "-"}, {"country": "Montenegro", "year": "2022", "timeperiod": "Year", "export": "146.1", "import_origin": "166.3", "import_consigment": "-"}, {"country": "Montenegro", "year": "2021", "timeperiod": "1", "export": "-", "import_origin": "3.1", "import_consigment": "-"}, {"country": "Montenegro", "year": "2021", "timeperiod": "2", "export": "-", "import_origin": "10.5", "import_consigment": "-"}, {"country": "Montenegro", "year": "2021", "timeperiod": "3", "export": "-", "import_origin": "37.7", "import_consigment": "-"}, {"country": "Montenegro", "year": "2021", "timeperiod": "4", "export": "-", "import_origin": "5.3", "import_consigment": "-"}, {"country": "Montenegro", "year": "2021", "timeperiod": "5", "export": "-", "import_origin": "3.1", "import_consigment": "-"}, {"country": "Montenegro", "year": "2021", "timeperiod": "6", "export": "-", "import_origin": "15.3", "import_consigment": "-"}, {"country": "Montenegro", "year": "2021", "timeperiod": "7", "export": "-", "import_origin": "16.1", "import_consigment": "-"}, {"country": "Montenegro", "year": "2021", "timeperiod": "8", "export": "-", "import_origin": "4.9", "import_consigment": "-"}, {"country": "Montenegro", "year": "2021", "timeperiod": "9", "export": "-", "import_origin": "18.3", "import_consigment": "-"}, {"country": "Montenegro", "year": "2021", "timeperiod": "10", "export": "-", "import_origin": "27.9", "import_consigment": "-"}, {"country": "Montenegro", "year": "2021", "timeperiod": "11", "export": "-", "import_origin": "45.1", "import_consigment": "-"}, {"country": "Montenegro", "year": "2021", "timeperiod": "12", "export": "-", "import_origin": "33.9", "import_consigment": "-"}]}