{"data": [{"country": "Oman", "year": "2022", "timeperiod": "1", "export": "-", "import_origin": "17.0", "import_consigment": "-"}, {"country": "Oman", "year": "2022", "timeperiod": "2", "export": "0.2", "import_origin": "1.6", "import_consigment": "-"}, {"country": "Oman", "year": "2022", "timeperiod": "3", "export": "-", "import_origin": "50.1", "import_consigment": "-"}, {"country": "Oman", "year": "2022", "timeperiod": "5", "export": "-", "import_origin": "1.7", "import_consigment": "-"}, {"country": "Oman", "year": "2022", "timeperiod": "6", "export": "2.1", "import_origin": "40.1", "import_consigment": "49.2"}, {"country": "Oman", "year": "2022", "timeperiod": "7", "export": "8.4", "import_origin": "46.8", "import_consigment": "39.6"}, {"country": "Oman", "year": "2022", "timeperiod": "9", "export": "12.1", "import_origin": "55.1", "import_consigment": "55.1"}, {"country": "Oman", "year": "2022", "timeperiod": "10", "export": "-", "import_origin": "0.2", "import_consigment": "-"}, {"country": "Oman", "year": "2022", "timeperiod": "11", "export": "-", "import_origin": "21.6", "import_consigment": "-"}, {"country": "Oman", "year": "2022", "timeperiod": "12", "export": "5.0", "import_origin": "10.5", "import_consigment": "-"}, {"country": "Oman", "year": "2022", "timeperiod": "Year", "export": "27.8", "import_origin": "244.7", "import_consigment": "144.0"}, {"country": "Oman", "year": "2021", "timeperiod": "3", "export": "-", "import_origin": "3.7", "import_consigment": "-"}, {"country": "Oman", "year": "2021", "timeperiod": "5", "export": "6.3", "import_origin": "12.0", "import_consigment": "-"}, {"country": "Oman", "year": "2021", "timeperiod": "6", "export": "2.5", "import_origin": "16.5", "import_consigment": "0.1"}, {"country": "Oman", "year": "2021", "timeperiod": "7", "export": "-", "import_origin": "19.5", "import_consigment": "-"}, {"country": "Oman", "year": "2021", "timeperiod": "8", "export": "-", "import_origin": "32.4", "import_consigment": "29.6"}, {"country": "Oman", "year": "2021", "timeperiod": "10", "export": "157.5", "import_origin": "18.8", "import_consigment": "-"}, {"country": "Oman", "year": "2021", "timeperiod": "11", "export": "-", "import_origin": "0.4", "import_consigment": "-"}, {"country": "Oman", "year": "2021", "timeperiod": "12", "export": "-", "import_origin": "78.9", "import_consigment": "-"}, {"country": "Oman", "year": "2021", "timeperiod": "Year", "export": "166.3", "import_origin": "182.2", "import_consigment": "29.7"}, {"country": "Oman", "year": "2020", "timeperiod": "1", "export": "-", "import_origin": "-", "import_consigment": "0.1"}, {"country": "Oman", "year": "2020", "timeperiod": "2", "export": "-", "import_origin": "99.6", "import_consigment": "99.6"}, {"country": "Oman", "year": "2020", "timeperiod": "3", "export": "-", "import_origin": "45.1", "import_consigment": "-"}, {"country": "Oman", "year": "2020", "timeperiod": "5", "export": "-", "import_origin": "35.1", "import_consigment": "35.1"}, {"country": "Oman", "year": "2020", "timeperiod": "7", "export": "-", "import_origin": "36.8", "import_consigment": "36.8"}]}