{"data": [{"country": "El Salvador", "year": "2021", "timeperiod": "4", "export": "-", "import_origin": "4.7", "import_consigment": "-"}, {"country": "El Salvador", "year": "2021", "timeperiod": "6", "export": "-", "import_origin": "0.1", "import_consigment": "-"}, {"country": "El Salvador", "year": "2021", "timeperiod": "7", "export": "-", "import_origin": "80.9", "import_consigment": "-"}, {"country": "El Salvador", "year": "2021", "timeperiod": "8", "export": "-", "import_origin": "-", "import_consigment": "-"}, {"country": "El Salvador", "year": "2021", "timeperiod": "10", "export": "-", "import_origin": "100.0", "import_consigment": "-"}, {"country": "El Salvador", "year": "2021", "timeperiod": "11", "export": "-", "import_origin": "0.1", "import_consigment": "-"}, {"country": "El Salvador", "year": "2021", "timeperiod": "12", "export": "-", "import_origin": "0.5", "import_consigment": "-"}, {"country": "El Salvador", "year": "2021", "timeperiod": "Year", "export": "-", "import_origin": "191.1", "import_consigment": "-"}, {"country": "El Salvador", "year": "2020", "timeperiod": "1", "export": "-", "import_origin": "0.4", "import_consigment": "-"}, {"country": "El Salvador", "year": "2020", "timeperiod": "2", "export": "-", "import_origin": "11.2", "import_consigment": "-"}, {"country": "El Salvador", "year": "2020", "timeperiod": "3", "export": "-", "import_origin": "1.4", "import_consigment": "-"}, {"country": "El Salvador", "year": "2020", "timeperiod": "6", "export": "-", "import_origin": "68.3", "import_consigment": "-"}, {"country": "El Salvador", "year": "2020", "timeperiod": "7", "export": "-", "import_origin": "-", "import_consigment": "11.6"}, {"country": "El Salvador", "year": "2020", "timeperiod": "8", "export": "-", "import_origin": "0.3", "import_consigment": "-"}, {"country": "El Salvador", "year": "2020", "timeperiod": "9", "export": "-", "import_origin": "3.0", "import_consigment": "-"}, {"country": "El Salvador", "year": "2020", "timeperiod": "10", "export": "-", "import_origin": "0.4", "import_consigment": "-"}, {"country": "El Salvador", "year": "2020", "timeperiod": "11", "export": "-", "import_origin": "-", "import_consigment": "-"}, {"country": "El Salvador", "year": "2020", "timeperiod": "12", "export": "-", "import_origin": "0.3", "import_consigment": "0.3"}, {"country": "El Salvador", "year": "2020", "timeperiod": "Year", "export": "-", "import_origin": "85.2", "import_consigment": "11.9"}, {"country": "El Salvador", "year": "2019", "timeperiod": "1", "export": "-", "import_origin": "75.4", "import_consigment": "-"}, {"country": "El Salvador", "year": "2019", "timeperiod": "2", "export": "-", "import_origin": "4.0", "import_consigment": "-"}, {"country": "El Salvador", "year": "2019", "timeperiod": "3", "export": "-", "import_origin": "4.6", "import_consigment": "-"}, {"country": "El Salvador", "year": "2019", "timeperiod": "4", "export": "-", "import_origin": "2.3", "import_consigment": "-"}, {"country": "El Salvador", "year": "2019", "timeperiod": "5", "export": "-", "import_origin": "0.1", "import_consigment": "-"}, {"country": "El Salvador", "year": "2019", "timeperiod": "6", "export": "-", "import_origin": "-", "import_consigment": "-"}]}