{"data": [{"country": "Niue", "year": "2022", "timeperiod": "Year", "export": "-", "import_origin": "12.3", "import_consigment": "-"}, {"country": "Niue", "year": "2021", "timeperiod": "2", "export": "-", "import_origin": "0.2", "import_consigment": "-"}, {"country": "Niue", "year": "2021", "timeperiod": "5", "export": "-", "import_origin": "4.1", "import_consigment": "-"}, {"country": "Niue", "year": "2021", "timeperiod": "6", "export": "-", "import_origin": "3.2", "import_consigment": "1.8"}, {"country": "Niue", "year": "2021", "timeperiod": "7", "export": "-", "import_origin": "-", "import_consigment": "-"}, {"country": "Niue", "year": "2021", "timeperiod": "9", "export": "-", "import_origin": "1.3", "import_consigment": "-"}, {"country": "Niue", "year": "2021", "timeperiod": "12", "export": "-", "import_origin": "3.4", "import_consigment": "-"}, {"country": "Niue", "year": "2021", "timeperiod": "Year", "export": "-", "import_origin": "12.2", "import_consigment": "1.8"}, {"country": "Niue", "year": "2020", "timeperiod": "2", "export": "-", "import_origin": "0.4", "import_consigment": "-"}, {"country": "Niue", "year": "2020", "timeperiod": "7", "export": "-", "import_origin": "0.1", "import_consigment": "-"}, {"country": "Niue", "year": "2020", "timeperiod": "Year", "export": "-", "import_origin": "0.5", "import_consigment": "-"}, {"country": "Niue", "year": "2019", "timeperiod": "11", "export": "-", "import_origin": "0.4", "import_consigment": "-"}, {"country": "Niue", "year": "2019", "timeperiod": "Year", "export": "-", "import_origin": "0.4", "import_consigment": "-"}, {"country": "Niue", "year": "2018", "timeperiod": "1", "export": "-", "import_origin": "-", "import_consigment": "-"}, {"country": "Niue", "year": "2018", "timeperiod": "Year", "export": "-", "import_origin": "-", "import_consigment": "-"}, {"country": "Norfolk Island", "year": "2021", "timeperiod": "7", "export": "-", "import_origin": "-", "import_consigment": "-"}, {"country": "Norfolk Island", "year": "2021", "timeperiod": "Year", "export": "-", "import_origin": "-", "import_consigment": "-"}, {"country": "Norway", "year": "2023", "timeperiod": "1", "export": "-", "import_origin": "361.3", "import_consigment": "121.4"}, {"country": "Norway", "year": "2023", "timeperiod": "Year", "export": "-", "import_origin": "361.3", "import_consigment": "121.4"}, {"country": "Norway", "year": "2022", "timeperiod": "1", "export": "5.0", "import_origin": "331.0", "import_consigment": "13788.7"}, {"country": "Norway", "year": "2022", "timeperiod": "2", "export": "-", "import_origin": "147.0", "import_consigment": "140.2"}, {"country": "Norway", "year": "2022", "timeperiod": "3", "export": "-", "import_origin": "151.5", "import_consigment": "157.7"}, {"country": "Norway", "year": "2022", "timeperiod": "4", "export": "1.1", "import_origin": "606.1", "import_consigment": "530.8"}, {"country": "Norway", "year": "2022", "timeperiod": "5", "export": "-", "import_origin": "317.1", "import_consigment": "177.4"}, {"country": "Norway", "year": "2022", "timeperiod": "6", "export": "-", "import_origin": "712.5", "import_consigment": "545.2"}]}