{"data": [{"country": "Myanmar", "year": "2017", "timeperiod": "8", "export": "-", "import_origin": "47.9", "import_consigment": "-"}, {"country": "Myanmar", "year": "2017", "timeperiod": "9", "export": "-", "import_origin": "81.7", "import_consigment": "-"}, {"country": "Myanmar", "year": "2017", "timeperiod": "10", "export": "-", "import_origin": "86.2", "import_consigment": "-"}, {"country": "Myanmar", "year": "2017", "timeperiod": "11", "export": "-", "import_origin": "65.9", "import_consigment": "-"}, {"country": "Myanmar", "year": "2017", "timeperiod": "12", "export": "-", "import_origin": "38.2", "import_consigment": "-"}, {"country": "Myanmar", "year": "2017", "timeperiod": "Year", "export": "1.3", "import_origin": "442.0", "import_consigment": "-"}, {"country": "Burundi", "year": "2021", "timeperiod": "4", "export": "-", "import_origin": "0.5", "import_consigment": "-"}, {"country": "Burundi", "year": "2021", "timeperiod": "7", "export": "-", "import_origin": "-", "import_consigment": "-"}, {"country": "Burundi", "year": "2021", "timeperiod": "Year", "export": "-", "import_origin": "0.5", "import_consigment": "-"}, {"country": "Burundi", "year": "2019", "timeperiod": "5", "export": "-", "import_origin": "3.6", "import_consigment": "-"}, {"country": "Burundi", "year": "2019", "timeperiod": "7", "export": "-", "import_origin": "1.8", "import_consigment": "-"}, {"country": "Burundi", "year": "2019", "timeperiod": "Year", "export": "-", "import_origin": "5.4", "import_consigment": "-"}, {"country": "Belarus", "year": "2023", "timeperiod": "1", "export": "13100.2", "import_origin": "5775.0", "import_consigment": "5372.4"}, {"country": "Belarus", "year": "2023", "timeperiod": "Year", "export": "13100.2", "import_origin": "5775.0", "import_consigment": "5372.4"}, {"country": "Belarus", "year": "2022", "timeperiod": "1", "export": "2150.0", "import_origin": "6427.6", "import_consigment": "6716.5"}, {"country": "Belarus", "year": "2022", "timeperiod": "2", "export": "1374.0", "import_origin": "4004.6", "import_consigment": "4239.2"}, {"country": "Belarus", "year": "2022", "timeperiod": "3", "export": "1373.4", "import_origin": "1032.3", "import_consigment": "1206.5"}, {"country": "Belarus", "year": "2022", "timeperiod": "4", "export": "3035.3", "import_origin": "9171.2", "import_consigment": "9110.0"}, {"country": "Belarus", "year": "2022", "timeperiod": "5", "export": "3591.5", "import_origin": "7604.0", "import_consigment": "8323.0"}, {"country": "Belarus", "year": "2022", "timeperiod": "6", "export": "5282.8", "import_origin": "13055.8", "import_consigment": "13814.3"}, {"country": "Belarus", "year": "2022", "timeperiod": "7", "export": "9018.2", "import_origin": "16870.0", "import_consigment": "20201.9"}, {"country": "Belarus", "year": "2022", "timeperiod": "8", "export": "10396.9", "import_origin": "13044.6", "import_consigment": "13423.0"}, {"country": "Belarus", "year": "2022", "timeperiod": "9", "export": "13795.3", "import_origin": "9793.0", "import_consigment": "10457.1"}, {"country": "Belarus", "year": "2022", "timeperiod": "10", "export": "5540.9", "import_origin": "11504.0", "import_consigment": "12117.2"}, {"country": "Belarus", "year": "2022", "timeperiod": "11", "export": "11435.8", "import_origin": "6831.4", "import_consigment": "7394.0"}]}