{"data": [{"country": "Cambodia", "year": "2022", "timeperiod": "7", "export": "-", "import_origin": "965.6", "import_consigment": "-"}, {"country": "Cambodia", "year": "2022", "timeperiod": "8", "export": "-", "import_origin": "411.9", "import_consigment": "-"}, {"country": "Cambodia", "year": "2022", "timeperiod": "9", "export": "-", "import_origin": "516.9", "import_consigment": "-"}, {"country": "Cambodia", "year": "2022", "timeperiod": "10", "export": "-", "import_origin": "328.1", "import_consigment": "-"}, {"country": "Cambodia", "year": "2022", "timeperiod": "11", "export": "-", "import_origin": "371.8", "import_consigment": "-"}, {"country": "Cambodia", "year": "2022", "timeperiod": "12", "export": "-", "import_origin": "1710.2", "import_consigment": "-"}, {"country": "Cambodia", "year": "2022", "timeperiod": "Year", "export": "0.1", "import_origin": "6185.1", "import_consigment": "19.7"}, {"country": "Cambodia", "year": "2021", "timeperiod": "1", "export": "-", "import_origin": "69.4", "import_consigment": "-"}, {"country": "Cambodia", "year": "2021", "timeperiod": "2", "export": "-", "import_origin": "706.9", "import_consigment": "-"}, {"country": "Cambodia", "year": "2021", "timeperiod": "3", "export": "-", "import_origin": "322.3", "import_consigment": "-"}, {"country": "Cambodia", "year": "2021", "timeperiod": "4", "export": "-", "import_origin": "227.0", "import_consigment": "-"}, {"country": "Cambodia", "year": "2021", "timeperiod": "5", "export": "-", "import_origin": "190.0", "import_consigment": "-"}, {"country": "Cambodia", "year": "2021", "timeperiod": "6", "export": "-", "import_origin": "201.6", "import_consigment": "-"}, {"country": "Cambodia", "year": "2021", "timeperiod": "7", "export": "-", "import_origin": "498.5", "import_consigment": "-"}, {"country": "Cambodia", "year": "2021", "timeperiod": "8", "export": "-", "import_origin": "495.9", "import_consigment": "-"}, {"country": "Cambodia", "year": "2021", "timeperiod": "9", "export": "-", "import_origin": "254.4", "import_consigment": "-"}, {"country": "Cambodia", "year": "2021", "timeperiod": "10", "export": "-", "import_origin": "574.2", "import_consigment": "-"}, {"country": "Cambodia", "year": "2021", "timeperiod": "11", "export": "-", "import_origin": "188.0", "import_consigment": "-"}, {"country": "Cambodia", "year": "2021", "timeperiod": "12", "export": "-", "import_origin": "950.1", "import_consigment": "-"}, {"country": "Cambodia", "year": "2021", "timeperiod": "Year", "export": "-", "import_origin": "4678.4", "import_consigment": "-"}, {"country": "Cambodia", "year": "2020", "timeperiod": "1", "export": "-", "import_origin": "136.5", "import_consigment": "-"}, {"country": "Cambodia", "year": "2020", "timeperiod": "2", "export": "-", "import_origin": "234.2", "import_consigment": "-"}, {"country": "Cambodia", "year": "2020", "timeperiod": "3", "export": "-", "import_origin": "205.1", "import_consigment": "-"}, {"country": "Cambodia", "year": "2020", "timeperiod": "4", "export": "-", "import_origin": "61.9", "import_consigment": "-"}, {"country": "Cambodia", "year": "2020", "timeperiod": "5", "export": "-", "import_origin": "49.9", "import_consigment": "-"}]}