{"data": [{"country": "Turkmenistan", "year": "2021", "timeperiod": "3", "export": "-", "import_origin": "420.6", "import_consigment": "211.5"}, {"country": "Turkmenistan", "year": "2021", "timeperiod": "4", "export": "-", "import_origin": "299.1", "import_consigment": "181.6"}, {"country": "Turkmenistan", "year": "2021", "timeperiod": "5", "export": "-", "import_origin": "536.3", "import_consigment": "350.7"}, {"country": "Turkmenistan", "year": "2021", "timeperiod": "6", "export": "294.0", "import_origin": "461.6", "import_consigment": "384.0"}, {"country": "Turkmenistan", "year": "2021", "timeperiod": "7", "export": "1047.3", "import_origin": "146.7", "import_consigment": "146.7"}, {"country": "Turkmenistan", "year": "2021", "timeperiod": "8", "export": "669.1", "import_origin": "1041.9", "import_consigment": "322.1"}, {"country": "Turkmenistan", "year": "2021", "timeperiod": "9", "export": "621.8", "import_origin": "1504.8", "import_consigment": "356.7"}, {"country": "Turkmenistan", "year": "2021", "timeperiod": "10", "export": "1562.9", "import_origin": "148.7", "import_consigment": "147.2"}, {"country": "Turkmenistan", "year": "2021", "timeperiod": "11", "export": "2115.2", "import_origin": "245.6", "import_consigment": "242.9"}, {"country": "Turkmenistan", "year": "2021", "timeperiod": "12", "export": "1758.5", "import_origin": "461.1", "import_consigment": "457.1"}, {"country": "Turkmenistan", "year": "2021", "timeperiod": "Year", "export": "8140.0", "import_origin": "6068.1", "import_consigment": "3386.9"}, {"country": "Turkmenistan", "year": "2020", "timeperiod": "1", "export": "228.4", "import_origin": "141.8", "import_consigment": "139.5"}, {"country": "Turkmenistan", "year": "2020", "timeperiod": "2", "export": "470.9", "import_origin": "296.3", "import_consigment": "294.5"}, {"country": "Turkmenistan", "year": "2020", "timeperiod": "3", "export": "81.2", "import_origin": "37.4", "import_consigment": "36.0"}, {"country": "Turkmenistan", "year": "2020", "timeperiod": "4", "export": "-", "import_origin": "72.2", "import_consigment": "72.0"}, {"country": "Turkmenistan", "year": "2020", "timeperiod": "5", "export": "-", "import_origin": "36.2", "import_consigment": "36.2"}, {"country": "Turkmenistan", "year": "2020", "timeperiod": "6", "export": "-", "import_origin": "284.3", "import_consigment": "171.1"}, {"country": "Turkmenistan", "year": "2020", "timeperiod": "7", "export": "249.7", "import_origin": "282.6", "import_consigment": "117.2"}, {"country": "Turkmenistan", "year": "2020", "timeperiod": "8", "export": "598.8", "import_origin": "574.2", "import_consigment": "416.7"}, {"country": "Turkmenistan", "year": "2020", "timeperiod": "9", "export": "-", "import_origin": "275.0", "import_consigment": "104.0"}, {"country": "Turkmenistan", "year": "2020", "timeperiod": "10", "export": "148.2", "import_origin": "327.9", "import_consigment": "94.9"}, {"country": "Turkmenistan", "year": "2020", "timeperiod": "11", "export": "-", "import_origin": "281.5", "import_consigment": "150.6"}, {"country": "Turkmenistan", "year": "2020", "timeperiod": "12", "export": "94.9", "import_origin": "540.2", "import_consigment": "253.5"}, {"country": "Turkmenistan", "year": "2020", "timeperiod": "Year", "export": "1872.1", "import_origin": "3149.6", "import_consigment": "1886.2"}, {"country": "Turkmenistan", "year": "2019", "timeperiod": "1", "export": "37.0", "import_origin": "160.4", "import_consigment": "169.4"}]}