{"data": [{"country": "Uzbekistan", "year": "2019", "timeperiod": "11", "export": "276.5", "import_origin": "685.6", "import_consigment": "676.3"}, {"country": "Uzbekistan", "year": "2019", "timeperiod": "12", "export": "608.3", "import_origin": "390.7", "import_consigment": "327.5"}, {"country": "Uzbekistan", "year": "2019", "timeperiod": "Year", "export": "2685.3", "import_origin": "3318.2", "import_consigment": "3061.3"}, {"country": "Uzbekistan", "year": "2018", "timeperiod": "1", "export": "28.5", "import_origin": "123.9", "import_consigment": "83.5"}, {"country": "Uzbekistan", "year": "2018", "timeperiod": "2", "export": "210.6", "import_origin": "92.2", "import_consigment": "79.0"}, {"country": "Uzbekistan", "year": "2018", "timeperiod": "3", "export": "459.4", "import_origin": "228.5", "import_consigment": "216.2"}, {"country": "Uzbekistan", "year": "2018", "timeperiod": "4", "export": "270.0", "import_origin": "140.6", "import_consigment": "115.5"}, {"country": "Uzbekistan", "year": "2018", "timeperiod": "5", "export": "54.1", "import_origin": "309.8", "import_consigment": "280.0"}, {"country": "Uzbekistan", "year": "2018", "timeperiod": "6", "export": "359.4", "import_origin": "71.8", "import_consigment": "2.9"}, {"country": "Uzbekistan", "year": "2018", "timeperiod": "7", "export": "201.5", "import_origin": "160.9", "import_consigment": "146.0"}, {"country": "Uzbekistan", "year": "2018", "timeperiod": "8", "export": "102.7", "import_origin": "121.0", "import_consigment": "115.4"}, {"country": "Uzbekistan", "year": "2018", "timeperiod": "9", "export": "170.3", "import_origin": "202.5", "import_consigment": "180.6"}, {"country": "Uzbekistan", "year": "2018", "timeperiod": "10", "export": "278.5", "import_origin": "510.1", "import_consigment": "502.3"}, {"country": "Uzbekistan", "year": "2018", "timeperiod": "11", "export": "42.4", "import_origin": "360.2", "import_consigment": "358.5"}, {"country": "Uzbekistan", "year": "2018", "timeperiod": "12", "export": "262.7", "import_origin": "241.0", "import_consigment": "230.4"}, {"country": "Uzbekistan", "year": "2018", "timeperiod": "Year", "export": "2440.2", "import_origin": "2562.5", "import_consigment": "2310.4"}, {"country": "Uzbekistan", "year": "2017", "timeperiod": "1", "export": "60.6", "import_origin": "0.8", "import_consigment": "-"}, {"country": "Uzbekistan", "year": "2017", "timeperiod": "2", "export": "32.3", "import_origin": "95.0", "import_consigment": "69.3"}, {"country": "Uzbekistan", "year": "2017", "timeperiod": "3", "export": "153.9", "import_origin": "182.0", "import_consigment": "165.3"}, {"country": "Uzbekistan", "year": "2017", "timeperiod": "4", "export": "163.3", "import_origin": "28.9", "import_consigment": "25.8"}, {"country": "Uzbekistan", "year": "2017", "timeperiod": "5", "export": "262.6", "import_origin": "25.7", "import_consigment": "-"}, {"country": "Uzbekistan", "year": "2017", "timeperiod": "6", "export": "130.5", "import_origin": "38.7", "import_consigment": "36.5"}, {"country": "Uzbekistan", "year": "2017", "timeperiod": "7", "export": "142.1", "import_origin": "173.7", "import_consigment": "145.7"}, {"country": "Uzbekistan", "year": "2017", "timeperiod": "8", "export": "360.7", "import_origin": "95.7", "import_consigment": "86.1"}, {"country": "Uzbekistan", "year": "2017", "timeperiod": "9", "export": "240.0", "import_origin": "4.0", "import_consigment": "2.8"}]}