{"data": [{"country": "Lithuania", "year": "2017", "timeperiod": "7", "export": "13.4", "import_origin": "375.9", "import_consigment": "3001.8"}, {"country": "Lithuania", "year": "2017", "timeperiod": "8", "export": "82.6", "import_origin": "378.0", "import_consigment": "5369.2"}, {"country": "Lithuania", "year": "2017", "timeperiod": "9", "export": "240.5", "import_origin": "229.4", "import_consigment": "2668.1"}, {"country": "Lithuania", "year": "2017", "timeperiod": "10", "export": "263.8", "import_origin": "456.6", "import_consigment": "1317.9"}, {"country": "Lithuania", "year": "2017", "timeperiod": "11", "export": "165.9", "import_origin": "620.1", "import_consigment": "3928.1"}, {"country": "Lithuania", "year": "2017", "timeperiod": "12", "export": "143.0", "import_origin": "528.6", "import_consigment": "2574.4"}, {"country": "Lithuania", "year": "2017", "timeperiod": "Year", "export": "1931.0", "import_origin": "5602.0", "import_consigment": "29102.8"}, {"country": "Luxembourg", "year": "2023", "timeperiod": "1", "export": "-", "import_origin": "92.1", "import_consigment": "246.7"}, {"country": "Luxembourg", "year": "2023", "timeperiod": "Year", "export": "-", "import_origin": "92.1", "import_consigment": "246.7"}, {"country": "Luxembourg", "year": "2022", "timeperiod": "1", "export": "115.5", "import_origin": "58.6", "import_consigment": "56.8"}, {"country": "Luxembourg", "year": "2022", "timeperiod": "2", "export": "130.6", "import_origin": "17.6", "import_consigment": "21.2"}, {"country": "Luxembourg", "year": "2022", "timeperiod": "3", "export": "14.0", "import_origin": "38.1", "import_consigment": "36.8"}, {"country": "Luxembourg", "year": "2022", "timeperiod": "4", "export": "96.2", "import_origin": "32.4", "import_consigment": "7.8"}, {"country": "Luxembourg", "year": "2022", "timeperiod": "5", "export": "0.3", "import_origin": "97.5", "import_consigment": "232.9"}, {"country": "Luxembourg", "year": "2022", "timeperiod": "6", "export": "3.9", "import_origin": "41.2", "import_consigment": "37.5"}, {"country": "Luxembourg", "year": "2022", "timeperiod": "7", "export": "35.4", "import_origin": "194.0", "import_consigment": "247.0"}, {"country": "Luxembourg", "year": "2022", "timeperiod": "8", "export": "-", "import_origin": "45.5", "import_consigment": "181.2"}, {"country": "Luxembourg", "year": "2022", "timeperiod": "9", "export": "-", "import_origin": "112.9", "import_consigment": "424.9"}, {"country": "Luxembourg", "year": "2022", "timeperiod": "10", "export": "7.8", "import_origin": "130.6", "import_consigment": "276.9"}, {"country": "Luxembourg", "year": "2022", "timeperiod": "11", "export": "-", "import_origin": "184.6", "import_consigment": "764.6"}, {"country": "Luxembourg", "year": "2022", "timeperiod": "12", "export": "-", "import_origin": "55.0", "import_consigment": "239.1"}, {"country": "Luxembourg", "year": "2022", "timeperiod": "Year", "export": "403.8", "import_origin": "1008.1", "import_consigment": "2526.9"}, {"country": "Luxembourg", "year": "2021", "timeperiod": "1", "export": "45.2", "import_origin": "105.4", "import_consigment": "44.0"}, {"country": "Luxembourg", "year": "2021", "timeperiod": "2", "export": "51.0", "import_origin": "142.0", "import_consigment": "-"}, {"country": "Luxembourg", "year": "2021", "timeperiod": "3", "export": "203.1", "import_origin": "10.4", "import_consigment": "12.6"}]}