{"data": [{"country": "Cyprus", "year": "2019", "timeperiod": "Year", "export": "68.1", "import_origin": "811.6", "import_consigment": "17850.4"}, {"country": "Cyprus", "year": "2018", "timeperiod": "1", "export": "-", "import_origin": "58.6", "import_consigment": "2257.2"}, {"country": "Cyprus", "year": "2018", "timeperiod": "2", "export": "-", "import_origin": "86.3", "import_consigment": "4742.4"}, {"country": "Cyprus", "year": "2018", "timeperiod": "3", "export": "-", "import_origin": "23.2", "import_consigment": "7858.1"}, {"country": "Cyprus", "year": "2018", "timeperiod": "4", "export": "-", "import_origin": "66.9", "import_consigment": "3630.8"}, {"country": "Cyprus", "year": "2018", "timeperiod": "5", "export": "-", "import_origin": "76.0", "import_consigment": "4327.2"}, {"country": "Cyprus", "year": "2018", "timeperiod": "6", "export": "-", "import_origin": "45.3", "import_consigment": "5185.0"}, {"country": "Cyprus", "year": "2018", "timeperiod": "7", "export": "-", "import_origin": "47.9", "import_consigment": "7826.3"}, {"country": "Cyprus", "year": "2018", "timeperiod": "8", "export": "7.7", "import_origin": "120.3", "import_consigment": "8963.1"}, {"country": "Cyprus", "year": "2018", "timeperiod": "9", "export": "-", "import_origin": "13.9", "import_consigment": "5715.4"}, {"country": "Cyprus", "year": "2018", "timeperiod": "10", "export": "1.9", "import_origin": "47.7", "import_consigment": "3362.0"}, {"country": "Cyprus", "year": "2018", "timeperiod": "11", "export": "-", "import_origin": "22.2", "import_consigment": "2278.2"}, {"country": "Cyprus", "year": "2018", "timeperiod": "12", "export": "15.0", "import_origin": "84.1", "import_consigment": "3305.6"}, {"country": "Cyprus", "year": "2018", "timeperiod": "Year", "export": "24.6", "import_origin": "692.4", "import_consigment": "59451.3"}, {"country": "Cyprus", "year": "2017", "timeperiod": "1", "export": "-", "import_origin": "39.6", "import_consigment": "335.0"}, {"country": "Cyprus", "year": "2017", "timeperiod": "2", "export": "-", "import_origin": "334.0", "import_consigment": "341.5"}, {"country": "Cyprus", "year": "2017", "timeperiod": "3", "export": "0.2", "import_origin": "151.8", "import_consigment": "447.5"}, {"country": "Cyprus", "year": "2017", "timeperiod": "4", "export": "-", "import_origin": "365.6", "import_consigment": "318.7"}, {"country": "Cyprus", "year": "2017", "timeperiod": "5", "export": "0.3", "import_origin": "1.1", "import_consigment": "142.3"}, {"country": "Cyprus", "year": "2017", "timeperiod": "6", "export": "0.1", "import_origin": "64.5", "import_consigment": "357.1"}, {"country": "Cyprus", "year": "2017", "timeperiod": "7", "export": "-", "import_origin": "115.4", "import_consigment": "2007.6"}, {"country": "Cyprus", "year": "2017", "timeperiod": "8", "export": "-", "import_origin": "125.1", "import_consigment": "2821.9"}, {"country": "Cyprus", "year": "2017", "timeperiod": "9", "export": "1.0", "import_origin": "113.2", "import_consigment": "1215.2"}, {"country": "Cyprus", "year": "2017", "timeperiod": "10", "export": "1.4", "import_origin": "20.8", "import_consigment": "494.9"}, {"country": "Cyprus", "year": "2017", "timeperiod": "11", "export": "120.0", "import_origin": "110.4", "import_consigment": "584.0"}]}