{"data": [{"country": "Ireland", "year": "2020", "timeperiod": "8", "export": "0.3", "import_origin": "621.8", "import_consigment": "71.5"}, {"country": "Ireland", "year": "2020", "timeperiod": "9", "export": "0.1", "import_origin": "681.8", "import_consigment": "14.3"}, {"country": "Ireland", "year": "2020", "timeperiod": "10", "export": "2.4", "import_origin": "1239.8", "import_consigment": "245.7"}, {"country": "Ireland", "year": "2020", "timeperiod": "11", "export": "0.1", "import_origin": "677.3", "import_consigment": "66.4"}, {"country": "Ireland", "year": "2020", "timeperiod": "12", "export": "-", "import_origin": "1231.2", "import_consigment": "16.4"}, {"country": "Ireland", "year": "2020", "timeperiod": "Year", "export": "3.4", "import_origin": "9668.8", "import_consigment": "922.1"}, {"country": "Ireland", "year": "2019", "timeperiod": "1", "export": "-", "import_origin": "287.2", "import_consigment": "2.0"}, {"country": "Ireland", "year": "2019", "timeperiod": "2", "export": "-", "import_origin": "699.8", "import_consigment": "34.8"}, {"country": "Ireland", "year": "2019", "timeperiod": "3", "export": "0.2", "import_origin": "1024.8", "import_consigment": "475.0"}, {"country": "Ireland", "year": "2019", "timeperiod": "4", "export": "-", "import_origin": "1016.2", "import_consigment": "108.2"}, {"country": "Ireland", "year": "2019", "timeperiod": "5", "export": "-", "import_origin": "1024.7", "import_consigment": "99.3"}, {"country": "Ireland", "year": "2019", "timeperiod": "6", "export": "-", "import_origin": "1000.1", "import_consigment": "138.9"}, {"country": "Ireland", "year": "2019", "timeperiod": "7", "export": "-", "import_origin": "980.9", "import_consigment": "1.1"}, {"country": "Ireland", "year": "2019", "timeperiod": "8", "export": "-", "import_origin": "460.8", "import_consigment": "5.3"}, {"country": "Ireland", "year": "2019", "timeperiod": "9", "export": "-", "import_origin": "912.9", "import_consigment": "129.2"}, {"country": "Ireland", "year": "2019", "timeperiod": "10", "export": "66.2", "import_origin": "1466.4", "import_consigment": "245.3"}, {"country": "Ireland", "year": "2019", "timeperiod": "11", "export": "0.6", "import_origin": "1161.7", "import_consigment": "18.7"}, {"country": "Ireland", "year": "2019", "timeperiod": "12", "export": "-", "import_origin": "1628.2", "import_consigment": "149.1"}, {"country": "Ireland", "year": "2019", "timeperiod": "Year", "export": "67.1", "import_origin": "11663.5", "import_consigment": "1406.8"}, {"country": "Ireland", "year": "2018", "timeperiod": "1", "export": "4.9", "import_origin": "379.8", "import_consigment": "7.9"}, {"country": "Ireland", "year": "2018", "timeperiod": "2", "export": "-", "import_origin": "1041.1", "import_consigment": "27.4"}, {"country": "Ireland", "year": "2018", "timeperiod": "3", "export": "-", "import_origin": "2133.3", "import_consigment": "299.3"}, {"country": "Ireland", "year": "2018", "timeperiod": "4", "export": "-", "import_origin": "735.6", "import_consigment": "143.5"}, {"country": "Ireland", "year": "2018", "timeperiod": "5", "export": "-", "import_origin": "750.7", "import_consigment": "33.3"}, {"country": "Ireland", "year": "2018", "timeperiod": "6", "export": "-", "import_origin": "1060.6", "import_consigment": "94.0"}]}