{"data": [{"country": "United States", "year": "2019", "timeperiod": "8", "export": "3463.9", "import_origin": "21851.4", "import_consigment": "32913.7"}, {"country": "United States", "year": "2019", "timeperiod": "9", "export": "4990.2", "import_origin": "28466.2", "import_consigment": "35724.0"}, {"country": "United States", "year": "2019", "timeperiod": "10", "export": "4169.6", "import_origin": "37050.9", "import_consigment": "46929.7"}, {"country": "United States", "year": "2019", "timeperiod": "11", "export": "6111.0", "import_origin": "40961.0", "import_consigment": "51192.5"}, {"country": "United States", "year": "2019", "timeperiod": "12", "export": "4823.4", "import_origin": "41561.2", "import_consigment": "52322.2"}, {"country": "United States", "year": "2019", "timeperiod": "Year", "export": "53909.0", "import_origin": "280287.0", "import_consigment": "358157.7"}, {"country": "United States", "year": "2018", "timeperiod": "1", "export": "5523.8", "import_origin": "23742.7", "import_consigment": "27010.9"}, {"country": "United States", "year": "2018", "timeperiod": "2", "export": "6590.1", "import_origin": "10968.8", "import_consigment": "11969.4"}, {"country": "United States", "year": "2018", "timeperiod": "3", "export": "6984.1", "import_origin": "13042.2", "import_consigment": "12054.0"}, {"country": "United States", "year": "2018", "timeperiod": "4", "export": "3813.6", "import_origin": "13876.8", "import_consigment": "13322.2"}, {"country": "United States", "year": "2018", "timeperiod": "5", "export": "4822.0", "import_origin": "14302.5", "import_consigment": "19421.8"}, {"country": "United States", "year": "2018", "timeperiod": "6", "export": "3405.8", "import_origin": "16773.1", "import_consigment": "19341.8"}, {"country": "United States", "year": "2018", "timeperiod": "7", "export": "4282.4", "import_origin": "13276.3", "import_consigment": "13427.7"}, {"country": "United States", "year": "2018", "timeperiod": "8", "export": "2216.2", "import_origin": "10953.8", "import_consigment": "8967.0"}, {"country": "United States", "year": "2018", "timeperiod": "9", "export": "1786.2", "import_origin": "9619.2", "import_consigment": "8582.9"}, {"country": "United States", "year": "2018", "timeperiod": "10", "export": "1887.1", "import_origin": "12088.0", "import_consigment": "14711.4"}, {"country": "United States", "year": "2018", "timeperiod": "11", "export": "3585.2", "import_origin": "19705.3", "import_consigment": "19669.8"}, {"country": "United States", "year": "2018", "timeperiod": "12", "export": "2778.6", "import_origin": "20040.3", "import_consigment": "22105.5"}, {"country": "United States", "year": "2018", "timeperiod": "Year", "export": "47675.1", "import_origin": "178389.1", "import_consigment": "190584.2"}, {"country": "United States", "year": "2017", "timeperiod": "1", "export": "5035.4", "import_origin": "5676.1", "import_consigment": "6186.4"}, {"country": "United States", "year": "2017", "timeperiod": "2", "export": "3769.5", "import_origin": "8148.3", "import_consigment": "6190.5"}, {"country": "United States", "year": "2017", "timeperiod": "3", "export": "4638.0", "import_origin": "6237.5", "import_consigment": "6755.4"}, {"country": "United States", "year": "2017", "timeperiod": "4", "export": "3819.5", "import_origin": "6023.0", "import_consigment": "6418.3"}, {"country": "United States", "year": "2017", "timeperiod": "5", "export": "4057.0", "import_origin": "7625.2", "import_consigment": "11719.6"}, {"country": "United States", "year": "2017", "timeperiod": "6", "export": "5056.4", "import_origin": "7351.2", "import_consigment": "7403.0"}]}