{"data": [{"country": "Sudan", "year": "2017", "timeperiod": "7", "export": "-", "import_origin": "2.0", "import_consigment": "-"}, {"country": "Sudan", "year": "2017", "timeperiod": "8", "export": "-", "import_origin": "1.1", "import_consigment": "-"}, {"country": "Sudan", "year": "2017", "timeperiod": "9", "export": "-", "import_origin": "2.0", "import_consigment": "-"}, {"country": "Sudan", "year": "2017", "timeperiod": "10", "export": "-", "import_origin": "9.0", "import_consigment": "1.8"}, {"country": "Sudan", "year": "2017", "timeperiod": "12", "export": "53.0", "import_origin": "3.0", "import_consigment": "-"}, {"country": "Sudan", "year": "2017", "timeperiod": "Year", "export": "53.0", "import_origin": "39.2", "import_consigment": "1.8"}, {"country": "Suriname", "year": "2023", "timeperiod": "1", "export": "-", "import_origin": "1.3", "import_consigment": "-"}, {"country": "Suriname", "year": "2023", "timeperiod": "Year", "export": "-", "import_origin": "1.3", "import_consigment": "-"}, {"country": "Suriname", "year": "2022", "timeperiod": "7", "export": "-", "import_origin": "0.1", "import_consigment": "-"}, {"country": "Suriname", "year": "2022", "timeperiod": "9", "export": "-", "import_origin": "-", "import_consigment": "1.9"}, {"country": "Suriname", "year": "2022", "timeperiod": "12", "export": "-", "import_origin": "1.2", "import_consigment": "-"}, {"country": "Suriname", "year": "2022", "timeperiod": "Year", "export": "-", "import_origin": "1.3", "import_consigment": "1.9"}, {"country": "Suriname", "year": "2021", "timeperiod": "3", "export": "2938.6", "import_origin": "-", "import_consigment": "-"}, {"country": "Suriname", "year": "2021", "timeperiod": "9", "export": "-", "import_origin": "-", "import_consigment": "-"}, {"country": "Suriname", "year": "2021", "timeperiod": "Year", "export": "2938.6", "import_origin": "-", "import_consigment": "-"}, {"country": "Suriname", "year": "2019", "timeperiod": "4", "export": "-", "import_origin": "21.4", "import_consigment": "21.4"}, {"country": "Suriname", "year": "2019", "timeperiod": "9", "export": "-", "import_origin": "2.5", "import_consigment": "-"}, {"country": "Suriname", "year": "2019", "timeperiod": "11", "export": "-", "import_origin": "3.3", "import_consigment": "-"}, {"country": "Suriname", "year": "2019", "timeperiod": "Year", "export": "-", "import_origin": "27.2", "import_consigment": "21.4"}, {"country": "Suriname", "year": "2018", "timeperiod": "12", "export": "-", "import_origin": "0.1", "import_consigment": "-"}, {"country": "Suriname", "year": "2018", "timeperiod": "Year", "export": "-", "import_origin": "0.1", "import_consigment": "-"}, {"country": "Svalbard and Jan Mayen Islands", "year": "2021", "timeperiod": "7", "export": "-", "import_origin": "-", "import_consigment": "-"}, {"country": "Svalbard and Jan Mayen Islands", "year": "2021", "timeperiod": "Year", "export": "-", "import_origin": "-", "import_consigment": "-"}, {"country": "Svalbard and Jan Mayen Islands", "year": "2019", "timeperiod": "11", "export": "-", "import_origin": "0.1", "import_consigment": "-"}, {"country": "Svalbard and Jan Mayen Islands", "year": "2019", "timeperiod": "Year", "export": "-", "import_origin": "0.1", "import_consigment": "-"}]}