{"data": [{"country": "Portugal", "year": "2021", "timeperiod": "2", "export": "2.6", "import_origin": "334.1", "import_consigment": "186.3"}, {"country": "Portugal", "year": "2021", "timeperiod": "3", "export": "1.0", "import_origin": "646.6", "import_consigment": "425.1"}, {"country": "Portugal", "year": "2021", "timeperiod": "4", "export": "-", "import_origin": "519.3", "import_consigment": "211.1"}, {"country": "Portugal", "year": "2021", "timeperiod": "5", "export": "5.3", "import_origin": "515.9", "import_consigment": "354.0"}, {"country": "Portugal", "year": "2021", "timeperiod": "6", "export": "-", "import_origin": "706.9", "import_consigment": "488.2"}, {"country": "Portugal", "year": "2021", "timeperiod": "7", "export": "0.3", "import_origin": "796.2", "import_consigment": "412.5"}, {"country": "Portugal", "year": "2021", "timeperiod": "8", "export": "71.0", "import_origin": "831.9", "import_consigment": "508.2"}, {"country": "Portugal", "year": "2021", "timeperiod": "9", "export": "38.0", "import_origin": "716.3", "import_consigment": "516.1"}, {"country": "Portugal", "year": "2021", "timeperiod": "10", "export": "294.6", "import_origin": "608.8", "import_consigment": "496.3"}, {"country": "Portugal", "year": "2021", "timeperiod": "11", "export": "75.0", "import_origin": "924.2", "import_consigment": "827.2"}, {"country": "Portugal", "year": "2021", "timeperiod": "12", "export": "-", "import_origin": "748.1", "import_consigment": "440.2"}, {"country": "Portugal", "year": "2021", "timeperiod": "Year", "export": "503.1", "import_origin": "7622.6", "import_consigment": "5259.5"}, {"country": "Portugal", "year": "2020", "timeperiod": "1", "export": "0.5", "import_origin": "403.9", "import_consigment": "260.2"}, {"country": "Portugal", "year": "2020", "timeperiod": "2", "export": "-", "import_origin": "374.4", "import_consigment": "241.8"}, {"country": "Portugal", "year": "2020", "timeperiod": "3", "export": "-", "import_origin": "561.7", "import_consigment": "467.6"}, {"country": "Portugal", "year": "2020", "timeperiod": "4", "export": "-", "import_origin": "400.5", "import_consigment": "264.5"}, {"country": "Portugal", "year": "2020", "timeperiod": "5", "export": "0.1", "import_origin": "1036.6", "import_consigment": "1036.8"}, {"country": "Portugal", "year": "2020", "timeperiod": "6", "export": "29.1", "import_origin": "386.0", "import_consigment": "274.9"}, {"country": "Portugal", "year": "2020", "timeperiod": "7", "export": "15.2", "import_origin": "439.1", "import_consigment": "261.5"}, {"country": "Portugal", "year": "2020", "timeperiod": "8", "export": "1.5", "import_origin": "626.4", "import_consigment": "337.8"}, {"country": "Portugal", "year": "2020", "timeperiod": "9", "export": "0.1", "import_origin": "540.9", "import_consigment": "426.1"}, {"country": "Portugal", "year": "2020", "timeperiod": "10", "export": "0.3", "import_origin": "278.7", "import_consigment": "201.3"}, {"country": "Portugal", "year": "2020", "timeperiod": "11", "export": "-", "import_origin": "517.4", "import_consigment": "502.2"}, {"country": "Portugal", "year": "2020", "timeperiod": "12", "export": "13.3", "import_origin": "1472.9", "import_consigment": "1937.5"}, {"country": "Portugal", "year": "2020", "timeperiod": "Year", "export": "60.1", "import_origin": "7038.4", "import_consigment": "6212.1"}]}