{"data": [{"country": "Argentina", "year": "2021", "timeperiod": "8", "export": "11.5", "import_origin": "288.6", "import_consigment": "14.5"}, {"country": "Argentina", "year": "2021", "timeperiod": "9", "export": "-", "import_origin": "2132.3", "import_consigment": "1423.1"}, {"country": "Argentina", "year": "2021", "timeperiod": "10", "export": "-", "import_origin": "435.0", "import_consigment": "9.1"}, {"country": "Argentina", "year": "2021", "timeperiod": "11", "export": "1.2", "import_origin": "132.1", "import_consigment": "75.6"}, {"country": "Argentina", "year": "2021", "timeperiod": "12", "export": "-", "import_origin": "76.0", "import_consigment": "2.5"}, {"country": "Argentina", "year": "2021", "timeperiod": "Year", "export": "28.8", "import_origin": "4672.7", "import_consigment": "2971.1"}, {"country": "Argentina", "year": "2020", "timeperiod": "1", "export": "-", "import_origin": "161.6", "import_consigment": "3.3"}, {"country": "Argentina", "year": "2020", "timeperiod": "2", "export": "62.4", "import_origin": "3703.2", "import_consigment": "3699.7"}, {"country": "Argentina", "year": "2020", "timeperiod": "3", "export": "-", "import_origin": "941.5", "import_consigment": "932.9"}, {"country": "Argentina", "year": "2020", "timeperiod": "4", "export": "-", "import_origin": "286.0", "import_consigment": "-"}, {"country": "Argentina", "year": "2020", "timeperiod": "5", "export": "-", "import_origin": "1031.0", "import_consigment": "1261.0"}, {"country": "Argentina", "year": "2020", "timeperiod": "6", "export": "-", "import_origin": "1567.9", "import_consigment": "1516.9"}, {"country": "Argentina", "year": "2020", "timeperiod": "7", "export": "0.4", "import_origin": "1991.8", "import_consigment": "1780.0"}, {"country": "Argentina", "year": "2020", "timeperiod": "8", "export": "-", "import_origin": "83.5", "import_consigment": "0.1"}, {"country": "Argentina", "year": "2020", "timeperiod": "9", "export": "-", "import_origin": "72.7", "import_consigment": "17.4"}, {"country": "Argentina", "year": "2020", "timeperiod": "10", "export": "-", "import_origin": "67.8", "import_consigment": "38.7"}, {"country": "Argentina", "year": "2020", "timeperiod": "11", "export": "-", "import_origin": "1831.1", "import_consigment": "1826.2"}, {"country": "Argentina", "year": "2020", "timeperiod": "12", "export": "-", "import_origin": "316.6", "import_consigment": "-"}, {"country": "Argentina", "year": "2020", "timeperiod": "Year", "export": "62.9", "import_origin": "12054.5", "import_consigment": "11076.4"}, {"country": "Argentina", "year": "2019", "timeperiod": "1", "export": "-", "import_origin": "10.4", "import_consigment": "9.5"}, {"country": "Argentina", "year": "2019", "timeperiod": "2", "export": "-", "import_origin": "2254.9", "import_consigment": "2183.9"}, {"country": "Argentina", "year": "2019", "timeperiod": "3", "export": "-", "import_origin": "1237.1", "import_consigment": "1215.7"}, {"country": "Argentina", "year": "2019", "timeperiod": "4", "export": "-", "import_origin": "5.5", "import_consigment": "-"}, {"country": "Argentina", "year": "2019", "timeperiod": "5", "export": "-", "import_origin": "26.4", "import_consigment": "25.0"}, {"country": "Argentina", "year": "2019", "timeperiod": "6", "export": "-", "import_origin": "1987.1", "import_consigment": "2408.0"}]}