{"data": [{"country": "Bangladesh", "year": "2017", "timeperiod": "8", "export": "-", "import_origin": "1271.3", "import_consigment": "-"}, {"country": "Bangladesh", "year": "2017", "timeperiod": "9", "export": "-", "import_origin": "2604.4", "import_consigment": "1461.7"}, {"country": "Bangladesh", "year": "2017", "timeperiod": "10", "export": "-", "import_origin": "1186.9", "import_consigment": "-"}, {"country": "Bangladesh", "year": "2017", "timeperiod": "11", "export": "-", "import_origin": "1731.0", "import_consigment": "775.1"}, {"country": "Bangladesh", "year": "2017", "timeperiod": "12", "export": "-", "import_origin": "628.0", "import_consigment": "1.0"}, {"country": "Bangladesh", "year": "2017", "timeperiod": "Year", "export": "-", "import_origin": "13920.9", "import_consigment": "3759.9"}, {"country": "Barbados", "year": "2022", "timeperiod": "4", "export": "-", "import_origin": "18.3", "import_consigment": "18.3"}, {"country": "Barbados", "year": "2022", "timeperiod": "6", "export": "-", "import_origin": "-", "import_consigment": "-"}, {"country": "Barbados", "year": "2022", "timeperiod": "7", "export": "-", "import_origin": "6.2", "import_consigment": "6.2"}, {"country": "Barbados", "year": "2022", "timeperiod": "9", "export": "-", "import_origin": "5.0", "import_consigment": "5.0"}, {"country": "Barbados", "year": "2022", "timeperiod": "10", "export": "-", "import_origin": "15.6", "import_consigment": "15.6"}, {"country": "Barbados", "year": "2022", "timeperiod": "11", "export": "-", "import_origin": "6.7", "import_consigment": "6.7"}, {"country": "Barbados", "year": "2022", "timeperiod": "Year", "export": "-", "import_origin": "51.9", "import_consigment": "51.9"}, {"country": "Barbados", "year": "2021", "timeperiod": "3", "export": "-", "import_origin": "0.1", "import_consigment": "-"}, {"country": "Barbados", "year": "2021", "timeperiod": "4", "export": "-", "import_origin": "29.9", "import_consigment": "18.2"}, {"country": "Barbados", "year": "2021", "timeperiod": "6", "export": "-", "import_origin": "36.5", "import_consigment": "-"}, {"country": "Barbados", "year": "2021", "timeperiod": "7", "export": "-", "import_origin": "13.8", "import_consigment": "13.8"}, {"country": "Barbados", "year": "2021", "timeperiod": "9", "export": "-", "import_origin": "11.8", "import_consigment": "-"}, {"country": "Barbados", "year": "2021", "timeperiod": "12", "export": "-", "import_origin": "3.1", "import_consigment": "3.1"}, {"country": "Barbados", "year": "2021", "timeperiod": "Year", "export": "-", "import_origin": "95.2", "import_consigment": "35.0"}, {"country": "Barbados", "year": "2020", "timeperiod": "2", "export": "-", "import_origin": "13.2", "import_consigment": "13.2"}, {"country": "Barbados", "year": "2020", "timeperiod": "6", "export": "-", "import_origin": "0.3", "import_consigment": "0.3"}, {"country": "Barbados", "year": "2020", "timeperiod": "10", "export": "-", "import_origin": "19.7", "import_consigment": "19.0"}, {"country": "Barbados", "year": "2020", "timeperiod": "Year", "export": "-", "import_origin": "33.2", "import_consigment": "32.5"}, {"country": "Barbados", "year": "2019", "timeperiod": "3", "export": "-", "import_origin": "6.2", "import_consigment": "6.2"}]}