{"data": [{"country": "Czech Republic", "year": "2019", "timeperiod": "8", "export": "174.8", "import_origin": "2477.8", "import_consigment": "5410.2"}, {"country": "Czech Republic", "year": "2019", "timeperiod": "9", "export": "331.3", "import_origin": "1185.7", "import_consigment": "3868.9"}, {"country": "Czech Republic", "year": "2019", "timeperiod": "10", "export": "313.3", "import_origin": "4692.6", "import_consigment": "6847.9"}, {"country": "Czech Republic", "year": "2019", "timeperiod": "11", "export": "260.1", "import_origin": "1793.0", "import_consigment": "6951.5"}, {"country": "Czech Republic", "year": "2019", "timeperiod": "12", "export": "274.1", "import_origin": "1633.8", "import_consigment": "11122.4"}, {"country": "Czech Republic", "year": "2019", "timeperiod": "Year", "export": "3689.5", "import_origin": "23834.6", "import_consigment": "57482.7"}, {"country": "Czech Republic", "year": "2018", "timeperiod": "1", "export": "227.9", "import_origin": "1771.6", "import_consigment": "3147.2"}, {"country": "Czech Republic", "year": "2018", "timeperiod": "2", "export": "225.3", "import_origin": "1879.1", "import_consigment": "4666.8"}, {"country": "Czech Republic", "year": "2018", "timeperiod": "3", "export": "142.6", "import_origin": "1620.2", "import_consigment": "4489.4"}, {"country": "Czech Republic", "year": "2018", "timeperiod": "4", "export": "156.2", "import_origin": "4447.1", "import_consigment": "6514.1"}, {"country": "Czech Republic", "year": "2018", "timeperiod": "5", "export": "94.3", "import_origin": "1735.5", "import_consigment": "2915.3"}, {"country": "Czech Republic", "year": "2018", "timeperiod": "6", "export": "268.4", "import_origin": "1013.7", "import_consigment": "4167.8"}, {"country": "Czech Republic", "year": "2018", "timeperiod": "7", "export": "254.2", "import_origin": "2632.2", "import_consigment": "4175.5"}, {"country": "Czech Republic", "year": "2018", "timeperiod": "8", "export": "349.5", "import_origin": "7372.6", "import_consigment": "7920.2"}, {"country": "Czech Republic", "year": "2018", "timeperiod": "9", "export": "452.4", "import_origin": "948.7", "import_consigment": "3488.7"}, {"country": "Czech Republic", "year": "2018", "timeperiod": "10", "export": "352.6", "import_origin": "1199.1", "import_consigment": "5055.5"}, {"country": "Czech Republic", "year": "2018", "timeperiod": "11", "export": "197.3", "import_origin": "12208.3", "import_consigment": "14964.4"}, {"country": "Czech Republic", "year": "2018", "timeperiod": "12", "export": "182.5", "import_origin": "3191.1", "import_consigment": "6637.9"}, {"country": "Czech Republic", "year": "2018", "timeperiod": "Year", "export": "2903.2", "import_origin": "40019.1", "import_consigment": "68142.9"}, {"country": "Czech Republic", "year": "2017", "timeperiod": "1", "export": "166.1", "import_origin": "1830.5", "import_consigment": "2212.7"}, {"country": "Czech Republic", "year": "2017", "timeperiod": "2", "export": "23.0", "import_origin": "855.3", "import_consigment": "737.4"}, {"country": "Czech Republic", "year": "2017", "timeperiod": "3", "export": "230.8", "import_origin": "3503.4", "import_consigment": "3639.2"}, {"country": "Czech Republic", "year": "2017", "timeperiod": "4", "export": "167.8", "import_origin": "1219.3", "import_consigment": "1246.7"}, {"country": "Czech Republic", "year": "2017", "timeperiod": "5", "export": "37.9", "import_origin": "894.6", "import_consigment": "1370.2"}, {"country": "Czech Republic", "year": "2017", "timeperiod": "6", "export": "127.2", "import_origin": "2380.3", "import_consigment": "2748.9"}]}