{"data": [{"country": "El Salvador", "year": "2019", "timeperiod": "7", "export": "-", "import_origin": "4.3", "import_consigment": "-"}, {"country": "El Salvador", "year": "2019", "timeperiod": "8", "export": "-", "import_origin": "10.3", "import_consigment": "-"}, {"country": "El Salvador", "year": "2019", "timeperiod": "9", "export": "-", "import_origin": "-", "import_consigment": "-"}, {"country": "El Salvador", "year": "2019", "timeperiod": "10", "export": "-", "import_origin": "55.8", "import_consigment": "-"}, {"country": "El Salvador", "year": "2019", "timeperiod": "11", "export": "-", "import_origin": "3.1", "import_consigment": "-"}, {"country": "El Salvador", "year": "2019", "timeperiod": "12", "export": "-", "import_origin": "0.2", "import_consigment": "-"}, {"country": "El Salvador", "year": "2019", "timeperiod": "Year", "export": "-", "import_origin": "160.1", "import_consigment": "-"}, {"country": "El Salvador", "year": "2018", "timeperiod": "1", "export": "-", "import_origin": "1.2", "import_consigment": "-"}, {"country": "El Salvador", "year": "2018", "timeperiod": "2", "export": "-", "import_origin": "3.0", "import_consigment": "-"}, {"country": "El Salvador", "year": "2018", "timeperiod": "3", "export": "-", "import_origin": "6.3", "import_consigment": "-"}, {"country": "El Salvador", "year": "2018", "timeperiod": "5", "export": "-", "import_origin": "0.3", "import_consigment": "-"}, {"country": "El Salvador", "year": "2018", "timeperiod": "6", "export": "-", "import_origin": "0.2", "import_consigment": "-"}, {"country": "El Salvador", "year": "2018", "timeperiod": "7", "export": "-", "import_origin": "17.7", "import_consigment": "-"}, {"country": "El Salvador", "year": "2018", "timeperiod": "8", "export": "-", "import_origin": "74.7", "import_consigment": "-"}, {"country": "El Salvador", "year": "2018", "timeperiod": "9", "export": "-", "import_origin": "-", "import_consigment": "-"}, {"country": "El Salvador", "year": "2018", "timeperiod": "10", "export": "-", "import_origin": "5.3", "import_consigment": "-"}, {"country": "El Salvador", "year": "2018", "timeperiod": "12", "export": "-", "import_origin": "0.2", "import_consigment": "-"}, {"country": "El Salvador", "year": "2018", "timeperiod": "Year", "export": "-", "import_origin": "108.9", "import_consigment": "-"}, {"country": "El Salvador", "year": "2017", "timeperiod": "3", "export": "-", "import_origin": "-", "import_consigment": "-"}, {"country": "El Salvador", "year": "2017", "timeperiod": "4", "export": "-", "import_origin": "77.1", "import_consigment": "-"}, {"country": "El Salvador", "year": "2017", "timeperiod": "5", "export": "-", "import_origin": "7.7", "import_consigment": "-"}, {"country": "El Salvador", "year": "2017", "timeperiod": "7", "export": "-", "import_origin": "1.6", "import_consigment": "-"}, {"country": "El Salvador", "year": "2017", "timeperiod": "8", "export": "-", "import_origin": "0.1", "import_consigment": "-"}, {"country": "El Salvador", "year": "2017", "timeperiod": "9", "export": "-", "import_origin": "1.7", "import_consigment": "-"}, {"country": "El Salvador", "year": "2017", "timeperiod": "10", "export": "-", "import_origin": "0.4", "import_consigment": "-"}]}