{"data": [{"country": "Malta", "year": "2019", "timeperiod": "1", "export": "-", "import_origin": "1.4", "import_consigment": "-"}, {"country": "Malta", "year": "2019", "timeperiod": "2", "export": "-", "import_origin": "2.4", "import_consigment": "-"}, {"country": "Malta", "year": "2019", "timeperiod": "3", "export": "7.0", "import_origin": "8.2", "import_consigment": "-"}, {"country": "Malta", "year": "2019", "timeperiod": "4", "export": "-", "import_origin": "6.5", "import_consigment": "-"}, {"country": "Malta", "year": "2019", "timeperiod": "5", "export": "-", "import_origin": "11.2", "import_consigment": "-"}, {"country": "Malta", "year": "2019", "timeperiod": "6", "export": "-", "import_origin": "0.5", "import_consigment": "-"}, {"country": "Malta", "year": "2019", "timeperiod": "7", "export": "8.6", "import_origin": "1.8", "import_consigment": "-"}, {"country": "Malta", "year": "2019", "timeperiod": "8", "export": "-", "import_origin": "0.9", "import_consigment": "-"}, {"country": "Malta", "year": "2019", "timeperiod": "9", "export": "-", "import_origin": "7.0", "import_consigment": "-"}, {"country": "Malta", "year": "2019", "timeperiod": "10", "export": "6.6", "import_origin": "8.3", "import_consigment": "-"}, {"country": "Malta", "year": "2019", "timeperiod": "11", "export": "-", "import_origin": "0.7", "import_consigment": "-"}, {"country": "Malta", "year": "2019", "timeperiod": "12", "export": "-", "import_origin": "9.3", "import_consigment": "6.5"}, {"country": "Malta", "year": "2019", "timeperiod": "Year", "export": "22.1", "import_origin": "58.2", "import_consigment": "6.5"}, {"country": "Malta", "year": "2018", "timeperiod": "1", "export": "6.3", "import_origin": "0.4", "import_consigment": "-"}, {"country": "Malta", "year": "2018", "timeperiod": "2", "export": "-", "import_origin": "3.6", "import_consigment": "2.2"}, {"country": "Malta", "year": "2018", "timeperiod": "3", "export": "12.7", "import_origin": "35.4", "import_consigment": "-"}, {"country": "Malta", "year": "2018", "timeperiod": "4", "export": "-", "import_origin": "4.0", "import_consigment": "2.1"}, {"country": "Malta", "year": "2018", "timeperiod": "5", "export": "-", "import_origin": "3.0", "import_consigment": "-"}, {"country": "Malta", "year": "2018", "timeperiod": "6", "export": "6.4", "import_origin": "5.6", "import_consigment": "-"}, {"country": "Malta", "year": "2018", "timeperiod": "7", "export": "2.0", "import_origin": "2.7", "import_consigment": "-"}, {"country": "Malta", "year": "2018", "timeperiod": "8", "export": "6.3", "import_origin": "1.2", "import_consigment": "-"}, {"country": "Malta", "year": "2018", "timeperiod": "9", "export": "145.7", "import_origin": "3.3", "import_consigment": "-"}, {"country": "Malta", "year": "2018", "timeperiod": "10", "export": "-", "import_origin": "3.8", "import_consigment": "-"}, {"country": "Malta", "year": "2018", "timeperiod": "11", "export": "-", "import_origin": "1.1", "import_consigment": "-"}, {"country": "Malta", "year": "2018", "timeperiod": "12", "export": "-", "import_origin": "2.8", "import_consigment": "-"}]}