{"data": [{"country": "Denmark", "year": "2023", "timeperiod": "Year", "export": "5.6", "import_origin": "543.6", "import_consigment": "1261.6"}, {"country": "Denmark", "year": "2022", "timeperiod": "1", "export": "5.8", "import_origin": "107.9", "import_consigment": "68.2"}, {"country": "Denmark", "year": "2022", "timeperiod": "2", "export": "2.3", "import_origin": "362.7", "import_consigment": "677.7"}, {"country": "Denmark", "year": "2022", "timeperiod": "3", "export": "208.0", "import_origin": "292.7", "import_consigment": "321.3"}, {"country": "Denmark", "year": "2022", "timeperiod": "4", "export": "15.0", "import_origin": "503.9", "import_consigment": "616.1"}, {"country": "Denmark", "year": "2022", "timeperiod": "5", "export": "5.0", "import_origin": "815.9", "import_consigment": "2343.1"}, {"country": "Denmark", "year": "2022", "timeperiod": "6", "export": "4.5", "import_origin": "373.0", "import_consigment": "743.3"}, {"country": "Denmark", "year": "2022", "timeperiod": "7", "export": "9.9", "import_origin": "3083.8", "import_consigment": "3327.2"}, {"country": "Denmark", "year": "2022", "timeperiod": "8", "export": "23.0", "import_origin": "993.5", "import_consigment": "1511.9"}, {"country": "Denmark", "year": "2022", "timeperiod": "9", "export": "88.4", "import_origin": "899.3", "import_consigment": "4423.4"}, {"country": "Denmark", "year": "2022", "timeperiod": "10", "export": "-", "import_origin": "730.4", "import_consigment": "1016.0"}, {"country": "Denmark", "year": "2022", "timeperiod": "11", "export": "0.3", "import_origin": "1541.4", "import_consigment": "2610.9"}, {"country": "Denmark", "year": "2022", "timeperiod": "12", "export": "0.9", "import_origin": "1124.3", "import_consigment": "2277.8"}, {"country": "Denmark", "year": "2022", "timeperiod": "Year", "export": "363.1", "import_origin": "10828.9", "import_consigment": "19936.8"}, {"country": "Denmark", "year": "2021", "timeperiod": "1", "export": "-", "import_origin": "89.2", "import_consigment": "131.6"}, {"country": "Denmark", "year": "2021", "timeperiod": "2", "export": "2.2", "import_origin": "261.1", "import_consigment": "523.5"}, {"country": "Denmark", "year": "2021", "timeperiod": "3", "export": "-", "import_origin": "367.9", "import_consigment": "264.6"}, {"country": "Denmark", "year": "2021", "timeperiod": "4", "export": "-", "import_origin": "3285.3", "import_consigment": "3338.7"}, {"country": "Denmark", "year": "2021", "timeperiod": "5", "export": "-", "import_origin": "624.8", "import_consigment": "319.5"}, {"country": "Denmark", "year": "2021", "timeperiod": "6", "export": "4.3", "import_origin": "346.4", "import_consigment": "451.8"}, {"country": "Denmark", "year": "2021", "timeperiod": "7", "export": "-", "import_origin": "496.2", "import_consigment": "524.4"}, {"country": "Denmark", "year": "2021", "timeperiod": "8", "export": "81.7", "import_origin": "300.2", "import_consigment": "278.7"}, {"country": "Denmark", "year": "2021", "timeperiod": "9", "export": "229.6", "import_origin": "270.8", "import_consigment": "338.5"}, {"country": "Denmark", "year": "2021", "timeperiod": "10", "export": "332.5", "import_origin": "1145.1", "import_consigment": "1191.9"}, {"country": "Denmark", "year": "2021", "timeperiod": "11", "export": "86.0", "import_origin": "6268.7", "import_consigment": "6517.7"}]}