{"data": [{"country": "Montenegro", "year": "2018", "timeperiod": "5", "export": "-", "import_origin": "5.1", "import_consigment": "-"}, {"country": "Montenegro", "year": "2018", "timeperiod": "6", "export": "-", "import_origin": "1.2", "import_consigment": "-"}, {"country": "Montenegro", "year": "2018", "timeperiod": "7", "export": "-", "import_origin": "1.1", "import_consigment": "-"}, {"country": "Montenegro", "year": "2018", "timeperiod": "8", "export": "-", "import_origin": "2.2", "import_consigment": "-"}, {"country": "Montenegro", "year": "2018", "timeperiod": "9", "export": "-", "import_origin": "4.5", "import_consigment": "-"}, {"country": "Montenegro", "year": "2018", "timeperiod": "10", "export": "-", "import_origin": "3.5", "import_consigment": "-"}, {"country": "Montenegro", "year": "2018", "timeperiod": "12", "export": "-", "import_origin": "6.7", "import_consigment": "-"}, {"country": "Montenegro", "year": "2018", "timeperiod": "Year", "export": "8.0", "import_origin": "37.1", "import_consigment": "-"}, {"country": "Montenegro", "year": "2017", "timeperiod": "1", "export": "-", "import_origin": "0.6", "import_consigment": "3.6"}, {"country": "Montenegro", "year": "2017", "timeperiod": "3", "export": "-", "import_origin": "0.6", "import_consigment": "-"}, {"country": "Montenegro", "year": "2017", "timeperiod": "4", "export": "-", "import_origin": "10.8", "import_consigment": "-"}, {"country": "Montenegro", "year": "2017", "timeperiod": "6", "export": "-", "import_origin": "4.9", "import_consigment": "-"}, {"country": "Montenegro", "year": "2017", "timeperiod": "7", "export": "-", "import_origin": "9.1", "import_consigment": "-"}, {"country": "Montenegro", "year": "2017", "timeperiod": "9", "export": "-", "import_origin": "4.0", "import_consigment": "-"}, {"country": "Montenegro", "year": "2017", "timeperiod": "10", "export": "-", "import_origin": "2.1", "import_consigment": "-"}, {"country": "Montenegro", "year": "2017", "timeperiod": "12", "export": "-", "import_origin": "8.0", "import_consigment": "-"}, {"country": "Montenegro", "year": "2017", "timeperiod": "Year", "export": "-", "import_origin": "40.1", "import_consigment": "3.6"}, {"country": "Montserrat", "year": "2021", "timeperiod": "7", "export": "-", "import_origin": "-", "import_consigment": "-"}, {"country": "Montserrat", "year": "2021", "timeperiod": "Year", "export": "-", "import_origin": "-", "import_consigment": "-"}, {"country": "Montserrat", "year": "2019", "timeperiod": "4", "export": "-", "import_origin": "-", "import_consigment": "-"}, {"country": "Montserrat", "year": "2019", "timeperiod": "Year", "export": "-", "import_origin": "-", "import_consigment": "-"}, {"country": "Montserrat", "year": "2017", "timeperiod": "5", "export": "-", "import_origin": "0.2", "import_consigment": "-"}, {"country": "Montserrat", "year": "2017", "timeperiod": "Year", "export": "-", "import_origin": "0.2", "import_consigment": "-"}, {"country": "Morocco", "year": "2023", "timeperiod": "1", "export": "-", "import_origin": "370.0", "import_consigment": "-"}, {"country": "Morocco", "year": "2023", "timeperiod": "Year", "export": "-", "import_origin": "370.0", "import_consigment": "-"}]}