{"data": [{"country": "New Caledonia", "year": "2022", "timeperiod": "4", "export": "-", "import_origin": "0.4", "import_consigment": "-"}, {"country": "New Caledonia", "year": "2022", "timeperiod": "Year", "export": "-", "import_origin": "0.4", "import_consigment": "-"}, {"country": "New Caledonia", "year": "2020", "timeperiod": "6", "export": "0.1", "import_origin": "-", "import_consigment": "-"}, {"country": "New Caledonia", "year": "2020", "timeperiod": "Year", "export": "0.1", "import_origin": "-", "import_consigment": "-"}, {"country": "New Caledonia", "year": "2019", "timeperiod": "5", "export": "-", "import_origin": "-", "import_consigment": "-"}, {"country": "New Caledonia", "year": "2019", "timeperiod": "Year", "export": "-", "import_origin": "-", "import_consigment": "-"}, {"country": "Vanuatu", "year": "2022", "timeperiod": "2", "export": "-", "import_origin": "-", "import_consigment": "-"}, {"country": "Vanuatu", "year": "2022", "timeperiod": "Year", "export": "-", "import_origin": "-", "import_consigment": "-"}, {"country": "Vanuatu", "year": "2021", "timeperiod": "9", "export": "-", "import_origin": "0.2", "import_consigment": "-"}, {"country": "Vanuatu", "year": "2021", "timeperiod": "Year", "export": "-", "import_origin": "0.2", "import_consigment": "-"}, {"country": "Vanuatu", "year": "2020", "timeperiod": "6", "export": "-", "import_origin": "0.3", "import_consigment": "-"}, {"country": "Vanuatu", "year": "2020", "timeperiod": "Year", "export": "-", "import_origin": "0.3", "import_consigment": "-"}, {"country": "Vanuatu", "year": "2019", "timeperiod": "6", "export": "-", "import_origin": "0.1", "import_consigment": "-"}, {"country": "Vanuatu", "year": "2019", "timeperiod": "10", "export": "-", "import_origin": "0.8", "import_consigment": "-"}, {"country": "Vanuatu", "year": "2019", "timeperiod": "11", "export": "-", "import_origin": "1.0", "import_consigment": "-"}, {"country": "Vanuatu", "year": "2019", "timeperiod": "Year", "export": "-", "import_origin": "1.9", "import_consigment": "-"}, {"country": "Vanuatu", "year": "2018", "timeperiod": "2", "export": "-", "import_origin": "-", "import_consigment": "-"}, {"country": "Vanuatu", "year": "2018", "timeperiod": "7", "export": "-", "import_origin": "3.3", "import_consigment": "-"}, {"country": "Vanuatu", "year": "2018", "timeperiod": "Year", "export": "-", "import_origin": "3.3", "import_consigment": "-"}, {"country": "Vanuatu", "year": "2017", "timeperiod": "11", "export": "-", "import_origin": "0.4", "import_consigment": "-"}, {"country": "Vanuatu", "year": "2017", "timeperiod": "Year", "export": "-", "import_origin": "0.4", "import_consigment": "-"}, {"country": "New Zealand", "year": "2023", "timeperiod": "1", "export": "-", "import_origin": "1391.6", "import_consigment": "1259.4"}, {"country": "New Zealand", "year": "2023", "timeperiod": "Year", "export": "-", "import_origin": "1391.6", "import_consigment": "1259.4"}, {"country": "New Zealand", "year": "2022", "timeperiod": "1", "export": "-", "import_origin": "1276.1", "import_consigment": "1251.5"}, {"country": "New Zealand", "year": "2022", "timeperiod": "2", "export": "-", "import_origin": "336.7", "import_consigment": "311.2"}]}