{"data": [{"country": "Rwanda", "year": "2022", "timeperiod": "8", "export": "-", "import_origin": "2.9", "import_consigment": "-"}, {"country": "Rwanda", "year": "2022", "timeperiod": "9", "export": "-", "import_origin": "5.5", "import_consigment": "-"}, {"country": "Rwanda", "year": "2022", "timeperiod": "10", "export": "-", "import_origin": "6.6", "import_consigment": "-"}, {"country": "Rwanda", "year": "2022", "timeperiod": "11", "export": "-", "import_origin": "1.9", "import_consigment": "-"}, {"country": "Rwanda", "year": "2022", "timeperiod": "Year", "export": "-", "import_origin": "107.6", "import_consigment": "-"}, {"country": "Rwanda", "year": "2021", "timeperiod": "2", "export": "-", "import_origin": "0.8", "import_consigment": "-"}, {"country": "Rwanda", "year": "2021", "timeperiod": "3", "export": "-", "import_origin": "0.1", "import_consigment": "-"}, {"country": "Rwanda", "year": "2021", "timeperiod": "8", "export": "-", "import_origin": "0.5", "import_consigment": "-"}, {"country": "Rwanda", "year": "2021", "timeperiod": "10", "export": "-", "import_origin": "1.0", "import_consigment": "-"}, {"country": "Rwanda", "year": "2021", "timeperiod": "11", "export": "-", "import_origin": "1.1", "import_consigment": "-"}, {"country": "Rwanda", "year": "2021", "timeperiod": "12", "export": "-", "import_origin": "0.9", "import_consigment": "-"}, {"country": "Rwanda", "year": "2021", "timeperiod": "Year", "export": "-", "import_origin": "4.5", "import_consigment": "-"}, {"country": "Rwanda", "year": "2020", "timeperiod": "2", "export": "-", "import_origin": "5.9", "import_consigment": "-"}, {"country": "Rwanda", "year": "2020", "timeperiod": "3", "export": "-", "import_origin": "0.4", "import_consigment": "-"}, {"country": "Rwanda", "year": "2020", "timeperiod": "8", "export": "-", "import_origin": "-", "import_consigment": "-"}, {"country": "Rwanda", "year": "2020", "timeperiod": "10", "export": "-", "import_origin": "0.3", "import_consigment": "-"}, {"country": "Rwanda", "year": "2020", "timeperiod": "11", "export": "-", "import_origin": "0.9", "import_consigment": "-"}, {"country": "Rwanda", "year": "2020", "timeperiod": "12", "export": "-", "import_origin": "0.9", "import_consigment": "-"}, {"country": "Rwanda", "year": "2020", "timeperiod": "Year", "export": "-", "import_origin": "8.4", "import_consigment": "-"}, {"country": "Rwanda", "year": "2019", "timeperiod": "1", "export": "-", "import_origin": "0.1", "import_consigment": "-"}, {"country": "Rwanda", "year": "2019", "timeperiod": "2", "export": "-", "import_origin": "-", "import_consigment": "-"}, {"country": "Rwanda", "year": "2019", "timeperiod": "3", "export": "-", "import_origin": "-", "import_consigment": "-"}, {"country": "Rwanda", "year": "2019", "timeperiod": "5", "export": "-", "import_origin": "1.2", "import_consigment": "-"}, {"country": "Rwanda", "year": "2019", "timeperiod": "6", "export": "-", "import_origin": "3.9", "import_consigment": "-"}, {"country": "Rwanda", "year": "2019", "timeperiod": "9", "export": "-", "import_origin": "7.0", "import_consigment": "-"}]}