{"data": [{"country": "Djibouti", "year": "2021", "timeperiod": "Year", "export": "-", "import_origin": "-", "import_consigment": "51.0"}, {"country": "Gabon", "year": "2019", "timeperiod": "7", "export": "-", "import_origin": "-", "import_consigment": "-"}, {"country": "Gabon", "year": "2019", "timeperiod": "Year", "export": "-", "import_origin": "-", "import_consigment": "-"}, {"country": "Gabon", "year": "2018", "timeperiod": "2", "export": "192.7", "import_origin": "-", "import_consigment": "-"}, {"country": "Gabon", "year": "2018", "timeperiod": "Year", "export": "192.7", "import_origin": "-", "import_consigment": "-"}, {"country": "Gabon", "year": "2017", "timeperiod": "6", "export": "56.4", "import_origin": "-", "import_consigment": "-"}, {"country": "Gabon", "year": "2017", "timeperiod": "7", "export": "-", "import_origin": "-", "import_consigment": "-"}, {"country": "Gabon", "year": "2017", "timeperiod": "10", "export": "176.7", "import_origin": "-", "import_consigment": "-"}, {"country": "Gabon", "year": "2017", "timeperiod": "Year", "export": "233.0", "import_origin": "-", "import_consigment": "-"}, {"country": "Georgia", "year": "2023", "timeperiod": "1", "export": "6591.9", "import_origin": "6930.4", "import_consigment": "62201.0"}, {"country": "Georgia", "year": "2023", "timeperiod": "Year", "export": "6591.9", "import_origin": "6930.4", "import_consigment": "62201.0"}, {"country": "Georgia", "year": "2022", "timeperiod": "1", "export": "7445.4", "import_origin": "6129.4", "import_consigment": "28235.9"}, {"country": "Georgia", "year": "2022", "timeperiod": "2", "export": "10535.2", "import_origin": "6370.5", "import_consigment": "30488.2"}, {"country": "Georgia", "year": "2022", "timeperiod": "3", "export": "7732.1", "import_origin": "8838.3", "import_consigment": "39407.8"}, {"country": "Georgia", "year": "2022", "timeperiod": "4", "export": "9539.7", "import_origin": "11547.5", "import_consigment": "39882.5"}, {"country": "Georgia", "year": "2022", "timeperiod": "5", "export": "9030.9", "import_origin": "17253.6", "import_consigment": "51562.3"}, {"country": "Georgia", "year": "2022", "timeperiod": "6", "export": "45811.3", "import_origin": "20277.7", "import_consigment": "62879.4"}, {"country": "Georgia", "year": "2022", "timeperiod": "7", "export": "11664.4", "import_origin": "13657.9", "import_consigment": "64877.2"}, {"country": "Georgia", "year": "2022", "timeperiod": "8", "export": "9447.5", "import_origin": "11763.7", "import_consigment": "65971.2"}, {"country": "Georgia", "year": "2022", "timeperiod": "9", "export": "11242.2", "import_origin": "12965.6", "import_consigment": "80503.0"}, {"country": "Georgia", "year": "2022", "timeperiod": "10", "export": "8880.7", "import_origin": "10197.8", "import_consigment": "66490.1"}, {"country": "Georgia", "year": "2022", "timeperiod": "11", "export": "14269.6", "import_origin": "11599.0", "import_consigment": "89245.0"}, {"country": "Georgia", "year": "2022", "timeperiod": "12", "export": "10647.0", "import_origin": "14184.6", "import_consigment": "103619.8"}, {"country": "Georgia", "year": "2022", "timeperiod": "Year", "export": "156246.1", "import_origin": "144785.7", "import_consigment": "723162.5"}, {"country": "Georgia", "year": "2021", "timeperiod": "1", "export": "2748.6", "import_origin": "5104.8", "import_consigment": "14125.7"}]}