{"data": [{"country": "Japan", "year": "2021", "timeperiod": "12", "export": "267.4", "import_origin": "7676.7", "import_consigment": "1216.4"}, {"country": "Japan", "year": "2021", "timeperiod": "Year", "export": "1683.6", "import_origin": "55496.1", "import_consigment": "9383.0"}, {"country": "Japan", "year": "2020", "timeperiod": "1", "export": "417.0", "import_origin": "3420.5", "import_consigment": "1290.8"}, {"country": "Japan", "year": "2020", "timeperiod": "2", "export": "102.2", "import_origin": "3545.6", "import_consigment": "1926.5"}, {"country": "Japan", "year": "2020", "timeperiod": "3", "export": "17.3", "import_origin": "2583.2", "import_consigment": "625.4"}, {"country": "Japan", "year": "2020", "timeperiod": "4", "export": "29.9", "import_origin": "4098.6", "import_consigment": "662.1"}, {"country": "Japan", "year": "2020", "timeperiod": "5", "export": "22.4", "import_origin": "3514.8", "import_consigment": "1903.3"}, {"country": "Japan", "year": "2020", "timeperiod": "6", "export": "1.2", "import_origin": "4033.8", "import_consigment": "975.6"}, {"country": "Japan", "year": "2020", "timeperiod": "7", "export": "174.0", "import_origin": "3164.1", "import_consigment": "508.0"}, {"country": "Japan", "year": "2020", "timeperiod": "8", "export": "49.1", "import_origin": "4407.7", "import_consigment": "1465.6"}, {"country": "Japan", "year": "2020", "timeperiod": "9", "export": "29.7", "import_origin": "3688.5", "import_consigment": "1208.9"}, {"country": "Japan", "year": "2020", "timeperiod": "10", "export": "98.8", "import_origin": "3706.7", "import_consigment": "898.9"}, {"country": "Japan", "year": "2020", "timeperiod": "11", "export": "44.5", "import_origin": "2227.1", "import_consigment": "285.9"}, {"country": "Japan", "year": "2020", "timeperiod": "12", "export": "377.7", "import_origin": "7504.4", "import_consigment": "615.7"}, {"country": "Japan", "year": "2020", "timeperiod": "Year", "export": "1363.9", "import_origin": "45895.1", "import_consigment": "12366.8"}, {"country": "Japan", "year": "2019", "timeperiod": "1", "export": "15.1", "import_origin": "6385.5", "import_consigment": "1957.8"}, {"country": "Japan", "year": "2019", "timeperiod": "2", "export": "28.9", "import_origin": "8846.5", "import_consigment": "4487.6"}, {"country": "Japan", "year": "2019", "timeperiod": "3", "export": "15.5", "import_origin": "8948.0", "import_consigment": "2780.6"}, {"country": "Japan", "year": "2019", "timeperiod": "4", "export": "8.1", "import_origin": "15352.4", "import_consigment": "8392.1"}, {"country": "Japan", "year": "2019", "timeperiod": "5", "export": "99.9", "import_origin": "10477.7", "import_consigment": "1706.0"}, {"country": "Japan", "year": "2019", "timeperiod": "6", "export": "33.4", "import_origin": "10913.9", "import_consigment": "1947.0"}, {"country": "Japan", "year": "2019", "timeperiod": "7", "export": "49.3", "import_origin": "15512.3", "import_consigment": "3394.9"}, {"country": "Japan", "year": "2019", "timeperiod": "8", "export": "362.4", "import_origin": "17722.1", "import_consigment": "3256.1"}, {"country": "Japan", "year": "2019", "timeperiod": "9", "export": "58.8", "import_origin": "19880.0", "import_consigment": "4792.1"}, {"country": "Japan", "year": "2019", "timeperiod": "10", "export": "17.0", "import_origin": "24507.2", "import_consigment": "5110.4"}]}