{"data": [{"country": "Venezuela", "year": "2018", "timeperiod": "10", "export": "-", "import_origin": "-", "import_consigment": "-"}, {"country": "Venezuela", "year": "2018", "timeperiod": "Year", "export": "-", "import_origin": "0.2", "import_consigment": "-"}, {"country": "Venezuela", "year": "2017", "timeperiod": "1", "export": "-", "import_origin": "4.8", "import_consigment": "-"}, {"country": "Venezuela", "year": "2017", "timeperiod": "11", "export": "-", "import_origin": "2.0", "import_consigment": "-"}, {"country": "Venezuela", "year": "2017", "timeperiod": "Year", "export": "-", "import_origin": "6.7", "import_consigment": "-"}, {"country": "Wallis and Futuna Islands", "year": "2022", "timeperiod": "8", "export": "-", "import_origin": "-", "import_consigment": "-"}, {"country": "Wallis and Futuna Islands", "year": "2022", "timeperiod": "Year", "export": "-", "import_origin": "-", "import_consigment": "-"}, {"country": "Yemen", "year": "2022", "timeperiod": "2", "export": "28.4", "import_origin": "-", "import_consigment": "-"}, {"country": "Yemen", "year": "2022", "timeperiod": "4", "export": "25.5", "import_origin": "-", "import_consigment": "-"}, {"country": "Yemen", "year": "2022", "timeperiod": "6", "export": "-", "import_origin": "1.4", "import_consigment": "-"}, {"country": "Yemen", "year": "2022", "timeperiod": "10", "export": "47.0", "import_origin": "-", "import_consigment": "-"}, {"country": "Yemen", "year": "2022", "timeperiod": "Year", "export": "100.8", "import_origin": "1.4", "import_consigment": "-"}, {"country": "Yemen", "year": "2021", "timeperiod": "1", "export": "62.9", "import_origin": "-", "import_consigment": "-"}, {"country": "Yemen", "year": "2021", "timeperiod": "2", "export": "-", "import_origin": "3.8", "import_consigment": "-"}, {"country": "Yemen", "year": "2021", "timeperiod": "4", "export": "40.9", "import_origin": "-", "import_consigment": "-"}, {"country": "Yemen", "year": "2021", "timeperiod": "6", "export": "18.2", "import_origin": "-", "import_consigment": "-"}, {"country": "Yemen", "year": "2021", "timeperiod": "11", "export": "42.4", "import_origin": "-", "import_consigment": "-"}, {"country": "Yemen", "year": "2021", "timeperiod": "Year", "export": "164.4", "import_origin": "3.8", "import_consigment": "-"}, {"country": "Yemen", "year": "2020", "timeperiod": "2", "export": "-", "import_origin": "-", "import_consigment": "-"}, {"country": "Yemen", "year": "2020", "timeperiod": "3", "export": "24.2", "import_origin": "-", "import_consigment": "-"}, {"country": "Yemen", "year": "2020", "timeperiod": "7", "export": "74.2", "import_origin": "-", "import_consigment": "-"}, {"country": "Yemen", "year": "2020", "timeperiod": "8", "export": "20.2", "import_origin": "-", "import_consigment": "-"}, {"country": "Yemen", "year": "2020", "timeperiod": "10", "export": "-", "import_origin": "-", "import_consigment": "-"}, {"country": "Yemen", "year": "2020", "timeperiod": "Year", "export": "118.6", "import_origin": "-", "import_consigment": "-"}, {"country": "Yemen", "year": "2019", "timeperiod": "3", "export": "156.5", "import_origin": "-", "import_consigment": "-"}]}