{"data": [{"country": "Bosnia Herzegovina", "year": "2019", "timeperiod": "7", "export": "-", "import_origin": "46.0", "import_consigment": "12.4"}, {"country": "Bosnia Herzegovina", "year": "2019", "timeperiod": "8", "export": "-", "import_origin": "31.8", "import_consigment": "-"}, {"country": "Bosnia Herzegovina", "year": "2019", "timeperiod": "9", "export": "-", "import_origin": "28.5", "import_consigment": "-"}, {"country": "Bosnia Herzegovina", "year": "2019", "timeperiod": "10", "export": "-", "import_origin": "50.6", "import_consigment": "-"}, {"country": "Bosnia Herzegovina", "year": "2019", "timeperiod": "11", "export": "-", "import_origin": "79.0", "import_consigment": "63.8"}, {"country": "Bosnia Herzegovina", "year": "2019", "timeperiod": "12", "export": "-", "import_origin": "16.1", "import_consigment": "4.6"}, {"country": "Bosnia Herzegovina", "year": "2019", "timeperiod": "Year", "export": "-", "import_origin": "432.1", "import_consigment": "164.3"}, {"country": "Bosnia Herzegovina", "year": "2018", "timeperiod": "1", "export": "-", "import_origin": "29.8", "import_consigment": "26.3"}, {"country": "Bosnia Herzegovina", "year": "2018", "timeperiod": "2", "export": "-", "import_origin": "11.2", "import_consigment": "-"}, {"country": "Bosnia Herzegovina", "year": "2018", "timeperiod": "3", "export": "-", "import_origin": "70.0", "import_consigment": "26.9"}, {"country": "Bosnia Herzegovina", "year": "2018", "timeperiod": "4", "export": "-", "import_origin": "56.2", "import_consigment": "29.2"}, {"country": "Bosnia Herzegovina", "year": "2018", "timeperiod": "5", "export": "-", "import_origin": "9.6", "import_consigment": "5.5"}, {"country": "Bosnia Herzegovina", "year": "2018", "timeperiod": "6", "export": "-", "import_origin": "50.8", "import_consigment": "27.4"}, {"country": "Bosnia Herzegovina", "year": "2018", "timeperiod": "7", "export": "-", "import_origin": "75.8", "import_consigment": "29.9"}, {"country": "Bosnia Herzegovina", "year": "2018", "timeperiod": "8", "export": "-", "import_origin": "36.5", "import_consigment": "-"}, {"country": "Bosnia Herzegovina", "year": "2018", "timeperiod": "9", "export": "-", "import_origin": "66.8", "import_consigment": "-"}, {"country": "Bosnia Herzegovina", "year": "2018", "timeperiod": "10", "export": "-", "import_origin": "44.5", "import_consigment": "-"}, {"country": "Bosnia Herzegovina", "year": "2018", "timeperiod": "11", "export": "-", "import_origin": "27.1", "import_consigment": "19.9"}, {"country": "Bosnia Herzegovina", "year": "2018", "timeperiod": "12", "export": "-", "import_origin": "111.8", "import_consigment": "60.2"}, {"country": "Bosnia Herzegovina", "year": "2018", "timeperiod": "Year", "export": "-", "import_origin": "590.1", "import_consigment": "225.4"}, {"country": "Bosnia Herzegovina", "year": "2017", "timeperiod": "1", "export": "-", "import_origin": "0.2", "import_consigment": "-"}, {"country": "Bosnia Herzegovina", "year": "2017", "timeperiod": "2", "export": "-", "import_origin": "23.7", "import_consigment": "0.1"}, {"country": "Bosnia Herzegovina", "year": "2017", "timeperiod": "3", "export": "-", "import_origin": "11.8", "import_consigment": "0.1"}, {"country": "Bosnia Herzegovina", "year": "2017", "timeperiod": "4", "export": "-", "import_origin": "20.7", "import_consigment": "6.4"}, {"country": "Bosnia Herzegovina", "year": "2017", "timeperiod": "5", "export": "-", "import_origin": "15.7", "import_consigment": "-"}]}