{"data": [{"country": "Norway", "year": "2022", "timeperiod": "7", "export": "-", "import_origin": "411.8", "import_consigment": "158.8"}, {"country": "Norway", "year": "2022", "timeperiod": "8", "export": "-", "import_origin": "616.6", "import_consigment": "146.9"}, {"country": "Norway", "year": "2022", "timeperiod": "9", "export": "1.3", "import_origin": "277.6", "import_consigment": "100.0"}, {"country": "Norway", "year": "2022", "timeperiod": "10", "export": "-", "import_origin": "367.7", "import_consigment": "211.8"}, {"country": "Norway", "year": "2022", "timeperiod": "11", "export": "-", "import_origin": "431.6", "import_consigment": "146.6"}, {"country": "Norway", "year": "2022", "timeperiod": "12", "export": "-", "import_origin": "593.4", "import_consigment": "275.0"}, {"country": "Norway", "year": "2022", "timeperiod": "Year", "export": "7.4", "import_origin": "4963.9", "import_consigment": "16379.0"}, {"country": "Norway", "year": "2021", "timeperiod": "1", "export": "-", "import_origin": "596.3", "import_consigment": "536.8"}, {"country": "Norway", "year": "2021", "timeperiod": "2", "export": "-", "import_origin": "181.9", "import_consigment": "136.0"}, {"country": "Norway", "year": "2021", "timeperiod": "3", "export": "-", "import_origin": "179.7", "import_consigment": "170.1"}, {"country": "Norway", "year": "2021", "timeperiod": "4", "export": "1.7", "import_origin": "215.1", "import_consigment": "152.4"}, {"country": "Norway", "year": "2021", "timeperiod": "5", "export": "0.8", "import_origin": "93.9", "import_consigment": "54.4"}, {"country": "Norway", "year": "2021", "timeperiod": "6", "export": "4.0", "import_origin": "84.4", "import_consigment": "76.2"}, {"country": "Norway", "year": "2021", "timeperiod": "7", "export": "-", "import_origin": "299.6", "import_consigment": "261.8"}, {"country": "Norway", "year": "2021", "timeperiod": "8", "export": "-", "import_origin": "152.5", "import_consigment": "66.4"}, {"country": "Norway", "year": "2021", "timeperiod": "9", "export": "-", "import_origin": "167.3", "import_consigment": "66.7"}, {"country": "Norway", "year": "2021", "timeperiod": "10", "export": "0.1", "import_origin": "411.1", "import_consigment": "291.8"}, {"country": "Norway", "year": "2021", "timeperiod": "11", "export": "-", "import_origin": "221.8", "import_consigment": "105.8"}, {"country": "Norway", "year": "2021", "timeperiod": "12", "export": "-", "import_origin": "188.7", "import_consigment": "106.5"}, {"country": "Norway", "year": "2021", "timeperiod": "Year", "export": "6.7", "import_origin": "2792.2", "import_consigment": "2024.8"}, {"country": "Norway", "year": "2020", "timeperiod": "1", "export": "0.1", "import_origin": "125.0", "import_consigment": "119.6"}, {"country": "Norway", "year": "2020", "timeperiod": "2", "export": "-", "import_origin": "102.3", "import_consigment": "105.5"}, {"country": "Norway", "year": "2020", "timeperiod": "3", "export": "0.2", "import_origin": "296.0", "import_consigment": "214.0"}, {"country": "Norway", "year": "2020", "timeperiod": "4", "export": "1.6", "import_origin": "90.2", "import_consigment": "82.4"}, {"country": "Norway", "year": "2020", "timeperiod": "5", "export": "-", "import_origin": "583.4", "import_consigment": "553.1"}]}