{"data": [{"country": "Netherlands", "year": "2017", "timeperiod": "5", "export": "7379.5", "import_origin": "2075.9", "import_consigment": "3736.2"}, {"country": "Netherlands", "year": "2017", "timeperiod": "6", "export": "7567.0", "import_origin": "2643.1", "import_consigment": "5203.2"}, {"country": "Netherlands", "year": "2017", "timeperiod": "7", "export": "5929.1", "import_origin": "2376.1", "import_consigment": "5134.7"}, {"country": "Netherlands", "year": "2017", "timeperiod": "8", "export": "8773.0", "import_origin": "2680.2", "import_consigment": "5849.5"}, {"country": "Netherlands", "year": "2017", "timeperiod": "9", "export": "8104.5", "import_origin": "3884.6", "import_consigment": "7976.9"}, {"country": "Netherlands", "year": "2017", "timeperiod": "10", "export": "9332.6", "import_origin": "2899.1", "import_consigment": "6707.3"}, {"country": "Netherlands", "year": "2017", "timeperiod": "11", "export": "7951.3", "import_origin": "3715.7", "import_consigment": "8600.4"}, {"country": "Netherlands", "year": "2017", "timeperiod": "12", "export": "7869.8", "import_origin": "4783.0", "import_consigment": "9990.4"}, {"country": "Netherlands", "year": "2017", "timeperiod": "Year", "export": "88605.0", "import_origin": "32911.7", "import_consigment": "70121.1"}, {"country": "Curacao", "year": "2020", "timeperiod": "12", "export": "-", "import_origin": "-", "import_consigment": "-"}, {"country": "Curacao", "year": "2020", "timeperiod": "Year", "export": "-", "import_origin": "-", "import_consigment": "-"}, {"country": "Curacao", "year": "2017", "timeperiod": "6", "export": "-", "import_origin": "0.1", "import_consigment": "-"}, {"country": "Curacao", "year": "2017", "timeperiod": "Year", "export": "-", "import_origin": "0.1", "import_consigment": "-"}, {"country": "Aruba", "year": "2022", "timeperiod": "1", "export": "-", "import_origin": "0.1", "import_consigment": "-"}, {"country": "Aruba", "year": "2022", "timeperiod": "Year", "export": "-", "import_origin": "0.1", "import_consigment": "-"}, {"country": "Aruba", "year": "2020", "timeperiod": "8", "export": "-", "import_origin": "1.2", "import_consigment": "1.2"}, {"country": "Aruba", "year": "2020", "timeperiod": "Year", "export": "-", "import_origin": "1.2", "import_consigment": "1.2"}, {"country": "Bonaire, Sint Eustatius and Saba", "year": "2021", "timeperiod": "6", "export": "-", "import_origin": "114.8", "import_consigment": "-"}, {"country": "Bonaire, Sint Eustatius and Saba", "year": "2021", "timeperiod": "Year", "export": "-", "import_origin": "114.8", "import_consigment": "-"}, {"country": "Bonaire, Sint Eustatius and Saba", "year": "2019", "timeperiod": "8", "export": "-", "import_origin": "4.7", "import_consigment": "1.0"}, {"country": "Bonaire, Sint Eustatius and Saba", "year": "2019", "timeperiod": "9", "export": "-", "import_origin": "9.0", "import_consigment": "9.0"}, {"country": "Bonaire, Sint Eustatius and Saba", "year": "2019", "timeperiod": "10", "export": "-", "import_origin": "1.2", "import_consigment": "-"}, {"country": "Bonaire, Sint Eustatius and Saba", "year": "2019", "timeperiod": "11", "export": "-", "import_origin": "3.3", "import_consigment": "-"}, {"country": "Bonaire, Sint Eustatius and Saba", "year": "2019", "timeperiod": "12", "export": "-", "import_origin": "4.1", "import_consigment": "3.9"}, {"country": "Bonaire, Sint Eustatius and Saba", "year": "2019", "timeperiod": "Year", "export": "-", "import_origin": "22.3", "import_consigment": "14.0"}]}