{"data": [{"country": null, "year": "2017", "timeperiod": "10", "export": "403.3", "import_origin": "269.7", "import_consigment": "269.7"}, {"country": null, "year": "2017", "timeperiod": "11", "export": "453.8", "import_origin": "203.5", "import_consigment": "203.5"}, {"country": null, "year": "2017", "timeperiod": "12", "export": "487.7", "import_origin": "164.0", "import_consigment": "164.0"}, {"country": null, "year": "2017", "timeperiod": "Year", "export": "3940.4", "import_origin": "2884.5", "import_consigment": "2884.5"}, {"country": "EU countries not specified", "year": "2023", "timeperiod": "1", "export": "-", "import_origin": "3510.5", "import_consigment": "-"}, {"country": "EU countries not specified", "year": "2023", "timeperiod": "Year", "export": "-", "import_origin": "3510.5", "import_consigment": "-"}, {"country": "EU countries not specified", "year": "2022", "timeperiod": "1", "export": "-", "import_origin": "1615.2", "import_consigment": "-"}, {"country": "EU countries not specified", "year": "2022", "timeperiod": "2", "export": "-", "import_origin": "1133.7", "import_consigment": "-"}, {"country": "EU countries not specified", "year": "2022", "timeperiod": "3", "export": "-", "import_origin": "1593.6", "import_consigment": "-"}, {"country": "EU countries not specified", "year": "2022", "timeperiod": "4", "export": "-", "import_origin": "1936.8", "import_consigment": "-"}, {"country": "EU countries not specified", "year": "2022", "timeperiod": "5", "export": "-", "import_origin": "3450.8", "import_consigment": "-"}, {"country": "EU countries not specified", "year": "2022", "timeperiod": "6", "export": "-", "import_origin": "3295.1", "import_consigment": "-"}, {"country": "EU countries not specified", "year": "2022", "timeperiod": "7", "export": "-", "import_origin": "3363.7", "import_consigment": "-"}, {"country": "EU countries not specified", "year": "2022", "timeperiod": "8", "export": "-", "import_origin": "4420.4", "import_consigment": "-"}, {"country": "EU countries not specified", "year": "2022", "timeperiod": "9", "export": "-", "import_origin": "4702.0", "import_consigment": "-"}, {"country": "EU countries not specified", "year": "2022", "timeperiod": "10", "export": "-", "import_origin": "3431.1", "import_consigment": "-"}, {"country": "EU countries not specified", "year": "2022", "timeperiod": "11", "export": "-", "import_origin": "5673.9", "import_consigment": "-"}, {"country": "EU countries not specified", "year": "2022", "timeperiod": "12", "export": "-", "import_origin": "5027.0", "import_consigment": "-"}, {"country": "EU countries not specified", "year": "2022", "timeperiod": "Year", "export": "-", "import_origin": "39643.4", "import_consigment": "-"}]}