{"data": [{"country": "Czech Republic", "year": "2017", "timeperiod": "7", "export": "206.8", "import_origin": "3019.3", "import_consigment": "2573.4"}, {"country": "Czech Republic", "year": "2017", "timeperiod": "8", "export": "277.9", "import_origin": "1760.9", "import_consigment": "2639.7"}, {"country": "Czech Republic", "year": "2017", "timeperiod": "9", "export": "376.2", "import_origin": "4743.9", "import_consigment": "5507.4"}, {"country": "Czech Republic", "year": "2017", "timeperiod": "10", "export": "395.8", "import_origin": "2456.8", "import_consigment": "3541.3"}, {"country": "Czech Republic", "year": "2017", "timeperiod": "11", "export": "287.4", "import_origin": "1747.4", "import_consigment": "4288.7"}, {"country": "Czech Republic", "year": "2017", "timeperiod": "12", "export": "292.7", "import_origin": "2337.3", "import_consigment": "3518.6"}, {"country": "Czech Republic", "year": "2017", "timeperiod": "Year", "export": "2589.7", "import_origin": "26749.0", "import_consigment": "34024.2"}, {"country": "Benin", "year": "2020", "timeperiod": "1", "export": "-", "import_origin": "2.9", "import_consigment": "4.4"}, {"country": "Benin", "year": "2020", "timeperiod": "6", "export": "-", "import_origin": "2.5", "import_consigment": "2.5"}, {"country": "Benin", "year": "2020", "timeperiod": "Year", "export": "-", "import_origin": "5.4", "import_consigment": "6.9"}, {"country": "Benin", "year": "2019", "timeperiod": "3", "export": "-", "import_origin": "1.1", "import_consigment": "-"}, {"country": "Benin", "year": "2019", "timeperiod": "10", "export": "-", "import_origin": "1.0", "import_consigment": "1.5"}, {"country": "Benin", "year": "2019", "timeperiod": "Year", "export": "-", "import_origin": "2.1", "import_consigment": "1.5"}, {"country": "Benin", "year": "2017", "timeperiod": "1", "export": "-", "import_origin": "2.9", "import_consigment": "-"}, {"country": "Benin", "year": "2017", "timeperiod": "2", "export": "-", "import_origin": "5.3", "import_consigment": "-"}, {"country": "Benin", "year": "2017", "timeperiod": "3", "export": "-", "import_origin": "2.2", "import_consigment": "-"}, {"country": "Benin", "year": "2017", "timeperiod": "4", "export": "-", "import_origin": "3.3", "import_consigment": "-"}, {"country": "Benin", "year": "2017", "timeperiod": "5", "export": "-", "import_origin": "3.4", "import_consigment": "-"}, {"country": "Benin", "year": "2017", "timeperiod": "6", "export": "-", "import_origin": "2.6", "import_consigment": "-"}, {"country": "Benin", "year": "2017", "timeperiod": "7", "export": "-", "import_origin": "5.0", "import_consigment": "-"}, {"country": "Benin", "year": "2017", "timeperiod": "8", "export": "-", "import_origin": "3.9", "import_consigment": "-"}, {"country": "Benin", "year": "2017", "timeperiod": "9", "export": "-", "import_origin": "7.3", "import_consigment": "-"}, {"country": "Benin", "year": "2017", "timeperiod": "10", "export": "-", "import_origin": "5.5", "import_consigment": "-"}, {"country": "Benin", "year": "2017", "timeperiod": "Year", "export": "-", "import_origin": "41.2", "import_consigment": "-"}, {"country": "Denmark", "year": "2023", "timeperiod": "1", "export": "5.6", "import_origin": "543.6", "import_consigment": "1261.6"}]}