{"data": [{"country": "Belarus", "year": "2018", "timeperiod": "10", "export": "1945.1", "import_origin": "3304.6", "import_consigment": "3450.0"}, {"country": "Belarus", "year": "2018", "timeperiod": "11", "export": "1279.4", "import_origin": "4048.7", "import_consigment": "4146.2"}, {"country": "Belarus", "year": "2018", "timeperiod": "12", "export": "483.9", "import_origin": "3382.4", "import_consigment": "3456.7"}, {"country": "Belarus", "year": "2018", "timeperiod": "Year", "export": "11942.9", "import_origin": "38609.7", "import_consigment": "38672.0"}, {"country": "Belarus", "year": "2017", "timeperiod": "1", "export": "127.1", "import_origin": "1337.7", "import_consigment": "1216.1"}, {"country": "Belarus", "year": "2017", "timeperiod": "2", "export": "314.6", "import_origin": "1536.8", "import_consigment": "1524.1"}, {"country": "Belarus", "year": "2017", "timeperiod": "3", "export": "519.2", "import_origin": "4702.5", "import_consigment": "4800.1"}, {"country": "Belarus", "year": "2017", "timeperiod": "4", "export": "733.4", "import_origin": "1837.6", "import_consigment": "1995.2"}, {"country": "Belarus", "year": "2017", "timeperiod": "5", "export": "793.9", "import_origin": "2548.1", "import_consigment": "2605.0"}, {"country": "Belarus", "year": "2017", "timeperiod": "6", "export": "694.1", "import_origin": "3938.2", "import_consigment": "3222.2"}, {"country": "Belarus", "year": "2017", "timeperiod": "7", "export": "698.7", "import_origin": "3062.4", "import_consigment": "3000.7"}, {"country": "Belarus", "year": "2017", "timeperiod": "8", "export": "650.6", "import_origin": "3239.7", "import_consigment": "3473.5"}, {"country": "Belarus", "year": "2017", "timeperiod": "9", "export": "230.3", "import_origin": "4449.1", "import_consigment": "3194.3"}, {"country": "Belarus", "year": "2017", "timeperiod": "10", "export": "599.2", "import_origin": "3991.1", "import_consigment": "4494.0"}, {"country": "Belarus", "year": "2017", "timeperiod": "11", "export": "848.4", "import_origin": "3560.7", "import_consigment": "4079.8"}, {"country": "Belarus", "year": "2017", "timeperiod": "12", "export": "841.7", "import_origin": "4860.9", "import_consigment": "4997.8"}, {"country": "Belarus", "year": "2017", "timeperiod": "Year", "export": "7051.2", "import_origin": "39064.9", "import_consigment": "38602.9"}, {"country": "Cambodia", "year": "2023", "timeperiod": "1", "export": "-", "import_origin": "322.3", "import_consigment": "-"}, {"country": "Cambodia", "year": "2023", "timeperiod": "Year", "export": "-", "import_origin": "322.3", "import_consigment": "-"}, {"country": "Cambodia", "year": "2022", "timeperiod": "1", "export": "-", "import_origin": "144.2", "import_consigment": "-"}, {"country": "Cambodia", "year": "2022", "timeperiod": "2", "export": "-", "import_origin": "555.9", "import_consigment": "-"}, {"country": "Cambodia", "year": "2022", "timeperiod": "3", "export": "0.1", "import_origin": "510.0", "import_consigment": "-"}, {"country": "Cambodia", "year": "2022", "timeperiod": "4", "export": "-", "import_origin": "262.2", "import_consigment": "-"}, {"country": "Cambodia", "year": "2022", "timeperiod": "5", "export": "-", "import_origin": "269.0", "import_consigment": "19.7"}, {"country": "Cambodia", "year": "2022", "timeperiod": "6", "export": "-", "import_origin": "139.4", "import_consigment": "-"}]}