{"data": [{"country": "Singapore", "year": "2022", "timeperiod": "3", "export": "172.3", "import_origin": "160.2", "import_consigment": "45.8"}, {"country": "Singapore", "year": "2022", "timeperiod": "4", "export": "-", "import_origin": "98.2", "import_consigment": "15.1"}, {"country": "Singapore", "year": "2022", "timeperiod": "5", "export": "9.9", "import_origin": "243.7", "import_consigment": "60.7"}, {"country": "Singapore", "year": "2022", "timeperiod": "6", "export": "71.9", "import_origin": "460.5", "import_consigment": "256.0"}, {"country": "Singapore", "year": "2022", "timeperiod": "7", "export": "1.3", "import_origin": "444.7", "import_consigment": "342.3"}, {"country": "Singapore", "year": "2022", "timeperiod": "8", "export": "17.8", "import_origin": "298.7", "import_consigment": "303.0"}, {"country": "Singapore", "year": "2022", "timeperiod": "9", "export": "76.9", "import_origin": "697.2", "import_consigment": "66.5"}, {"country": "Singapore", "year": "2022", "timeperiod": "10", "export": "69.5", "import_origin": "452.4", "import_consigment": "403.8"}, {"country": "Singapore", "year": "2022", "timeperiod": "11", "export": "0.8", "import_origin": "590.1", "import_consigment": "201.3"}, {"country": "Singapore", "year": "2022", "timeperiod": "12", "export": "2237.4", "import_origin": "573.4", "import_consigment": "191.0"}, {"country": "Singapore", "year": "2022", "timeperiod": "Year", "export": "2673.4", "import_origin": "4368.6", "import_consigment": "2289.9"}, {"country": "Singapore", "year": "2021", "timeperiod": "1", "export": "55.7", "import_origin": "238.4", "import_consigment": "55.7"}, {"country": "Singapore", "year": "2021", "timeperiod": "2", "export": "24.0", "import_origin": "35.6", "import_consigment": "212.5"}, {"country": "Singapore", "year": "2021", "timeperiod": "3", "export": "121.1", "import_origin": "230.1", "import_consigment": "193.7"}, {"country": "Singapore", "year": "2021", "timeperiod": "4", "export": "23.4", "import_origin": "258.9", "import_consigment": "160.2"}, {"country": "Singapore", "year": "2021", "timeperiod": "5", "export": "201.4", "import_origin": "83.5", "import_consigment": "51.9"}, {"country": "Singapore", "year": "2021", "timeperiod": "6", "export": "160.2", "import_origin": "206.7", "import_consigment": "61.4"}, {"country": "Singapore", "year": "2021", "timeperiod": "7", "export": "250.2", "import_origin": "271.4", "import_consigment": "266.8"}, {"country": "Singapore", "year": "2021", "timeperiod": "8", "export": "57.1", "import_origin": "297.0", "import_consigment": "83.4"}, {"country": "Singapore", "year": "2021", "timeperiod": "9", "export": "67.6", "import_origin": "309.0", "import_consigment": "122.2"}, {"country": "Singapore", "year": "2021", "timeperiod": "10", "export": "47.6", "import_origin": "345.3", "import_consigment": "358.3"}, {"country": "Singapore", "year": "2021", "timeperiod": "11", "export": "14.1", "import_origin": "104.7", "import_consigment": "95.5"}, {"country": "Singapore", "year": "2021", "timeperiod": "12", "export": "93.4", "import_origin": "388.9", "import_consigment": "292.7"}, {"country": "Singapore", "year": "2021", "timeperiod": "Year", "export": "1115.8", "import_origin": "2769.5", "import_consigment": "1954.3"}, {"country": "Singapore", "year": "2020", "timeperiod": "1", "export": "128.5", "import_origin": "213.7", "import_consigment": "202.3"}]}