{"data": [{"country": "Thailand", "year": "2018", "timeperiod": "12", "export": "32.9", "import_origin": "2383.2", "import_consigment": "1265.4"}, {"country": "Thailand", "year": "2018", "timeperiod": "Year", "export": "788.1", "import_origin": "22860.7", "import_consigment": "9456.2"}, {"country": "Thailand", "year": "2017", "timeperiod": "1", "export": "68.1", "import_origin": "780.0", "import_consigment": "417.1"}, {"country": "Thailand", "year": "2017", "timeperiod": "2", "export": "790.8", "import_origin": "2273.7", "import_consigment": "1646.0"}, {"country": "Thailand", "year": "2017", "timeperiod": "3", "export": "1276.5", "import_origin": "3145.5", "import_consigment": "2398.1"}, {"country": "Thailand", "year": "2017", "timeperiod": "4", "export": "1948.2", "import_origin": "2284.3", "import_consigment": "1290.1"}, {"country": "Thailand", "year": "2017", "timeperiod": "5", "export": "1135.8", "import_origin": "2552.5", "import_consigment": "1799.3"}, {"country": "Thailand", "year": "2017", "timeperiod": "6", "export": "1253.3", "import_origin": "1677.3", "import_consigment": "686.3"}, {"country": "Thailand", "year": "2017", "timeperiod": "7", "export": "1385.9", "import_origin": "1431.0", "import_consigment": "518.3"}, {"country": "Thailand", "year": "2017", "timeperiod": "8", "export": "66.5", "import_origin": "1546.8", "import_consigment": "660.5"}, {"country": "Thailand", "year": "2017", "timeperiod": "9", "export": "35.0", "import_origin": "1798.6", "import_consigment": "677.1"}, {"country": "Thailand", "year": "2017", "timeperiod": "10", "export": "991.0", "import_origin": "2002.6", "import_consigment": "714.8"}, {"country": "Thailand", "year": "2017", "timeperiod": "11", "export": "47.5", "import_origin": "1730.7", "import_consigment": "765.3"}, {"country": "Thailand", "year": "2017", "timeperiod": "12", "export": "-", "import_origin": "1193.1", "import_consigment": "467.7"}, {"country": "Thailand", "year": "2017", "timeperiod": "Year", "export": "8998.7", "import_origin": "22416.2", "import_consigment": "12040.7"}, {"country": "Togo", "year": "2021", "timeperiod": "3", "export": "-", "import_origin": "1.1", "import_consigment": "-"}, {"country": "Togo", "year": "2021", "timeperiod": "7", "export": "-", "import_origin": "-", "import_consigment": "-"}, {"country": "Togo", "year": "2021", "timeperiod": "9", "export": "-", "import_origin": "128.8", "import_consigment": "-"}, {"country": "Togo", "year": "2021", "timeperiod": "Year", "export": "-", "import_origin": "129.9", "import_consigment": "-"}, {"country": "Togo", "year": "2020", "timeperiod": "6", "export": "-", "import_origin": "71.5", "import_consigment": "-"}, {"country": "Togo", "year": "2020", "timeperiod": "Year", "export": "-", "import_origin": "71.5", "import_consigment": "-"}, {"country": "Togo", "year": "2019", "timeperiod": "1", "export": "-", "import_origin": "58.5", "import_consigment": "-"}, {"country": "Togo", "year": "2019", "timeperiod": "2", "export": "-", "import_origin": "58.8", "import_consigment": "-"}, {"country": "Togo", "year": "2019", "timeperiod": "3", "export": "-", "import_origin": "127.1", "import_consigment": "-"}, {"country": "Togo", "year": "2019", "timeperiod": "6", "export": "-", "import_origin": "125.6", "import_consigment": "-"}]}