{"data": [{"country": "Cyprus", "year": "2022", "timeperiod": "2", "export": "-", "import_origin": "2.3", "import_consigment": "815.1"}, {"country": "Cyprus", "year": "2022", "timeperiod": "3", "export": "934.4", "import_origin": "24.5", "import_consigment": "141.5"}, {"country": "Cyprus", "year": "2022", "timeperiod": "4", "export": "916.8", "import_origin": "61.9", "import_consigment": "70.1"}, {"country": "Cyprus", "year": "2022", "timeperiod": "5", "export": "623.1", "import_origin": "25.4", "import_consigment": "50.2"}, {"country": "Cyprus", "year": "2022", "timeperiod": "6", "export": "276.8", "import_origin": "85.1", "import_consigment": "1183.8"}, {"country": "Cyprus", "year": "2022", "timeperiod": "7", "export": "847.7", "import_origin": "28.8", "import_consigment": "2940.5"}, {"country": "Cyprus", "year": "2022", "timeperiod": "8", "export": "271.3", "import_origin": "50.7", "import_consigment": "1393.8"}, {"country": "Cyprus", "year": "2022", "timeperiod": "9", "export": "229.0", "import_origin": "33.6", "import_consigment": "1319.4"}, {"country": "Cyprus", "year": "2022", "timeperiod": "10", "export": "227.1", "import_origin": "5.8", "import_consigment": "1981.7"}, {"country": "Cyprus", "year": "2022", "timeperiod": "11", "export": "228.5", "import_origin": "83.2", "import_consigment": "3238.9"}, {"country": "Cyprus", "year": "2022", "timeperiod": "12", "export": "734.6", "import_origin": "100.8", "import_consigment": "4538.6"}, {"country": "Cyprus", "year": "2022", "timeperiod": "Year", "export": "5492.2", "import_origin": "502.2", "import_consigment": "17684.8"}, {"country": "Cyprus", "year": "2021", "timeperiod": "1", "export": "0.6", "import_origin": "8.2", "import_consigment": "6.3"}, {"country": "Cyprus", "year": "2021", "timeperiod": "2", "export": "-", "import_origin": "24.6", "import_consigment": "165.4"}, {"country": "Cyprus", "year": "2021", "timeperiod": "3", "export": "-", "import_origin": "93.5", "import_consigment": "785.9"}, {"country": "Cyprus", "year": "2021", "timeperiod": "4", "export": "-", "import_origin": "204.0", "import_consigment": "390.8"}, {"country": "Cyprus", "year": "2021", "timeperiod": "5", "export": "0.3", "import_origin": "21.7", "import_consigment": "134.4"}, {"country": "Cyprus", "year": "2021", "timeperiod": "6", "export": "0.2", "import_origin": "74.1", "import_consigment": "490.1"}, {"country": "Cyprus", "year": "2021", "timeperiod": "7", "export": "-", "import_origin": "68.8", "import_consigment": "872.3"}, {"country": "Cyprus", "year": "2021", "timeperiod": "8", "export": "21.3", "import_origin": "53.2", "import_consigment": "608.1"}, {"country": "Cyprus", "year": "2021", "timeperiod": "9", "export": "-", "import_origin": "56.3", "import_consigment": "886.2"}, {"country": "Cyprus", "year": "2021", "timeperiod": "10", "export": "-", "import_origin": "32.5", "import_consigment": "42.3"}, {"country": "Cyprus", "year": "2021", "timeperiod": "11", "export": "-", "import_origin": "9.6", "import_consigment": "47.2"}, {"country": "Cyprus", "year": "2021", "timeperiod": "12", "export": "262.1", "import_origin": "80.5", "import_consigment": "122.1"}, {"country": "Cyprus", "year": "2021", "timeperiod": "Year", "export": "284.6", "import_origin": "727.2", "import_consigment": "4551.0"}]}