{"data": [{"country": "France", "year": "2020", "timeperiod": "Year", "export": "5827.0", "import_origin": "82593.0", "import_consigment": "67148.0"}, {"country": "France", "year": "2019", "timeperiod": "1", "export": "678.2", "import_origin": "3377.5", "import_consigment": "2807.2"}, {"country": "France", "year": "2019", "timeperiod": "2", "export": "1667.6", "import_origin": "4847.4", "import_consigment": "3345.5"}, {"country": "France", "year": "2019", "timeperiod": "3", "export": "1298.9", "import_origin": "11527.0", "import_consigment": "9038.9"}, {"country": "France", "year": "2019", "timeperiod": "4", "export": "389.2", "import_origin": "6984.7", "import_consigment": "5603.9"}, {"country": "France", "year": "2019", "timeperiod": "5", "export": "851.9", "import_origin": "5563.7", "import_consigment": "3512.9"}, {"country": "France", "year": "2019", "timeperiod": "6", "export": "466.3", "import_origin": "6532.3", "import_consigment": "4495.7"}, {"country": "France", "year": "2019", "timeperiod": "7", "export": "388.8", "import_origin": "7666.1", "import_consigment": "5888.6"}, {"country": "France", "year": "2019", "timeperiod": "8", "export": "1153.2", "import_origin": "8610.3", "import_consigment": "8275.6"}, {"country": "France", "year": "2019", "timeperiod": "9", "export": "571.5", "import_origin": "5985.5", "import_consigment": "4304.1"}, {"country": "France", "year": "2019", "timeperiod": "10", "export": "463.4", "import_origin": "5652.9", "import_consigment": "4637.6"}, {"country": "France", "year": "2019", "timeperiod": "11", "export": "605.8", "import_origin": "6491.8", "import_consigment": "4923.5"}, {"country": "France", "year": "2019", "timeperiod": "12", "export": "224.8", "import_origin": "10958.9", "import_consigment": "8292.8"}, {"country": "France", "year": "2019", "timeperiod": "Year", "export": "8759.6", "import_origin": "84198.0", "import_consigment": "65126.4"}, {"country": "France", "year": "2018", "timeperiod": "1", "export": "530.6", "import_origin": "3941.4", "import_consigment": "3089.0"}, {"country": "France", "year": "2018", "timeperiod": "2", "export": "444.0", "import_origin": "5230.9", "import_consigment": "4068.9"}, {"country": "France", "year": "2018", "timeperiod": "3", "export": "254.0", "import_origin": "8126.4", "import_consigment": "7286.9"}, {"country": "France", "year": "2018", "timeperiod": "4", "export": "308.0", "import_origin": "4240.0", "import_consigment": "3712.9"}, {"country": "France", "year": "2018", "timeperiod": "5", "export": "376.5", "import_origin": "9976.8", "import_consigment": "8742.1"}, {"country": "France", "year": "2018", "timeperiod": "6", "export": "720.1", "import_origin": "11106.6", "import_consigment": "6303.8"}, {"country": "France", "year": "2018", "timeperiod": "7", "export": "1470.2", "import_origin": "10478.3", "import_consigment": "7841.2"}, {"country": "France", "year": "2018", "timeperiod": "8", "export": "551.5", "import_origin": "17072.7", "import_consigment": "12204.2"}, {"country": "France", "year": "2018", "timeperiod": "9", "export": "718.7", "import_origin": "7979.4", "import_consigment": "6924.8"}, {"country": "France", "year": "2018", "timeperiod": "10", "export": "882.9", "import_origin": "8592.0", "import_consigment": "6593.9"}, {"country": "France", "year": "2018", "timeperiod": "11", "export": "1196.6", "import_origin": "13662.8", "import_consigment": "12011.2"}]}