{"data": [{"country": "Paraguay", "year": "2020", "timeperiod": "7", "export": "-", "import_origin": "9.1", "import_consigment": "-"}, {"country": "Paraguay", "year": "2020", "timeperiod": "8", "export": "-", "import_origin": "6.0", "import_consigment": "-"}, {"country": "Paraguay", "year": "2020", "timeperiod": "9", "export": "-", "import_origin": "99.0", "import_consigment": "-"}, {"country": "Paraguay", "year": "2020", "timeperiod": "11", "export": "-", "import_origin": "5.1", "import_consigment": "-"}, {"country": "Paraguay", "year": "2020", "timeperiod": "12", "export": "-", "import_origin": "-", "import_consigment": "-"}, {"country": "Paraguay", "year": "2020", "timeperiod": "Year", "export": "-", "import_origin": "121.3", "import_consigment": "-"}, {"country": "Paraguay", "year": "2019", "timeperiod": "5", "export": "-", "import_origin": "-", "import_consigment": "-"}, {"country": "Paraguay", "year": "2019", "timeperiod": "Year", "export": "-", "import_origin": "-", "import_consigment": "-"}, {"country": "Paraguay", "year": "2018", "timeperiod": "4", "export": "-", "import_origin": "-", "import_consigment": "-"}, {"country": "Paraguay", "year": "2018", "timeperiod": "5", "export": "-", "import_origin": "0.1", "import_consigment": "-"}, {"country": "Paraguay", "year": "2018", "timeperiod": "6", "export": "-", "import_origin": "86.4", "import_consigment": "86.4"}, {"country": "Paraguay", "year": "2018", "timeperiod": "Year", "export": "-", "import_origin": "86.6", "import_consigment": "86.4"}, {"country": "Paraguay", "year": "2017", "timeperiod": "6", "export": "-", "import_origin": "60.9", "import_consigment": "60.9"}, {"country": "Paraguay", "year": "2017", "timeperiod": "8", "export": "-", "import_origin": "97.5", "import_consigment": "97.5"}, {"country": "Paraguay", "year": "2017", "timeperiod": "9", "export": "-", "import_origin": "0.2", "import_consigment": "0.2"}, {"country": "Paraguay", "year": "2017", "timeperiod": "Year", "export": "-", "import_origin": "158.6", "import_consigment": "158.6"}, {"country": "Peru", "year": "2023", "timeperiod": "1", "export": "-", "import_origin": "181.5", "import_consigment": "0.1"}, {"country": "Peru", "year": "2023", "timeperiod": "Year", "export": "-", "import_origin": "181.5", "import_consigment": "0.1"}, {"country": "Peru", "year": "2022", "timeperiod": "1", "export": "-", "import_origin": "81.8", "import_consigment": "-"}, {"country": "Peru", "year": "2022", "timeperiod": "2", "export": "-", "import_origin": "58.1", "import_consigment": "0.2"}, {"country": "Peru", "year": "2022", "timeperiod": "3", "export": "-", "import_origin": "66.0", "import_consigment": "268.9"}, {"country": "Peru", "year": "2022", "timeperiod": "4", "export": "-", "import_origin": "209.0", "import_consigment": "-"}, {"country": "Peru", "year": "2022", "timeperiod": "5", "export": "-", "import_origin": "115.5", "import_consigment": "-"}, {"country": "Peru", "year": "2022", "timeperiod": "6", "export": "-", "import_origin": "60.2", "import_consigment": "0.6"}, {"country": "Peru", "year": "2022", "timeperiod": "7", "export": "-", "import_origin": "118.8", "import_consigment": "-"}]}