{"data": [{"country": "Cayman Islands", "year": "2019", "timeperiod": "Year", "export": "-", "import_origin": "1.6", "import_consigment": "-"}, {"country": "Cayman Islands", "year": "2018", "timeperiod": "7", "export": "-", "import_origin": "0.6", "import_consigment": "-"}, {"country": "Cayman Islands", "year": "2018", "timeperiod": "Year", "export": "-", "import_origin": "0.6", "import_consigment": "-"}, {"country": "Cayman Islands", "year": "2017", "timeperiod": "10", "export": "-", "import_origin": "0.5", "import_consigment": "-"}, {"country": "Cayman Islands", "year": "2017", "timeperiod": "Year", "export": "-", "import_origin": "0.5", "import_consigment": "-"}, {"country": "Central African Republic", "year": "2021", "timeperiod": "3", "export": "-", "import_origin": "-", "import_consigment": "0.2"}, {"country": "Central African Republic", "year": "2021", "timeperiod": "7", "export": "-", "import_origin": "-", "import_consigment": "-"}, {"country": "Central African Republic", "year": "2021", "timeperiod": "Year", "export": "-", "import_origin": "-", "import_consigment": "0.2"}, {"country": "Central African Republic", "year": "2019", "timeperiod": "11", "export": "-", "import_origin": "-", "import_consigment": "30.6"}, {"country": "Central African Republic", "year": "2019", "timeperiod": "Year", "export": "-", "import_origin": "-", "import_consigment": "30.6"}, {"country": "Central African Republic", "year": "2018", "timeperiod": "5", "export": "-", "import_origin": "1.0", "import_consigment": "-"}, {"country": "Central African Republic", "year": "2018", "timeperiod": "Year", "export": "-", "import_origin": "1.0", "import_consigment": "-"}, {"country": "Central African Republic", "year": "2017", "timeperiod": "11", "export": "-", "import_origin": "1.0", "import_consigment": "-"}, {"country": "Central African Republic", "year": "2017", "timeperiod": "Year", "export": "-", "import_origin": "1.0", "import_consigment": "-"}, {"country": "Sri Lanka", "year": "2023", "timeperiod": "1", "export": "-", "import_origin": "130.8", "import_consigment": "2.6"}, {"country": "Sri Lanka", "year": "2023", "timeperiod": "Year", "export": "-", "import_origin": "130.8", "import_consigment": "2.6"}, {"country": "Sri Lanka", "year": "2022", "timeperiod": "1", "export": "-", "import_origin": "473.2", "import_consigment": "378.0"}, {"country": "Sri Lanka", "year": "2022", "timeperiod": "2", "export": "-", "import_origin": "136.1", "import_consigment": "51.5"}, {"country": "Sri Lanka", "year": "2022", "timeperiod": "3", "export": "-", "import_origin": "223.1", "import_consigment": "120.2"}, {"country": "Sri Lanka", "year": "2022", "timeperiod": "4", "export": "-", "import_origin": "244.7", "import_consigment": "134.3"}, {"country": "Sri Lanka", "year": "2022", "timeperiod": "5", "export": "-", "import_origin": "258.2", "import_consigment": "142.5"}, {"country": "Sri Lanka", "year": "2022", "timeperiod": "6", "export": "-", "import_origin": "177.1", "import_consigment": "41.1"}, {"country": "Sri Lanka", "year": "2022", "timeperiod": "7", "export": "-", "import_origin": "216.4", "import_consigment": "62.5"}, {"country": "Sri Lanka", "year": "2022", "timeperiod": "8", "export": "-", "import_origin": "451.1", "import_consigment": "212.1"}, {"country": "Sri Lanka", "year": "2022", "timeperiod": "9", "export": "2.3", "import_origin": "253.7", "import_consigment": "53.4"}]}