{"data": [{"country": "France", "year": "2021", "timeperiod": "1", "export": "562.4", "import_origin": "6153.8", "import_consigment": "5659.7"}, {"country": "France", "year": "2021", "timeperiod": "2", "export": "419.0", "import_origin": "9809.1", "import_consigment": "7187.1"}, {"country": "France", "year": "2021", "timeperiod": "3", "export": "693.8", "import_origin": "7180.6", "import_consigment": "5808.7"}, {"country": "France", "year": "2021", "timeperiod": "4", "export": "1188.6", "import_origin": "6623.7", "import_consigment": "5467.3"}, {"country": "France", "year": "2021", "timeperiod": "5", "export": "654.5", "import_origin": "6581.7", "import_consigment": "5577.0"}, {"country": "France", "year": "2021", "timeperiod": "6", "export": "1624.3", "import_origin": "4610.6", "import_consigment": "3058.6"}, {"country": "France", "year": "2021", "timeperiod": "7", "export": "1195.2", "import_origin": "6760.3", "import_consigment": "5515.1"}, {"country": "France", "year": "2021", "timeperiod": "8", "export": "1124.1", "import_origin": "4289.1", "import_consigment": "3918.9"}, {"country": "France", "year": "2021", "timeperiod": "9", "export": "797.1", "import_origin": "8670.9", "import_consigment": "7794.7"}, {"country": "France", "year": "2021", "timeperiod": "10", "export": "1036.7", "import_origin": "6715.9", "import_consigment": "5798.4"}, {"country": "France", "year": "2021", "timeperiod": "11", "export": "664.0", "import_origin": "7727.6", "import_consigment": "6547.2"}, {"country": "France", "year": "2021", "timeperiod": "12", "export": "716.2", "import_origin": "8692.9", "import_consigment": "6052.9"}, {"country": "France", "year": "2021", "timeperiod": "Year", "export": "10676.0", "import_origin": "83816.3", "import_consigment": "68385.7"}, {"country": "France", "year": "2020", "timeperiod": "1", "export": "331.5", "import_origin": "8817.6", "import_consigment": "8260.8"}, {"country": "France", "year": "2020", "timeperiod": "2", "export": "135.3", "import_origin": "8173.8", "import_consigment": "6266.0"}, {"country": "France", "year": "2020", "timeperiod": "3", "export": "537.9", "import_origin": "9189.0", "import_consigment": "9293.9"}, {"country": "France", "year": "2020", "timeperiod": "4", "export": "88.3", "import_origin": "5662.5", "import_consigment": "4224.9"}, {"country": "France", "year": "2020", "timeperiod": "5", "export": "137.4", "import_origin": "4141.0", "import_consigment": "2699.2"}, {"country": "France", "year": "2020", "timeperiod": "6", "export": "716.8", "import_origin": "3675.7", "import_consigment": "2105.9"}, {"country": "France", "year": "2020", "timeperiod": "7", "export": "627.8", "import_origin": "8946.6", "import_consigment": "7532.8"}, {"country": "France", "year": "2020", "timeperiod": "8", "export": "221.4", "import_origin": "5406.9", "import_consigment": "3718.8"}, {"country": "France", "year": "2020", "timeperiod": "9", "export": "507.6", "import_origin": "5978.5", "import_consigment": "4597.4"}, {"country": "France", "year": "2020", "timeperiod": "10", "export": "709.9", "import_origin": "8819.4", "import_consigment": "7950.6"}, {"country": "France", "year": "2020", "timeperiod": "11", "export": "770.8", "import_origin": "6091.6", "import_consigment": "5171.9"}, {"country": "France", "year": "2020", "timeperiod": "12", "export": "1042.4", "import_origin": "7690.4", "import_consigment": "5325.7"}]}