{"data": [{"country": "Croatia", "year": "2022", "timeperiod": "7", "export": "-", "import_origin": "127.9", "import_consigment": "117.4"}, {"country": "Croatia", "year": "2022", "timeperiod": "8", "export": "45.8", "import_origin": "43.9", "import_consigment": "203.1"}, {"country": "Croatia", "year": "2022", "timeperiod": "9", "export": "18.4", "import_origin": "106.3", "import_consigment": "94.1"}, {"country": "Croatia", "year": "2022", "timeperiod": "10", "export": "18.4", "import_origin": "59.1", "import_consigment": "29.1"}, {"country": "Croatia", "year": "2022", "timeperiod": "11", "export": "87.1", "import_origin": "144.2", "import_consigment": "304.4"}, {"country": "Croatia", "year": "2022", "timeperiod": "12", "export": "50.8", "import_origin": "112.4", "import_consigment": "71.5"}, {"country": "Croatia", "year": "2022", "timeperiod": "Year", "export": "387.6", "import_origin": "1009.0", "import_consigment": "1089.4"}, {"country": "Croatia", "year": "2021", "timeperiod": "1", "export": "0.1", "import_origin": "7.7", "import_consigment": "-"}, {"country": "Croatia", "year": "2021", "timeperiod": "2", "export": "-", "import_origin": "34.4", "import_consigment": "0.3"}, {"country": "Croatia", "year": "2021", "timeperiod": "3", "export": "37.9", "import_origin": "62.0", "import_consigment": "48.1"}, {"country": "Croatia", "year": "2021", "timeperiod": "4", "export": "12.5", "import_origin": "130.0", "import_consigment": "95.7"}, {"country": "Croatia", "year": "2021", "timeperiod": "5", "export": "11.0", "import_origin": "78.3", "import_consigment": "123.5"}, {"country": "Croatia", "year": "2021", "timeperiod": "6", "export": "12.8", "import_origin": "155.8", "import_consigment": "106.6"}, {"country": "Croatia", "year": "2021", "timeperiod": "7", "export": "12.0", "import_origin": "150.2", "import_consigment": "123.7"}, {"country": "Croatia", "year": "2021", "timeperiod": "8", "export": "12.2", "import_origin": "12.3", "import_consigment": "5.4"}, {"country": "Croatia", "year": "2021", "timeperiod": "9", "export": "13.7", "import_origin": "94.9", "import_consigment": "76.4"}, {"country": "Croatia", "year": "2021", "timeperiod": "10", "export": "17.5", "import_origin": "141.3", "import_consigment": "20.3"}, {"country": "Croatia", "year": "2021", "timeperiod": "11", "export": "-", "import_origin": "75.0", "import_consigment": "56.9"}, {"country": "Croatia", "year": "2021", "timeperiod": "12", "export": "43.9", "import_origin": "23.4", "import_consigment": "7.1"}, {"country": "Croatia", "year": "2021", "timeperiod": "Year", "export": "173.6", "import_origin": "965.4", "import_consigment": "663.9"}, {"country": "Croatia", "year": "2020", "timeperiod": "1", "export": "-", "import_origin": "48.4", "import_consigment": "33.2"}, {"country": "Croatia", "year": "2020", "timeperiod": "2", "export": "11.9", "import_origin": "42.2", "import_consigment": "54.6"}, {"country": "Croatia", "year": "2020", "timeperiod": "3", "export": "-", "import_origin": "141.4", "import_consigment": "146.4"}, {"country": "Croatia", "year": "2020", "timeperiod": "4", "export": "-", "import_origin": "108.3", "import_consigment": "47.0"}, {"country": "Croatia", "year": "2020", "timeperiod": "5", "export": "15.1", "import_origin": "23.6", "import_consigment": "0.7"}]}