{"data": [{"country": "Syrian Arab Republic", "year": "2017", "timeperiod": "6", "export": "3943.5", "import_origin": "134.4", "import_consigment": "135.0"}, {"country": "Syrian Arab Republic", "year": "2017", "timeperiod": "7", "export": "2566.3", "import_origin": "4.1", "import_consigment": "4.1"}, {"country": "Syrian Arab Republic", "year": "2017", "timeperiod": "8", "export": "6436.2", "import_origin": "26.7", "import_consigment": "4.4"}, {"country": "Syrian Arab Republic", "year": "2017", "timeperiod": "9", "export": "4962.3", "import_origin": "38.3", "import_consigment": "23.8"}, {"country": "Syrian Arab Republic", "year": "2017", "timeperiod": "10", "export": "4469.9", "import_origin": "1.7", "import_consigment": "0.9"}, {"country": "Syrian Arab Republic", "year": "2017", "timeperiod": "11", "export": "5872.5", "import_origin": "31.6", "import_consigment": "24.3"}, {"country": "Syrian Arab Republic", "year": "2017", "timeperiod": "12", "export": "6719.5", "import_origin": "340.4", "import_consigment": "343.3"}, {"country": "Syrian Arab Republic", "year": "2017", "timeperiod": "Year", "export": "50060.1", "import_origin": "766.6", "import_consigment": "694.9"}, {"country": "Tajikistan", "year": "2023", "timeperiod": "1", "export": "-", "import_origin": "0.5", "import_consigment": "-"}, {"country": "Tajikistan", "year": "2023", "timeperiod": "Year", "export": "-", "import_origin": "0.5", "import_consigment": "-"}, {"country": "Tajikistan", "year": "2022", "timeperiod": "1", "export": "54.5", "import_origin": "-", "import_consigment": "-"}, {"country": "Tajikistan", "year": "2022", "timeperiod": "2", "export": "32.7", "import_origin": "6.0", "import_consigment": "-"}, {"country": "Tajikistan", "year": "2022", "timeperiod": "3", "export": "127.2", "import_origin": "0.1", "import_consigment": "-"}, {"country": "Tajikistan", "year": "2022", "timeperiod": "4", "export": "49.1", "import_origin": "8.2", "import_consigment": "-"}, {"country": "Tajikistan", "year": "2022", "timeperiod": "5", "export": "85.4", "import_origin": "7.1", "import_consigment": "-"}, {"country": "Tajikistan", "year": "2022", "timeperiod": "6", "export": "29.4", "import_origin": "-", "import_consigment": "-"}, {"country": "Tajikistan", "year": "2022", "timeperiod": "7", "export": "146.2", "import_origin": "-", "import_consigment": "-"}, {"country": "Tajikistan", "year": "2022", "timeperiod": "8", "export": "131.4", "import_origin": "15.7", "import_consigment": "-"}, {"country": "Tajikistan", "year": "2022", "timeperiod": "9", "export": "100.3", "import_origin": "0.4", "import_consigment": "-"}, {"country": "Tajikistan", "year": "2022", "timeperiod": "10", "export": "118.5", "import_origin": "35.5", "import_consigment": "-"}, {"country": "Tajikistan", "year": "2022", "timeperiod": "11", "export": "161.6", "import_origin": "27.6", "import_consigment": "-"}, {"country": "Tajikistan", "year": "2022", "timeperiod": "12", "export": "93.1", "import_origin": "27.5", "import_consigment": "-"}, {"country": "Tajikistan", "year": "2022", "timeperiod": "Year", "export": "1129.3", "import_origin": "128.1", "import_consigment": "-"}, {"country": "Tajikistan", "year": "2021", "timeperiod": "1", "export": "-", "import_origin": "0.1", "import_consigment": "-"}, {"country": "Tajikistan", "year": "2021", "timeperiod": "2", "export": "49.4", "import_origin": "0.1", "import_consigment": "0.1"}]}