{"data": [{"country": "Ukraine", "year": "2022", "timeperiod": "6", "export": "662.3", "import_origin": "3729.8", "import_consigment": "3563.0"}, {"country": "Ukraine", "year": "2022", "timeperiod": "7", "export": "1117.0", "import_origin": "5562.3", "import_consigment": "6049.0"}, {"country": "Ukraine", "year": "2022", "timeperiod": "8", "export": "1395.5", "import_origin": "6418.2", "import_consigment": "6611.6"}, {"country": "Ukraine", "year": "2022", "timeperiod": "9", "export": "1683.2", "import_origin": "8304.1", "import_consigment": "8978.0"}, {"country": "Ukraine", "year": "2022", "timeperiod": "10", "export": "1744.5", "import_origin": "11251.1", "import_consigment": "9175.3"}, {"country": "Ukraine", "year": "2022", "timeperiod": "11", "export": "1116.9", "import_origin": "9903.5", "import_consigment": "10503.7"}, {"country": "Ukraine", "year": "2022", "timeperiod": "12", "export": "951.2", "import_origin": "9670.3", "import_consigment": "10578.8"}, {"country": "Ukraine", "year": "2022", "timeperiod": "Year", "export": "12771.9", "import_origin": "83859.0", "import_consigment": "86538.5"}, {"country": "Ukraine", "year": "2021", "timeperiod": "1", "export": "458.2", "import_origin": "5197.6", "import_consigment": "5413.5"}, {"country": "Ukraine", "year": "2021", "timeperiod": "2", "export": "1608.3", "import_origin": "7684.6", "import_consigment": "7799.3"}, {"country": "Ukraine", "year": "2021", "timeperiod": "3", "export": "1905.7", "import_origin": "9093.6", "import_consigment": "9669.7"}, {"country": "Ukraine", "year": "2021", "timeperiod": "4", "export": "1651.6", "import_origin": "12402.2", "import_consigment": "12946.0"}, {"country": "Ukraine", "year": "2021", "timeperiod": "5", "export": "2031.9", "import_origin": "11357.9", "import_consigment": "10557.3"}, {"country": "Ukraine", "year": "2021", "timeperiod": "6", "export": "2728.7", "import_origin": "10966.0", "import_consigment": "11399.2"}, {"country": "Ukraine", "year": "2021", "timeperiod": "7", "export": "2066.6", "import_origin": "13168.7", "import_consigment": "12475.9"}, {"country": "Ukraine", "year": "2021", "timeperiod": "8", "export": "2367.5", "import_origin": "11510.0", "import_consigment": "12263.5"}, {"country": "Ukraine", "year": "2021", "timeperiod": "9", "export": "2467.9", "import_origin": "12938.0", "import_consigment": "13922.6"}, {"country": "Ukraine", "year": "2021", "timeperiod": "10", "export": "2457.4", "import_origin": "13577.2", "import_consigment": "14366.9"}, {"country": "Ukraine", "year": "2021", "timeperiod": "11", "export": "3529.4", "import_origin": "17550.4", "import_consigment": "18511.7"}, {"country": "Ukraine", "year": "2021", "timeperiod": "12", "export": "2389.4", "import_origin": "17767.1", "import_consigment": "18257.6"}, {"country": "Ukraine", "year": "2021", "timeperiod": "Year", "export": "25662.7", "import_origin": "143213.3", "import_consigment": "147583.3"}, {"country": "Ukraine", "year": "2020", "timeperiod": "1", "export": "1464.1", "import_origin": "8205.3", "import_consigment": "8337.0"}, {"country": "Ukraine", "year": "2020", "timeperiod": "2", "export": "2309.1", "import_origin": "10482.8", "import_consigment": "10533.1"}, {"country": "Ukraine", "year": "2020", "timeperiod": "3", "export": "1587.8", "import_origin": "16177.4", "import_consigment": "16651.7"}, {"country": "Ukraine", "year": "2020", "timeperiod": "4", "export": "825.4", "import_origin": "8840.3", "import_consigment": "9071.8"}]}