{"data": [{"country": "Dominican Republic", "year": "2019", "timeperiod": "11", "export": "-", "import_origin": "0.6", "import_consigment": "-"}, {"country": "Dominican Republic", "year": "2019", "timeperiod": "12", "export": "-", "import_origin": "32.4", "import_consigment": "-"}, {"country": "Dominican Republic", "year": "2019", "timeperiod": "Year", "export": "3.3", "import_origin": "189.4", "import_consigment": "49.5"}, {"country": "Dominican Republic", "year": "2018", "timeperiod": "1", "export": "-", "import_origin": "2.8", "import_consigment": "-"}, {"country": "Dominican Republic", "year": "2018", "timeperiod": "2", "export": "-", "import_origin": "8.8", "import_consigment": "-"}, {"country": "Dominican Republic", "year": "2018", "timeperiod": "4", "export": "-", "import_origin": "21.5", "import_consigment": "1.4"}, {"country": "Dominican Republic", "year": "2018", "timeperiod": "5", "export": "-", "import_origin": "1.9", "import_consigment": "-"}, {"country": "Dominican Republic", "year": "2018", "timeperiod": "6", "export": "1.7", "import_origin": "38.9", "import_consigment": "31.9"}, {"country": "Dominican Republic", "year": "2018", "timeperiod": "7", "export": "-", "import_origin": "12.2", "import_consigment": "-"}, {"country": "Dominican Republic", "year": "2018", "timeperiod": "8", "export": "-", "import_origin": "22.3", "import_consigment": "3.8"}, {"country": "Dominican Republic", "year": "2018", "timeperiod": "9", "export": "-", "import_origin": "7.3", "import_consigment": "-"}, {"country": "Dominican Republic", "year": "2018", "timeperiod": "10", "export": "-", "import_origin": "48.6", "import_consigment": "170.5"}, {"country": "Dominican Republic", "year": "2018", "timeperiod": "11", "export": "-", "import_origin": "0.9", "import_consigment": "-"}, {"country": "Dominican Republic", "year": "2018", "timeperiod": "12", "export": "-", "import_origin": "0.3", "import_consigment": "-"}, {"country": "Dominican Republic", "year": "2018", "timeperiod": "Year", "export": "1.7", "import_origin": "165.6", "import_consigment": "207.5"}, {"country": "Dominican Republic", "year": "2017", "timeperiod": "1", "export": "12.2", "import_origin": "10.9", "import_consigment": "-"}, {"country": "Dominican Republic", "year": "2017", "timeperiod": "2", "export": "-", "import_origin": "0.7", "import_consigment": "-"}, {"country": "Dominican Republic", "year": "2017", "timeperiod": "3", "export": "-", "import_origin": "0.9", "import_consigment": "-"}, {"country": "Dominican Republic", "year": "2017", "timeperiod": "4", "export": "-", "import_origin": "0.1", "import_consigment": "-"}, {"country": "Dominican Republic", "year": "2017", "timeperiod": "5", "export": "-", "import_origin": "20.4", "import_consigment": "-"}, {"country": "Dominican Republic", "year": "2017", "timeperiod": "6", "export": "-", "import_origin": "12.4", "import_consigment": "12.2"}, {"country": "Dominican Republic", "year": "2017", "timeperiod": "7", "export": "-", "import_origin": "0.9", "import_consigment": "-"}, {"country": "Dominican Republic", "year": "2017", "timeperiod": "8", "export": "-", "import_origin": "19.2", "import_consigment": "8.7"}, {"country": "Dominican Republic", "year": "2017", "timeperiod": "9", "export": "-", "import_origin": "0.3", "import_consigment": "-"}, {"country": "Dominican Republic", "year": "2017", "timeperiod": "10", "export": "-", "import_origin": "2.7", "import_consigment": "-"}]}