{"data": [{"country": "United States Minor Outlying Islands", "year": "2022", "timeperiod": "2", "export": "-", "import_origin": "1.1", "import_consigment": "-"}, {"country": "United States Minor Outlying Islands", "year": "2022", "timeperiod": "6", "export": "-", "import_origin": "-", "import_consigment": "-"}, {"country": "United States Minor Outlying Islands", "year": "2022", "timeperiod": "7", "export": "-", "import_origin": "0.3", "import_consigment": "-"}, {"country": "United States Minor Outlying Islands", "year": "2022", "timeperiod": "9", "export": "-", "import_origin": "-", "import_consigment": "-"}, {"country": "United States Minor Outlying Islands", "year": "2022", "timeperiod": "10", "export": "-", "import_origin": "0.1", "import_consigment": "-"}, {"country": "United States Minor Outlying Islands", "year": "2022", "timeperiod": "11", "export": "-", "import_origin": "0.1", "import_consigment": "-"}, {"country": "United States Minor Outlying Islands", "year": "2022", "timeperiod": "12", "export": "-", "import_origin": "0.4", "import_consigment": "-"}, {"country": "United States Minor Outlying Islands", "year": "2022", "timeperiod": "Year", "export": "-", "import_origin": "3.8", "import_consigment": "-"}, {"country": "Marshall Islands", "year": "2022", "timeperiod": "1", "export": "-", "import_origin": "0.6", "import_consigment": "-"}, {"country": "Marshall Islands", "year": "2022", "timeperiod": "2", "export": "-", "import_origin": "0.2", "import_consigment": "-"}, {"country": "Marshall Islands", "year": "2022", "timeperiod": "6", "export": "-", "import_origin": "0.3", "import_consigment": "-"}, {"country": "Marshall Islands", "year": "2022", "timeperiod": "10", "export": "-", "import_origin": "2.1", "import_consigment": "-"}, {"country": "Marshall Islands", "year": "2022", "timeperiod": "Year", "export": "-", "import_origin": "3.2", "import_consigment": "-"}, {"country": "Marshall Islands", "year": "2021", "timeperiod": "12", "export": "-", "import_origin": "0.5", "import_consigment": "-"}, {"country": "Marshall Islands", "year": "2021", "timeperiod": "Year", "export": "-", "import_origin": "0.5", "import_consigment": "-"}, {"country": "Marshall Islands", "year": "2020", "timeperiod": "8", "export": "-", "import_origin": "-", "import_consigment": "5.9"}, {"country": "Marshall Islands", "year": "2020", "timeperiod": "Year", "export": "-", "import_origin": "-", "import_consigment": "5.9"}, {"country": "Pakistan", "year": "2023", "timeperiod": "1", "export": "18.4", "import_origin": "753.1", "import_consigment": "277.8"}, {"country": "Pakistan", "year": "2023", "timeperiod": "Year", "export": "18.4", "import_origin": "753.1", "import_consigment": "277.8"}, {"country": "Pakistan", "year": "2022", "timeperiod": "1", "export": "-", "import_origin": "742.4", "import_consigment": "378.7"}, {"country": "Pakistan", "year": "2022", "timeperiod": "2", "export": "-", "import_origin": "472.9", "import_consigment": "118.0"}, {"country": "Pakistan", "year": "2022", "timeperiod": "3", "export": "-", "import_origin": "622.2", "import_consigment": "330.9"}, {"country": "Pakistan", "year": "2022", "timeperiod": "4", "export": "-", "import_origin": "683.7", "import_consigment": "133.8"}, {"country": "Pakistan", "year": "2022", "timeperiod": "5", "export": "89.8", "import_origin": "884.3", "import_consigment": "512.7"}, {"country": "Pakistan", "year": "2022", "timeperiod": "6", "export": "-", "import_origin": "531.3", "import_consigment": "303.4"}]}