{"data": [{"country": "Canada", "year": "2017", "timeperiod": "11", "export": "314.9", "import_origin": "945.2", "import_consigment": "594.9"}, {"country": "Canada", "year": "2017", "timeperiod": "12", "export": "936.2", "import_origin": "2562.6", "import_consigment": "1571.9"}, {"country": "Canada", "year": "2017", "timeperiod": "Year", "export": "14994.8", "import_origin": "76572.1", "import_consigment": "8664.4"}, {"country": "Cape Verde", "year": "2022", "timeperiod": "1", "export": "-", "import_origin": "0.7", "import_consigment": "-"}, {"country": "Cape Verde", "year": "2022", "timeperiod": "2", "export": "-", "import_origin": "-", "import_consigment": "-"}, {"country": "Cape Verde", "year": "2022", "timeperiod": "7", "export": "-", "import_origin": "0.1", "import_consigment": "-"}, {"country": "Cape Verde", "year": "2022", "timeperiod": "8", "export": "-", "import_origin": "-", "import_consigment": "-"}, {"country": "Cape Verde", "year": "2022", "timeperiod": "9", "export": "-", "import_origin": "-", "import_consigment": "-"}, {"country": "Cape Verde", "year": "2022", "timeperiod": "12", "export": "-", "import_origin": "-", "import_consigment": "-"}, {"country": "Cape Verde", "year": "2022", "timeperiod": "Year", "export": "-", "import_origin": "0.8", "import_consigment": "-"}, {"country": "Cape Verde", "year": "2021", "timeperiod": "12", "export": "-", "import_origin": "0.8", "import_consigment": "-"}, {"country": "Cape Verde", "year": "2021", "timeperiod": "Year", "export": "-", "import_origin": "0.8", "import_consigment": "-"}, {"country": "Cape Verde", "year": "2019", "timeperiod": "7", "export": "-", "import_origin": "-", "import_consigment": "-"}, {"country": "Cape Verde", "year": "2019", "timeperiod": "8", "export": "-", "import_origin": "-", "import_consigment": "-"}, {"country": "Cape Verde", "year": "2019", "timeperiod": "Year", "export": "-", "import_origin": "-", "import_consigment": "-"}, {"country": "Cape Verde", "year": "2018", "timeperiod": "4", "export": "-", "import_origin": "-", "import_consigment": "-"}, {"country": "Cape Verde", "year": "2018", "timeperiod": "9", "export": "-", "import_origin": "0.8", "import_consigment": "-"}, {"country": "Cape Verde", "year": "2018", "timeperiod": "10", "export": "-", "import_origin": "1.4", "import_consigment": "-"}, {"country": "Cape Verde", "year": "2018", "timeperiod": "11", "export": "-", "import_origin": "0.1", "import_consigment": "-"}, {"country": "Cape Verde", "year": "2018", "timeperiod": "Year", "export": "-", "import_origin": "2.3", "import_consigment": "-"}, {"country": "Cayman Islands", "year": "2022", "timeperiod": "11", "export": "-", "import_origin": "0.6", "import_consigment": "-"}, {"country": "Cayman Islands", "year": "2022", "timeperiod": "Year", "export": "-", "import_origin": "0.6", "import_consigment": "-"}, {"country": "Cayman Islands", "year": "2021", "timeperiod": "7", "export": "-", "import_origin": "-", "import_consigment": "-"}, {"country": "Cayman Islands", "year": "2021", "timeperiod": "Year", "export": "-", "import_origin": "-", "import_consigment": "-"}, {"country": "Cayman Islands", "year": "2019", "timeperiod": "12", "export": "-", "import_origin": "1.6", "import_consigment": "-"}]}