{"data": [{"country": "Qatar", "year": "2022", "timeperiod": "9", "export": "258.7", "import_origin": "-", "import_consigment": "-"}, {"country": "Qatar", "year": "2022", "timeperiod": "10", "export": "500.0", "import_origin": "-", "import_consigment": "-"}, {"country": "Qatar", "year": "2022", "timeperiod": "11", "export": "240.8", "import_origin": "113.7", "import_consigment": "113.0"}, {"country": "Qatar", "year": "2022", "timeperiod": "12", "export": "249.4", "import_origin": "-", "import_consigment": "-"}, {"country": "Qatar", "year": "2022", "timeperiod": "Year", "export": "2448.8", "import_origin": "289.3", "import_consigment": "219.9"}, {"country": "Qatar", "year": "2021", "timeperiod": "1", "export": "0.9", "import_origin": "16.3", "import_consigment": "18.2"}, {"country": "Qatar", "year": "2021", "timeperiod": "2", "export": "0.5", "import_origin": "28.0", "import_consigment": "0.3"}, {"country": "Qatar", "year": "2021", "timeperiod": "3", "export": "1.9", "import_origin": "19.3", "import_consigment": "108.9"}, {"country": "Qatar", "year": "2021", "timeperiod": "4", "export": "106.5", "import_origin": "-", "import_consigment": "-"}, {"country": "Qatar", "year": "2021", "timeperiod": "5", "export": "5.5", "import_origin": "-", "import_consigment": "-"}, {"country": "Qatar", "year": "2021", "timeperiod": "6", "export": "199.1", "import_origin": "-", "import_consigment": "-"}, {"country": "Qatar", "year": "2021", "timeperiod": "7", "export": "380.0", "import_origin": "-", "import_consigment": "-"}, {"country": "Qatar", "year": "2021", "timeperiod": "8", "export": "188.6", "import_origin": "-", "import_consigment": "31.1"}, {"country": "Qatar", "year": "2021", "timeperiod": "9", "export": "180.7", "import_origin": "97.2", "import_consigment": "112.5"}, {"country": "Qatar", "year": "2021", "timeperiod": "10", "export": "584.0", "import_origin": "-", "import_consigment": "-"}, {"country": "Qatar", "year": "2021", "timeperiod": "11", "export": "-", "import_origin": "91.9", "import_consigment": "91.5"}, {"country": "Qatar", "year": "2021", "timeperiod": "12", "export": "194.0", "import_origin": "93.5", "import_consigment": "99.1"}, {"country": "Qatar", "year": "2021", "timeperiod": "Year", "export": "1841.8", "import_origin": "346.4", "import_consigment": "461.6"}, {"country": "Qatar", "year": "2020", "timeperiod": "1", "export": "132.8", "import_origin": "0.2", "import_consigment": "0.2"}, {"country": "Qatar", "year": "2020", "timeperiod": "2", "export": "-", "import_origin": "73.7", "import_consigment": "85.9"}, {"country": "Qatar", "year": "2020", "timeperiod": "3", "export": "-", "import_origin": "57.8", "import_consigment": "-"}, {"country": "Qatar", "year": "2020", "timeperiod": "4", "export": "39.7", "import_origin": "46.4", "import_consigment": "46.4"}, {"country": "Qatar", "year": "2020", "timeperiod": "5", "export": "221.6", "import_origin": "40.5", "import_consigment": "-"}, {"country": "Qatar", "year": "2020", "timeperiod": "6", "export": "604.5", "import_origin": "-", "import_consigment": "23.5"}, {"country": "Qatar", "year": "2020", "timeperiod": "7", "export": "936.1", "import_origin": "-", "import_consigment": "-"}]}