{"data": [{"country": "Lebanon", "year": "2017", "timeperiod": "2", "export": "12.0", "import_origin": "130.0", "import_consigment": "151.1"}, {"country": "Lebanon", "year": "2017", "timeperiod": "3", "export": "2.5", "import_origin": "29.4", "import_consigment": "30.3"}, {"country": "Lebanon", "year": "2017", "timeperiod": "4", "export": "25.2", "import_origin": "86.1", "import_consigment": "90.0"}, {"country": "Lebanon", "year": "2017", "timeperiod": "5", "export": "-", "import_origin": "3.5", "import_consigment": "0.8"}, {"country": "Lebanon", "year": "2017", "timeperiod": "6", "export": "8.8", "import_origin": "29.5", "import_consigment": "51.7"}, {"country": "Lebanon", "year": "2017", "timeperiod": "7", "export": "6.3", "import_origin": "22.8", "import_consigment": "41.5"}, {"country": "Lebanon", "year": "2017", "timeperiod": "8", "export": "38.4", "import_origin": "4.0", "import_consigment": "3.5"}, {"country": "Lebanon", "year": "2017", "timeperiod": "9", "export": "22.3", "import_origin": "123.2", "import_consigment": "144.2"}, {"country": "Lebanon", "year": "2017", "timeperiod": "10", "export": "102.2", "import_origin": "34.8", "import_consigment": "45.3"}, {"country": "Lebanon", "year": "2017", "timeperiod": "11", "export": "6.7", "import_origin": "125.1", "import_consigment": "162.1"}, {"country": "Lebanon", "year": "2017", "timeperiod": "12", "export": "9.6", "import_origin": "189.4", "import_consigment": "191.8"}, {"country": "Lebanon", "year": "2017", "timeperiod": "Year", "export": "250.0", "import_origin": "809.0", "import_consigment": "945.8"}, {"country": "Lesotho", "year": "2022", "timeperiod": "5", "export": "-", "import_origin": "0.4", "import_consigment": "-"}, {"country": "Lesotho", "year": "2022", "timeperiod": "6", "export": "-", "import_origin": "2.1", "import_consigment": "-"}, {"country": "Lesotho", "year": "2022", "timeperiod": "8", "export": "-", "import_origin": "1.4", "import_consigment": "-"}, {"country": "Lesotho", "year": "2022", "timeperiod": "10", "export": "-", "import_origin": "0.5", "import_consigment": "-"}, {"country": "Lesotho", "year": "2022", "timeperiod": "11", "export": "-", "import_origin": "0.1", "import_consigment": "-"}, {"country": "Lesotho", "year": "2022", "timeperiod": "Year", "export": "-", "import_origin": "4.4", "import_consigment": "-"}, {"country": "Lesotho", "year": "2021", "timeperiod": "7", "export": "-", "import_origin": "-", "import_consigment": "-"}, {"country": "Lesotho", "year": "2021", "timeperiod": "9", "export": "-", "import_origin": "-", "import_consigment": "-"}, {"country": "Lesotho", "year": "2021", "timeperiod": "12", "export": "-", "import_origin": "0.2", "import_consigment": "-"}, {"country": "Lesotho", "year": "2021", "timeperiod": "Year", "export": "-", "import_origin": "0.3", "import_consigment": "-"}, {"country": "Lesotho", "year": "2020", "timeperiod": "1", "export": "-", "import_origin": "0.4", "import_consigment": "-"}, {"country": "Lesotho", "year": "2020", "timeperiod": "2", "export": "-", "import_origin": "-", "import_consigment": "-"}, {"country": "Lesotho", "year": "2020", "timeperiod": "4", "export": "-", "import_origin": "1.5", "import_consigment": "-"}]}