{"data": [{"country": "Turkmenistan", "year": "2017", "timeperiod": "1", "export": "484.7", "import_origin": "57.1", "import_consigment": "106.1"}, {"country": "Turkmenistan", "year": "2017", "timeperiod": "2", "export": "663.3", "import_origin": "0.7", "import_consigment": "-"}, {"country": "Turkmenistan", "year": "2017", "timeperiod": "3", "export": "424.8", "import_origin": "0.2", "import_consigment": "-"}, {"country": "Turkmenistan", "year": "2017", "timeperiod": "4", "export": "366.3", "import_origin": "0.1", "import_consigment": "-"}, {"country": "Turkmenistan", "year": "2017", "timeperiod": "5", "export": "137.3", "import_origin": "27.4", "import_consigment": "27.4"}, {"country": "Turkmenistan", "year": "2017", "timeperiod": "6", "export": "486.9", "import_origin": "0.5", "import_consigment": "150.6"}, {"country": "Turkmenistan", "year": "2017", "timeperiod": "7", "export": "196.5", "import_origin": "359.5", "import_consigment": "359.5"}, {"country": "Turkmenistan", "year": "2017", "timeperiod": "8", "export": "855.1", "import_origin": "4209.0", "import_consigment": "4208.9"}, {"country": "Turkmenistan", "year": "2017", "timeperiod": "9", "export": "545.7", "import_origin": "2340.1", "import_consigment": "2340.1"}, {"country": "Turkmenistan", "year": "2017", "timeperiod": "10", "export": "588.7", "import_origin": "12.6", "import_consigment": "66.6"}, {"country": "Turkmenistan", "year": "2017", "timeperiod": "11", "export": "958.1", "import_origin": "3210.4", "import_consigment": "3218.4"}, {"country": "Turkmenistan", "year": "2017", "timeperiod": "12", "export": "330.9", "import_origin": "-", "import_consigment": "175.2"}, {"country": "Turkmenistan", "year": "2017", "timeperiod": "Year", "export": "6038.1", "import_origin": "10217.7", "import_consigment": "10652.7"}, {"country": "Turks and Caicos Islands", "year": "2021", "timeperiod": "3", "export": "-", "import_origin": "-", "import_consigment": "-"}, {"country": "Turks and Caicos Islands", "year": "2021", "timeperiod": "7", "export": "-", "import_origin": "-", "import_consigment": "-"}, {"country": "Turks and Caicos Islands", "year": "2021", "timeperiod": "8", "export": "-", "import_origin": "-", "import_consigment": "-"}, {"country": "Turks and Caicos Islands", "year": "2021", "timeperiod": "12", "export": "-", "import_origin": "0.1", "import_consigment": "-"}, {"country": "Turks and Caicos Islands", "year": "2021", "timeperiod": "Year", "export": "-", "import_origin": "0.2", "import_consigment": "-"}, {"country": "Turks and Caicos Islands", "year": "2020", "timeperiod": "1", "export": "-", "import_origin": "1.1", "import_consigment": "-"}, {"country": "Turks and Caicos Islands", "year": "2020", "timeperiod": "2", "export": "-", "import_origin": "1.3", "import_consigment": "-"}, {"country": "Turks and Caicos Islands", "year": "2020", "timeperiod": "3", "export": "-", "import_origin": "3.2", "import_consigment": "-"}, {"country": "Turks and Caicos Islands", "year": "2020", "timeperiod": "4", "export": "-", "import_origin": "1.1", "import_consigment": "-"}, {"country": "Turks and Caicos Islands", "year": "2020", "timeperiod": "5", "export": "-", "import_origin": "5.5", "import_consigment": "-"}, {"country": "Turks and Caicos Islands", "year": "2020", "timeperiod": "6", "export": "-", "import_origin": "2.2", "import_consigment": "-"}, {"country": "Turks and Caicos Islands", "year": "2020", "timeperiod": "7", "export": "-", "import_origin": "0.1", "import_consigment": "-"}]}