{"data": [{"country": "Netherlands", "year": "2021", "timeperiod": "7", "export": "7945.6", "import_origin": "2869.2", "import_consigment": "7304.6"}, {"country": "Netherlands", "year": "2021", "timeperiod": "8", "export": "23530.8", "import_origin": "1813.6", "import_consigment": "5795.9"}, {"country": "Netherlands", "year": "2021", "timeperiod": "9", "export": "19381.6", "import_origin": "4490.5", "import_consigment": "9864.1"}, {"country": "Netherlands", "year": "2021", "timeperiod": "10", "export": "26131.9", "import_origin": "3357.2", "import_consigment": "8551.2"}, {"country": "Netherlands", "year": "2021", "timeperiod": "11", "export": "20835.3", "import_origin": "2789.8", "import_consigment": "5476.4"}, {"country": "Netherlands", "year": "2021", "timeperiod": "12", "export": "22270.5", "import_origin": "4045.2", "import_consigment": "11069.1"}, {"country": "Netherlands", "year": "2021", "timeperiod": "Year", "export": "191248.2", "import_origin": "37351.1", "import_consigment": "85099.8"}, {"country": "Netherlands", "year": "2020", "timeperiod": "1", "export": "10197.5", "import_origin": "2346.8", "import_consigment": "5088.0"}, {"country": "Netherlands", "year": "2020", "timeperiod": "2", "export": "8094.4", "import_origin": "2835.2", "import_consigment": "4610.7"}, {"country": "Netherlands", "year": "2020", "timeperiod": "3", "export": "13130.5", "import_origin": "2862.9", "import_consigment": "6639.3"}, {"country": "Netherlands", "year": "2020", "timeperiod": "4", "export": "10482.9", "import_origin": "2463.8", "import_consigment": "5294.9"}, {"country": "Netherlands", "year": "2020", "timeperiod": "5", "export": "7918.8", "import_origin": "1988.5", "import_consigment": "4500.8"}, {"country": "Netherlands", "year": "2020", "timeperiod": "6", "export": "8777.5", "import_origin": "2048.6", "import_consigment": "8177.2"}, {"country": "Netherlands", "year": "2020", "timeperiod": "7", "export": "7616.1", "import_origin": "3008.6", "import_consigment": "4533.4"}, {"country": "Netherlands", "year": "2020", "timeperiod": "8", "export": "3619.8", "import_origin": "3905.5", "import_consigment": "6640.4"}, {"country": "Netherlands", "year": "2020", "timeperiod": "9", "export": "4399.5", "import_origin": "2369.7", "import_consigment": "6091.9"}, {"country": "Netherlands", "year": "2020", "timeperiod": "10", "export": "3577.5", "import_origin": "1296.8", "import_consigment": "4433.0"}, {"country": "Netherlands", "year": "2020", "timeperiod": "11", "export": "5105.1", "import_origin": "1763.3", "import_consigment": "4856.0"}, {"country": "Netherlands", "year": "2020", "timeperiod": "12", "export": "14853.3", "import_origin": "2640.1", "import_consigment": "5393.6"}, {"country": "Netherlands", "year": "2020", "timeperiod": "Year", "export": "97772.7", "import_origin": "29530.0", "import_consigment": "66259.3"}, {"country": "Netherlands", "year": "2019", "timeperiod": "1", "export": "7469.2", "import_origin": "1695.0", "import_consigment": "4784.7"}, {"country": "Netherlands", "year": "2019", "timeperiod": "2", "export": "14546.3", "import_origin": "2644.2", "import_consigment": "5177.7"}, {"country": "Netherlands", "year": "2019", "timeperiod": "3", "export": "12881.0", "import_origin": "3012.2", "import_consigment": "5251.6"}, {"country": "Netherlands", "year": "2019", "timeperiod": "4", "export": "17230.2", "import_origin": "4309.6", "import_consigment": "7141.1"}, {"country": "Netherlands", "year": "2019", "timeperiod": "5", "export": "13595.3", "import_origin": "3527.4", "import_consigment": "5457.0"}]}