{"data": [{"country": "Honduras", "year": "2022", "timeperiod": "Year", "export": "-", "import_origin": "134.5", "import_consigment": "5.3"}, {"country": "Honduras", "year": "2021", "timeperiod": "1", "export": "-", "import_origin": "8.1", "import_consigment": "-"}, {"country": "Honduras", "year": "2021", "timeperiod": "2", "export": "-", "import_origin": "7.9", "import_consigment": "-"}, {"country": "Honduras", "year": "2021", "timeperiod": "3", "export": "-", "import_origin": "0.2", "import_consigment": "-"}, {"country": "Honduras", "year": "2021", "timeperiod": "4", "export": "-", "import_origin": "81.4", "import_consigment": "65.2"}, {"country": "Honduras", "year": "2021", "timeperiod": "5", "export": "-", "import_origin": "0.2", "import_consigment": "-"}, {"country": "Honduras", "year": "2021", "timeperiod": "6", "export": "-", "import_origin": "1.1", "import_consigment": "-"}, {"country": "Honduras", "year": "2021", "timeperiod": "7", "export": "-", "import_origin": "0.1", "import_consigment": "-"}, {"country": "Honduras", "year": "2021", "timeperiod": "8", "export": "-", "import_origin": "0.1", "import_consigment": "-"}, {"country": "Honduras", "year": "2021", "timeperiod": "9", "export": "-", "import_origin": "20.1", "import_consigment": "-"}, {"country": "Honduras", "year": "2021", "timeperiod": "10", "export": "-", "import_origin": "14.8", "import_consigment": "-"}, {"country": "Honduras", "year": "2021", "timeperiod": "11", "export": "-", "import_origin": "14.2", "import_consigment": "-"}, {"country": "Honduras", "year": "2021", "timeperiod": "12", "export": "-", "import_origin": "0.1", "import_consigment": "-"}, {"country": "Honduras", "year": "2021", "timeperiod": "Year", "export": "-", "import_origin": "148.3", "import_consigment": "65.2"}, {"country": "Honduras", "year": "2020", "timeperiod": "1", "export": "-", "import_origin": "1.0", "import_consigment": "-"}, {"country": "Honduras", "year": "2020", "timeperiod": "2", "export": "-", "import_origin": "9.0", "import_consigment": "-"}, {"country": "Honduras", "year": "2020", "timeperiod": "3", "export": "-", "import_origin": "0.2", "import_consigment": "-"}, {"country": "Honduras", "year": "2020", "timeperiod": "4", "export": "-", "import_origin": "14.3", "import_consigment": "-"}, {"country": "Honduras", "year": "2020", "timeperiod": "6", "export": "-", "import_origin": "68.0", "import_consigment": "59.5"}, {"country": "Honduras", "year": "2020", "timeperiod": "7", "export": "-", "import_origin": "2.9", "import_consigment": "-"}, {"country": "Honduras", "year": "2020", "timeperiod": "8", "export": "-", "import_origin": "0.3", "import_consigment": "-"}, {"country": "Honduras", "year": "2020", "timeperiod": "9", "export": "-", "import_origin": "11.4", "import_consigment": "-"}, {"country": "Honduras", "year": "2020", "timeperiod": "10", "export": "-", "import_origin": "11.8", "import_consigment": "-"}, {"country": "Honduras", "year": "2020", "timeperiod": "11", "export": "-", "import_origin": "0.4", "import_consigment": "-"}, {"country": "Honduras", "year": "2020", "timeperiod": "12", "export": "-", "import_origin": "13.5", "import_consigment": "3.2"}]}