{"data": [{"country": "Croatia", "year": "2020", "timeperiod": "6", "export": "0.8", "import_origin": "30.6", "import_consigment": "8.9"}, {"country": "Croatia", "year": "2020", "timeperiod": "7", "export": "7.3", "import_origin": "42.8", "import_consigment": "102.5"}, {"country": "Croatia", "year": "2020", "timeperiod": "8", "export": "-", "import_origin": "124.5", "import_consigment": "136.3"}, {"country": "Croatia", "year": "2020", "timeperiod": "9", "export": "5.1", "import_origin": "4.2", "import_consigment": "18.9"}, {"country": "Croatia", "year": "2020", "timeperiod": "10", "export": "-", "import_origin": "36.3", "import_consigment": "6.2"}, {"country": "Croatia", "year": "2020", "timeperiod": "11", "export": "13.8", "import_origin": "29.7", "import_consigment": "1.3"}, {"country": "Croatia", "year": "2020", "timeperiod": "12", "export": "10.7", "import_origin": "30.7", "import_consigment": "42.4"}, {"country": "Croatia", "year": "2020", "timeperiod": "Year", "export": "64.6", "import_origin": "662.7", "import_consigment": "598.4"}, {"country": "Croatia", "year": "2019", "timeperiod": "1", "export": "-", "import_origin": "7.0", "import_consigment": "0.8"}, {"country": "Croatia", "year": "2019", "timeperiod": "2", "export": "16.7", "import_origin": "40.4", "import_consigment": "33.4"}, {"country": "Croatia", "year": "2019", "timeperiod": "3", "export": "-", "import_origin": "28.4", "import_consigment": "45.8"}, {"country": "Croatia", "year": "2019", "timeperiod": "4", "export": "28.5", "import_origin": "71.1", "import_consigment": "35.9"}, {"country": "Croatia", "year": "2019", "timeperiod": "5", "export": "-", "import_origin": "23.7", "import_consigment": "54.5"}, {"country": "Croatia", "year": "2019", "timeperiod": "6", "export": "-", "import_origin": "123.9", "import_consigment": "140.8"}, {"country": "Croatia", "year": "2019", "timeperiod": "7", "export": "54.7", "import_origin": "60.2", "import_consigment": "98.7"}, {"country": "Croatia", "year": "2019", "timeperiod": "8", "export": "11.1", "import_origin": "67.2", "import_consigment": "51.7"}, {"country": "Croatia", "year": "2019", "timeperiod": "9", "export": "-", "import_origin": "16.1", "import_consigment": "9.3"}, {"country": "Croatia", "year": "2019", "timeperiod": "10", "export": "33.1", "import_origin": "56.0", "import_consigment": "55.5"}, {"country": "Croatia", "year": "2019", "timeperiod": "11", "export": "30.6", "import_origin": "168.9", "import_consigment": "181.8"}, {"country": "Croatia", "year": "2019", "timeperiod": "12", "export": "80.1", "import_origin": "69.6", "import_consigment": "56.1"}, {"country": "Croatia", "year": "2019", "timeperiod": "Year", "export": "254.8", "import_origin": "732.5", "import_consigment": "764.2"}, {"country": "Croatia", "year": "2018", "timeperiod": "1", "export": "-", "import_origin": "164.6", "import_consigment": "277.3"}, {"country": "Croatia", "year": "2018", "timeperiod": "2", "export": "-", "import_origin": "23.1", "import_consigment": "-"}, {"country": "Croatia", "year": "2018", "timeperiod": "3", "export": "26.0", "import_origin": "30.0", "import_consigment": "948.4"}, {"country": "Croatia", "year": "2018", "timeperiod": "4", "export": "90.6", "import_origin": "25.4", "import_consigment": "15.5"}]}