{"data": [{"country": "Viet Nam", "year": "2019", "timeperiod": "4", "export": "1.4", "import_origin": "4931.9", "import_consigment": "846.1"}, {"country": "Viet Nam", "year": "2019", "timeperiod": "5", "export": "40.2", "import_origin": "4217.1", "import_consigment": "874.8"}, {"country": "Viet Nam", "year": "2019", "timeperiod": "6", "export": "12.4", "import_origin": "3215.8", "import_consigment": "554.7"}, {"country": "Viet Nam", "year": "2019", "timeperiod": "7", "export": "4.9", "import_origin": "3723.3", "import_consigment": "662.8"}, {"country": "Viet Nam", "year": "2019", "timeperiod": "8", "export": "15.3", "import_origin": "5307.1", "import_consigment": "536.9"}, {"country": "Viet Nam", "year": "2019", "timeperiod": "9", "export": "176.7", "import_origin": "3971.1", "import_consigment": "499.2"}, {"country": "Viet Nam", "year": "2019", "timeperiod": "10", "export": "63.9", "import_origin": "5035.4", "import_consigment": "823.0"}, {"country": "Viet Nam", "year": "2019", "timeperiod": "11", "export": "96.6", "import_origin": "8194.3", "import_consigment": "723.2"}, {"country": "Viet Nam", "year": "2019", "timeperiod": "12", "export": "55.6", "import_origin": "7848.2", "import_consigment": "588.7"}, {"country": "Viet Nam", "year": "2019", "timeperiod": "Year", "export": "601.9", "import_origin": "58326.5", "import_consigment": "7866.0"}, {"country": "Viet Nam", "year": "2018", "timeperiod": "1", "export": "26.2", "import_origin": "2001.3", "import_consigment": "844.2"}, {"country": "Viet Nam", "year": "2018", "timeperiod": "2", "export": "-", "import_origin": "2624.6", "import_consigment": "677.1"}, {"country": "Viet Nam", "year": "2018", "timeperiod": "3", "export": "-", "import_origin": "4160.4", "import_consigment": "649.5"}, {"country": "Viet Nam", "year": "2018", "timeperiod": "4", "export": "-", "import_origin": "4459.7", "import_consigment": "985.3"}, {"country": "Viet Nam", "year": "2018", "timeperiod": "5", "export": "10.2", "import_origin": "4446.8", "import_consigment": "1167.4"}, {"country": "Viet Nam", "year": "2018", "timeperiod": "6", "export": "73.1", "import_origin": "4160.7", "import_consigment": "652.5"}, {"country": "Viet Nam", "year": "2018", "timeperiod": "7", "export": "-", "import_origin": "3396.1", "import_consigment": "628.5"}, {"country": "Viet Nam", "year": "2018", "timeperiod": "8", "export": "46.2", "import_origin": "2696.6", "import_consigment": "396.0"}, {"country": "Viet Nam", "year": "2018", "timeperiod": "9", "export": "142.2", "import_origin": "5019.3", "import_consigment": "699.9"}, {"country": "Viet Nam", "year": "2018", "timeperiod": "10", "export": "125.3", "import_origin": "3750.7", "import_consigment": "822.9"}, {"country": "Viet Nam", "year": "2018", "timeperiod": "11", "export": "115.7", "import_origin": "4021.3", "import_consigment": "803.1"}, {"country": "Viet Nam", "year": "2018", "timeperiod": "12", "export": "27.5", "import_origin": "5666.2", "import_consigment": "565.5"}, {"country": "Viet Nam", "year": "2018", "timeperiod": "Year", "export": "566.4", "import_origin": "46403.8", "import_consigment": "8891.7"}, {"country": "Viet Nam", "year": "2017", "timeperiod": "1", "export": "-", "import_origin": "1052.7", "import_consigment": "106.1"}, {"country": "Viet Nam", "year": "2017", "timeperiod": "2", "export": "-", "import_origin": "2322.7", "import_consigment": "308.9"}]}