{"data": [{"country": "Madagascar", "year": "2018", "timeperiod": "3", "export": "-", "import_origin": "33.8", "import_consigment": "-"}, {"country": "Madagascar", "year": "2018", "timeperiod": "4", "export": "-", "import_origin": "11.8", "import_consigment": "-"}, {"country": "Madagascar", "year": "2018", "timeperiod": "5", "export": "-", "import_origin": "6.0", "import_consigment": "-"}, {"country": "Madagascar", "year": "2018", "timeperiod": "6", "export": "-", "import_origin": "7.9", "import_consigment": "-"}, {"country": "Madagascar", "year": "2018", "timeperiod": "7", "export": "-", "import_origin": "10.8", "import_consigment": "-"}, {"country": "Madagascar", "year": "2018", "timeperiod": "8", "export": "-", "import_origin": "35.9", "import_consigment": "-"}, {"country": "Madagascar", "year": "2018", "timeperiod": "9", "export": "-", "import_origin": "38.9", "import_consigment": "-"}, {"country": "Madagascar", "year": "2018", "timeperiod": "10", "export": "-", "import_origin": "12.4", "import_consigment": "-"}, {"country": "Madagascar", "year": "2018", "timeperiod": "11", "export": "-", "import_origin": "24.6", "import_consigment": "-"}, {"country": "Madagascar", "year": "2018", "timeperiod": "12", "export": "-", "import_origin": "17.7", "import_consigment": "-"}, {"country": "Madagascar", "year": "2018", "timeperiod": "Year", "export": "-", "import_origin": "217.8", "import_consigment": "-"}, {"country": "Madagascar", "year": "2017", "timeperiod": "1", "export": "-", "import_origin": "5.4", "import_consigment": "-"}, {"country": "Madagascar", "year": "2017", "timeperiod": "2", "export": "-", "import_origin": "4.1", "import_consigment": "-"}, {"country": "Madagascar", "year": "2017", "timeperiod": "3", "export": "-", "import_origin": "8.7", "import_consigment": "-"}, {"country": "Madagascar", "year": "2017", "timeperiod": "4", "export": "-", "import_origin": "13.0", "import_consigment": "1.7"}, {"country": "Madagascar", "year": "2017", "timeperiod": "5", "export": "-", "import_origin": "1.8", "import_consigment": "-"}, {"country": "Madagascar", "year": "2017", "timeperiod": "6", "export": "-", "import_origin": "2.6", "import_consigment": "-"}, {"country": "Madagascar", "year": "2017", "timeperiod": "7", "export": "-", "import_origin": "6.0", "import_consigment": "-"}, {"country": "Madagascar", "year": "2017", "timeperiod": "8", "export": "-", "import_origin": "53.8", "import_consigment": "-"}, {"country": "Madagascar", "year": "2017", "timeperiod": "9", "export": "-", "import_origin": "16.1", "import_consigment": "-"}, {"country": "Madagascar", "year": "2017", "timeperiod": "10", "export": "-", "import_origin": "17.0", "import_consigment": "-"}, {"country": "Madagascar", "year": "2017", "timeperiod": "11", "export": "-", "import_origin": "9.6", "import_consigment": "-"}, {"country": "Madagascar", "year": "2017", "timeperiod": "12", "export": "-", "import_origin": "8.2", "import_consigment": "-"}, {"country": "Madagascar", "year": "2017", "timeperiod": "Year", "export": "-", "import_origin": "146.2", "import_consigment": "1.7"}, {"country": "Malawi", "year": "2023", "timeperiod": "1", "export": "-", "import_origin": "0.5", "import_consigment": "-"}]}