{"data": [{"country": "Finland", "year": "2019", "timeperiod": "7", "export": "6.4", "import_origin": "1047.0", "import_consigment": "1064.2"}, {"country": "Finland", "year": "2019", "timeperiod": "8", "export": "14.0", "import_origin": "1112.3", "import_consigment": "750.8"}, {"country": "Finland", "year": "2019", "timeperiod": "9", "export": "2.0", "import_origin": "1929.1", "import_consigment": "1838.3"}, {"country": "Finland", "year": "2019", "timeperiod": "10", "export": "3.6", "import_origin": "783.7", "import_consigment": "660.8"}, {"country": "Finland", "year": "2019", "timeperiod": "11", "export": "5.7", "import_origin": "635.4", "import_consigment": "674.0"}, {"country": "Finland", "year": "2019", "timeperiod": "12", "export": "-", "import_origin": "3158.9", "import_consigment": "2891.0"}, {"country": "Finland", "year": "2019", "timeperiod": "Year", "export": "63.7", "import_origin": "21224.0", "import_consigment": "19359.0"}, {"country": "Finland", "year": "2018", "timeperiod": "1", "export": "2.5", "import_origin": "1435.2", "import_consigment": "1384.9"}, {"country": "Finland", "year": "2018", "timeperiod": "2", "export": "21.8", "import_origin": "898.5", "import_consigment": "865.6"}, {"country": "Finland", "year": "2018", "timeperiod": "3", "export": "8.3", "import_origin": "3155.5", "import_consigment": "3096.5"}, {"country": "Finland", "year": "2018", "timeperiod": "4", "export": "0.1", "import_origin": "4392.5", "import_consigment": "4365.7"}, {"country": "Finland", "year": "2018", "timeperiod": "5", "export": "6.2", "import_origin": "2341.5", "import_consigment": "2216.8"}, {"country": "Finland", "year": "2018", "timeperiod": "6", "export": "10.1", "import_origin": "4794.8", "import_consigment": "4125.8"}, {"country": "Finland", "year": "2018", "timeperiod": "7", "export": "1.0", "import_origin": "744.1", "import_consigment": "513.1"}, {"country": "Finland", "year": "2018", "timeperiod": "8", "export": "1.6", "import_origin": "3259.4", "import_consigment": "2911.0"}, {"country": "Finland", "year": "2018", "timeperiod": "9", "export": "188.4", "import_origin": "2752.2", "import_consigment": "2659.5"}, {"country": "Finland", "year": "2018", "timeperiod": "10", "export": "16.8", "import_origin": "1216.8", "import_consigment": "1031.0"}, {"country": "Finland", "year": "2018", "timeperiod": "11", "export": "11.8", "import_origin": "945.9", "import_consigment": "466.9"}, {"country": "Finland", "year": "2018", "timeperiod": "12", "export": "2.3", "import_origin": "7219.4", "import_consigment": "4495.6"}, {"country": "Finland", "year": "2018", "timeperiod": "Year", "export": "271.0", "import_origin": "33155.9", "import_consigment": "28132.5"}, {"country": "Finland", "year": "2017", "timeperiod": "1", "export": "2.2", "import_origin": "1693.1", "import_consigment": "1174.0"}, {"country": "Finland", "year": "2017", "timeperiod": "2", "export": "2.2", "import_origin": "1755.2", "import_consigment": "1600.1"}, {"country": "Finland", "year": "2017", "timeperiod": "3", "export": "1705.9", "import_origin": "2227.8", "import_consigment": "2139.2"}, {"country": "Finland", "year": "2017", "timeperiod": "4", "export": "3.3", "import_origin": "2153.2", "import_consigment": "1928.5"}, {"country": "Finland", "year": "2017", "timeperiod": "5", "export": "14.9", "import_origin": "2301.6", "import_consigment": "2189.0"}]}