{"data": [{"country": "Comoros", "year": "2018", "timeperiod": "5", "export": "-", "import_origin": "0.8", "import_consigment": "-"}, {"country": "Comoros", "year": "2018", "timeperiod": "7", "export": "-", "import_origin": "0.7", "import_consigment": "-"}, {"country": "Comoros", "year": "2018", "timeperiod": "8", "export": "-", "import_origin": "0.4", "import_consigment": "-"}, {"country": "Comoros", "year": "2018", "timeperiod": "11", "export": "-", "import_origin": "1.1", "import_consigment": "-"}, {"country": "Comoros", "year": "2018", "timeperiod": "Year", "export": "-", "import_origin": "3.4", "import_consigment": "-"}, {"country": "Comoros", "year": "2017", "timeperiod": "11", "export": "-", "import_origin": "0.8", "import_consigment": "-"}, {"country": "Comoros", "year": "2017", "timeperiod": "Year", "export": "-", "import_origin": "0.8", "import_consigment": "-"}, {"country": "Congo", "year": "2022", "timeperiod": "12", "export": "-", "import_origin": "0.2", "import_consigment": "-"}, {"country": "Congo", "year": "2022", "timeperiod": "Year", "export": "-", "import_origin": "0.2", "import_consigment": "-"}, {"country": "Congo", "year": "2021", "timeperiod": "7", "export": "-", "import_origin": "-", "import_consigment": "-"}, {"country": "Congo", "year": "2021", "timeperiod": "Year", "export": "-", "import_origin": "-", "import_consigment": "-"}, {"country": "Congo", "year": "2018", "timeperiod": "6", "export": "-", "import_origin": "62.1", "import_consigment": "62.1"}, {"country": "Congo", "year": "2018", "timeperiod": "10", "export": "-", "import_origin": "-", "import_consigment": "-"}, {"country": "Congo", "year": "2018", "timeperiod": "12", "export": "-", "import_origin": "0.4", "import_consigment": "-"}, {"country": "Congo", "year": "2018", "timeperiod": "Year", "export": "-", "import_origin": "62.6", "import_consigment": "62.1"}, {"country": "Congo", "year": "2017", "timeperiod": "6", "export": "0.4", "import_origin": "-", "import_consigment": "-"}, {"country": "Congo", "year": "2017", "timeperiod": "9", "export": "7.2", "import_origin": "-", "import_consigment": "-"}, {"country": "Congo", "year": "2017", "timeperiod": "Year", "export": "7.6", "import_origin": "-", "import_consigment": "-"}, {"country": "Congo, Democratic Republic of the", "year": "2022", "timeperiod": "5", "export": "-", "import_origin": "0.5", "import_consigment": "-"}, {"country": "Congo, Democratic Republic of the", "year": "2022", "timeperiod": "9", "export": "-", "import_origin": "1.1", "import_consigment": "-"}, {"country": "Congo, Democratic Republic of the", "year": "2022", "timeperiod": "12", "export": "-", "import_origin": "1.1", "import_consigment": "-"}, {"country": "Congo, Democratic Republic of the", "year": "2022", "timeperiod": "Year", "export": "-", "import_origin": "2.7", "import_consigment": "-"}, {"country": "Congo, Democratic Republic of the", "year": "2021", "timeperiod": "7", "export": "-", "import_origin": "186.4", "import_consigment": "-"}, {"country": "Congo, Democratic Republic of the", "year": "2021", "timeperiod": "10", "export": "-", "import_origin": "2.3", "import_consigment": "-"}, {"country": "Congo, Democratic Republic of the", "year": "2021", "timeperiod": "Year", "export": "-", "import_origin": "188.7", "import_consigment": "-"}]}