{"data": [{"country": "Greenland", "year": "2018", "timeperiod": "10", "export": "-", "import_origin": "7.8", "import_consigment": "-"}, {"country": "Greenland", "year": "2018", "timeperiod": "11", "export": "-", "import_origin": "0.1", "import_consigment": "-"}, {"country": "Greenland", "year": "2018", "timeperiod": "12", "export": "-", "import_origin": "0.2", "import_consigment": "-"}, {"country": "Greenland", "year": "2018", "timeperiod": "Year", "export": "-", "import_origin": "10.2", "import_consigment": "-"}, {"country": "Greenland", "year": "2017", "timeperiod": "1", "export": "-", "import_origin": "1.0", "import_consigment": "-"}, {"country": "Greenland", "year": "2017", "timeperiod": "4", "export": "-", "import_origin": "0.5", "import_consigment": "-"}, {"country": "Greenland", "year": "2017", "timeperiod": "5", "export": "-", "import_origin": "0.5", "import_consigment": "-"}, {"country": "Greenland", "year": "2017", "timeperiod": "6", "export": "-", "import_origin": "0.2", "import_consigment": "-"}, {"country": "Greenland", "year": "2017", "timeperiod": "Year", "export": "-", "import_origin": "2.2", "import_consigment": "-"}, {"country": "Grenada", "year": "2022", "timeperiod": "2", "export": "-", "import_origin": "-", "import_consigment": "-"}, {"country": "Grenada", "year": "2022", "timeperiod": "Year", "export": "-", "import_origin": "-", "import_consigment": "-"}, {"country": "Grenada", "year": "2021", "timeperiod": "4", "export": "-", "import_origin": "2.3", "import_consigment": "-"}, {"country": "Grenada", "year": "2021", "timeperiod": "7", "export": "-", "import_origin": "-", "import_consigment": "-"}, {"country": "Grenada", "year": "2021", "timeperiod": "Year", "export": "-", "import_origin": "2.3", "import_consigment": "-"}, {"country": "Grenada", "year": "2019", "timeperiod": "5", "export": "-", "import_origin": "0.7", "import_consigment": "-"}, {"country": "Grenada", "year": "2019", "timeperiod": "11", "export": "-", "import_origin": "12.1", "import_consigment": "-"}, {"country": "Grenada", "year": "2019", "timeperiod": "Year", "export": "-", "import_origin": "12.8", "import_consigment": "-"}, {"country": "Grenada", "year": "2017", "timeperiod": "10", "export": "-", "import_origin": "0.2", "import_consigment": "-"}, {"country": "Grenada", "year": "2017", "timeperiod": "Year", "export": "-", "import_origin": "0.2", "import_consigment": "-"}, {"country": "Guadeloupe", "year": "2023", "timeperiod": "1", "export": "-", "import_origin": "0.1", "import_consigment": "-"}, {"country": "Guadeloupe", "year": "2023", "timeperiod": "Year", "export": "-", "import_origin": "0.1", "import_consigment": "-"}, {"country": "Guadeloupe", "year": "2020", "timeperiod": "5", "export": "-", "import_origin": "1.3", "import_consigment": "-"}, {"country": "Guadeloupe", "year": "2020", "timeperiod": "Year", "export": "-", "import_origin": "1.3", "import_consigment": "-"}, {"country": "Guadeloupe", "year": "2019", "timeperiod": "4", "export": "-", "import_origin": "5.7", "import_consigment": "-"}, {"country": "Guadeloupe", "year": "2019", "timeperiod": "7", "export": "-", "import_origin": "-", "import_consigment": "1.1"}]}