{"data": [{"country": "Slovenia", "year": "2018", "timeperiod": "11", "export": "6.0", "import_origin": "835.8", "import_consigment": "1006.8"}, {"country": "Slovenia", "year": "2018", "timeperiod": "12", "export": "-", "import_origin": "789.9", "import_consigment": "932.0"}, {"country": "Slovenia", "year": "2018", "timeperiod": "Year", "export": "12.4", "import_origin": "12993.7", "import_consigment": "14394.1"}, {"country": "Slovenia", "year": "2017", "timeperiod": "1", "export": "7.2", "import_origin": "900.0", "import_consigment": "1093.1"}, {"country": "Slovenia", "year": "2017", "timeperiod": "2", "export": "-", "import_origin": "191.6", "import_consigment": "110.9"}, {"country": "Slovenia", "year": "2017", "timeperiod": "3", "export": "-", "import_origin": "458.0", "import_consigment": "674.0"}, {"country": "Slovenia", "year": "2017", "timeperiod": "4", "export": "-", "import_origin": "658.1", "import_consigment": "766.8"}, {"country": "Slovenia", "year": "2017", "timeperiod": "5", "export": "10.8", "import_origin": "350.5", "import_consigment": "591.3"}, {"country": "Slovenia", "year": "2017", "timeperiod": "6", "export": "-", "import_origin": "887.9", "import_consigment": "934.6"}, {"country": "Slovenia", "year": "2017", "timeperiod": "7", "export": "-", "import_origin": "985.2", "import_consigment": "1180.8"}, {"country": "Slovenia", "year": "2017", "timeperiod": "8", "export": "0.2", "import_origin": "375.6", "import_consigment": "340.4"}, {"country": "Slovenia", "year": "2017", "timeperiod": "9", "export": "-", "import_origin": "647.0", "import_consigment": "1047.8"}, {"country": "Slovenia", "year": "2017", "timeperiod": "10", "export": "1.0", "import_origin": "1132.5", "import_consigment": "1229.5"}, {"country": "Slovenia", "year": "2017", "timeperiod": "11", "export": "-", "import_origin": "670.0", "import_consigment": "913.1"}, {"country": "Slovenia", "year": "2017", "timeperiod": "12", "export": "-", "import_origin": "869.2", "import_consigment": "1133.2"}, {"country": "Slovenia", "year": "2017", "timeperiod": "Year", "export": "19.3", "import_origin": "8125.7", "import_consigment": "10015.6"}, {"country": "Somalia", "year": "2022", "timeperiod": "3", "export": "-", "import_origin": "0.9", "import_consigment": "-"}, {"country": "Somalia", "year": "2022", "timeperiod": "10", "export": "-", "import_origin": "12.0", "import_consigment": "-"}, {"country": "Somalia", "year": "2022", "timeperiod": "11", "export": "-", "import_origin": "0.2", "import_consigment": "-"}, {"country": "Somalia", "year": "2022", "timeperiod": "Year", "export": "-", "import_origin": "13.0", "import_consigment": "-"}, {"country": "Somalia", "year": "2021", "timeperiod": "3", "export": "-", "import_origin": "0.6", "import_consigment": "-"}, {"country": "Somalia", "year": "2021", "timeperiod": "7", "export": "-", "import_origin": "9.1", "import_consigment": "-"}, {"country": "Somalia", "year": "2021", "timeperiod": "Year", "export": "-", "import_origin": "9.6", "import_consigment": "-"}, {"country": "Somalia", "year": "2020", "timeperiod": "3", "export": "-", "import_origin": "-", "import_consigment": "-"}, {"country": "Somalia", "year": "2020", "timeperiod": "Year", "export": "-", "import_origin": "-", "import_consigment": "-"}]}