{"data": [{"country": "Saudi Arabia", "year": "2019", "timeperiod": "5", "export": "397.7", "import_origin": "62.7", "import_consigment": "-"}, {"country": "Saudi Arabia", "year": "2019", "timeperiod": "6", "export": "332.8", "import_origin": "507.7", "import_consigment": "407.1"}, {"country": "Saudi Arabia", "year": "2019", "timeperiod": "7", "export": "131.4", "import_origin": "27.0", "import_consigment": "0.2"}, {"country": "Saudi Arabia", "year": "2019", "timeperiod": "8", "export": "24.8", "import_origin": "276.6", "import_consigment": "128.7"}, {"country": "Saudi Arabia", "year": "2019", "timeperiod": "9", "export": "-", "import_origin": "199.7", "import_consigment": "157.1"}, {"country": "Saudi Arabia", "year": "2019", "timeperiod": "10", "export": "-", "import_origin": "290.1", "import_consigment": "140.1"}, {"country": "Saudi Arabia", "year": "2019", "timeperiod": "11", "export": "36.8", "import_origin": "224.2", "import_consigment": "96.0"}, {"country": "Saudi Arabia", "year": "2019", "timeperiod": "12", "export": "88.8", "import_origin": "94.6", "import_consigment": "90.2"}, {"country": "Saudi Arabia", "year": "2019", "timeperiod": "Year", "export": "1568.7", "import_origin": "2854.0", "import_consigment": "1558.3"}, {"country": "Saudi Arabia", "year": "2018", "timeperiod": "1", "export": "32.0", "import_origin": "607.7", "import_consigment": "263.6"}, {"country": "Saudi Arabia", "year": "2018", "timeperiod": "2", "export": "0.1", "import_origin": "342.6", "import_consigment": "317.8"}, {"country": "Saudi Arabia", "year": "2018", "timeperiod": "3", "export": "112.0", "import_origin": "388.5", "import_consigment": "228.3"}, {"country": "Saudi Arabia", "year": "2018", "timeperiod": "4", "export": "91.1", "import_origin": "138.9", "import_consigment": "113.6"}, {"country": "Saudi Arabia", "year": "2018", "timeperiod": "5", "export": "119.7", "import_origin": "79.8", "import_consigment": "76.7"}, {"country": "Saudi Arabia", "year": "2018", "timeperiod": "6", "export": "65.3", "import_origin": "115.1", "import_consigment": "108.9"}, {"country": "Saudi Arabia", "year": "2018", "timeperiod": "7", "export": "289.9", "import_origin": "66.7", "import_consigment": "45.8"}, {"country": "Saudi Arabia", "year": "2018", "timeperiod": "8", "export": "160.0", "import_origin": "209.5", "import_consigment": "78.2"}, {"country": "Saudi Arabia", "year": "2018", "timeperiod": "9", "export": "208.0", "import_origin": "150.5", "import_consigment": "157.5"}, {"country": "Saudi Arabia", "year": "2018", "timeperiod": "10", "export": "72.0", "import_origin": "222.6", "import_consigment": "0.3"}, {"country": "Saudi Arabia", "year": "2018", "timeperiod": "11", "export": "30.7", "import_origin": "415.8", "import_consigment": "143.6"}, {"country": "Saudi Arabia", "year": "2018", "timeperiod": "12", "export": "546.2", "import_origin": "171.6", "import_consigment": "118.1"}, {"country": "Saudi Arabia", "year": "2018", "timeperiod": "Year", "export": "1727.2", "import_origin": "2909.4", "import_consigment": "1652.3"}, {"country": "Saudi Arabia", "year": "2017", "timeperiod": "1", "export": "11.0", "import_origin": "200.6", "import_consigment": "196.1"}, {"country": "Saudi Arabia", "year": "2017", "timeperiod": "2", "export": "263.6", "import_origin": "134.3", "import_consigment": "73.3"}, {"country": "Saudi Arabia", "year": "2017", "timeperiod": "3", "export": "57.2", "import_origin": "73.6", "import_consigment": "38.6"}]}