{"data": [{"country": "Egypt", "year": "2019", "timeperiod": "7", "export": "4.5", "import_origin": "288.9", "import_consigment": "222.0"}, {"country": "Egypt", "year": "2019", "timeperiod": "8", "export": "0.5", "import_origin": "656.3", "import_consigment": "554.0"}, {"country": "Egypt", "year": "2019", "timeperiod": "9", "export": "-", "import_origin": "340.6", "import_consigment": "262.7"}, {"country": "Egypt", "year": "2019", "timeperiod": "10", "export": "4.7", "import_origin": "256.5", "import_consigment": "156.5"}, {"country": "Egypt", "year": "2019", "timeperiod": "11", "export": "0.1", "import_origin": "576.5", "import_consigment": "444.1"}, {"country": "Egypt", "year": "2019", "timeperiod": "12", "export": "-", "import_origin": "400.7", "import_consigment": "168.8"}, {"country": "Egypt", "year": "2019", "timeperiod": "Year", "export": "12.0", "import_origin": "5841.9", "import_consigment": "3670.0"}, {"country": "Egypt", "year": "2018", "timeperiod": "1", "export": "-", "import_origin": "132.6", "import_consigment": "92.2"}, {"country": "Egypt", "year": "2018", "timeperiod": "2", "export": "2.6", "import_origin": "752.3", "import_consigment": "297.7"}, {"country": "Egypt", "year": "2018", "timeperiod": "3", "export": "-", "import_origin": "752.1", "import_consigment": "314.5"}, {"country": "Egypt", "year": "2018", "timeperiod": "4", "export": "0.1", "import_origin": "531.9", "import_consigment": "392.4"}, {"country": "Egypt", "year": "2018", "timeperiod": "5", "export": "-", "import_origin": "566.3", "import_consigment": "217.1"}, {"country": "Egypt", "year": "2018", "timeperiod": "6", "export": "-", "import_origin": "957.2", "import_consigment": "752.5"}, {"country": "Egypt", "year": "2018", "timeperiod": "7", "export": "0.1", "import_origin": "440.3", "import_consigment": "314.5"}, {"country": "Egypt", "year": "2018", "timeperiod": "8", "export": "-", "import_origin": "168.2", "import_consigment": "81.7"}, {"country": "Egypt", "year": "2018", "timeperiod": "9", "export": "-", "import_origin": "161.2", "import_consigment": "58.4"}, {"country": "Egypt", "year": "2018", "timeperiod": "10", "export": "-", "import_origin": "520.0", "import_consigment": "221.8"}, {"country": "Egypt", "year": "2018", "timeperiod": "11", "export": "-", "import_origin": "311.6", "import_consigment": "94.7"}, {"country": "Egypt", "year": "2018", "timeperiod": "12", "export": "-", "import_origin": "697.8", "import_consigment": "307.9"}, {"country": "Egypt", "year": "2018", "timeperiod": "Year", "export": "2.8", "import_origin": "5991.7", "import_consigment": "3145.5"}, {"country": "Egypt", "year": "2017", "timeperiod": "1", "export": "-", "import_origin": "131.4", "import_consigment": "88.2"}, {"country": "Egypt", "year": "2017", "timeperiod": "2", "export": "0.1", "import_origin": "381.4", "import_consigment": "229.1"}, {"country": "Egypt", "year": "2017", "timeperiod": "3", "export": "-", "import_origin": "510.4", "import_consigment": "317.0"}, {"country": "Egypt", "year": "2017", "timeperiod": "4", "export": "-", "import_origin": "431.3", "import_consigment": "142.4"}, {"country": "Egypt", "year": "2017", "timeperiod": "5", "export": "-", "import_origin": "366.0", "import_consigment": "224.9"}]}