{"data": [{"country": "Hungary", "year": "2022", "timeperiod": "7", "export": "2.5", "import_origin": "2985.7", "import_consigment": "2518.0"}, {"country": "Hungary", "year": "2022", "timeperiod": "8", "export": "99.4", "import_origin": "2442.2", "import_consigment": "2675.6"}, {"country": "Hungary", "year": "2022", "timeperiod": "9", "export": "1.7", "import_origin": "2706.8", "import_consigment": "2719.6"}, {"country": "Hungary", "year": "2022", "timeperiod": "10", "export": "57.8", "import_origin": "2716.1", "import_consigment": "3558.6"}, {"country": "Hungary", "year": "2022", "timeperiod": "11", "export": "12.5", "import_origin": "3346.9", "import_consigment": "4374.7"}, {"country": "Hungary", "year": "2022", "timeperiod": "12", "export": "38.0", "import_origin": "3091.5", "import_consigment": "3721.7"}, {"country": "Hungary", "year": "2022", "timeperiod": "Year", "export": "447.7", "import_origin": "25262.3", "import_consigment": "31540.1"}, {"country": "Hungary", "year": "2021", "timeperiod": "1", "export": "59.3", "import_origin": "408.6", "import_consigment": "360.8"}, {"country": "Hungary", "year": "2021", "timeperiod": "2", "export": "142.6", "import_origin": "560.5", "import_consigment": "672.3"}, {"country": "Hungary", "year": "2021", "timeperiod": "3", "export": "128.5", "import_origin": "1560.3", "import_consigment": "1841.6"}, {"country": "Hungary", "year": "2021", "timeperiod": "4", "export": "22.8", "import_origin": "1402.4", "import_consigment": "1296.1"}, {"country": "Hungary", "year": "2021", "timeperiod": "5", "export": "7.7", "import_origin": "1156.8", "import_consigment": "1354.5"}, {"country": "Hungary", "year": "2021", "timeperiod": "6", "export": "4.0", "import_origin": "1569.6", "import_consigment": "1363.8"}, {"country": "Hungary", "year": "2021", "timeperiod": "7", "export": "21.5", "import_origin": "2206.2", "import_consigment": "1252.4"}, {"country": "Hungary", "year": "2021", "timeperiod": "8", "export": "34.9", "import_origin": "839.0", "import_consigment": "1074.4"}, {"country": "Hungary", "year": "2021", "timeperiod": "9", "export": "71.9", "import_origin": "1543.6", "import_consigment": "2660.2"}, {"country": "Hungary", "year": "2021", "timeperiod": "10", "export": "53.7", "import_origin": "1796.0", "import_consigment": "2529.3"}, {"country": "Hungary", "year": "2021", "timeperiod": "11", "export": "69.4", "import_origin": "1649.5", "import_consigment": "3360.8"}, {"country": "Hungary", "year": "2021", "timeperiod": "12", "export": "16.3", "import_origin": "1033.7", "import_consigment": "2976.2"}, {"country": "Hungary", "year": "2021", "timeperiod": "Year", "export": "632.5", "import_origin": "15726.3", "import_consigment": "20742.6"}, {"country": "Hungary", "year": "2020", "timeperiod": "1", "export": "-", "import_origin": "758.6", "import_consigment": "1261.4"}, {"country": "Hungary", "year": "2020", "timeperiod": "2", "export": "182.8", "import_origin": "661.5", "import_consigment": "915.4"}, {"country": "Hungary", "year": "2020", "timeperiod": "3", "export": "35.0", "import_origin": "1624.6", "import_consigment": "2348.0"}, {"country": "Hungary", "year": "2020", "timeperiod": "4", "export": "-", "import_origin": "681.6", "import_consigment": "791.1"}, {"country": "Hungary", "year": "2020", "timeperiod": "5", "export": "77.4", "import_origin": "1705.0", "import_consigment": "2091.8"}]}