{"data": [{"country": "Poland", "year": "2019", "timeperiod": "6", "export": "1311.0", "import_origin": "3253.8", "import_consigment": "3160.9"}, {"country": "Poland", "year": "2019", "timeperiod": "7", "export": "1344.7", "import_origin": "3215.9", "import_consigment": "3201.8"}, {"country": "Poland", "year": "2019", "timeperiod": "8", "export": "1872.4", "import_origin": "5030.8", "import_consigment": "4177.8"}, {"country": "Poland", "year": "2019", "timeperiod": "9", "export": "803.2", "import_origin": "4009.5", "import_consigment": "3610.6"}, {"country": "Poland", "year": "2019", "timeperiod": "10", "export": "940.3", "import_origin": "4538.4", "import_consigment": "5306.1"}, {"country": "Poland", "year": "2019", "timeperiod": "11", "export": "742.4", "import_origin": "3978.7", "import_consigment": "5361.1"}, {"country": "Poland", "year": "2019", "timeperiod": "12", "export": "816.1", "import_origin": "4071.2", "import_consigment": "5734.3"}, {"country": "Poland", "year": "2019", "timeperiod": "Year", "export": "13097.5", "import_origin": "44953.1", "import_consigment": "49735.7"}, {"country": "Poland", "year": "2018", "timeperiod": "1", "export": "935.4", "import_origin": "2523.0", "import_consigment": "2030.6"}, {"country": "Poland", "year": "2018", "timeperiod": "2", "export": "645.1", "import_origin": "2841.2", "import_consigment": "3931.2"}, {"country": "Poland", "year": "2018", "timeperiod": "3", "export": "833.8", "import_origin": "4284.0", "import_consigment": "3644.0"}, {"country": "Poland", "year": "2018", "timeperiod": "4", "export": "321.7", "import_origin": "3745.7", "import_consigment": "4184.8"}, {"country": "Poland", "year": "2018", "timeperiod": "5", "export": "819.9", "import_origin": "4512.1", "import_consigment": "4249.4"}, {"country": "Poland", "year": "2018", "timeperiod": "6", "export": "714.9", "import_origin": "3133.6", "import_consigment": "3602.1"}, {"country": "Poland", "year": "2018", "timeperiod": "7", "export": "868.5", "import_origin": "3352.5", "import_consigment": "4686.0"}, {"country": "Poland", "year": "2018", "timeperiod": "8", "export": "890.6", "import_origin": "3773.1", "import_consigment": "2892.2"}, {"country": "Poland", "year": "2018", "timeperiod": "9", "export": "1066.7", "import_origin": "2887.9", "import_consigment": "3430.7"}, {"country": "Poland", "year": "2018", "timeperiod": "10", "export": "388.9", "import_origin": "4177.5", "import_consigment": "5178.7"}, {"country": "Poland", "year": "2018", "timeperiod": "11", "export": "324.1", "import_origin": "4318.4", "import_consigment": "4020.9"}, {"country": "Poland", "year": "2018", "timeperiod": "12", "export": "499.0", "import_origin": "4465.4", "import_consigment": "4553.6"}, {"country": "Poland", "year": "2018", "timeperiod": "Year", "export": "8308.7", "import_origin": "44014.4", "import_consigment": "46404.1"}, {"country": "Poland", "year": "2017", "timeperiod": "1", "export": "410.7", "import_origin": "1771.7", "import_consigment": "2331.3"}, {"country": "Poland", "year": "2017", "timeperiod": "2", "export": "617.1", "import_origin": "2689.1", "import_consigment": "2807.5"}, {"country": "Poland", "year": "2017", "timeperiod": "3", "export": "800.4", "import_origin": "3084.3", "import_consigment": "3764.9"}, {"country": "Poland", "year": "2017", "timeperiod": "4", "export": "335.7", "import_origin": "3626.4", "import_consigment": "3325.2"}]}