{"data": [{"country": "Ireland", "year": "2022", "timeperiod": "9", "export": "-", "import_origin": "1136.4", "import_consigment": "169.6"}, {"country": "Ireland", "year": "2022", "timeperiod": "10", "export": "0.3", "import_origin": "1460.5", "import_consigment": "412.4"}, {"country": "Ireland", "year": "2022", "timeperiod": "11", "export": "1.9", "import_origin": "1960.9", "import_consigment": "966.7"}, {"country": "Ireland", "year": "2022", "timeperiod": "12", "export": "4.5", "import_origin": "1952.0", "import_consigment": "702.8"}, {"country": "Ireland", "year": "2022", "timeperiod": "Year", "export": "118.0", "import_origin": "16734.4", "import_consigment": "4748.8"}, {"country": "Ireland", "year": "2021", "timeperiod": "1", "export": "-", "import_origin": "68.1", "import_consigment": "383.3"}, {"country": "Ireland", "year": "2021", "timeperiod": "2", "export": "-", "import_origin": "1306.4", "import_consigment": "117.3"}, {"country": "Ireland", "year": "2021", "timeperiod": "3", "export": "-", "import_origin": "1134.3", "import_consigment": "232.1"}, {"country": "Ireland", "year": "2021", "timeperiod": "4", "export": "-", "import_origin": "1420.2", "import_consigment": "168.2"}, {"country": "Ireland", "year": "2021", "timeperiod": "5", "export": "0.2", "import_origin": "1165.5", "import_consigment": "154.2"}, {"country": "Ireland", "year": "2021", "timeperiod": "6", "export": "0.1", "import_origin": "647.2", "import_consigment": "35.0"}, {"country": "Ireland", "year": "2021", "timeperiod": "7", "export": "1.2", "import_origin": "994.3", "import_consigment": "154.1"}, {"country": "Ireland", "year": "2021", "timeperiod": "8", "export": "62.4", "import_origin": "379.8", "import_consigment": "2.8"}, {"country": "Ireland", "year": "2021", "timeperiod": "9", "export": "2.5", "import_origin": "767.9", "import_consigment": "186.8"}, {"country": "Ireland", "year": "2021", "timeperiod": "10", "export": "-", "import_origin": "1255.9", "import_consigment": "73.7"}, {"country": "Ireland", "year": "2021", "timeperiod": "11", "export": "108.1", "import_origin": "829.2", "import_consigment": "125.7"}, {"country": "Ireland", "year": "2021", "timeperiod": "12", "export": "103.2", "import_origin": "2998.5", "import_consigment": "118.2"}, {"country": "Ireland", "year": "2021", "timeperiod": "Year", "export": "277.7", "import_origin": "12967.3", "import_consigment": "1751.5"}, {"country": "Ireland", "year": "2020", "timeperiod": "1", "export": "-", "import_origin": "492.5", "import_consigment": "12.0"}, {"country": "Ireland", "year": "2020", "timeperiod": "2", "export": "-", "import_origin": "841.3", "import_consigment": "65.6"}, {"country": "Ireland", "year": "2020", "timeperiod": "3", "export": "-", "import_origin": "988.1", "import_consigment": "136.2"}, {"country": "Ireland", "year": "2020", "timeperiod": "4", "export": "-", "import_origin": "810.7", "import_consigment": "24.7"}, {"country": "Ireland", "year": "2020", "timeperiod": "5", "export": "-", "import_origin": "696.4", "import_consigment": "43.0"}, {"country": "Ireland", "year": "2020", "timeperiod": "6", "export": "0.5", "import_origin": "790.2", "import_consigment": "59.3"}, {"country": "Ireland", "year": "2020", "timeperiod": "7", "export": "-", "import_origin": "597.6", "import_consigment": "167.0"}]}