{"data": [{"country": "Reunion", "year": "2021", "timeperiod": "9", "export": "-", "import_origin": "0.3", "import_consigment": "-"}, {"country": "Reunion", "year": "2021", "timeperiod": "Year", "export": "-", "import_origin": "0.6", "import_consigment": "-"}, {"country": "Reunion", "year": "2020", "timeperiod": "12", "export": "-", "import_origin": "2.3", "import_consigment": "-"}, {"country": "Reunion", "year": "2020", "timeperiod": "Year", "export": "-", "import_origin": "2.3", "import_consigment": "-"}, {"country": "Reunion", "year": "2019", "timeperiod": "10", "export": "-", "import_origin": "0.1", "import_consigment": "-"}, {"country": "Reunion", "year": "2019", "timeperiod": "Year", "export": "-", "import_origin": "0.1", "import_consigment": "-"}, {"country": "Reunion", "year": "2018", "timeperiod": "10", "export": "-", "import_origin": "-", "import_consigment": "0.4"}, {"country": "Reunion", "year": "2018", "timeperiod": "Year", "export": "-", "import_origin": "-", "import_consigment": "0.4"}, {"country": "Romania", "year": "2023", "timeperiod": "1", "export": "11.5", "import_origin": "1589.2", "import_consigment": "2054.3"}, {"country": "Romania", "year": "2023", "timeperiod": "Year", "export": "11.5", "import_origin": "1589.2", "import_consigment": "2054.3"}, {"country": "Romania", "year": "2022", "timeperiod": "1", "export": "-", "import_origin": "383.3", "import_consigment": "390.5"}, {"country": "Romania", "year": "2022", "timeperiod": "2", "export": "0.7", "import_origin": "7482.8", "import_consigment": "390.6"}, {"country": "Romania", "year": "2022", "timeperiod": "3", "export": "1.2", "import_origin": "682.4", "import_consigment": "428.7"}, {"country": "Romania", "year": "2022", "timeperiod": "4", "export": "-", "import_origin": "962.7", "import_consigment": "478.2"}, {"country": "Romania", "year": "2022", "timeperiod": "5", "export": "1.7", "import_origin": "882.7", "import_consigment": "562.6"}, {"country": "Romania", "year": "2022", "timeperiod": "6", "export": "76.3", "import_origin": "1289.0", "import_consigment": "1058.1"}, {"country": "Romania", "year": "2022", "timeperiod": "7", "export": "-", "import_origin": "1147.8", "import_consigment": "2033.0"}, {"country": "Romania", "year": "2022", "timeperiod": "8", "export": "3.7", "import_origin": "4990.6", "import_consigment": "928.3"}, {"country": "Romania", "year": "2022", "timeperiod": "9", "export": "-", "import_origin": "1807.2", "import_consigment": "3378.0"}, {"country": "Romania", "year": "2022", "timeperiod": "10", "export": "57.5", "import_origin": "5052.4", "import_consigment": "4663.5"}, {"country": "Romania", "year": "2022", "timeperiod": "11", "export": "20.3", "import_origin": "1874.9", "import_consigment": "689.2"}, {"country": "Romania", "year": "2022", "timeperiod": "12", "export": "35.6", "import_origin": "2436.1", "import_consigment": "1068.4"}, {"country": "Romania", "year": "2022", "timeperiod": "Year", "export": "196.9", "import_origin": "28991.9", "import_consigment": "16069.1"}, {"country": "Romania", "year": "2021", "timeperiod": "1", "export": "0.6", "import_origin": "358.3", "import_consigment": "1701.2"}, {"country": "Romania", "year": "2021", "timeperiod": "2", "export": "0.2", "import_origin": "557.0", "import_consigment": "869.2"}]}