{"data": [{"country": "Guatemala", "year": "2020", "timeperiod": "10", "export": "-", "import_origin": "24.7", "import_consigment": "8.3"}, {"country": "Guatemala", "year": "2020", "timeperiod": "11", "export": "-", "import_origin": "80.8", "import_consigment": "34.4"}, {"country": "Guatemala", "year": "2020", "timeperiod": "12", "export": "-", "import_origin": "3.6", "import_consigment": "-"}, {"country": "Guatemala", "year": "2020", "timeperiod": "Year", "export": "-", "import_origin": "168.7", "import_consigment": "42.7"}, {"country": "Guatemala", "year": "2019", "timeperiod": "1", "export": "-", "import_origin": "1.1", "import_consigment": "-"}, {"country": "Guatemala", "year": "2019", "timeperiod": "2", "export": "-", "import_origin": "1.8", "import_consigment": "120.0"}, {"country": "Guatemala", "year": "2019", "timeperiod": "3", "export": "-", "import_origin": "4.6", "import_consigment": "-"}, {"country": "Guatemala", "year": "2019", "timeperiod": "4", "export": "-", "import_origin": "1.5", "import_consigment": "-"}, {"country": "Guatemala", "year": "2019", "timeperiod": "5", "export": "-", "import_origin": "0.7", "import_consigment": "-"}, {"country": "Guatemala", "year": "2019", "timeperiod": "6", "export": "-", "import_origin": "3.2", "import_consigment": "-"}, {"country": "Guatemala", "year": "2019", "timeperiod": "7", "export": "-", "import_origin": "3.4", "import_consigment": "-"}, {"country": "Guatemala", "year": "2019", "timeperiod": "8", "export": "-", "import_origin": "2.4", "import_consigment": "-"}, {"country": "Guatemala", "year": "2019", "timeperiod": "9", "export": "-", "import_origin": "107.5", "import_consigment": "-"}, {"country": "Guatemala", "year": "2019", "timeperiod": "10", "export": "-", "import_origin": "11.5", "import_consigment": "-"}, {"country": "Guatemala", "year": "2019", "timeperiod": "11", "export": "-", "import_origin": "0.6", "import_consigment": "-"}, {"country": "Guatemala", "year": "2019", "timeperiod": "12", "export": "-", "import_origin": "6.3", "import_consigment": "-"}, {"country": "Guatemala", "year": "2019", "timeperiod": "Year", "export": "-", "import_origin": "144.8", "import_consigment": "120.0"}, {"country": "Guatemala", "year": "2018", "timeperiod": "1", "export": "-", "import_origin": "5.9", "import_consigment": "-"}, {"country": "Guatemala", "year": "2018", "timeperiod": "2", "export": "-", "import_origin": "1.9", "import_consigment": "-"}, {"country": "Guatemala", "year": "2018", "timeperiod": "3", "export": "-", "import_origin": "5.5", "import_consigment": "-"}, {"country": "Guatemala", "year": "2018", "timeperiod": "4", "export": "-", "import_origin": "61.5", "import_consigment": "60.6"}, {"country": "Guatemala", "year": "2018", "timeperiod": "5", "export": "-", "import_origin": "2.6", "import_consigment": "-"}, {"country": "Guatemala", "year": "2018", "timeperiod": "6", "export": "-", "import_origin": "1.4", "import_consigment": "-"}, {"country": "Guatemala", "year": "2018", "timeperiod": "7", "export": "-", "import_origin": "7.4", "import_consigment": "-"}, {"country": "Guatemala", "year": "2018", "timeperiod": "8", "export": "-", "import_origin": "0.2", "import_consigment": "-"}]}