{"data": [{"country": "Tajikistan", "year": "2019", "timeperiod": "5", "export": "90.6", "import_origin": "0.3", "import_consigment": "-"}, {"country": "Tajikistan", "year": "2019", "timeperiod": "6", "export": "211.7", "import_origin": "10.1", "import_consigment": "-"}, {"country": "Tajikistan", "year": "2019", "timeperiod": "7", "export": "33.4", "import_origin": "-", "import_consigment": "-"}, {"country": "Tajikistan", "year": "2019", "timeperiod": "8", "export": "197.5", "import_origin": "-", "import_consigment": "-"}, {"country": "Tajikistan", "year": "2019", "timeperiod": "9", "export": "50.5", "import_origin": "0.4", "import_consigment": "-"}, {"country": "Tajikistan", "year": "2019", "timeperiod": "10", "export": "95.8", "import_origin": "-", "import_consigment": "-"}, {"country": "Tajikistan", "year": "2019", "timeperiod": "11", "export": "86.6", "import_origin": "0.4", "import_consigment": "-"}, {"country": "Tajikistan", "year": "2019", "timeperiod": "12", "export": "147.1", "import_origin": "9.1", "import_consigment": "-"}, {"country": "Tajikistan", "year": "2019", "timeperiod": "Year", "export": "1713.6", "import_origin": "20.8", "import_consigment": "-"}, {"country": "Tajikistan", "year": "2018", "timeperiod": "1", "export": "62.6", "import_origin": "-", "import_consigment": "-"}, {"country": "Tajikistan", "year": "2018", "timeperiod": "2", "export": "113.8", "import_origin": "0.3", "import_consigment": "-"}, {"country": "Tajikistan", "year": "2018", "timeperiod": "3", "export": "108.4", "import_origin": "-", "import_consigment": "-"}, {"country": "Tajikistan", "year": "2018", "timeperiod": "4", "export": "178.8", "import_origin": "0.2", "import_consigment": "-"}, {"country": "Tajikistan", "year": "2018", "timeperiod": "5", "export": "218.6", "import_origin": "0.2", "import_consigment": "-"}, {"country": "Tajikistan", "year": "2018", "timeperiod": "6", "export": "199.8", "import_origin": "0.2", "import_consigment": "-"}, {"country": "Tajikistan", "year": "2018", "timeperiod": "7", "export": "169.5", "import_origin": "0.3", "import_consigment": "-"}, {"country": "Tajikistan", "year": "2018", "timeperiod": "8", "export": "50.6", "import_origin": "-", "import_consigment": "-"}, {"country": "Tajikistan", "year": "2018", "timeperiod": "9", "export": "234.2", "import_origin": "0.2", "import_consigment": "-"}, {"country": "Tajikistan", "year": "2018", "timeperiod": "10", "export": "139.6", "import_origin": "0.2", "import_consigment": "-"}, {"country": "Tajikistan", "year": "2018", "timeperiod": "11", "export": "111.5", "import_origin": "0.2", "import_consigment": "-"}, {"country": "Tajikistan", "year": "2018", "timeperiod": "12", "export": "210.0", "import_origin": "3.3", "import_consigment": "-"}, {"country": "Tajikistan", "year": "2018", "timeperiod": "Year", "export": "1797.4", "import_origin": "5.1", "import_consigment": "-"}, {"country": "Tajikistan", "year": "2017", "timeperiod": "1", "export": "27.1", "import_origin": "-", "import_consigment": "-"}, {"country": "Tajikistan", "year": "2017", "timeperiod": "2", "export": "36.8", "import_origin": "-", "import_consigment": "-"}, {"country": "Tajikistan", "year": "2017", "timeperiod": "3", "export": "139.8", "import_origin": "3.3", "import_consigment": "-"}]}