{"data": [{"country": "Luxembourg", "year": "2021", "timeperiod": "4", "export": "21.0", "import_origin": "87.7", "import_consigment": "15.9"}, {"country": "Luxembourg", "year": "2021", "timeperiod": "5", "export": "107.5", "import_origin": "68.1", "import_consigment": "39.1"}, {"country": "Luxembourg", "year": "2021", "timeperiod": "6", "export": "-", "import_origin": "108.4", "import_consigment": "39.9"}, {"country": "Luxembourg", "year": "2021", "timeperiod": "7", "export": "85.2", "import_origin": "86.2", "import_consigment": "124.5"}, {"country": "Luxembourg", "year": "2021", "timeperiod": "8", "export": "88.0", "import_origin": "8.3", "import_consigment": "6.3"}, {"country": "Luxembourg", "year": "2021", "timeperiod": "9", "export": "20.4", "import_origin": "151.9", "import_consigment": "48.0"}, {"country": "Luxembourg", "year": "2021", "timeperiod": "10", "export": "65.2", "import_origin": "66.4", "import_consigment": "120.0"}, {"country": "Luxembourg", "year": "2021", "timeperiod": "11", "export": "114.5", "import_origin": "69.4", "import_consigment": "38.4"}, {"country": "Luxembourg", "year": "2021", "timeperiod": "12", "export": "106.2", "import_origin": "80.2", "import_consigment": "108.6"}, {"country": "Luxembourg", "year": "2021", "timeperiod": "Year", "export": "907.2", "import_origin": "984.5", "import_consigment": "597.3"}, {"country": "Luxembourg", "year": "2020", "timeperiod": "1", "export": "87.5", "import_origin": "449.8", "import_consigment": "1739.7"}, {"country": "Luxembourg", "year": "2020", "timeperiod": "2", "export": "70.9", "import_origin": "115.6", "import_consigment": "60.6"}, {"country": "Luxembourg", "year": "2020", "timeperiod": "3", "export": "43.4", "import_origin": "85.5", "import_consigment": "70.9"}, {"country": "Luxembourg", "year": "2020", "timeperiod": "4", "export": "202.0", "import_origin": "23.6", "import_consigment": "60.1"}, {"country": "Luxembourg", "year": "2020", "timeperiod": "5", "export": "100.0", "import_origin": "207.6", "import_consigment": "262.0"}, {"country": "Luxembourg", "year": "2020", "timeperiod": "6", "export": "117.5", "import_origin": "21.3", "import_consigment": "67.0"}, {"country": "Luxembourg", "year": "2020", "timeperiod": "7", "export": "-", "import_origin": "202.8", "import_consigment": "41.5"}, {"country": "Luxembourg", "year": "2020", "timeperiod": "8", "export": "168.1", "import_origin": "47.9", "import_consigment": "94.8"}, {"country": "Luxembourg", "year": "2020", "timeperiod": "9", "export": "38.8", "import_origin": "151.8", "import_consigment": "70.0"}, {"country": "Luxembourg", "year": "2020", "timeperiod": "10", "export": "156.4", "import_origin": "141.8", "import_consigment": "125.8"}, {"country": "Luxembourg", "year": "2020", "timeperiod": "11", "export": "229.6", "import_origin": "45.1", "import_consigment": "77.8"}, {"country": "Luxembourg", "year": "2020", "timeperiod": "12", "export": "80.6", "import_origin": "74.8", "import_consigment": "73.7"}, {"country": "Luxembourg", "year": "2020", "timeperiod": "Year", "export": "1294.8", "import_origin": "1567.7", "import_consigment": "2743.9"}, {"country": "Luxembourg", "year": "2019", "timeperiod": "1", "export": "104.0", "import_origin": "95.1", "import_consigment": "-"}, {"country": "Luxembourg", "year": "2019", "timeperiod": "2", "export": "100.0", "import_origin": "112.6", "import_consigment": "226.3"}]}