{"data": [{"country": "Tunisia", "year": "2017", "timeperiod": "11", "export": "-", "import_origin": "59.1", "import_consigment": "-"}, {"country": "Tunisia", "year": "2017", "timeperiod": "12", "export": "-", "import_origin": "42.6", "import_consigment": "2.3"}, {"country": "Tunisia", "year": "2017", "timeperiod": "Year", "export": "5.5", "import_origin": "983.3", "import_consigment": "12.3"}, {"country": "Turkey", "year": "2023", "timeperiod": "1", "export": "44.6", "import_origin": "18899.4", "import_consigment": "2549.8"}, {"country": "Turkey", "year": "2023", "timeperiod": "Year", "export": "44.6", "import_origin": "18899.4", "import_consigment": "2549.8"}, {"country": "Turkey", "year": "2022", "timeperiod": "1", "export": "9.0", "import_origin": "7988.0", "import_consigment": "1570.1"}, {"country": "Turkey", "year": "2022", "timeperiod": "2", "export": "9.3", "import_origin": "14910.0", "import_consigment": "4027.4"}, {"country": "Turkey", "year": "2022", "timeperiod": "3", "export": "28.9", "import_origin": "18232.2", "import_consigment": "5655.1"}, {"country": "Turkey", "year": "2022", "timeperiod": "4", "export": "155.1", "import_origin": "17869.8", "import_consigment": "5134.5"}, {"country": "Turkey", "year": "2022", "timeperiod": "5", "export": "117.0", "import_origin": "17392.6", "import_consigment": "4729.3"}, {"country": "Turkey", "year": "2022", "timeperiod": "6", "export": "20189.0", "import_origin": "21904.6", "import_consigment": "5306.7"}, {"country": "Turkey", "year": "2022", "timeperiod": "7", "export": "27172.4", "import_origin": "21387.4", "import_consigment": "5848.3"}, {"country": "Turkey", "year": "2022", "timeperiod": "8", "export": "4292.2", "import_origin": "23578.1", "import_consigment": "7325.4"}, {"country": "Turkey", "year": "2022", "timeperiod": "9", "export": "6441.7", "import_origin": "26841.8", "import_consigment": "6679.3"}, {"country": "Turkey", "year": "2022", "timeperiod": "10", "export": "738.4", "import_origin": "29438.5", "import_consigment": "10692.7"}, {"country": "Turkey", "year": "2022", "timeperiod": "11", "export": "52.7", "import_origin": "31704.9", "import_consigment": "10205.7"}, {"country": "Turkey", "year": "2022", "timeperiod": "12", "export": "1992.3", "import_origin": "32047.3", "import_consigment": "6808.1"}, {"country": "Turkey", "year": "2022", "timeperiod": "Year", "export": "61198.1", "import_origin": "263295.3", "import_consigment": "73982.6"}, {"country": "Turkey", "year": "2021", "timeperiod": "1", "export": "4.4", "import_origin": "2236.2", "import_consigment": "397.2"}, {"country": "Turkey", "year": "2021", "timeperiod": "2", "export": "8.4", "import_origin": "3425.3", "import_consigment": "1816.3"}, {"country": "Turkey", "year": "2021", "timeperiod": "3", "export": "4.4", "import_origin": "3617.0", "import_consigment": "2613.0"}, {"country": "Turkey", "year": "2021", "timeperiod": "4", "export": "39.1", "import_origin": "4312.0", "import_consigment": "3595.2"}, {"country": "Turkey", "year": "2021", "timeperiod": "5", "export": "14.5", "import_origin": "7024.9", "import_consigment": "4362.8"}, {"country": "Turkey", "year": "2021", "timeperiod": "6", "export": "34.5", "import_origin": "7982.8", "import_consigment": "3378.0"}, {"country": "Turkey", "year": "2021", "timeperiod": "7", "export": "0.1", "import_origin": "5755.5", "import_consigment": "3241.2"}]}