{"data": [{"country": "Czech Republic", "year": "2021", "timeperiod": "9", "export": "57.3", "import_origin": "1753.7", "import_consigment": "3084.8"}, {"country": "Czech Republic", "year": "2021", "timeperiod": "10", "export": "97.4", "import_origin": "1175.2", "import_consigment": "2604.1"}, {"country": "Czech Republic", "year": "2021", "timeperiod": "11", "export": "97.7", "import_origin": "897.8", "import_consigment": "4197.6"}, {"country": "Czech Republic", "year": "2021", "timeperiod": "12", "export": "117.0", "import_origin": "1477.6", "import_consigment": "6594.0"}, {"country": "Czech Republic", "year": "2021", "timeperiod": "Year", "export": "2485.9", "import_origin": "18545.0", "import_consigment": "43194.3"}, {"country": "Czech Republic", "year": "2020", "timeperiod": "1", "export": "125.7", "import_origin": "1270.6", "import_consigment": "2180.8"}, {"country": "Czech Republic", "year": "2020", "timeperiod": "2", "export": "320.5", "import_origin": "922.5", "import_consigment": "3258.1"}, {"country": "Czech Republic", "year": "2020", "timeperiod": "3", "export": "83.2", "import_origin": "1630.2", "import_consigment": "3239.5"}, {"country": "Czech Republic", "year": "2020", "timeperiod": "4", "export": "194.2", "import_origin": "2038.8", "import_consigment": "3265.5"}, {"country": "Czech Republic", "year": "2020", "timeperiod": "5", "export": "79.6", "import_origin": "1414.9", "import_consigment": "2170.3"}, {"country": "Czech Republic", "year": "2020", "timeperiod": "6", "export": "336.2", "import_origin": "3493.3", "import_consigment": "2184.3"}, {"country": "Czech Republic", "year": "2020", "timeperiod": "7", "export": "171.8", "import_origin": "3085.7", "import_consigment": "4478.2"}, {"country": "Czech Republic", "year": "2020", "timeperiod": "8", "export": "216.3", "import_origin": "658.9", "import_consigment": "3163.5"}, {"country": "Czech Republic", "year": "2020", "timeperiod": "9", "export": "561.0", "import_origin": "1415.8", "import_consigment": "1721.0"}, {"country": "Czech Republic", "year": "2020", "timeperiod": "10", "export": "97.7", "import_origin": "935.2", "import_consigment": "2350.6"}, {"country": "Czech Republic", "year": "2020", "timeperiod": "11", "export": "276.2", "import_origin": "1242.6", "import_consigment": "4367.2"}, {"country": "Czech Republic", "year": "2020", "timeperiod": "12", "export": "268.4", "import_origin": "4010.1", "import_consigment": "9059.3"}, {"country": "Czech Republic", "year": "2020", "timeperiod": "Year", "export": "2730.8", "import_origin": "22118.5", "import_consigment": "41438.3"}, {"country": "Czech Republic", "year": "2019", "timeperiod": "1", "export": "362.2", "import_origin": "713.9", "import_consigment": "2062.8"}, {"country": "Czech Republic", "year": "2019", "timeperiod": "2", "export": "223.6", "import_origin": "1068.9", "import_consigment": "2867.8"}, {"country": "Czech Republic", "year": "2019", "timeperiod": "3", "export": "351.8", "import_origin": "1100.1", "import_consigment": "2763.8"}, {"country": "Czech Republic", "year": "2019", "timeperiod": "4", "export": "279.3", "import_origin": "4055.5", "import_consigment": "5780.8"}, {"country": "Czech Republic", "year": "2019", "timeperiod": "5", "export": "374.3", "import_origin": "1487.7", "import_consigment": "2499.0"}, {"country": "Czech Republic", "year": "2019", "timeperiod": "6", "export": "407.5", "import_origin": "2354.9", "import_consigment": "3105.2"}, {"country": "Czech Republic", "year": "2019", "timeperiod": "7", "export": "337.3", "import_origin": "1270.7", "import_consigment": "4202.4"}]}