{"data": [{"country": "Bangladesh", "year": "2019", "timeperiod": "9", "export": "-", "import_origin": "3839.0", "import_consigment": "2902.0"}, {"country": "Bangladesh", "year": "2019", "timeperiod": "10", "export": "-", "import_origin": "1792.1", "import_consigment": "761.1"}, {"country": "Bangladesh", "year": "2019", "timeperiod": "11", "export": "-", "import_origin": "868.0", "import_consigment": "46.2"}, {"country": "Bangladesh", "year": "2019", "timeperiod": "12", "export": "-", "import_origin": "1825.0", "import_consigment": "1230.2"}, {"country": "Bangladesh", "year": "2019", "timeperiod": "Year", "export": "-", "import_origin": "16247.7", "import_consigment": "6351.0"}, {"country": "Bangladesh", "year": "2018", "timeperiod": "1", "export": "-", "import_origin": "1739.7", "import_consigment": "807.6"}, {"country": "Bangladesh", "year": "2018", "timeperiod": "2", "export": "-", "import_origin": "1090.7", "import_consigment": "51.3"}, {"country": "Bangladesh", "year": "2018", "timeperiod": "3", "export": "-", "import_origin": "3026.8", "import_consigment": "1797.1"}, {"country": "Bangladesh", "year": "2018", "timeperiod": "4", "export": "-", "import_origin": "929.0", "import_consigment": "41.1"}, {"country": "Bangladesh", "year": "2018", "timeperiod": "5", "export": "-", "import_origin": "1025.8", "import_consigment": "22.4"}, {"country": "Bangladesh", "year": "2018", "timeperiod": "6", "export": "-", "import_origin": "2594.1", "import_consigment": "1680.7"}, {"country": "Bangladesh", "year": "2018", "timeperiod": "7", "export": "-", "import_origin": "934.8", "import_consigment": "26.3"}, {"country": "Bangladesh", "year": "2018", "timeperiod": "8", "export": "-", "import_origin": "1475.8", "import_consigment": "24.7"}, {"country": "Bangladesh", "year": "2018", "timeperiod": "9", "export": "-", "import_origin": "1087.0", "import_consigment": "32.0"}, {"country": "Bangladesh", "year": "2018", "timeperiod": "10", "export": "-", "import_origin": "2084.9", "import_consigment": "1152.1"}, {"country": "Bangladesh", "year": "2018", "timeperiod": "11", "export": "-", "import_origin": "3071.7", "import_consigment": "2146.5"}, {"country": "Bangladesh", "year": "2018", "timeperiod": "12", "export": "-", "import_origin": "765.0", "import_consigment": "26.2"}, {"country": "Bangladesh", "year": "2018", "timeperiod": "Year", "export": "-", "import_origin": "19825.3", "import_consigment": "7808.1"}, {"country": "Bangladesh", "year": "2017", "timeperiod": "1", "export": "-", "import_origin": "654.5", "import_consigment": "14.1"}, {"country": "Bangladesh", "year": "2017", "timeperiod": "2", "export": "-", "import_origin": "790.0", "import_consigment": "8.7"}, {"country": "Bangladesh", "year": "2017", "timeperiod": "3", "export": "-", "import_origin": "1560.7", "import_consigment": "716.7"}, {"country": "Bangladesh", "year": "2017", "timeperiod": "4", "export": "-", "import_origin": "855.9", "import_consigment": "6.3"}, {"country": "Bangladesh", "year": "2017", "timeperiod": "5", "export": "-", "import_origin": "992.1", "import_consigment": "701.0"}, {"country": "Bangladesh", "year": "2017", "timeperiod": "6", "export": "-", "import_origin": "753.8", "import_consigment": "-"}, {"country": "Bangladesh", "year": "2017", "timeperiod": "7", "export": "-", "import_origin": "892.4", "import_consigment": "75.1"}]}