{"data": [{"country": "Anguilla", "year": "2019", "timeperiod": "10", "export": "-", "import_origin": "144.8", "import_consigment": "-"}, {"country": "Anguilla", "year": "2019", "timeperiod": "11", "export": "-", "import_origin": "105.8", "import_consigment": "-"}, {"country": "Anguilla", "year": "2019", "timeperiod": "12", "export": "-", "import_origin": "174.3", "import_consigment": "-"}, {"country": "Anguilla", "year": "2019", "timeperiod": "Year", "export": "-", "import_origin": "679.6", "import_consigment": "5.7"}, {"country": "Anguilla", "year": "2018", "timeperiod": "1", "export": "-", "import_origin": "6.2", "import_consigment": "-"}, {"country": "Anguilla", "year": "2018", "timeperiod": "2", "export": "-", "import_origin": "13.7", "import_consigment": "-"}, {"country": "Anguilla", "year": "2018", "timeperiod": "3", "export": "-", "import_origin": "57.7", "import_consigment": "-"}, {"country": "Anguilla", "year": "2018", "timeperiod": "4", "export": "-", "import_origin": "28.7", "import_consigment": "-"}, {"country": "Anguilla", "year": "2018", "timeperiod": "5", "export": "-", "import_origin": "8.9", "import_consigment": "-"}, {"country": "Anguilla", "year": "2018", "timeperiod": "6", "export": "-", "import_origin": "11.8", "import_consigment": "-"}, {"country": "Anguilla", "year": "2018", "timeperiod": "7", "export": "-", "import_origin": "5.8", "import_consigment": "-"}, {"country": "Anguilla", "year": "2018", "timeperiod": "8", "export": "-", "import_origin": "10.5", "import_consigment": "-"}, {"country": "Anguilla", "year": "2018", "timeperiod": "9", "export": "-", "import_origin": "19.0", "import_consigment": "-"}, {"country": "Anguilla", "year": "2018", "timeperiod": "10", "export": "-", "import_origin": "22.6", "import_consigment": "-"}, {"country": "Anguilla", "year": "2018", "timeperiod": "11", "export": "-", "import_origin": "13.9", "import_consigment": "-"}, {"country": "Anguilla", "year": "2018", "timeperiod": "12", "export": "-", "import_origin": "13.5", "import_consigment": "-"}, {"country": "Anguilla", "year": "2018", "timeperiod": "Year", "export": "-", "import_origin": "212.4", "import_consigment": "-"}, {"country": "Anguilla", "year": "2017", "timeperiod": "2", "export": "-", "import_origin": "26.1", "import_consigment": "-"}, {"country": "Anguilla", "year": "2017", "timeperiod": "3", "export": "-", "import_origin": "36.9", "import_consigment": "-"}, {"country": "Anguilla", "year": "2017", "timeperiod": "4", "export": "-", "import_origin": "6.1", "import_consigment": "-"}, {"country": "Anguilla", "year": "2017", "timeperiod": "5", "export": "-", "import_origin": "18.2", "import_consigment": "-"}, {"country": "Anguilla", "year": "2017", "timeperiod": "6", "export": "-", "import_origin": "66.5", "import_consigment": "-"}, {"country": "Anguilla", "year": "2017", "timeperiod": "7", "export": "-", "import_origin": "-", "import_consigment": "-"}, {"country": "Anguilla", "year": "2017", "timeperiod": "8", "export": "-", "import_origin": "26.1", "import_consigment": "-"}, {"country": "Anguilla", "year": "2017", "timeperiod": "9", "export": "-", "import_origin": "1.4", "import_consigment": "-"}]}