{"data": [{"country": "Sweden", "year": "2020", "timeperiod": "5", "export": "77.5", "import_origin": "832.8", "import_consigment": "436.8"}, {"country": "Sweden", "year": "2020", "timeperiod": "6", "export": "0.2", "import_origin": "1496.4", "import_consigment": "607.5"}, {"country": "Sweden", "year": "2020", "timeperiod": "7", "export": "6.6", "import_origin": "1031.7", "import_consigment": "811.4"}, {"country": "Sweden", "year": "2020", "timeperiod": "8", "export": "1.5", "import_origin": "803.6", "import_consigment": "293.2"}, {"country": "Sweden", "year": "2020", "timeperiod": "9", "export": "-", "import_origin": "1548.3", "import_consigment": "1028.6"}, {"country": "Sweden", "year": "2020", "timeperiod": "10", "export": "57.2", "import_origin": "935.9", "import_consigment": "491.0"}, {"country": "Sweden", "year": "2020", "timeperiod": "11", "export": "25.9", "import_origin": "535.2", "import_consigment": "340.8"}, {"country": "Sweden", "year": "2020", "timeperiod": "12", "export": "146.7", "import_origin": "914.1", "import_consigment": "933.0"}, {"country": "Sweden", "year": "2020", "timeperiod": "Year", "export": "523.6", "import_origin": "13523.4", "import_consigment": "10182.1"}, {"country": "Sweden", "year": "2019", "timeperiod": "1", "export": "33.2", "import_origin": "821.5", "import_consigment": "890.8"}, {"country": "Sweden", "year": "2019", "timeperiod": "2", "export": "19.5", "import_origin": "1542.9", "import_consigment": "1261.0"}, {"country": "Sweden", "year": "2019", "timeperiod": "3", "export": "128.1", "import_origin": "856.5", "import_consigment": "358.2"}, {"country": "Sweden", "year": "2019", "timeperiod": "4", "export": "249.3", "import_origin": "1823.8", "import_consigment": "1073.8"}, {"country": "Sweden", "year": "2019", "timeperiod": "5", "export": "303.1", "import_origin": "1747.7", "import_consigment": "830.2"}, {"country": "Sweden", "year": "2019", "timeperiod": "6", "export": "87.4", "import_origin": "1391.9", "import_consigment": "819.2"}, {"country": "Sweden", "year": "2019", "timeperiod": "7", "export": "0.7", "import_origin": "1258.3", "import_consigment": "502.6"}, {"country": "Sweden", "year": "2019", "timeperiod": "8", "export": "-", "import_origin": "862.9", "import_consigment": "626.7"}, {"country": "Sweden", "year": "2019", "timeperiod": "9", "export": "16.4", "import_origin": "1457.0", "import_consigment": "962.1"}, {"country": "Sweden", "year": "2019", "timeperiod": "10", "export": "31.9", "import_origin": "2039.1", "import_consigment": "1330.0"}, {"country": "Sweden", "year": "2019", "timeperiod": "11", "export": "2.6", "import_origin": "2780.2", "import_consigment": "1828.4"}, {"country": "Sweden", "year": "2019", "timeperiod": "12", "export": "68.0", "import_origin": "3773.4", "import_consigment": "2514.4"}, {"country": "Sweden", "year": "2019", "timeperiod": "Year", "export": "940.2", "import_origin": "20355.3", "import_consigment": "12997.4"}, {"country": "Sweden", "year": "2018", "timeperiod": "1", "export": "-", "import_origin": "885.7", "import_consigment": "1155.3"}, {"country": "Sweden", "year": "2018", "timeperiod": "2", "export": "-", "import_origin": "2138.1", "import_consigment": "2827.0"}, {"country": "Sweden", "year": "2018", "timeperiod": "3", "export": "11.7", "import_origin": "4334.9", "import_consigment": "3697.4"}]}