{"data": [{"country": "Indonesia", "year": "2021", "timeperiod": "11", "export": "-", "import_origin": "3948.8", "import_consigment": "3539.1"}, {"country": "Indonesia", "year": "2021", "timeperiod": "12", "export": "-", "import_origin": "3646.0", "import_consigment": "3230.0"}, {"country": "Indonesia", "year": "2021", "timeperiod": "Year", "export": "799.9", "import_origin": "28170.9", "import_consigment": "24406.8"}, {"country": "Indonesia", "year": "2020", "timeperiod": "1", "export": "-", "import_origin": "1384.9", "import_consigment": "1201.8"}, {"country": "Indonesia", "year": "2020", "timeperiod": "2", "export": "-", "import_origin": "2387.5", "import_consigment": "2124.5"}, {"country": "Indonesia", "year": "2020", "timeperiod": "3", "export": "-", "import_origin": "1602.0", "import_consigment": "1401.7"}, {"country": "Indonesia", "year": "2020", "timeperiod": "4", "export": "3.0", "import_origin": "1804.7", "import_consigment": "1604.8"}, {"country": "Indonesia", "year": "2020", "timeperiod": "5", "export": "-", "import_origin": "2417.9", "import_consigment": "2310.1"}, {"country": "Indonesia", "year": "2020", "timeperiod": "6", "export": "9.1", "import_origin": "1650.7", "import_consigment": "1422.2"}, {"country": "Indonesia", "year": "2020", "timeperiod": "7", "export": "22.5", "import_origin": "702.3", "import_consigment": "540.2"}, {"country": "Indonesia", "year": "2020", "timeperiod": "8", "export": "15.0", "import_origin": "1790.3", "import_consigment": "1547.5"}, {"country": "Indonesia", "year": "2020", "timeperiod": "9", "export": "41.6", "import_origin": "3322.3", "import_consigment": "3060.7"}, {"country": "Indonesia", "year": "2020", "timeperiod": "10", "export": "129.8", "import_origin": "2061.5", "import_consigment": "1880.6"}, {"country": "Indonesia", "year": "2020", "timeperiod": "11", "export": "151.1", "import_origin": "3407.1", "import_consigment": "5184.8"}, {"country": "Indonesia", "year": "2020", "timeperiod": "12", "export": "-", "import_origin": "2111.1", "import_consigment": "1836.2"}, {"country": "Indonesia", "year": "2020", "timeperiod": "Year", "export": "372.2", "import_origin": "24642.2", "import_consigment": "24114.8"}, {"country": "Indonesia", "year": "2019", "timeperiod": "1", "export": "-", "import_origin": "1477.9", "import_consigment": "1344.1"}, {"country": "Indonesia", "year": "2019", "timeperiod": "2", "export": "-", "import_origin": "2320.3", "import_consigment": "2013.5"}, {"country": "Indonesia", "year": "2019", "timeperiod": "3", "export": "-", "import_origin": "1943.5", "import_consigment": "1791.8"}, {"country": "Indonesia", "year": "2019", "timeperiod": "4", "export": "-", "import_origin": "2251.6", "import_consigment": "1970.1"}, {"country": "Indonesia", "year": "2019", "timeperiod": "5", "export": "-", "import_origin": "1562.1", "import_consigment": "1449.6"}, {"country": "Indonesia", "year": "2019", "timeperiod": "6", "export": "-", "import_origin": "1581.8", "import_consigment": "1417.1"}, {"country": "Indonesia", "year": "2019", "timeperiod": "7", "export": "-", "import_origin": "1692.7", "import_consigment": "1516.7"}, {"country": "Indonesia", "year": "2019", "timeperiod": "8", "export": "-", "import_origin": "1931.6", "import_consigment": "1579.9"}, {"country": "Indonesia", "year": "2019", "timeperiod": "9", "export": "1.0", "import_origin": "1900.4", "import_consigment": "1527.0"}]}