{"data": [{"country": "Bermuda", "year": "2022", "timeperiod": "Year", "export": "130.0", "import_origin": "-", "import_consigment": "-"}, {"country": "Bermuda", "year": "2021", "timeperiod": "11", "export": "-", "import_origin": "-", "import_consigment": "0.4"}, {"country": "Bermuda", "year": "2021", "timeperiod": "Year", "export": "-", "import_origin": "-", "import_consigment": "0.4"}, {"country": "Bhutan", "year": "2022", "timeperiod": "10", "export": "-", "import_origin": "10.4", "import_consigment": "-"}, {"country": "Bhutan", "year": "2022", "timeperiod": "11", "export": "-", "import_origin": "-", "import_consigment": "-"}, {"country": "Bhutan", "year": "2022", "timeperiod": "Year", "export": "-", "import_origin": "10.4", "import_consigment": "-"}, {"country": "Bolivia", "year": "2022", "timeperiod": "1", "export": "-", "import_origin": "0.4", "import_consigment": "-"}, {"country": "Bolivia", "year": "2022", "timeperiod": "2", "export": "-", "import_origin": "4.3", "import_consigment": "-"}, {"country": "Bolivia", "year": "2022", "timeperiod": "4", "export": "-", "import_origin": "1.6", "import_consigment": "-"}, {"country": "Bolivia", "year": "2022", "timeperiod": "5", "export": "-", "import_origin": "8.1", "import_consigment": "-"}, {"country": "Bolivia", "year": "2022", "timeperiod": "7", "export": "-", "import_origin": "0.1", "import_consigment": "-"}, {"country": "Bolivia", "year": "2022", "timeperiod": "9", "export": "-", "import_origin": "1.3", "import_consigment": "-"}, {"country": "Bolivia", "year": "2022", "timeperiod": "10", "export": "-", "import_origin": "9.9", "import_consigment": "-"}, {"country": "Bolivia", "year": "2022", "timeperiod": "11", "export": "-", "import_origin": "3.0", "import_consigment": "-"}, {"country": "Bolivia", "year": "2022", "timeperiod": "12", "export": "-", "import_origin": "154.1", "import_consigment": "-"}, {"country": "Bolivia", "year": "2022", "timeperiod": "Year", "export": "-", "import_origin": "182.8", "import_consigment": "-"}, {"country": "Bolivia", "year": "2021", "timeperiod": "2", "export": "-", "import_origin": "2.1", "import_consigment": "-"}, {"country": "Bolivia", "year": "2021", "timeperiod": "3", "export": "-", "import_origin": "1.0", "import_consigment": "-"}, {"country": "Bolivia", "year": "2021", "timeperiod": "5", "export": "-", "import_origin": "1.3", "import_consigment": "-"}, {"country": "Bolivia", "year": "2021", "timeperiod": "6", "export": "-", "import_origin": "1.0", "import_consigment": "-"}, {"country": "Bolivia", "year": "2021", "timeperiod": "7", "export": "-", "import_origin": "0.4", "import_consigment": "-"}, {"country": "Bolivia", "year": "2021", "timeperiod": "8", "export": "-", "import_origin": "2.6", "import_consigment": "-"}, {"country": "Bolivia", "year": "2021", "timeperiod": "9", "export": "-", "import_origin": "2.5", "import_consigment": "-"}, {"country": "Bolivia", "year": "2021", "timeperiod": "10", "export": "-", "import_origin": "1.5", "import_consigment": "-"}, {"country": "Bolivia", "year": "2021", "timeperiod": "11", "export": "-", "import_origin": "0.9", "import_consigment": "-"}]}