{"data": [{"country": "Afghanistan", "year": "2017", "timeperiod": "4", "export": "-", "import_origin": "0.3", "import_consigment": "-"}, {"country": "Afghanistan", "year": "2017", "timeperiod": "6", "export": "-", "import_origin": "0.4", "import_consigment": "0.4"}, {"country": "Afghanistan", "year": "2017", "timeperiod": "7", "export": "-", "import_origin": "0.2", "import_consigment": "-"}, {"country": "Afghanistan", "year": "2017", "timeperiod": "8", "export": "-", "import_origin": "0.3", "import_consigment": "-"}, {"country": "Afghanistan", "year": "2017", "timeperiod": "9", "export": "-", "import_origin": "0.1", "import_consigment": "-"}, {"country": "Afghanistan", "year": "2017", "timeperiod": "11", "export": "-", "import_origin": "0.5", "import_consigment": "-"}, {"country": "Afghanistan", "year": "2017", "timeperiod": "12", "export": "61.2", "import_origin": "-", "import_consigment": "-"}, {"country": "Afghanistan", "year": "2017", "timeperiod": "Year", "export": "61.2", "import_origin": "1.9", "import_consigment": "0.4"}, {"country": "Albania", "year": "2023", "timeperiod": "1", "export": "-", "import_origin": "83.6", "import_consigment": "-"}, {"country": "Albania", "year": "2023", "timeperiod": "Year", "export": "-", "import_origin": "83.6", "import_consigment": "-"}, {"country": "Albania", "year": "2022", "timeperiod": "1", "export": "-", "import_origin": "56.5", "import_consigment": "-"}, {"country": "Albania", "year": "2022", "timeperiod": "2", "export": "-", "import_origin": "334.8", "import_consigment": "-"}, {"country": "Albania", "year": "2022", "timeperiod": "3", "export": "-", "import_origin": "174.2", "import_consigment": "-"}, {"country": "Albania", "year": "2022", "timeperiod": "4", "export": "-", "import_origin": "32.3", "import_consigment": "-"}, {"country": "Albania", "year": "2022", "timeperiod": "5", "export": "-", "import_origin": "47.9", "import_consigment": "-"}, {"country": "Albania", "year": "2022", "timeperiod": "6", "export": "-", "import_origin": "14.9", "import_consigment": "7.5"}, {"country": "Albania", "year": "2022", "timeperiod": "7", "export": "-", "import_origin": "204.1", "import_consigment": "-"}, {"country": "Albania", "year": "2022", "timeperiod": "8", "export": "-", "import_origin": "131.1", "import_consigment": "-"}, {"country": "Albania", "year": "2022", "timeperiod": "9", "export": "129.0", "import_origin": "79.1", "import_consigment": "-"}, {"country": "Albania", "year": "2022", "timeperiod": "10", "export": "-", "import_origin": "86.9", "import_consigment": "-"}, {"country": "Albania", "year": "2022", "timeperiod": "11", "export": "-", "import_origin": "98.6", "import_consigment": "13.7"}, {"country": "Albania", "year": "2022", "timeperiod": "12", "export": "-", "import_origin": "173.9", "import_consigment": "-"}, {"country": "Albania", "year": "2022", "timeperiod": "Year", "export": "129.0", "import_origin": "1434.2", "import_consigment": "21.1"}, {"country": "Albania", "year": "2021", "timeperiod": "1", "export": "-", "import_origin": "199.9", "import_consigment": "-"}, {"country": "Albania", "year": "2021", "timeperiod": "2", "export": "-", "import_origin": "116.1", "import_consigment": "-"}]}