{"data": [{"country": "Korea, Republic of", "year": "2022", "timeperiod": "5", "export": "24.9", "import_origin": "8360.9", "import_consigment": "4777.1"}, {"country": "Korea, Republic of", "year": "2022", "timeperiod": "6", "export": "13.7", "import_origin": "5152.1", "import_consigment": "1782.8"}, {"country": "Korea, Republic of", "year": "2022", "timeperiod": "7", "export": "1.1", "import_origin": "7044.4", "import_consigment": "2360.4"}, {"country": "Korea, Republic of", "year": "2022", "timeperiod": "8", "export": "1683.1", "import_origin": "11744.0", "import_consigment": "2744.3"}, {"country": "Korea, Republic of", "year": "2022", "timeperiod": "9", "export": "3083.8", "import_origin": "11244.0", "import_consigment": "5680.5"}, {"country": "Korea, Republic of", "year": "2022", "timeperiod": "10", "export": "576.7", "import_origin": "8562.9", "import_consigment": "4877.6"}, {"country": "Korea, Republic of", "year": "2022", "timeperiod": "11", "export": "4205.2", "import_origin": "11049.2", "import_consigment": "6295.2"}, {"country": "Korea, Republic of", "year": "2022", "timeperiod": "12", "export": "936.6", "import_origin": "13045.2", "import_consigment": "10099.8"}, {"country": "Korea, Republic of", "year": "2022", "timeperiod": "Year", "export": "10650.1", "import_origin": "94812.1", "import_consigment": "47757.6"}, {"country": "Korea, Republic of", "year": "2021", "timeperiod": "1", "export": "7.2", "import_origin": "1892.8", "import_consigment": "1190.8"}, {"country": "Korea, Republic of", "year": "2021", "timeperiod": "2", "export": "4.8", "import_origin": "2594.9", "import_consigment": "1648.0"}, {"country": "Korea, Republic of", "year": "2021", "timeperiod": "3", "export": "68.3", "import_origin": "3657.8", "import_consigment": "1894.0"}, {"country": "Korea, Republic of", "year": "2021", "timeperiod": "4", "export": "11.9", "import_origin": "2967.8", "import_consigment": "1883.2"}, {"country": "Korea, Republic of", "year": "2021", "timeperiod": "5", "export": "4935.1", "import_origin": "2652.5", "import_consigment": "1815.2"}, {"country": "Korea, Republic of", "year": "2021", "timeperiod": "6", "export": "7.6", "import_origin": "3114.0", "import_consigment": "1342.9"}, {"country": "Korea, Republic of", "year": "2021", "timeperiod": "7", "export": "10.0", "import_origin": "5294.3", "import_consigment": "3474.0"}, {"country": "Korea, Republic of", "year": "2021", "timeperiod": "8", "export": "12.3", "import_origin": "3639.0", "import_consigment": "2249.8"}, {"country": "Korea, Republic of", "year": "2021", "timeperiod": "9", "export": "-", "import_origin": "4181.0", "import_consigment": "2549.2"}, {"country": "Korea, Republic of", "year": "2021", "timeperiod": "10", "export": "0.1", "import_origin": "5272.6", "import_consigment": "3192.1"}, {"country": "Korea, Republic of", "year": "2021", "timeperiod": "11", "export": "71.4", "import_origin": "5369.0", "import_consigment": "2965.9"}, {"country": "Korea, Republic of", "year": "2021", "timeperiod": "12", "export": "14.0", "import_origin": "6347.0", "import_consigment": "3820.4"}, {"country": "Korea, Republic of", "year": "2021", "timeperiod": "Year", "export": "5142.7", "import_origin": "46982.7", "import_consigment": "28025.7"}, {"country": "Korea, Republic of", "year": "2020", "timeperiod": "1", "export": "7.8", "import_origin": "3003.8", "import_consigment": "2058.4"}, {"country": "Korea, Republic of", "year": "2020", "timeperiod": "2", "export": "41.7", "import_origin": "3080.3", "import_consigment": "1962.3"}, {"country": "Korea, Republic of", "year": "2020", "timeperiod": "3", "export": "50.0", "import_origin": "3240.5", "import_consigment": "2281.2"}]}