{"data": [{"country": "Chile", "year": "2021", "timeperiod": "10", "export": "-", "import_origin": "231.7", "import_consigment": "43.2"}, {"country": "Chile", "year": "2021", "timeperiod": "11", "export": "-", "import_origin": "464.7", "import_consigment": "86.6"}, {"country": "Chile", "year": "2021", "timeperiod": "12", "export": "-", "import_origin": "313.7", "import_consigment": "90.7"}, {"country": "Chile", "year": "2021", "timeperiod": "Year", "export": "39.7", "import_origin": "2614.8", "import_consigment": "1162.4"}, {"country": "Chile", "year": "2020", "timeperiod": "1", "export": "502.0", "import_origin": "219.3", "import_consigment": "104.5"}, {"country": "Chile", "year": "2020", "timeperiod": "2", "export": "-", "import_origin": "88.6", "import_consigment": "71.3"}, {"country": "Chile", "year": "2020", "timeperiod": "3", "export": "-", "import_origin": "344.9", "import_consigment": "71.8"}, {"country": "Chile", "year": "2020", "timeperiod": "4", "export": "-", "import_origin": "0.9", "import_consigment": "-"}, {"country": "Chile", "year": "2020", "timeperiod": "5", "export": "-", "import_origin": "204.5", "import_consigment": "160.3"}, {"country": "Chile", "year": "2020", "timeperiod": "6", "export": "0.2", "import_origin": "134.6", "import_consigment": "-"}, {"country": "Chile", "year": "2020", "timeperiod": "7", "export": "-", "import_origin": "465.9", "import_consigment": "208.8"}, {"country": "Chile", "year": "2020", "timeperiod": "8", "export": "-", "import_origin": "107.2", "import_consigment": "-"}, {"country": "Chile", "year": "2020", "timeperiod": "9", "export": "-", "import_origin": "216.6", "import_consigment": "294.5"}, {"country": "Chile", "year": "2020", "timeperiod": "10", "export": "-", "import_origin": "259.6", "import_consigment": "-"}, {"country": "Chile", "year": "2020", "timeperiod": "11", "export": "-", "import_origin": "409.9", "import_consigment": "250.4"}, {"country": "Chile", "year": "2020", "timeperiod": "12", "export": "18.3", "import_origin": "541.7", "import_consigment": "-"}, {"country": "Chile", "year": "2020", "timeperiod": "Year", "export": "520.5", "import_origin": "2993.7", "import_consigment": "1161.6"}, {"country": "Chile", "year": "2019", "timeperiod": "1", "export": "-", "import_origin": "35.0", "import_consigment": "-"}, {"country": "Chile", "year": "2019", "timeperiod": "2", "export": "-", "import_origin": "360.2", "import_consigment": "155.2"}, {"country": "Chile", "year": "2019", "timeperiod": "3", "export": "-", "import_origin": "96.3", "import_consigment": "-"}, {"country": "Chile", "year": "2019", "timeperiod": "4", "export": "-", "import_origin": "88.2", "import_consigment": "76.4"}, {"country": "Chile", "year": "2019", "timeperiod": "5", "export": "-", "import_origin": "51.4", "import_consigment": "-"}, {"country": "Chile", "year": "2019", "timeperiod": "6", "export": "-", "import_origin": "234.1", "import_consigment": "74.8"}, {"country": "Chile", "year": "2019", "timeperiod": "7", "export": "-", "import_origin": "376.4", "import_consigment": "203.8"}, {"country": "Chile", "year": "2019", "timeperiod": "8", "export": "-", "import_origin": "161.7", "import_consigment": "103.5"}]}