{"data": [{"country": "Iran, Islamic Republic of", "year": "2021", "timeperiod": "6", "export": "3379.4", "import_origin": "37030.6", "import_consigment": "37026.8"}, {"country": "Iran, Islamic Republic of", "year": "2021", "timeperiod": "7", "export": "4063.7", "import_origin": "36888.5", "import_consigment": "36830.0"}, {"country": "Iran, Islamic Republic of", "year": "2021", "timeperiod": "8", "export": "3746.5", "import_origin": "29227.4", "import_consigment": "29171.0"}, {"country": "Iran, Islamic Republic of", "year": "2021", "timeperiod": "9", "export": "5468.5", "import_origin": "38098.6", "import_consigment": "38299.6"}, {"country": "Iran, Islamic Republic of", "year": "2021", "timeperiod": "10", "export": "4081.0", "import_origin": "43420.1", "import_consigment": "43052.4"}, {"country": "Iran, Islamic Republic of", "year": "2021", "timeperiod": "11", "export": "4858.1", "import_origin": "49442.9", "import_consigment": "49099.8"}, {"country": "Iran, Islamic Republic of", "year": "2021", "timeperiod": "12", "export": "10369.6", "import_origin": "49635.1", "import_consigment": "49598.8"}, {"country": "Iran, Islamic Republic of", "year": "2021", "timeperiod": "Year", "export": "65519.2", "import_origin": "437976.4", "import_consigment": "439572.7"}, {"country": "Iran, Islamic Republic of", "year": "2020", "timeperiod": "1", "export": "5397.5", "import_origin": "21061.4", "import_consigment": "21140.8"}, {"country": "Iran, Islamic Republic of", "year": "2020", "timeperiod": "2", "export": "7933.9", "import_origin": "25743.4", "import_consigment": "25549.9"}, {"country": "Iran, Islamic Republic of", "year": "2020", "timeperiod": "3", "export": "5767.7", "import_origin": "11269.9", "import_consigment": "11332.8"}, {"country": "Iran, Islamic Republic of", "year": "2020", "timeperiod": "4", "export": "8784.6", "import_origin": "17668.0", "import_consigment": "17639.1"}, {"country": "Iran, Islamic Republic of", "year": "2020", "timeperiod": "5", "export": "6620.0", "import_origin": "25537.3", "import_consigment": "25522.4"}, {"country": "Iran, Islamic Republic of", "year": "2020", "timeperiod": "6", "export": "7220.3", "import_origin": "33916.2", "import_consigment": "33944.8"}, {"country": "Iran, Islamic Republic of", "year": "2020", "timeperiod": "7", "export": "7792.9", "import_origin": "33912.7", "import_consigment": "34228.3"}, {"country": "Iran, Islamic Republic of", "year": "2020", "timeperiod": "8", "export": "7792.5", "import_origin": "31948.9", "import_consigment": "31982.7"}, {"country": "Iran, Islamic Republic of", "year": "2020", "timeperiod": "9", "export": "7377.0", "import_origin": "26754.6", "import_consigment": "26915.9"}, {"country": "Iran, Islamic Republic of", "year": "2020", "timeperiod": "10", "export": "9246.9", "import_origin": "28752.1", "import_consigment": "28796.2"}, {"country": "Iran, Islamic Republic of", "year": "2020", "timeperiod": "11", "export": "5729.9", "import_origin": "26037.7", "import_consigment": "26006.0"}, {"country": "Iran, Islamic Republic of", "year": "2020", "timeperiod": "12", "export": "4894.0", "import_origin": "34581.4", "import_consigment": "34706.1"}, {"country": "Iran, Islamic Republic of", "year": "2020", "timeperiod": "Year", "export": "84557.2", "import_origin": "317183.6", "import_consigment": "317764.9"}, {"country": "Iran, Islamic Republic of", "year": "2019", "timeperiod": "1", "export": "2306.6", "import_origin": "14061.1", "import_consigment": "14134.4"}, {"country": "Iran, Islamic Republic of", "year": "2019", "timeperiod": "2", "export": "3123.7", "import_origin": "21628.5", "import_consigment": "21753.5"}, {"country": "Iran, Islamic Republic of", "year": "2019", "timeperiod": "3", "export": "3937.7", "import_origin": "27536.2", "import_consigment": "27936.9"}, {"country": "Iran, Islamic Republic of", "year": "2019", "timeperiod": "4", "export": "8503.2", "import_origin": "20344.3", "import_consigment": "20260.6"}]}