{"data": [{"country": "Svalbard and Jan Mayen Islands", "year": "2018", "timeperiod": "5", "export": "-", "import_origin": "0.1", "import_consigment": "-"}, {"country": "Svalbard and Jan Mayen Islands", "year": "2018", "timeperiod": "6", "export": "-", "import_origin": "0.1", "import_consigment": "-"}, {"country": "Svalbard and Jan Mayen Islands", "year": "2018", "timeperiod": "Year", "export": "-", "import_origin": "0.1", "import_consigment": "-"}, {"country": "Swaziland", "year": "2023", "timeperiod": "1", "export": "-", "import_origin": "-", "import_consigment": "-"}, {"country": "Swaziland", "year": "2023", "timeperiod": "Year", "export": "-", "import_origin": "-", "import_consigment": "-"}, {"country": "Swaziland", "year": "2022", "timeperiod": "1", "export": "-", "import_origin": "0.2", "import_consigment": "-"}, {"country": "Swaziland", "year": "2022", "timeperiod": "5", "export": "-", "import_origin": "1.9", "import_consigment": "-"}, {"country": "Swaziland", "year": "2022", "timeperiod": "6", "export": "-", "import_origin": "0.3", "import_consigment": "-"}, {"country": "Swaziland", "year": "2022", "timeperiod": "8", "export": "-", "import_origin": "0.1", "import_consigment": "-"}, {"country": "Swaziland", "year": "2022", "timeperiod": "10", "export": "-", "import_origin": "0.2", "import_consigment": "-"}, {"country": "Swaziland", "year": "2022", "timeperiod": "11", "export": "-", "import_origin": "0.2", "import_consigment": "-"}, {"country": "Swaziland", "year": "2022", "timeperiod": "12", "export": "-", "import_origin": "0.1", "import_consigment": "-"}, {"country": "Swaziland", "year": "2022", "timeperiod": "Year", "export": "-", "import_origin": "2.9", "import_consigment": "-"}, {"country": "Swaziland", "year": "2021", "timeperiod": "3", "export": "-", "import_origin": "0.4", "import_consigment": "-"}, {"country": "Swaziland", "year": "2021", "timeperiod": "7", "export": "-", "import_origin": "0.2", "import_consigment": "-"}, {"country": "Swaziland", "year": "2021", "timeperiod": "8", "export": "-", "import_origin": "0.1", "import_consigment": "-"}, {"country": "Swaziland", "year": "2021", "timeperiod": "9", "export": "-", "import_origin": "3.6", "import_consigment": "-"}, {"country": "Swaziland", "year": "2021", "timeperiod": "12", "export": "-", "import_origin": "4.0", "import_consigment": "-"}, {"country": "Swaziland", "year": "2021", "timeperiod": "Year", "export": "-", "import_origin": "8.2", "import_consigment": "-"}, {"country": "Swaziland", "year": "2020", "timeperiod": "1", "export": "-", "import_origin": "-", "import_consigment": "-"}, {"country": "Swaziland", "year": "2020", "timeperiod": "2", "export": "-", "import_origin": "0.6", "import_consigment": "-"}, {"country": "Swaziland", "year": "2020", "timeperiod": "3", "export": "-", "import_origin": "1.0", "import_consigment": "-"}, {"country": "Swaziland", "year": "2020", "timeperiod": "6", "export": "-", "import_origin": "0.1", "import_consigment": "-"}, {"country": "Swaziland", "year": "2020", "timeperiod": "7", "export": "-", "import_origin": "3.4", "import_consigment": "-"}, {"country": "Swaziland", "year": "2020", "timeperiod": "8", "export": "-", "import_origin": "0.2", "import_consigment": "-"}]}