{"data": [{"country": "Mexico", "year": "2018", "timeperiod": "8", "export": "2.7", "import_origin": "854.1", "import_consigment": "22.3"}, {"country": "Mexico", "year": "2018", "timeperiod": "9", "export": "0.4", "import_origin": "699.2", "import_consigment": "203.8"}, {"country": "Mexico", "year": "2018", "timeperiod": "10", "export": "-", "import_origin": "643.4", "import_consigment": "23.1"}, {"country": "Mexico", "year": "2018", "timeperiod": "11", "export": "-", "import_origin": "711.8", "import_consigment": "75.4"}, {"country": "Mexico", "year": "2018", "timeperiod": "12", "export": "-", "import_origin": "794.1", "import_consigment": "28.6"}, {"country": "Mexico", "year": "2018", "timeperiod": "Year", "export": "26.2", "import_origin": "10041.4", "import_consigment": "1310.9"}, {"country": "Mexico", "year": "2017", "timeperiod": "1", "export": "-", "import_origin": "1365.8", "import_consigment": "124.4"}, {"country": "Mexico", "year": "2017", "timeperiod": "2", "export": "-", "import_origin": "796.3", "import_consigment": "-"}, {"country": "Mexico", "year": "2017", "timeperiod": "3", "export": "0.7", "import_origin": "1024.9", "import_consigment": "12.9"}, {"country": "Mexico", "year": "2017", "timeperiod": "4", "export": "21.1", "import_origin": "339.8", "import_consigment": "9.8"}, {"country": "Mexico", "year": "2017", "timeperiod": "5", "export": "42.3", "import_origin": "706.7", "import_consigment": "-"}, {"country": "Mexico", "year": "2017", "timeperiod": "6", "export": "27.9", "import_origin": "729.9", "import_consigment": "87.8"}, {"country": "Mexico", "year": "2017", "timeperiod": "7", "export": "28.3", "import_origin": "754.3", "import_consigment": "-"}, {"country": "Mexico", "year": "2017", "timeperiod": "8", "export": "10.6", "import_origin": "774.4", "import_consigment": "184.1"}, {"country": "Mexico", "year": "2017", "timeperiod": "9", "export": "-", "import_origin": "876.2", "import_consigment": "2.4"}, {"country": "Mexico", "year": "2017", "timeperiod": "10", "export": "-", "import_origin": "500.9", "import_consigment": "65.9"}, {"country": "Mexico", "year": "2017", "timeperiod": "11", "export": "-", "import_origin": "1341.8", "import_consigment": "17.3"}, {"country": "Mexico", "year": "2017", "timeperiod": "12", "export": "-", "import_origin": "1118.9", "import_consigment": "86.2"}, {"country": "Mexico", "year": "2017", "timeperiod": "Year", "export": "131.1", "import_origin": "10330.0", "import_consigment": "590.6"}, {"country": "Monako", "year": "2023", "timeperiod": "1", "export": "-", "import_origin": "-", "import_consigment": "0.1"}, {"country": "Monako", "year": "2023", "timeperiod": "Year", "export": "-", "import_origin": "-", "import_consigment": "0.1"}, {"country": "Monako", "year": "2022", "timeperiod": "1", "export": "-", "import_origin": "0.1", "import_consigment": "-"}, {"country": "Monako", "year": "2022", "timeperiod": "2", "export": "-", "import_origin": "1.5", "import_consigment": "28.8"}, {"country": "Monako", "year": "2022", "timeperiod": "3", "export": "0.3", "import_origin": "-", "import_consigment": "-"}, {"country": "Monako", "year": "2022", "timeperiod": "5", "export": "0.2", "import_origin": "0.1", "import_consigment": "-"}]}