{"data": [{"country": "Uganda", "year": "2020", "timeperiod": "10", "export": "-", "import_origin": "29.3", "import_consigment": "29.3"}, {"country": "Uganda", "year": "2020", "timeperiod": "12", "export": "-", "import_origin": "-", "import_consigment": "44.3"}, {"country": "Uganda", "year": "2020", "timeperiod": "Year", "export": "-", "import_origin": "205.2", "import_consigment": "184.9"}, {"country": "Uganda", "year": "2019", "timeperiod": "2", "export": "-", "import_origin": "0.1", "import_consigment": "-"}, {"country": "Uganda", "year": "2019", "timeperiod": "4", "export": "-", "import_origin": "1.8", "import_consigment": "-"}, {"country": "Uganda", "year": "2019", "timeperiod": "5", "export": "-", "import_origin": "43.0", "import_consigment": "43.0"}, {"country": "Uganda", "year": "2019", "timeperiod": "6", "export": "-", "import_origin": "-", "import_consigment": "-"}, {"country": "Uganda", "year": "2019", "timeperiod": "9", "export": "-", "import_origin": "34.4", "import_consigment": "0.1"}, {"country": "Uganda", "year": "2019", "timeperiod": "11", "export": "-", "import_origin": "40.8", "import_consigment": "-"}, {"country": "Uganda", "year": "2019", "timeperiod": "Year", "export": "-", "import_origin": "120.1", "import_consigment": "43.1"}, {"country": "Uganda", "year": "2018", "timeperiod": "3", "export": "-", "import_origin": "0.8", "import_consigment": "-"}, {"country": "Uganda", "year": "2018", "timeperiod": "10", "export": "-", "import_origin": "85.7", "import_consigment": "-"}, {"country": "Uganda", "year": "2018", "timeperiod": "12", "export": "-", "import_origin": "7.7", "import_consigment": "-"}, {"country": "Uganda", "year": "2018", "timeperiod": "Year", "export": "-", "import_origin": "94.2", "import_consigment": "-"}, {"country": "Uganda", "year": "2017", "timeperiod": "4", "export": "0.2", "import_origin": "-", "import_consigment": "-"}, {"country": "Uganda", "year": "2017", "timeperiod": "7", "export": "-", "import_origin": "54.2", "import_consigment": "-"}, {"country": "Uganda", "year": "2017", "timeperiod": "10", "export": "-", "import_origin": "149.6", "import_consigment": "149.6"}, {"country": "Uganda", "year": "2017", "timeperiod": "Year", "export": "0.2", "import_origin": "203.8", "import_consigment": "149.6"}, {"country": "Ukraine", "year": "2023", "timeperiod": "1", "export": "600.1", "import_origin": "7998.1", "import_consigment": "8259.7"}, {"country": "Ukraine", "year": "2023", "timeperiod": "Year", "export": "600.1", "import_origin": "7998.1", "import_consigment": "8259.7"}, {"country": "Ukraine", "year": "2022", "timeperiod": "1", "export": "1161.4", "import_origin": "8771.7", "import_consigment": "9563.5"}, {"country": "Ukraine", "year": "2022", "timeperiod": "2", "export": "2007.2", "import_origin": "8359.2", "import_consigment": "9032.4"}, {"country": "Ukraine", "year": "2022", "timeperiod": "3", "export": "114.4", "import_origin": "4145.3", "import_consigment": "4078.2"}, {"country": "Ukraine", "year": "2022", "timeperiod": "4", "export": "170.1", "import_origin": "3551.9", "import_consigment": "3748.4"}, {"country": "Ukraine", "year": "2022", "timeperiod": "5", "export": "648.1", "import_origin": "4191.6", "import_consigment": "4656.8"}]}