{"data": [{"country": "Tunisia", "year": "2021", "timeperiod": "Year", "export": "1.0", "import_origin": "2243.0", "import_consigment": "89.3"}, {"country": "Tunisia", "year": "2020", "timeperiod": "1", "export": "-", "import_origin": "123.4", "import_consigment": "-"}, {"country": "Tunisia", "year": "2020", "timeperiod": "2", "export": "-", "import_origin": "204.6", "import_consigment": "-"}, {"country": "Tunisia", "year": "2020", "timeperiod": "3", "export": "-", "import_origin": "191.5", "import_consigment": "-"}, {"country": "Tunisia", "year": "2020", "timeperiod": "4", "export": "-", "import_origin": "125.2", "import_consigment": "-"}, {"country": "Tunisia", "year": "2020", "timeperiod": "5", "export": "-", "import_origin": "57.2", "import_consigment": "-"}, {"country": "Tunisia", "year": "2020", "timeperiod": "6", "export": "-", "import_origin": "48.7", "import_consigment": "-"}, {"country": "Tunisia", "year": "2020", "timeperiod": "7", "export": "-", "import_origin": "30.2", "import_consigment": "-"}, {"country": "Tunisia", "year": "2020", "timeperiod": "8", "export": "-", "import_origin": "303.6", "import_consigment": "-"}, {"country": "Tunisia", "year": "2020", "timeperiod": "9", "export": "-", "import_origin": "146.5", "import_consigment": "-"}, {"country": "Tunisia", "year": "2020", "timeperiod": "10", "export": "-", "import_origin": "92.0", "import_consigment": "77.4"}, {"country": "Tunisia", "year": "2020", "timeperiod": "11", "export": "-", "import_origin": "98.6", "import_consigment": "24.7"}, {"country": "Tunisia", "year": "2020", "timeperiod": "12", "export": "0.1", "import_origin": "66.6", "import_consigment": "25.5"}, {"country": "Tunisia", "year": "2020", "timeperiod": "Year", "export": "0.1", "import_origin": "1488.0", "import_consigment": "127.6"}, {"country": "Tunisia", "year": "2019", "timeperiod": "1", "export": "-", "import_origin": "175.8", "import_consigment": "-"}, {"country": "Tunisia", "year": "2019", "timeperiod": "2", "export": "-", "import_origin": "245.0", "import_consigment": "-"}, {"country": "Tunisia", "year": "2019", "timeperiod": "3", "export": "-", "import_origin": "185.8", "import_consigment": "-"}, {"country": "Tunisia", "year": "2019", "timeperiod": "4", "export": "-", "import_origin": "154.4", "import_consigment": "-"}, {"country": "Tunisia", "year": "2019", "timeperiod": "5", "export": "-", "import_origin": "48.7", "import_consigment": "-"}, {"country": "Tunisia", "year": "2019", "timeperiod": "6", "export": "-", "import_origin": "98.3", "import_consigment": "-"}, {"country": "Tunisia", "year": "2019", "timeperiod": "7", "export": "-", "import_origin": "100.7", "import_consigment": "-"}, {"country": "Tunisia", "year": "2019", "timeperiod": "8", "export": "-", "import_origin": "222.3", "import_consigment": "-"}, {"country": "Tunisia", "year": "2019", "timeperiod": "9", "export": "-", "import_origin": "112.6", "import_consigment": "-"}, {"country": "Tunisia", "year": "2019", "timeperiod": "10", "export": "-", "import_origin": "149.8", "import_consigment": "68.2"}, {"country": "Tunisia", "year": "2019", "timeperiod": "11", "export": "-", "import_origin": "38.6", "import_consigment": "-"}]}