{"data": [{"country": "Finland", "year": "2017", "timeperiod": "6", "export": "0.1", "import_origin": "2985.6", "import_consigment": "2991.2"}, {"country": "Finland", "year": "2017", "timeperiod": "7", "export": "11.2", "import_origin": "1517.0", "import_consigment": "1505.9"}, {"country": "Finland", "year": "2017", "timeperiod": "8", "export": "1.8", "import_origin": "544.7", "import_consigment": "401.5"}, {"country": "Finland", "year": "2017", "timeperiod": "9", "export": "12.0", "import_origin": "1239.6", "import_consigment": "1079.3"}, {"country": "Finland", "year": "2017", "timeperiod": "10", "export": "6.7", "import_origin": "1895.1", "import_consigment": "1789.8"}, {"country": "Finland", "year": "2017", "timeperiod": "11", "export": "2.0", "import_origin": "3212.1", "import_consigment": "2941.4"}, {"country": "Finland", "year": "2017", "timeperiod": "12", "export": "14.5", "import_origin": "2205.8", "import_consigment": "1944.5"}, {"country": "Finland", "year": "2017", "timeperiod": "Year", "export": "1777.0", "import_origin": "23730.8", "import_consigment": "21684.4"}, {"country": "Aland Islands", "year": "2019", "timeperiod": "8", "export": "-", "import_origin": "7.2", "import_consigment": "-"}, {"country": "Aland Islands", "year": "2019", "timeperiod": "Year", "export": "-", "import_origin": "7.2", "import_consigment": "-"}, {"country": "France", "year": "2023", "timeperiod": "1", "export": "538.7", "import_origin": "13017.3", "import_consigment": "11731.4"}, {"country": "France", "year": "2023", "timeperiod": "Year", "export": "538.7", "import_origin": "13017.3", "import_consigment": "11731.4"}, {"country": "France", "year": "2022", "timeperiod": "1", "export": "561.9", "import_origin": "4875.7", "import_consigment": "3995.4"}, {"country": "France", "year": "2022", "timeperiod": "2", "export": "288.1", "import_origin": "6026.0", "import_consigment": "4374.8"}, {"country": "France", "year": "2022", "timeperiod": "3", "export": "157.1", "import_origin": "7495.7", "import_consigment": "5904.5"}, {"country": "France", "year": "2022", "timeperiod": "4", "export": "445.7", "import_origin": "7685.6", "import_consigment": "6601.4"}, {"country": "France", "year": "2022", "timeperiod": "5", "export": "522.3", "import_origin": "7357.4", "import_consigment": "5935.6"}, {"country": "France", "year": "2022", "timeperiod": "6", "export": "1023.0", "import_origin": "10460.6", "import_consigment": "7910.9"}, {"country": "France", "year": "2022", "timeperiod": "7", "export": "625.9", "import_origin": "8077.9", "import_consigment": "5873.3"}, {"country": "France", "year": "2022", "timeperiod": "8", "export": "1292.3", "import_origin": "9070.1", "import_consigment": "7028.1"}, {"country": "France", "year": "2022", "timeperiod": "9", "export": "1320.8", "import_origin": "11188.2", "import_consigment": "10505.5"}, {"country": "France", "year": "2022", "timeperiod": "10", "export": "1359.7", "import_origin": "13511.5", "import_consigment": "10954.1"}, {"country": "France", "year": "2022", "timeperiod": "11", "export": "1188.1", "import_origin": "10634.2", "import_consigment": "8019.3"}, {"country": "France", "year": "2022", "timeperiod": "12", "export": "1053.7", "import_origin": "16260.9", "import_consigment": "11665.9"}, {"country": "France", "year": "2022", "timeperiod": "Year", "export": "9838.6", "import_origin": "112643.7", "import_consigment": "88768.9"}]}