{"data": [{"country": "Dominican Republic", "year": "2023", "timeperiod": "1", "export": "-", "import_origin": "8.2", "import_consigment": "-"}, {"country": "Dominican Republic", "year": "2023", "timeperiod": "Year", "export": "-", "import_origin": "8.2", "import_consigment": "-"}, {"country": "Dominican Republic", "year": "2022", "timeperiod": "1", "export": "-", "import_origin": "7.6", "import_consigment": "3.3"}, {"country": "Dominican Republic", "year": "2022", "timeperiod": "2", "export": "-", "import_origin": "6.7", "import_consigment": "-"}, {"country": "Dominican Republic", "year": "2022", "timeperiod": "3", "export": "-", "import_origin": "9.1", "import_consigment": "-"}, {"country": "Dominican Republic", "year": "2022", "timeperiod": "4", "export": "-", "import_origin": "18.1", "import_consigment": "-"}, {"country": "Dominican Republic", "year": "2022", "timeperiod": "5", "export": "-", "import_origin": "4.7", "import_consigment": "15.1"}, {"country": "Dominican Republic", "year": "2022", "timeperiod": "6", "export": "-", "import_origin": "46.0", "import_consigment": "26.5"}, {"country": "Dominican Republic", "year": "2022", "timeperiod": "7", "export": "-", "import_origin": "5.4", "import_consigment": "-"}, {"country": "Dominican Republic", "year": "2022", "timeperiod": "8", "export": "-", "import_origin": "40.5", "import_consigment": "-"}, {"country": "Dominican Republic", "year": "2022", "timeperiod": "9", "export": "-", "import_origin": "7.0", "import_consigment": "-"}, {"country": "Dominican Republic", "year": "2022", "timeperiod": "10", "export": "-", "import_origin": "90.6", "import_consigment": "17.4"}, {"country": "Dominican Republic", "year": "2022", "timeperiod": "11", "export": "-", "import_origin": "7.1", "import_consigment": "-"}, {"country": "Dominican Republic", "year": "2022", "timeperiod": "12", "export": "-", "import_origin": "8.0", "import_consigment": "-"}, {"country": "Dominican Republic", "year": "2022", "timeperiod": "Year", "export": "-", "import_origin": "250.8", "import_consigment": "62.3"}, {"country": "Dominican Republic", "year": "2021", "timeperiod": "1", "export": "-", "import_origin": "4.7", "import_consigment": "-"}, {"country": "Dominican Republic", "year": "2021", "timeperiod": "2", "export": "-", "import_origin": "21.0", "import_consigment": "-"}, {"country": "Dominican Republic", "year": "2021", "timeperiod": "3", "export": "-", "import_origin": "10.1", "import_consigment": "-"}, {"country": "Dominican Republic", "year": "2021", "timeperiod": "4", "export": "6.7", "import_origin": "12.3", "import_consigment": "-"}, {"country": "Dominican Republic", "year": "2021", "timeperiod": "5", "export": "3.5", "import_origin": "6.2", "import_consigment": "-"}, {"country": "Dominican Republic", "year": "2021", "timeperiod": "6", "export": "-", "import_origin": "39.2", "import_consigment": "18.5"}, {"country": "Dominican Republic", "year": "2021", "timeperiod": "7", "export": "-", "import_origin": "14.0", "import_consigment": "-"}, {"country": "Dominican Republic", "year": "2021", "timeperiod": "8", "export": "-", "import_origin": "19.2", "import_consigment": "18.9"}, {"country": "Dominican Republic", "year": "2021", "timeperiod": "9", "export": "-", "import_origin": "24.7", "import_consigment": "-"}, {"country": "Dominican Republic", "year": "2021", "timeperiod": "10", "export": "-", "import_origin": "0.7", "import_consigment": "-"}]}