{"data": [{"country": "United Kingdom", "year": "2019", "timeperiod": "2", "export": "27.0", "import_origin": "4559.6", "import_consigment": "3850.2"}, {"country": "United Kingdom", "year": "2019", "timeperiod": "3", "export": "277.4", "import_origin": "2839.0", "import_consigment": "2290.4"}, {"country": "United Kingdom", "year": "2019", "timeperiod": "4", "export": "704.4", "import_origin": "4763.4", "import_consigment": "5326.7"}, {"country": "United Kingdom", "year": "2019", "timeperiod": "5", "export": "279.5", "import_origin": "3175.3", "import_consigment": "2318.3"}, {"country": "United Kingdom", "year": "2019", "timeperiod": "6", "export": "62.9", "import_origin": "2912.2", "import_consigment": "1802.6"}, {"country": "United Kingdom", "year": "2019", "timeperiod": "7", "export": "1299.4", "import_origin": "3444.4", "import_consigment": "2401.4"}, {"country": "United Kingdom", "year": "2019", "timeperiod": "8", "export": "456.1", "import_origin": "2213.4", "import_consigment": "2214.4"}, {"country": "United Kingdom", "year": "2019", "timeperiod": "9", "export": "261.8", "import_origin": "38422.9", "import_consigment": "1714.6"}, {"country": "United Kingdom", "year": "2019", "timeperiod": "10", "export": "168.3", "import_origin": "3660.1", "import_consigment": "2292.6"}, {"country": "United Kingdom", "year": "2019", "timeperiod": "11", "export": "314.6", "import_origin": "2586.9", "import_consigment": "1794.4"}, {"country": "United Kingdom", "year": "2019", "timeperiod": "12", "export": "454.8", "import_origin": "4819.4", "import_consigment": "2743.2"}, {"country": "United Kingdom", "year": "2019", "timeperiod": "Year", "export": "4503.5", "import_origin": "75160.5", "import_consigment": "30180.7"}, {"country": "United Kingdom", "year": "2018", "timeperiod": "1", "export": "323.3", "import_origin": "2369.7", "import_consigment": "1674.3"}, {"country": "United Kingdom", "year": "2018", "timeperiod": "2", "export": "623.2", "import_origin": "2553.8", "import_consigment": "1940.0"}, {"country": "United Kingdom", "year": "2018", "timeperiod": "3", "export": "115.4", "import_origin": "3967.5", "import_consigment": "3422.2"}, {"country": "United Kingdom", "year": "2018", "timeperiod": "4", "export": "70.4", "import_origin": "3119.9", "import_consigment": "1916.6"}, {"country": "United Kingdom", "year": "2018", "timeperiod": "5", "export": "543.3", "import_origin": "3249.2", "import_consigment": "3174.5"}, {"country": "United Kingdom", "year": "2018", "timeperiod": "6", "export": "4209.8", "import_origin": "3078.3", "import_consigment": "2682.7"}, {"country": "United Kingdom", "year": "2018", "timeperiod": "7", "export": "394.2", "import_origin": "4410.7", "import_consigment": "3928.0"}, {"country": "United Kingdom", "year": "2018", "timeperiod": "8", "export": "128.1", "import_origin": "3700.5", "import_consigment": "1963.3"}, {"country": "United Kingdom", "year": "2018", "timeperiod": "9", "export": "303.1", "import_origin": "2624.6", "import_consigment": "2362.6"}, {"country": "United Kingdom", "year": "2018", "timeperiod": "10", "export": "214.6", "import_origin": "3297.2", "import_consigment": "2624.4"}, {"country": "United Kingdom", "year": "2018", "timeperiod": "11", "export": "280.9", "import_origin": "3823.1", "import_consigment": "2927.6"}, {"country": "United Kingdom", "year": "2018", "timeperiod": "12", "export": "376.9", "import_origin": "2955.0", "import_consigment": "1848.6"}, {"country": "United Kingdom", "year": "2018", "timeperiod": "Year", "export": "7583.2", "import_origin": "39149.6", "import_consigment": "30465.0"}]}