{"data": [{"country": "Viet Nam", "year": "2021", "timeperiod": "5", "export": "233.0", "import_origin": "3396.8", "import_consigment": "555.7"}, {"country": "Viet Nam", "year": "2021", "timeperiod": "6", "export": "0.5", "import_origin": "2277.4", "import_consigment": "1190.2"}, {"country": "Viet Nam", "year": "2021", "timeperiod": "7", "export": "239.8", "import_origin": "2882.0", "import_consigment": "1102.3"}, {"country": "Viet Nam", "year": "2021", "timeperiod": "8", "export": "81.0", "import_origin": "3781.6", "import_consigment": "917.3"}, {"country": "Viet Nam", "year": "2021", "timeperiod": "9", "export": "241.8", "import_origin": "3730.9", "import_consigment": "856.1"}, {"country": "Viet Nam", "year": "2021", "timeperiod": "10", "export": "111.8", "import_origin": "2615.3", "import_consigment": "1440.6"}, {"country": "Viet Nam", "year": "2021", "timeperiod": "11", "export": "42.1", "import_origin": "3107.3", "import_consigment": "1032.6"}, {"country": "Viet Nam", "year": "2021", "timeperiod": "12", "export": "31.6", "import_origin": "4924.3", "import_consigment": "674.4"}, {"country": "Viet Nam", "year": "2021", "timeperiod": "Year", "export": "1226.4", "import_origin": "36659.6", "import_consigment": "9601.1"}, {"country": "Viet Nam", "year": "2020", "timeperiod": "1", "export": "130.6", "import_origin": "2806.9", "import_consigment": "185.1"}, {"country": "Viet Nam", "year": "2020", "timeperiod": "2", "export": "17.3", "import_origin": "3475.5", "import_consigment": "725.8"}, {"country": "Viet Nam", "year": "2020", "timeperiod": "3", "export": "7.0", "import_origin": "3168.0", "import_consigment": "636.5"}, {"country": "Viet Nam", "year": "2020", "timeperiod": "4", "export": "80.9", "import_origin": "1759.2", "import_consigment": "1284.6"}, {"country": "Viet Nam", "year": "2020", "timeperiod": "5", "export": "0.1", "import_origin": "1697.4", "import_consigment": "835.0"}, {"country": "Viet Nam", "year": "2020", "timeperiod": "6", "export": "35.7", "import_origin": "3196.0", "import_consigment": "1052.2"}, {"country": "Viet Nam", "year": "2020", "timeperiod": "7", "export": "339.2", "import_origin": "2294.9", "import_consigment": "573.2"}, {"country": "Viet Nam", "year": "2020", "timeperiod": "8", "export": "123.1", "import_origin": "2835.2", "import_consigment": "579.8"}, {"country": "Viet Nam", "year": "2020", "timeperiod": "9", "export": "127.5", "import_origin": "3439.1", "import_consigment": "418.2"}, {"country": "Viet Nam", "year": "2020", "timeperiod": "10", "export": "314.6", "import_origin": "1961.5", "import_consigment": "870.5"}, {"country": "Viet Nam", "year": "2020", "timeperiod": "11", "export": "61.8", "import_origin": "3497.6", "import_consigment": "1403.7"}, {"country": "Viet Nam", "year": "2020", "timeperiod": "12", "export": "252.6", "import_origin": "3303.1", "import_consigment": "462.4"}, {"country": "Viet Nam", "year": "2020", "timeperiod": "Year", "export": "1490.5", "import_origin": "33434.2", "import_consigment": "9027.0"}, {"country": "Viet Nam", "year": "2019", "timeperiod": "1", "export": "-", "import_origin": "2196.8", "import_consigment": "474.4"}, {"country": "Viet Nam", "year": "2019", "timeperiod": "2", "export": "60.3", "import_origin": "4502.8", "import_consigment": "788.2"}, {"country": "Viet Nam", "year": "2019", "timeperiod": "3", "export": "74.7", "import_origin": "5182.8", "import_consigment": "494.0"}]}