{"data": [{"country": "Peru", "year": "2020", "timeperiod": "7", "export": "-", "import_origin": "39.8", "import_consigment": "-"}, {"country": "Peru", "year": "2020", "timeperiod": "8", "export": "-", "import_origin": "150.2", "import_consigment": "-"}, {"country": "Peru", "year": "2020", "timeperiod": "9", "export": "-", "import_origin": "25.6", "import_consigment": "-"}, {"country": "Peru", "year": "2020", "timeperiod": "10", "export": "-", "import_origin": "86.0", "import_consigment": "-"}, {"country": "Peru", "year": "2020", "timeperiod": "11", "export": "-", "import_origin": "182.0", "import_consigment": "-"}, {"country": "Peru", "year": "2020", "timeperiod": "12", "export": "-", "import_origin": "112.7", "import_consigment": "-"}, {"country": "Peru", "year": "2020", "timeperiod": "Year", "export": "-", "import_origin": "1103.9", "import_consigment": "-"}, {"country": "Peru", "year": "2019", "timeperiod": "1", "export": "-", "import_origin": "109.2", "import_consigment": "-"}, {"country": "Peru", "year": "2019", "timeperiod": "2", "export": "-", "import_origin": "9.4", "import_consigment": "-"}, {"country": "Peru", "year": "2019", "timeperiod": "3", "export": "-", "import_origin": "25.5", "import_consigment": "-"}, {"country": "Peru", "year": "2019", "timeperiod": "4", "export": "-", "import_origin": "52.9", "import_consigment": "-"}, {"country": "Peru", "year": "2019", "timeperiod": "5", "export": "-", "import_origin": "23.1", "import_consigment": "-"}, {"country": "Peru", "year": "2019", "timeperiod": "6", "export": "-", "import_origin": "298.3", "import_consigment": "-"}, {"country": "Peru", "year": "2019", "timeperiod": "7", "export": "-", "import_origin": "163.0", "import_consigment": "-"}, {"country": "Peru", "year": "2019", "timeperiod": "8", "export": "-", "import_origin": "319.2", "import_consigment": "-"}, {"country": "Peru", "year": "2019", "timeperiod": "9", "export": "4.1", "import_origin": "138.6", "import_consigment": "-"}, {"country": "Peru", "year": "2019", "timeperiod": "10", "export": "-", "import_origin": "37.8", "import_consigment": "-"}, {"country": "Peru", "year": "2019", "timeperiod": "11", "export": "62.2", "import_origin": "73.4", "import_consigment": "-"}, {"country": "Peru", "year": "2019", "timeperiod": "12", "export": "-", "import_origin": "56.8", "import_consigment": "-"}, {"country": "Peru", "year": "2019", "timeperiod": "Year", "export": "66.4", "import_origin": "1307.3", "import_consigment": "-"}, {"country": "Peru", "year": "2018", "timeperiod": "1", "export": "-", "import_origin": "164.9", "import_consigment": "-"}, {"country": "Peru", "year": "2018", "timeperiod": "2", "export": "-", "import_origin": "187.5", "import_consigment": "-"}, {"country": "Peru", "year": "2018", "timeperiod": "3", "export": "-", "import_origin": "116.3", "import_consigment": "-"}, {"country": "Peru", "year": "2018", "timeperiod": "4", "export": "-", "import_origin": "35.9", "import_consigment": "-"}, {"country": "Peru", "year": "2018", "timeperiod": "5", "export": "-", "import_origin": "63.2", "import_consigment": "-"}]}