{"data": [{"country": "Namibia", "year": "2017", "timeperiod": "12", "export": "-", "import_origin": "-", "import_consigment": "-"}, {"country": "Namibia", "year": "2017", "timeperiod": "Year", "export": "-", "import_origin": "46.2", "import_consigment": "1.0"}, {"country": "Nauru", "year": "2019", "timeperiod": "11", "export": "-", "import_origin": "0.2", "import_consigment": "-"}, {"country": "Nauru", "year": "2019", "timeperiod": "Year", "export": "-", "import_origin": "0.2", "import_consigment": "-"}, {"country": "Nepal", "year": "2022", "timeperiod": "3", "export": "-", "import_origin": "28.2", "import_consigment": "28.2"}, {"country": "Nepal", "year": "2022", "timeperiod": "7", "export": "-", "import_origin": "0.2", "import_consigment": "-"}, {"country": "Nepal", "year": "2022", "timeperiod": "9", "export": "-", "import_origin": "0.4", "import_consigment": "-"}, {"country": "Nepal", "year": "2022", "timeperiod": "Year", "export": "-", "import_origin": "28.8", "import_consigment": "28.2"}, {"country": "Nepal", "year": "2021", "timeperiod": "1", "export": "-", "import_origin": "4.1", "import_consigment": "3.8"}, {"country": "Nepal", "year": "2021", "timeperiod": "2", "export": "-", "import_origin": "-", "import_consigment": "-"}, {"country": "Nepal", "year": "2021", "timeperiod": "4", "export": "-", "import_origin": "1.1", "import_consigment": "-"}, {"country": "Nepal", "year": "2021", "timeperiod": "5", "export": "-", "import_origin": "14.1", "import_consigment": "14.1"}, {"country": "Nepal", "year": "2021", "timeperiod": "9", "export": "-", "import_origin": "12.7", "import_consigment": "12.7"}, {"country": "Nepal", "year": "2021", "timeperiod": "12", "export": "-", "import_origin": "0.1", "import_consigment": "-"}, {"country": "Nepal", "year": "2021", "timeperiod": "Year", "export": "-", "import_origin": "32.1", "import_consigment": "30.6"}, {"country": "Nepal", "year": "2020", "timeperiod": "2", "export": "-", "import_origin": "16.6", "import_consigment": "-"}, {"country": "Nepal", "year": "2020", "timeperiod": "12", "export": "-", "import_origin": "0.2", "import_consigment": "-"}, {"country": "Nepal", "year": "2020", "timeperiod": "Year", "export": "-", "import_origin": "16.9", "import_consigment": "-"}, {"country": "Nepal", "year": "2019", "timeperiod": "6", "export": "-", "import_origin": "20.7", "import_consigment": "20.7"}, {"country": "Nepal", "year": "2019", "timeperiod": "Year", "export": "-", "import_origin": "20.7", "import_consigment": "20.7"}, {"country": "Nepal", "year": "2018", "timeperiod": "3", "export": "-", "import_origin": "14.9", "import_consigment": "36.7"}, {"country": "Nepal", "year": "2018", "timeperiod": "4", "export": "-", "import_origin": "0.4", "import_consigment": "-"}, {"country": "Nepal", "year": "2018", "timeperiod": "8", "export": "-", "import_origin": "-", "import_consigment": "0.7"}, {"country": "Nepal", "year": "2018", "timeperiod": "12", "export": "-", "import_origin": "-", "import_consigment": "-"}, {"country": "Nepal", "year": "2018", "timeperiod": "Year", "export": "-", "import_origin": "15.3", "import_consigment": "37.4"}]}