{"data": [{"country": "Croatia", "year": "2018", "timeperiod": "5", "export": "21.0", "import_origin": "1482.5", "import_consigment": "1570.6"}, {"country": "Croatia", "year": "2018", "timeperiod": "6", "export": "21.9", "import_origin": "1121.8", "import_consigment": "1084.9"}, {"country": "Croatia", "year": "2018", "timeperiod": "7", "export": "-", "import_origin": "42.9", "import_consigment": "148.4"}, {"country": "Croatia", "year": "2018", "timeperiod": "8", "export": "10.0", "import_origin": "36.7", "import_consigment": "35.5"}, {"country": "Croatia", "year": "2018", "timeperiod": "9", "export": "-", "import_origin": "19.7", "import_consigment": "52.4"}, {"country": "Croatia", "year": "2018", "timeperiod": "10", "export": "-", "import_origin": "106.4", "import_consigment": "323.4"}, {"country": "Croatia", "year": "2018", "timeperiod": "11", "export": "-", "import_origin": "59.2", "import_consigment": "41.4"}, {"country": "Croatia", "year": "2018", "timeperiod": "12", "export": "12.5", "import_origin": "71.3", "import_consigment": "199.0"}, {"country": "Croatia", "year": "2018", "timeperiod": "Year", "export": "182.0", "import_origin": "3183.6", "import_consigment": "4696.8"}, {"country": "Croatia", "year": "2017", "timeperiod": "1", "export": "-", "import_origin": "26.2", "import_consigment": "22.6"}, {"country": "Croatia", "year": "2017", "timeperiod": "2", "export": "-", "import_origin": "13.7", "import_consigment": "23.1"}, {"country": "Croatia", "year": "2017", "timeperiod": "3", "export": "-", "import_origin": "13.8", "import_consigment": "32.9"}, {"country": "Croatia", "year": "2017", "timeperiod": "4", "export": "27.9", "import_origin": "18.7", "import_consigment": "4.7"}, {"country": "Croatia", "year": "2017", "timeperiod": "5", "export": "6.8", "import_origin": "21.9", "import_consigment": "10.3"}, {"country": "Croatia", "year": "2017", "timeperiod": "6", "export": "25.8", "import_origin": "34.8", "import_consigment": "1912.5"}, {"country": "Croatia", "year": "2017", "timeperiod": "7", "export": "11.0", "import_origin": "15.5", "import_consigment": "1.9"}, {"country": "Croatia", "year": "2017", "timeperiod": "8", "export": "1.0", "import_origin": "74.6", "import_consigment": "65.7"}, {"country": "Croatia", "year": "2017", "timeperiod": "9", "export": "-", "import_origin": "44.6", "import_consigment": "100.7"}, {"country": "Croatia", "year": "2017", "timeperiod": "10", "export": "-", "import_origin": "75.8", "import_consigment": "45.9"}, {"country": "Croatia", "year": "2017", "timeperiod": "11", "export": "6.8", "import_origin": "26.6", "import_consigment": "19.2"}, {"country": "Croatia", "year": "2017", "timeperiod": "12", "export": "-", "import_origin": "475.2", "import_consigment": "39.2"}, {"country": "Croatia", "year": "2017", "timeperiod": "Year", "export": "79.3", "import_origin": "841.4", "import_consigment": "2278.9"}, {"country": "Cuba", "year": "2023", "timeperiod": "1", "export": "-", "import_origin": "11.5", "import_consigment": "-"}, {"country": "Cuba", "year": "2023", "timeperiod": "Year", "export": "-", "import_origin": "11.5", "import_consigment": "-"}, {"country": "Cuba", "year": "2022", "timeperiod": "1", "export": "-", "import_origin": "33.8", "import_consigment": "-"}]}