{"data": [{"country": "Kyrgyzstan", "year": "2021", "timeperiod": "8", "export": "157.7", "import_origin": "-", "import_consigment": "2.9"}, {"country": "Kyrgyzstan", "year": "2021", "timeperiod": "9", "export": "260.6", "import_origin": "-", "import_consigment": "-"}, {"country": "Kyrgyzstan", "year": "2021", "timeperiod": "10", "export": "312.2", "import_origin": "63.2", "import_consigment": "63.2"}, {"country": "Kyrgyzstan", "year": "2021", "timeperiod": "11", "export": "21.3", "import_origin": "23.6", "import_consigment": "51.4"}, {"country": "Kyrgyzstan", "year": "2021", "timeperiod": "12", "export": "537.2", "import_origin": "28.3", "import_consigment": "24.6"}, {"country": "Kyrgyzstan", "year": "2021", "timeperiod": "Year", "export": "2622.8", "import_origin": "159.1", "import_consigment": "182.0"}, {"country": "Kyrgyzstan", "year": "2020", "timeperiod": "1", "export": "-", "import_origin": "56.2", "import_consigment": "52.4"}, {"country": "Kyrgyzstan", "year": "2020", "timeperiod": "2", "export": "133.9", "import_origin": "2.4", "import_consigment": "-"}, {"country": "Kyrgyzstan", "year": "2020", "timeperiod": "3", "export": "119.2", "import_origin": "38.0", "import_consigment": "36.8"}, {"country": "Kyrgyzstan", "year": "2020", "timeperiod": "4", "export": "73.6", "import_origin": "0.1", "import_consigment": "-"}, {"country": "Kyrgyzstan", "year": "2020", "timeperiod": "5", "export": "159.8", "import_origin": "-", "import_consigment": "7.7"}, {"country": "Kyrgyzstan", "year": "2020", "timeperiod": "6", "export": "117.4", "import_origin": "2.3", "import_consigment": "0.1"}, {"country": "Kyrgyzstan", "year": "2020", "timeperiod": "7", "export": "308.3", "import_origin": "1.7", "import_consigment": "-"}, {"country": "Kyrgyzstan", "year": "2020", "timeperiod": "8", "export": "231.3", "import_origin": "9.3", "import_consigment": "21.6"}, {"country": "Kyrgyzstan", "year": "2020", "timeperiod": "9", "export": "40.7", "import_origin": "3.2", "import_consigment": "2.7"}, {"country": "Kyrgyzstan", "year": "2020", "timeperiod": "10", "export": "99.0", "import_origin": "283.4", "import_consigment": "283.4"}, {"country": "Kyrgyzstan", "year": "2020", "timeperiod": "11", "export": "90.8", "import_origin": "52.2", "import_consigment": "52.2"}, {"country": "Kyrgyzstan", "year": "2020", "timeperiod": "12", "export": "241.6", "import_origin": "0.3", "import_consigment": "44.8"}, {"country": "Kyrgyzstan", "year": "2020", "timeperiod": "Year", "export": "1615.7", "import_origin": "449.2", "import_consigment": "501.7"}, {"country": "Kyrgyzstan", "year": "2019", "timeperiod": "1", "export": "35.7", "import_origin": "0.4", "import_consigment": "-"}, {"country": "Kyrgyzstan", "year": "2019", "timeperiod": "2", "export": "33.9", "import_origin": "1.5", "import_consigment": "54.7"}, {"country": "Kyrgyzstan", "year": "2019", "timeperiod": "3", "export": "366.5", "import_origin": "1.2", "import_consigment": "-"}, {"country": "Kyrgyzstan", "year": "2019", "timeperiod": "4", "export": "62.5", "import_origin": "0.5", "import_consigment": "-"}, {"country": "Kyrgyzstan", "year": "2019", "timeperiod": "5", "export": "276.6", "import_origin": "44.2", "import_consigment": "44.2"}, {"country": "Kyrgyzstan", "year": "2019", "timeperiod": "6", "export": "698.1", "import_origin": "1.6", "import_consigment": "-"}]}