{"data": [{"country": "Bosnia Herzegovina", "year": "2021", "timeperiod": "8", "export": "-", "import_origin": "35.4", "import_consigment": "-"}, {"country": "Bosnia Herzegovina", "year": "2021", "timeperiod": "9", "export": "-", "import_origin": "71.0", "import_consigment": "34.5"}, {"country": "Bosnia Herzegovina", "year": "2021", "timeperiod": "10", "export": "-", "import_origin": "20.7", "import_consigment": "-"}, {"country": "Bosnia Herzegovina", "year": "2021", "timeperiod": "11", "export": "-", "import_origin": "28.5", "import_consigment": "-"}, {"country": "Bosnia Herzegovina", "year": "2021", "timeperiod": "12", "export": "-", "import_origin": "144.0", "import_consigment": "80.4"}, {"country": "Bosnia Herzegovina", "year": "2021", "timeperiod": "Year", "export": "-", "import_origin": "530.9", "import_consigment": "153.0"}, {"country": "Bosnia Herzegovina", "year": "2020", "timeperiod": "1", "export": "-", "import_origin": "15.5", "import_consigment": "2.5"}, {"country": "Bosnia Herzegovina", "year": "2020", "timeperiod": "2", "export": "-", "import_origin": "43.2", "import_consigment": "20.3"}, {"country": "Bosnia Herzegovina", "year": "2020", "timeperiod": "3", "export": "-", "import_origin": "26.2", "import_consigment": "-"}, {"country": "Bosnia Herzegovina", "year": "2020", "timeperiod": "4", "export": "-", "import_origin": "1.1", "import_consigment": "-"}, {"country": "Bosnia Herzegovina", "year": "2020", "timeperiod": "5", "export": "-", "import_origin": "56.4", "import_consigment": "-"}, {"country": "Bosnia Herzegovina", "year": "2020", "timeperiod": "6", "export": "-", "import_origin": "9.9", "import_consigment": "-"}, {"country": "Bosnia Herzegovina", "year": "2020", "timeperiod": "7", "export": "-", "import_origin": "41.7", "import_consigment": "-"}, {"country": "Bosnia Herzegovina", "year": "2020", "timeperiod": "8", "export": "-", "import_origin": "62.8", "import_consigment": "-"}, {"country": "Bosnia Herzegovina", "year": "2020", "timeperiod": "9", "export": "-", "import_origin": "13.6", "import_consigment": "-"}, {"country": "Bosnia Herzegovina", "year": "2020", "timeperiod": "10", "export": "-", "import_origin": "50.0", "import_consigment": "32.3"}, {"country": "Bosnia Herzegovina", "year": "2020", "timeperiod": "11", "export": "-", "import_origin": "22.5", "import_consigment": "-"}, {"country": "Bosnia Herzegovina", "year": "2020", "timeperiod": "12", "export": "-", "import_origin": "17.8", "import_consigment": "-"}, {"country": "Bosnia Herzegovina", "year": "2020", "timeperiod": "Year", "export": "-", "import_origin": "360.7", "import_consigment": "55.1"}, {"country": "Bosnia Herzegovina", "year": "2019", "timeperiod": "1", "export": "-", "import_origin": "42.0", "import_consigment": "38.4"}, {"country": "Bosnia Herzegovina", "year": "2019", "timeperiod": "2", "export": "-", "import_origin": "30.0", "import_consigment": "-"}, {"country": "Bosnia Herzegovina", "year": "2019", "timeperiod": "3", "export": "-", "import_origin": "21.2", "import_consigment": "-"}, {"country": "Bosnia Herzegovina", "year": "2019", "timeperiod": "4", "export": "-", "import_origin": "60.8", "import_consigment": "35.4"}, {"country": "Bosnia Herzegovina", "year": "2019", "timeperiod": "5", "export": "-", "import_origin": "6.4", "import_consigment": "-"}, {"country": "Bosnia Herzegovina", "year": "2019", "timeperiod": "6", "export": "-", "import_origin": "19.7", "import_consigment": "9.8"}]}