{"data": [{"country": "Spain", "year": "2019", "timeperiod": "3", "export": "106.2", "import_origin": "3876.6", "import_consigment": "5141.6"}, {"country": "Spain", "year": "2019", "timeperiod": "4", "export": "15.4", "import_origin": "2918.4", "import_consigment": "3723.0"}, {"country": "Spain", "year": "2019", "timeperiod": "5", "export": "54.7", "import_origin": "2417.4", "import_consigment": "3103.8"}, {"country": "Spain", "year": "2019", "timeperiod": "6", "export": "145.8", "import_origin": "2107.2", "import_consigment": "2581.1"}, {"country": "Spain", "year": "2019", "timeperiod": "7", "export": "4.3", "import_origin": "3367.5", "import_consigment": "4535.6"}, {"country": "Spain", "year": "2019", "timeperiod": "8", "export": "29.0", "import_origin": "2517.2", "import_consigment": "4407.8"}, {"country": "Spain", "year": "2019", "timeperiod": "9", "export": "11.2", "import_origin": "2629.1", "import_consigment": "4757.2"}, {"country": "Spain", "year": "2019", "timeperiod": "10", "export": "124.4", "import_origin": "3502.8", "import_consigment": "5473.8"}, {"country": "Spain", "year": "2019", "timeperiod": "11", "export": "38.5", "import_origin": "3849.5", "import_consigment": "5177.8"}, {"country": "Spain", "year": "2019", "timeperiod": "12", "export": "62.4", "import_origin": "4320.9", "import_consigment": "5172.1"}, {"country": "Spain", "year": "2019", "timeperiod": "Year", "export": "650.1", "import_origin": "35369.3", "import_consigment": "50073.4"}, {"country": "Spain", "year": "2018", "timeperiod": "1", "export": "87.0", "import_origin": "2751.1", "import_consigment": "3789.4"}, {"country": "Spain", "year": "2018", "timeperiod": "2", "export": "67.2", "import_origin": "2566.4", "import_consigment": "2714.4"}, {"country": "Spain", "year": "2018", "timeperiod": "3", "export": "26.0", "import_origin": "2625.5", "import_consigment": "3626.5"}, {"country": "Spain", "year": "2018", "timeperiod": "4", "export": "75.5", "import_origin": "3993.3", "import_consigment": "4867.4"}, {"country": "Spain", "year": "2018", "timeperiod": "5", "export": "19.3", "import_origin": "2943.9", "import_consigment": "3411.2"}, {"country": "Spain", "year": "2018", "timeperiod": "6", "export": "20.6", "import_origin": "3942.9", "import_consigment": "4092.2"}, {"country": "Spain", "year": "2018", "timeperiod": "7", "export": "19.4", "import_origin": "3161.1", "import_consigment": "4368.3"}, {"country": "Spain", "year": "2018", "timeperiod": "8", "export": "51.6", "import_origin": "2567.5", "import_consigment": "4315.8"}, {"country": "Spain", "year": "2018", "timeperiod": "9", "export": "11.0", "import_origin": "2828.2", "import_consigment": "4346.1"}, {"country": "Spain", "year": "2018", "timeperiod": "10", "export": "6.1", "import_origin": "3173.8", "import_consigment": "4294.8"}, {"country": "Spain", "year": "2018", "timeperiod": "11", "export": "5.4", "import_origin": "3173.6", "import_consigment": "4537.1"}, {"country": "Spain", "year": "2018", "timeperiod": "12", "export": "4.8", "import_origin": "3066.5", "import_consigment": "4062.2"}, {"country": "Spain", "year": "2018", "timeperiod": "Year", "export": "393.9", "import_origin": "36793.8", "import_consigment": "48425.3"}, {"country": "Spain", "year": "2017", "timeperiod": "1", "export": "48.0", "import_origin": "2544.0", "import_consigment": "3258.9"}]}