{"data": [{"country": "Romania", "year": "2019", "timeperiod": "2", "export": "-", "import_origin": "946.7", "import_consigment": "243.9"}, {"country": "Romania", "year": "2019", "timeperiod": "3", "export": "-", "import_origin": "2736.1", "import_consigment": "2193.1"}, {"country": "Romania", "year": "2019", "timeperiod": "4", "export": "-", "import_origin": "1534.7", "import_consigment": "1381.9"}, {"country": "Romania", "year": "2019", "timeperiod": "5", "export": "-", "import_origin": "682.2", "import_consigment": "364.4"}, {"country": "Romania", "year": "2019", "timeperiod": "6", "export": "-", "import_origin": "611.0", "import_consigment": "365.1"}, {"country": "Romania", "year": "2019", "timeperiod": "7", "export": "0.1", "import_origin": "3280.9", "import_consigment": "1363.3"}, {"country": "Romania", "year": "2019", "timeperiod": "8", "export": "0.5", "import_origin": "1030.7", "import_consigment": "826.4"}, {"country": "Romania", "year": "2019", "timeperiod": "9", "export": "1.1", "import_origin": "599.0", "import_consigment": "149.9"}, {"country": "Romania", "year": "2019", "timeperiod": "10", "export": "59.5", "import_origin": "821.8", "import_consigment": "343.6"}, {"country": "Romania", "year": "2019", "timeperiod": "11", "export": "8.7", "import_origin": "711.6", "import_consigment": "278.8"}, {"country": "Romania", "year": "2019", "timeperiod": "12", "export": "67.7", "import_origin": "1194.5", "import_consigment": "515.8"}, {"country": "Romania", "year": "2019", "timeperiod": "Year", "export": "137.6", "import_origin": "15023.3", "import_consigment": "8288.2"}, {"country": "Romania", "year": "2018", "timeperiod": "1", "export": "18.7", "import_origin": "674.8", "import_consigment": "157.6"}, {"country": "Romania", "year": "2018", "timeperiod": "2", "export": "4406.8", "import_origin": "1317.2", "import_consigment": "316.1"}, {"country": "Romania", "year": "2018", "timeperiod": "3", "export": "7187.1", "import_origin": "2258.6", "import_consigment": "296.3"}, {"country": "Romania", "year": "2018", "timeperiod": "4", "export": "7013.0", "import_origin": "1207.1", "import_consigment": "408.2"}, {"country": "Romania", "year": "2018", "timeperiod": "5", "export": "7098.3", "import_origin": "1397.7", "import_consigment": "985.6"}, {"country": "Romania", "year": "2018", "timeperiod": "6", "export": "8684.1", "import_origin": "745.0", "import_consigment": "4481.6"}, {"country": "Romania", "year": "2018", "timeperiod": "7", "export": "8880.9", "import_origin": "1572.4", "import_consigment": "413.1"}, {"country": "Romania", "year": "2018", "timeperiod": "8", "export": "-", "import_origin": "1560.0", "import_consigment": "198.5"}, {"country": "Romania", "year": "2018", "timeperiod": "9", "export": "1257.8", "import_origin": "754.2", "import_consigment": "2093.4"}, {"country": "Romania", "year": "2018", "timeperiod": "10", "export": "10266.6", "import_origin": "948.2", "import_consigment": "319.9"}, {"country": "Romania", "year": "2018", "timeperiod": "11", "export": "90.7", "import_origin": "655.2", "import_consigment": "1045.5"}, {"country": "Romania", "year": "2018", "timeperiod": "12", "export": "33.3", "import_origin": "1272.5", "import_consigment": "1043.5"}, {"country": "Romania", "year": "2018", "timeperiod": "Year", "export": "54937.3", "import_origin": "14362.9", "import_consigment": "11759.3"}]}