{"data": [{"country": "Spain", "year": "2021", "timeperiod": "4", "export": "734.8", "import_origin": "3072.8", "import_consigment": "3474.9"}, {"country": "Spain", "year": "2021", "timeperiod": "5", "export": "624.4", "import_origin": "2556.6", "import_consigment": "3262.5"}, {"country": "Spain", "year": "2021", "timeperiod": "6", "export": "368.1", "import_origin": "3120.9", "import_consigment": "3594.4"}, {"country": "Spain", "year": "2021", "timeperiod": "7", "export": "839.4", "import_origin": "3732.3", "import_consigment": "4157.8"}, {"country": "Spain", "year": "2021", "timeperiod": "8", "export": "665.4", "import_origin": "3189.5", "import_consigment": "4712.8"}, {"country": "Spain", "year": "2021", "timeperiod": "9", "export": "989.3", "import_origin": "3370.0", "import_consigment": "4766.2"}, {"country": "Spain", "year": "2021", "timeperiod": "10", "export": "941.9", "import_origin": "3802.1", "import_consigment": "5937.4"}, {"country": "Spain", "year": "2021", "timeperiod": "11", "export": "866.3", "import_origin": "4552.6", "import_consigment": "7407.3"}, {"country": "Spain", "year": "2021", "timeperiod": "12", "export": "419.5", "import_origin": "4720.0", "import_consigment": "4625.5"}, {"country": "Spain", "year": "2021", "timeperiod": "Year", "export": "7268.9", "import_origin": "38728.1", "import_consigment": "51333.6"}, {"country": "Spain", "year": "2020", "timeperiod": "1", "export": "171.2", "import_origin": "2663.0", "import_consigment": "3650.8"}, {"country": "Spain", "year": "2020", "timeperiod": "2", "export": "233.3", "import_origin": "2357.3", "import_consigment": "3378.4"}, {"country": "Spain", "year": "2020", "timeperiod": "3", "export": "548.5", "import_origin": "3051.5", "import_consigment": "4174.2"}, {"country": "Spain", "year": "2020", "timeperiod": "4", "export": "361.3", "import_origin": "2444.9", "import_consigment": "1562.6"}, {"country": "Spain", "year": "2020", "timeperiod": "5", "export": "51.5", "import_origin": "2076.2", "import_consigment": "1751.0"}, {"country": "Spain", "year": "2020", "timeperiod": "6", "export": "667.6", "import_origin": "2117.9", "import_consigment": "1518.9"}, {"country": "Spain", "year": "2020", "timeperiod": "7", "export": "4.8", "import_origin": "3209.0", "import_consigment": "2822.5"}, {"country": "Spain", "year": "2020", "timeperiod": "8", "export": "106.3", "import_origin": "2168.6", "import_consigment": "2755.7"}, {"country": "Spain", "year": "2020", "timeperiod": "9", "export": "684.1", "import_origin": "2659.7", "import_consigment": "3943.5"}, {"country": "Spain", "year": "2020", "timeperiod": "10", "export": "436.7", "import_origin": "2745.6", "import_consigment": "3074.6"}, {"country": "Spain", "year": "2020", "timeperiod": "11", "export": "226.9", "import_origin": "2453.6", "import_consigment": "2965.0"}, {"country": "Spain", "year": "2020", "timeperiod": "12", "export": "70.2", "import_origin": "2393.6", "import_consigment": "2653.0"}, {"country": "Spain", "year": "2020", "timeperiod": "Year", "export": "3562.4", "import_origin": "30340.8", "import_consigment": "34250.4"}, {"country": "Spain", "year": "2019", "timeperiod": "1", "export": "3.3", "import_origin": "1589.2", "import_consigment": "2743.1"}, {"country": "Spain", "year": "2019", "timeperiod": "2", "export": "54.9", "import_origin": "2273.5", "import_consigment": "3256.6"}]}