{"data": [{"country": "Italy", "year": "2017", "timeperiod": "9", "export": "4575.8", "import_origin": "13581.3", "import_consigment": "11988.7"}, {"country": "Italy", "year": "2017", "timeperiod": "10", "export": "2192.5", "import_origin": "12864.8", "import_consigment": "11021.2"}, {"country": "Italy", "year": "2017", "timeperiod": "11", "export": "3027.0", "import_origin": "17090.4", "import_consigment": "14571.9"}, {"country": "Italy", "year": "2017", "timeperiod": "12", "export": "3217.1", "import_origin": "13869.8", "import_consigment": "10595.9"}, {"country": "Italy", "year": "2017", "timeperiod": "Year", "export": "43284.8", "import_origin": "158025.1", "import_consigment": "138741.9"}, {"country": "Cote d' Ivoire", "year": "2023", "timeperiod": "1", "export": "-", "import_origin": "232.2", "import_consigment": "-"}, {"country": "Cote d' Ivoire", "year": "2023", "timeperiod": "Year", "export": "-", "import_origin": "232.2", "import_consigment": "-"}, {"country": "Cote d' Ivoire", "year": "2022", "timeperiod": "1", "export": "-", "import_origin": "379.2", "import_consigment": "-"}, {"country": "Cote d' Ivoire", "year": "2022", "timeperiod": "2", "export": "-", "import_origin": "293.4", "import_consigment": "-"}, {"country": "Cote d' Ivoire", "year": "2022", "timeperiod": "3", "export": "-", "import_origin": "3.1", "import_consigment": "-"}, {"country": "Cote d' Ivoire", "year": "2022", "timeperiod": "4", "export": "-", "import_origin": "575.4", "import_consigment": "-"}, {"country": "Cote d' Ivoire", "year": "2022", "timeperiod": "5", "export": "-", "import_origin": "51.0", "import_consigment": "-"}, {"country": "Cote d' Ivoire", "year": "2022", "timeperiod": "6", "export": "-", "import_origin": "36.9", "import_consigment": "-"}, {"country": "Cote d' Ivoire", "year": "2022", "timeperiod": "7", "export": "-", "import_origin": "140.3", "import_consigment": "-"}, {"country": "Cote d' Ivoire", "year": "2022", "timeperiod": "8", "export": "-", "import_origin": "92.3", "import_consigment": "-"}, {"country": "Cote d' Ivoire", "year": "2022", "timeperiod": "9", "export": "32.5", "import_origin": "5.1", "import_consigment": "-"}, {"country": "Cote d' Ivoire", "year": "2022", "timeperiod": "10", "export": "-", "import_origin": "155.7", "import_consigment": "-"}, {"country": "Cote d' Ivoire", "year": "2022", "timeperiod": "11", "export": "-", "import_origin": "286.5", "import_consigment": "-"}, {"country": "Cote d' Ivoire", "year": "2022", "timeperiod": "12", "export": "-", "import_origin": "132.5", "import_consigment": "-"}, {"country": "Cote d' Ivoire", "year": "2022", "timeperiod": "Year", "export": "32.5", "import_origin": "2151.4", "import_consigment": "-"}, {"country": "Cote d' Ivoire", "year": "2021", "timeperiod": "1", "export": "-", "import_origin": "45.0", "import_consigment": "-"}, {"country": "Cote d' Ivoire", "year": "2021", "timeperiod": "2", "export": "-", "import_origin": "135.8", "import_consigment": "-"}, {"country": "Cote d' Ivoire", "year": "2021", "timeperiod": "3", "export": "-", "import_origin": "83.5", "import_consigment": "-"}, {"country": "Cote d' Ivoire", "year": "2021", "timeperiod": "4", "export": "-", "import_origin": "84.8", "import_consigment": "-"}, {"country": "Cote d' Ivoire", "year": "2021", "timeperiod": "5", "export": "-", "import_origin": "222.7", "import_consigment": "-"}]}