{"data": [{"country": "Sweden", "year": "2022", "timeperiod": "6", "export": "0.4", "import_origin": "2413.7", "import_consigment": "852.1"}, {"country": "Sweden", "year": "2022", "timeperiod": "7", "export": "46.2", "import_origin": "1568.0", "import_consigment": "837.3"}, {"country": "Sweden", "year": "2022", "timeperiod": "8", "export": "59.1", "import_origin": "3466.0", "import_consigment": "1335.0"}, {"country": "Sweden", "year": "2022", "timeperiod": "9", "export": "-", "import_origin": "2926.2", "import_consigment": "1330.0"}, {"country": "Sweden", "year": "2022", "timeperiod": "10", "export": "0.9", "import_origin": "3102.0", "import_consigment": "978.1"}, {"country": "Sweden", "year": "2022", "timeperiod": "11", "export": "36.1", "import_origin": "3825.6", "import_consigment": "2072.5"}, {"country": "Sweden", "year": "2022", "timeperiod": "12", "export": "50.0", "import_origin": "4419.6", "import_consigment": "1028.5"}, {"country": "Sweden", "year": "2022", "timeperiod": "Year", "export": "270.7", "import_origin": "31359.5", "import_consigment": "12852.2"}, {"country": "Sweden", "year": "2021", "timeperiod": "1", "export": "94.0", "import_origin": "210.2", "import_consigment": "182.6"}, {"country": "Sweden", "year": "2021", "timeperiod": "2", "export": "24.1", "import_origin": "602.9", "import_consigment": "559.1"}, {"country": "Sweden", "year": "2021", "timeperiod": "3", "export": "-", "import_origin": "1683.0", "import_consigment": "567.2"}, {"country": "Sweden", "year": "2021", "timeperiod": "4", "export": "4.5", "import_origin": "1423.9", "import_consigment": "529.1"}, {"country": "Sweden", "year": "2021", "timeperiod": "5", "export": "45.3", "import_origin": "1270.5", "import_consigment": "1402.4"}, {"country": "Sweden", "year": "2021", "timeperiod": "6", "export": "26.8", "import_origin": "1351.7", "import_consigment": "586.7"}, {"country": "Sweden", "year": "2021", "timeperiod": "7", "export": "9.6", "import_origin": "1148.5", "import_consigment": "1219.7"}, {"country": "Sweden", "year": "2021", "timeperiod": "8", "export": "122.8", "import_origin": "2118.2", "import_consigment": "764.7"}, {"country": "Sweden", "year": "2021", "timeperiod": "9", "export": "-", "import_origin": "2170.6", "import_consigment": "1305.8"}, {"country": "Sweden", "year": "2021", "timeperiod": "10", "export": "6.1", "import_origin": "948.4", "import_consigment": "588.5"}, {"country": "Sweden", "year": "2021", "timeperiod": "11", "export": "10.2", "import_origin": "1453.5", "import_consigment": "895.7"}, {"country": "Sweden", "year": "2021", "timeperiod": "12", "export": "45.1", "import_origin": "1061.4", "import_consigment": "883.3"}, {"country": "Sweden", "year": "2021", "timeperiod": "Year", "export": "388.5", "import_origin": "15442.6", "import_consigment": "9484.8"}, {"country": "Sweden", "year": "2020", "timeperiod": "1", "export": "80.6", "import_origin": "2321.9", "import_consigment": "1993.4"}, {"country": "Sweden", "year": "2020", "timeperiod": "2", "export": "40.1", "import_origin": "915.0", "import_consigment": "779.1"}, {"country": "Sweden", "year": "2020", "timeperiod": "3", "export": "66.6", "import_origin": "1245.0", "import_consigment": "889.6"}, {"country": "Sweden", "year": "2020", "timeperiod": "4", "export": "20.6", "import_origin": "943.6", "import_consigment": "1577.6"}]}