{"data": [{"country": "Slovenia", "year": "2022", "timeperiod": "Year", "export": "6.8", "import_origin": "15052.3", "import_consigment": "13967.2"}, {"country": "Slovenia", "year": "2021", "timeperiod": "1", "export": "-", "import_origin": "239.6", "import_consigment": "184.5"}, {"country": "Slovenia", "year": "2021", "timeperiod": "2", "export": "-", "import_origin": "1146.3", "import_consigment": "1175.0"}, {"country": "Slovenia", "year": "2021", "timeperiod": "3", "export": "-", "import_origin": "819.9", "import_consigment": "758.6"}, {"country": "Slovenia", "year": "2021", "timeperiod": "4", "export": "-", "import_origin": "837.0", "import_consigment": "880.3"}, {"country": "Slovenia", "year": "2021", "timeperiod": "5", "export": "-", "import_origin": "680.2", "import_consigment": "741.0"}, {"country": "Slovenia", "year": "2021", "timeperiod": "6", "export": "147.8", "import_origin": "1246.9", "import_consigment": "1442.6"}, {"country": "Slovenia", "year": "2021", "timeperiod": "7", "export": "84.9", "import_origin": "890.7", "import_consigment": "677.7"}, {"country": "Slovenia", "year": "2021", "timeperiod": "8", "export": "159.3", "import_origin": "496.3", "import_consigment": "545.4"}, {"country": "Slovenia", "year": "2021", "timeperiod": "9", "export": "286.6", "import_origin": "767.2", "import_consigment": "724.2"}, {"country": "Slovenia", "year": "2021", "timeperiod": "10", "export": "742.5", "import_origin": "928.8", "import_consigment": "829.7"}, {"country": "Slovenia", "year": "2021", "timeperiod": "11", "export": "104.4", "import_origin": "1204.4", "import_consigment": "1248.5"}, {"country": "Slovenia", "year": "2021", "timeperiod": "12", "export": "-", "import_origin": "1252.1", "import_consigment": "1130.7"}, {"country": "Slovenia", "year": "2021", "timeperiod": "Year", "export": "1525.4", "import_origin": "10509.4", "import_consigment": "10338.3"}, {"country": "Slovenia", "year": "2020", "timeperiod": "1", "export": "-", "import_origin": "371.0", "import_consigment": "406.9"}, {"country": "Slovenia", "year": "2020", "timeperiod": "2", "export": "-", "import_origin": "701.5", "import_consigment": "664.1"}, {"country": "Slovenia", "year": "2020", "timeperiod": "3", "export": "15.8", "import_origin": "920.9", "import_consigment": "949.2"}, {"country": "Slovenia", "year": "2020", "timeperiod": "4", "export": "-", "import_origin": "761.6", "import_consigment": "1076.1"}, {"country": "Slovenia", "year": "2020", "timeperiod": "5", "export": "-", "import_origin": "563.6", "import_consigment": "546.0"}, {"country": "Slovenia", "year": "2020", "timeperiod": "6", "export": "-", "import_origin": "927.9", "import_consigment": "972.8"}, {"country": "Slovenia", "year": "2020", "timeperiod": "7", "export": "1.9", "import_origin": "1083.5", "import_consigment": "922.4"}, {"country": "Slovenia", "year": "2020", "timeperiod": "8", "export": "-", "import_origin": "852.3", "import_consigment": "833.6"}, {"country": "Slovenia", "year": "2020", "timeperiod": "9", "export": "-", "import_origin": "775.4", "import_consigment": "980.5"}, {"country": "Slovenia", "year": "2020", "timeperiod": "10", "export": "-", "import_origin": "589.5", "import_consigment": "566.7"}, {"country": "Slovenia", "year": "2020", "timeperiod": "11", "export": "-", "import_origin": "687.9", "import_consigment": "720.8"}]}