{"data": [{"country": "Qatar", "year": "2020", "timeperiod": "8", "export": "970.9", "import_origin": "2.9", "import_consigment": "-"}, {"country": "Qatar", "year": "2020", "timeperiod": "9", "export": "807.3", "import_origin": "-", "import_consigment": "-"}, {"country": "Qatar", "year": "2020", "timeperiod": "10", "export": "810.0", "import_origin": "10.8", "import_consigment": "74.5"}, {"country": "Qatar", "year": "2020", "timeperiod": "11", "export": "371.6", "import_origin": "74.0", "import_consigment": "74.0"}, {"country": "Qatar", "year": "2020", "timeperiod": "12", "export": "193.2", "import_origin": "20.4", "import_consigment": "-"}, {"country": "Qatar", "year": "2020", "timeperiod": "Year", "export": "5087.6", "import_origin": "326.6", "import_consigment": "304.4"}, {"country": "Qatar", "year": "2019", "timeperiod": "2", "export": "21.8", "import_origin": "162.0", "import_consigment": "60.1"}, {"country": "Qatar", "year": "2019", "timeperiod": "3", "export": "222.3", "import_origin": "0.1", "import_consigment": "0.4"}, {"country": "Qatar", "year": "2019", "timeperiod": "4", "export": "424.3", "import_origin": "-", "import_consigment": "0.3"}, {"country": "Qatar", "year": "2019", "timeperiod": "5", "export": "214.4", "import_origin": "6.0", "import_consigment": "0.8"}, {"country": "Qatar", "year": "2019", "timeperiod": "6", "export": "27.8", "import_origin": "-", "import_consigment": "-"}, {"country": "Qatar", "year": "2019", "timeperiod": "7", "export": "-", "import_origin": "-", "import_consigment": "-"}, {"country": "Qatar", "year": "2019", "timeperiod": "8", "export": "35.4", "import_origin": "12.4", "import_consigment": "10.1"}, {"country": "Qatar", "year": "2019", "timeperiod": "9", "export": "500.2", "import_origin": "84.3", "import_consigment": "0.8"}, {"country": "Qatar", "year": "2019", "timeperiod": "10", "export": "171.0", "import_origin": "110.3", "import_consigment": "1.1"}, {"country": "Qatar", "year": "2019", "timeperiod": "11", "export": "23.1", "import_origin": "367.6", "import_consigment": "410.9"}, {"country": "Qatar", "year": "2019", "timeperiod": "12", "export": "-", "import_origin": "5.7", "import_consigment": "6.9"}, {"country": "Qatar", "year": "2019", "timeperiod": "Year", "export": "1640.3", "import_origin": "748.3", "import_consigment": "491.3"}, {"country": "Qatar", "year": "2018", "timeperiod": "1", "export": "-", "import_origin": "79.2", "import_consigment": "79.9"}, {"country": "Qatar", "year": "2018", "timeperiod": "2", "export": "59.2", "import_origin": "27.8", "import_consigment": "0.5"}, {"country": "Qatar", "year": "2018", "timeperiod": "3", "export": "0.8", "import_origin": "27.5", "import_consigment": "0.3"}, {"country": "Qatar", "year": "2018", "timeperiod": "4", "export": "0.7", "import_origin": "-", "import_consigment": "6.0"}, {"country": "Qatar", "year": "2018", "timeperiod": "5", "export": "71.1", "import_origin": "96.7", "import_consigment": "84.1"}, {"country": "Qatar", "year": "2018", "timeperiod": "6", "export": "10.2", "import_origin": "20.4", "import_consigment": "-"}, {"country": "Qatar", "year": "2018", "timeperiod": "7", "export": "21.0", "import_origin": "38.0", "import_consigment": "38.0"}]}