{"data": [{"country": "Syrian Arab Republic", "year": "2019", "timeperiod": "7", "export": "3089.8", "import_origin": "28.3", "import_consigment": "33.3"}, {"country": "Syrian Arab Republic", "year": "2019", "timeperiod": "8", "export": "6429.4", "import_origin": "1.3", "import_consigment": "0.2"}, {"country": "Syrian Arab Republic", "year": "2019", "timeperiod": "9", "export": "5965.9", "import_origin": "55.9", "import_consigment": "59.1"}, {"country": "Syrian Arab Republic", "year": "2019", "timeperiod": "10", "export": "8054.9", "import_origin": "37.0", "import_consigment": "35.0"}, {"country": "Syrian Arab Republic", "year": "2019", "timeperiod": "11", "export": "5212.7", "import_origin": "151.9", "import_consigment": "149.4"}, {"country": "Syrian Arab Republic", "year": "2019", "timeperiod": "12", "export": "6137.7", "import_origin": "63.4", "import_consigment": "69.0"}, {"country": "Syrian Arab Republic", "year": "2019", "timeperiod": "Year", "export": "56657.8", "import_origin": "538.8", "import_consigment": "538.0"}, {"country": "Syrian Arab Republic", "year": "2018", "timeperiod": "1", "export": "4697.2", "import_origin": "3.2", "import_consigment": "3.0"}, {"country": "Syrian Arab Republic", "year": "2018", "timeperiod": "2", "export": "5095.6", "import_origin": "0.8", "import_consigment": "1.3"}, {"country": "Syrian Arab Republic", "year": "2018", "timeperiod": "3", "export": "4653.1", "import_origin": "19.1", "import_consigment": "12.1"}, {"country": "Syrian Arab Republic", "year": "2018", "timeperiod": "4", "export": "1114.8", "import_origin": "-", "import_consigment": "-"}, {"country": "Syrian Arab Republic", "year": "2018", "timeperiod": "5", "export": "2515.0", "import_origin": "388.9", "import_consigment": "381.2"}, {"country": "Syrian Arab Republic", "year": "2018", "timeperiod": "6", "export": "4121.8", "import_origin": "66.3", "import_consigment": "29.0"}, {"country": "Syrian Arab Republic", "year": "2018", "timeperiod": "7", "export": "2759.9", "import_origin": "84.5", "import_consigment": "84.1"}, {"country": "Syrian Arab Republic", "year": "2018", "timeperiod": "8", "export": "4531.2", "import_origin": "8.9", "import_consigment": "10.7"}, {"country": "Syrian Arab Republic", "year": "2018", "timeperiod": "9", "export": "6663.6", "import_origin": "-", "import_consigment": "3.7"}, {"country": "Syrian Arab Republic", "year": "2018", "timeperiod": "10", "export": "7334.7", "import_origin": "54.4", "import_consigment": "47.6"}, {"country": "Syrian Arab Republic", "year": "2018", "timeperiod": "11", "export": "6846.7", "import_origin": "1.5", "import_consigment": "2.1"}, {"country": "Syrian Arab Republic", "year": "2018", "timeperiod": "12", "export": "5578.9", "import_origin": "24.3", "import_consigment": "18.9"}, {"country": "Syrian Arab Republic", "year": "2018", "timeperiod": "Year", "export": "55912.6", "import_origin": "651.9", "import_consigment": "593.7"}, {"country": "Syrian Arab Republic", "year": "2017", "timeperiod": "1", "export": "2446.8", "import_origin": "4.3", "import_consigment": "4.0"}, {"country": "Syrian Arab Republic", "year": "2017", "timeperiod": "2", "export": "4948.2", "import_origin": "104.9", "import_consigment": "105.7"}, {"country": "Syrian Arab Republic", "year": "2017", "timeperiod": "3", "export": "4215.5", "import_origin": "26.2", "import_consigment": "-"}, {"country": "Syrian Arab Republic", "year": "2017", "timeperiod": "4", "export": "2346.5", "import_origin": "19.4", "import_consigment": "17.6"}, {"country": "Syrian Arab Republic", "year": "2017", "timeperiod": "5", "export": "1133.0", "import_origin": "34.7", "import_consigment": "31.6"}]}