{"data": [{"country": "Andorra", "year": "2022", "timeperiod": "2", "export": "-", "import_origin": "0.7", "import_consigment": "-"}, {"country": "Andorra", "year": "2022", "timeperiod": "5", "export": "-", "import_origin": "2.2", "import_consigment": "-"}, {"country": "Andorra", "year": "2022", "timeperiod": "6", "export": "-", "import_origin": "0.6", "import_consigment": "-"}, {"country": "Andorra", "year": "2022", "timeperiod": "11", "export": "-", "import_origin": "0.1", "import_consigment": "-"}, {"country": "Andorra", "year": "2022", "timeperiod": "Year", "export": "-", "import_origin": "4.6", "import_consigment": "-"}, {"country": "Andorra", "year": "2021", "timeperiod": "1", "export": "-", "import_origin": "0.3", "import_consigment": "-"}, {"country": "Andorra", "year": "2021", "timeperiod": "3", "export": "-", "import_origin": "-", "import_consigment": "-"}, {"country": "Andorra", "year": "2021", "timeperiod": "Year", "export": "-", "import_origin": "0.3", "import_consigment": "-"}, {"country": "Andorra", "year": "2020", "timeperiod": "1", "export": "-", "import_origin": "2.2", "import_consigment": "-"}, {"country": "Andorra", "year": "2020", "timeperiod": "2", "export": "-", "import_origin": "-", "import_consigment": "-"}, {"country": "Andorra", "year": "2020", "timeperiod": "7", "export": "-", "import_origin": "0.1", "import_consigment": "-"}, {"country": "Andorra", "year": "2020", "timeperiod": "8", "export": "-", "import_origin": "0.1", "import_consigment": "-"}, {"country": "Andorra", "year": "2020", "timeperiod": "10", "export": "-", "import_origin": "-", "import_consigment": "-"}, {"country": "Andorra", "year": "2020", "timeperiod": "Year", "export": "-", "import_origin": "2.4", "import_consigment": "-"}, {"country": "Andorra", "year": "2019", "timeperiod": "2", "export": "-", "import_origin": "8.1", "import_consigment": "-"}, {"country": "Andorra", "year": "2019", "timeperiod": "3", "export": "-", "import_origin": "12.7", "import_consigment": "-"}, {"country": "Andorra", "year": "2019", "timeperiod": "5", "export": "-", "import_origin": "0.1", "import_consigment": "-"}, {"country": "Andorra", "year": "2019", "timeperiod": "7", "export": "-", "import_origin": "6.8", "import_consigment": "-"}, {"country": "Andorra", "year": "2019", "timeperiod": "9", "export": "-", "import_origin": "-", "import_consigment": "-"}, {"country": "Andorra", "year": "2019", "timeperiod": "11", "export": "-", "import_origin": "0.4", "import_consigment": "-"}, {"country": "Andorra", "year": "2019", "timeperiod": "12", "export": "-", "import_origin": "-", "import_consigment": "2.0"}, {"country": "Andorra", "year": "2019", "timeperiod": "Year", "export": "-", "import_origin": "28.1", "import_consigment": "2.0"}, {"country": "Andorra", "year": "2018", "timeperiod": "2", "export": "-", "import_origin": "0.1", "import_consigment": "-"}, {"country": "Andorra", "year": "2018", "timeperiod": "4", "export": "-", "import_origin": "5.3", "import_consigment": "-"}, {"country": "Andorra", "year": "2018", "timeperiod": "7", "export": "-", "import_origin": "0.4", "import_consigment": "-"}]}