{"data": [{"country": "Egypt", "year": "2017", "timeperiod": "6", "export": "-", "import_origin": "358.0", "import_consigment": "144.6"}, {"country": "Egypt", "year": "2017", "timeperiod": "7", "export": "22.1", "import_origin": "238.3", "import_consigment": "178.4"}, {"country": "Egypt", "year": "2017", "timeperiod": "8", "export": "-", "import_origin": "322.4", "import_consigment": "214.0"}, {"country": "Egypt", "year": "2017", "timeperiod": "9", "export": "-", "import_origin": "79.8", "import_consigment": "4.0"}, {"country": "Egypt", "year": "2017", "timeperiod": "10", "export": "-", "import_origin": "414.5", "import_consigment": "237.0"}, {"country": "Egypt", "year": "2017", "timeperiod": "11", "export": "7.0", "import_origin": "1047.1", "import_consigment": "837.1"}, {"country": "Egypt", "year": "2017", "timeperiod": "12", "export": "-", "import_origin": "524.0", "import_consigment": "387.4"}, {"country": "Egypt", "year": "2017", "timeperiod": "Year", "export": "29.3", "import_origin": "4804.5", "import_consigment": "3004.0"}, {"country": "United Kingdom", "year": "2023", "timeperiod": "1", "export": "1018.6", "import_origin": "8523.1", "import_consigment": "3406.0"}, {"country": "United Kingdom", "year": "2023", "timeperiod": "Year", "export": "1018.6", "import_origin": "8523.1", "import_consigment": "3406.0"}, {"country": "United Kingdom", "year": "2022", "timeperiod": "1", "export": "872.6", "import_origin": "1821.1", "import_consigment": "773.0"}, {"country": "United Kingdom", "year": "2022", "timeperiod": "2", "export": "1839.3", "import_origin": "2975.8", "import_consigment": "1647.2"}, {"country": "United Kingdom", "year": "2022", "timeperiod": "3", "export": "525.9", "import_origin": "4084.5", "import_consigment": "2541.6"}, {"country": "United Kingdom", "year": "2022", "timeperiod": "4", "export": "842.3", "import_origin": "3927.9", "import_consigment": "2918.9"}, {"country": "United Kingdom", "year": "2022", "timeperiod": "5", "export": "738.5", "import_origin": "5174.3", "import_consigment": "2712.4"}, {"country": "United Kingdom", "year": "2022", "timeperiod": "6", "export": "1517.1", "import_origin": "6288.7", "import_consigment": "3829.1"}, {"country": "United Kingdom", "year": "2022", "timeperiod": "7", "export": "1353.2", "import_origin": "6572.8", "import_consigment": "3657.1"}, {"country": "United Kingdom", "year": "2022", "timeperiod": "8", "export": "1549.3", "import_origin": "11862.8", "import_consigment": "5068.1"}, {"country": "United Kingdom", "year": "2022", "timeperiod": "9", "export": "808.5", "import_origin": "7302.4", "import_consigment": "3406.8"}, {"country": "United Kingdom", "year": "2022", "timeperiod": "10", "export": "851.1", "import_origin": "8234.5", "import_consigment": "3738.2"}, {"country": "United Kingdom", "year": "2022", "timeperiod": "11", "export": "999.3", "import_origin": "11053.1", "import_consigment": "3499.9"}, {"country": "United Kingdom", "year": "2022", "timeperiod": "12", "export": "958.0", "import_origin": "10354.0", "import_consigment": "4200.1"}, {"country": "United Kingdom", "year": "2022", "timeperiod": "Year", "export": "12855.2", "import_origin": "79652.0", "import_consigment": "37992.5"}, {"country": "United Kingdom", "year": "2021", "timeperiod": "1", "export": "400.0", "import_origin": "1400.7", "import_consigment": "1094.8"}, {"country": "United Kingdom", "year": "2021", "timeperiod": "2", "export": "645.1", "import_origin": "2086.8", "import_consigment": "1330.2"}]}