{"data": [{"country": "Fiji", "year": "2022", "timeperiod": "3", "export": "-", "import_origin": "0.3", "import_consigment": "-"}, {"country": "Fiji", "year": "2022", "timeperiod": "4", "export": "-", "import_origin": "5.2", "import_consigment": "-"}, {"country": "Fiji", "year": "2022", "timeperiod": "6", "export": "-", "import_origin": "1.4", "import_consigment": "-"}, {"country": "Fiji", "year": "2022", "timeperiod": "7", "export": "-", "import_origin": "-", "import_consigment": "-"}, {"country": "Fiji", "year": "2022", "timeperiod": "9", "export": "-", "import_origin": "1.8", "import_consigment": "-"}, {"country": "Fiji", "year": "2022", "timeperiod": "10", "export": "-", "import_origin": "3.1", "import_consigment": "-"}, {"country": "Fiji", "year": "2022", "timeperiod": "11", "export": "-", "import_origin": "1.8", "import_consigment": "-"}, {"country": "Fiji", "year": "2022", "timeperiod": "Year", "export": "-", "import_origin": "15.0", "import_consigment": "-"}, {"country": "Fiji", "year": "2021", "timeperiod": "3", "export": "-", "import_origin": "0.5", "import_consigment": "-"}, {"country": "Fiji", "year": "2021", "timeperiod": "4", "export": "-", "import_origin": "1.3", "import_consigment": "-"}, {"country": "Fiji", "year": "2021", "timeperiod": "7", "export": "-", "import_origin": "-", "import_consigment": "-"}, {"country": "Fiji", "year": "2021", "timeperiod": "8", "export": "-", "import_origin": "1.0", "import_consigment": "-"}, {"country": "Fiji", "year": "2021", "timeperiod": "10", "export": "-", "import_origin": "1.7", "import_consigment": "-"}, {"country": "Fiji", "year": "2021", "timeperiod": "11", "export": "-", "import_origin": "0.1", "import_consigment": "-"}, {"country": "Fiji", "year": "2021", "timeperiod": "Year", "export": "-", "import_origin": "4.5", "import_consigment": "-"}, {"country": "Fiji", "year": "2020", "timeperiod": "12", "export": "-", "import_origin": "1.7", "import_consigment": "-"}, {"country": "Fiji", "year": "2020", "timeperiod": "Year", "export": "-", "import_origin": "1.7", "import_consigment": "-"}, {"country": "Fiji", "year": "2019", "timeperiod": "4", "export": "-", "import_origin": "1.7", "import_consigment": "-"}, {"country": "Fiji", "year": "2019", "timeperiod": "10", "export": "-", "import_origin": "1.9", "import_consigment": "-"}, {"country": "Fiji", "year": "2019", "timeperiod": "12", "export": "-", "import_origin": "1.9", "import_consigment": "-"}, {"country": "Fiji", "year": "2019", "timeperiod": "Year", "export": "-", "import_origin": "5.4", "import_consigment": "-"}, {"country": "Fiji", "year": "2018", "timeperiod": "3", "export": "-", "import_origin": "0.1", "import_consigment": "-"}, {"country": "Fiji", "year": "2018", "timeperiod": "12", "export": "-", "import_origin": "1.0", "import_consigment": "-"}, {"country": "Fiji", "year": "2018", "timeperiod": "Year", "export": "-", "import_origin": "1.1", "import_consigment": "-"}, {"country": "Fiji", "year": "2017", "timeperiod": "8", "export": "-", "import_origin": "0.6", "import_consigment": "-"}]}