{"data": [{"country": "Nicaragua", "year": "2021", "timeperiod": "Year", "export": "-", "import_origin": "24.1", "import_consigment": "-"}, {"country": "Nicaragua", "year": "2020", "timeperiod": "1", "export": "-", "import_origin": "2.0", "import_consigment": "-"}, {"country": "Nicaragua", "year": "2020", "timeperiod": "2", "export": "-", "import_origin": "1.0", "import_consigment": "-"}, {"country": "Nicaragua", "year": "2020", "timeperiod": "4", "export": "-", "import_origin": "0.5", "import_consigment": "-"}, {"country": "Nicaragua", "year": "2020", "timeperiod": "6", "export": "-", "import_origin": "0.5", "import_consigment": "-"}, {"country": "Nicaragua", "year": "2020", "timeperiod": "7", "export": "-", "import_origin": "34.1", "import_consigment": "34.1"}, {"country": "Nicaragua", "year": "2020", "timeperiod": "8", "export": "-", "import_origin": "2.6", "import_consigment": "-"}, {"country": "Nicaragua", "year": "2020", "timeperiod": "10", "export": "-", "import_origin": "8.7", "import_consigment": "-"}, {"country": "Nicaragua", "year": "2020", "timeperiod": "11", "export": "-", "import_origin": "0.2", "import_consigment": "-"}, {"country": "Nicaragua", "year": "2020", "timeperiod": "12", "export": "-", "import_origin": "0.6", "import_consigment": "-"}, {"country": "Nicaragua", "year": "2020", "timeperiod": "Year", "export": "-", "import_origin": "50.2", "import_consigment": "34.1"}, {"country": "Nicaragua", "year": "2019", "timeperiod": "1", "export": "-", "import_origin": "2.0", "import_consigment": "-"}, {"country": "Nicaragua", "year": "2019", "timeperiod": "2", "export": "-", "import_origin": "6.2", "import_consigment": "-"}, {"country": "Nicaragua", "year": "2019", "timeperiod": "3", "export": "-", "import_origin": "1.7", "import_consigment": "-"}, {"country": "Nicaragua", "year": "2019", "timeperiod": "4", "export": "-", "import_origin": "0.8", "import_consigment": "-"}, {"country": "Nicaragua", "year": "2019", "timeperiod": "5", "export": "-", "import_origin": "50.8", "import_consigment": "50.8"}, {"country": "Nicaragua", "year": "2019", "timeperiod": "6", "export": "-", "import_origin": "6.1", "import_consigment": "-"}, {"country": "Nicaragua", "year": "2019", "timeperiod": "7", "export": "-", "import_origin": "0.9", "import_consigment": "-"}, {"country": "Nicaragua", "year": "2019", "timeperiod": "8", "export": "-", "import_origin": "0.2", "import_consigment": "-"}, {"country": "Nicaragua", "year": "2019", "timeperiod": "9", "export": "-", "import_origin": "65.0", "import_consigment": "59.4"}, {"country": "Nicaragua", "year": "2019", "timeperiod": "10", "export": "-", "import_origin": "0.2", "import_consigment": "-"}, {"country": "Nicaragua", "year": "2019", "timeperiod": "12", "export": "-", "import_origin": "0.3", "import_consigment": "-"}, {"country": "Nicaragua", "year": "2019", "timeperiod": "Year", "export": "-", "import_origin": "134.1", "import_consigment": "110.3"}, {"country": "Nicaragua", "year": "2018", "timeperiod": "1", "export": "-", "import_origin": "0.5", "import_consigment": "-"}, {"country": "Nicaragua", "year": "2018", "timeperiod": "3", "export": "-", "import_origin": "9.6", "import_consigment": "-"}]}