{"data": [{"country": "Mauritius", "year": "2018", "timeperiod": "Year", "export": "-", "import_origin": "1039.5", "import_consigment": "0.9"}, {"country": "Mauritius", "year": "2017", "timeperiod": "1", "export": "-", "import_origin": "12.0", "import_consigment": "-"}, {"country": "Mauritius", "year": "2017", "timeperiod": "2", "export": "-", "import_origin": "11.1", "import_consigment": "-"}, {"country": "Mauritius", "year": "2017", "timeperiod": "3", "export": "-", "import_origin": "21.2", "import_consigment": "-"}, {"country": "Mauritius", "year": "2017", "timeperiod": "4", "export": "-", "import_origin": "15.3", "import_consigment": "-"}, {"country": "Mauritius", "year": "2017", "timeperiod": "5", "export": "-", "import_origin": "9.3", "import_consigment": "95.9"}, {"country": "Mauritius", "year": "2017", "timeperiod": "6", "export": "-", "import_origin": "15.9", "import_consigment": "-"}, {"country": "Mauritius", "year": "2017", "timeperiod": "7", "export": "-", "import_origin": "92.0", "import_consigment": "178.6"}, {"country": "Mauritius", "year": "2017", "timeperiod": "8", "export": "-", "import_origin": "59.1", "import_consigment": "-"}, {"country": "Mauritius", "year": "2017", "timeperiod": "9", "export": "-", "import_origin": "39.3", "import_consigment": "-"}, {"country": "Mauritius", "year": "2017", "timeperiod": "10", "export": "-", "import_origin": "19.4", "import_consigment": "-"}, {"country": "Mauritius", "year": "2017", "timeperiod": "11", "export": "-", "import_origin": "49.3", "import_consigment": "-"}, {"country": "Mauritius", "year": "2017", "timeperiod": "12", "export": "-", "import_origin": "42.8", "import_consigment": "-"}, {"country": "Mauritius", "year": "2017", "timeperiod": "Year", "export": "-", "import_origin": "386.6", "import_consigment": "274.5"}, {"country": "Mexico", "year": "2023", "timeperiod": "1", "export": "-", "import_origin": "8809.3", "import_consigment": "5.1"}, {"country": "Mexico", "year": "2023", "timeperiod": "Year", "export": "-", "import_origin": "8809.3", "import_consigment": "5.1"}, {"country": "Mexico", "year": "2022", "timeperiod": "1", "export": "-", "import_origin": "1676.7", "import_consigment": "-"}, {"country": "Mexico", "year": "2022", "timeperiod": "2", "export": "0.1", "import_origin": "1378.9", "import_consigment": "24.6"}, {"country": "Mexico", "year": "2022", "timeperiod": "3", "export": "2.1", "import_origin": "2464.1", "import_consigment": "394.5"}, {"country": "Mexico", "year": "2022", "timeperiod": "4", "export": "-", "import_origin": "3856.6", "import_consigment": "108.4"}, {"country": "Mexico", "year": "2022", "timeperiod": "5", "export": "243.2", "import_origin": "3249.3", "import_consigment": "301.4"}, {"country": "Mexico", "year": "2022", "timeperiod": "6", "export": "-", "import_origin": "4806.6", "import_consigment": "10.5"}, {"country": "Mexico", "year": "2022", "timeperiod": "7", "export": "0.8", "import_origin": "4167.2", "import_consigment": "250.3"}, {"country": "Mexico", "year": "2022", "timeperiod": "8", "export": "5.2", "import_origin": "5427.5", "import_consigment": "4.1"}, {"country": "Mexico", "year": "2022", "timeperiod": "9", "export": "-", "import_origin": "6551.0", "import_consigment": "144.7"}]}