{"data": [{"country": "Israel", "year": "2018", "timeperiod": "2", "export": "485.1", "import_origin": "1175.9", "import_consigment": "1026.8"}, {"country": "Israel", "year": "2018", "timeperiod": "3", "export": "507.6", "import_origin": "707.8", "import_consigment": "581.5"}, {"country": "Israel", "year": "2018", "timeperiod": "4", "export": "123.3", "import_origin": "728.0", "import_consigment": "660.2"}, {"country": "Israel", "year": "2018", "timeperiod": "5", "export": "818.4", "import_origin": "513.2", "import_consigment": "410.7"}, {"country": "Israel", "year": "2018", "timeperiod": "6", "export": "1537.5", "import_origin": "1359.2", "import_consigment": "1303.2"}, {"country": "Israel", "year": "2018", "timeperiod": "7", "export": "592.2", "import_origin": "1585.0", "import_consigment": "830.1"}, {"country": "Israel", "year": "2018", "timeperiod": "8", "export": "332.0", "import_origin": "875.6", "import_consigment": "572.9"}, {"country": "Israel", "year": "2018", "timeperiod": "9", "export": "533.1", "import_origin": "671.2", "import_consigment": "653.7"}, {"country": "Israel", "year": "2018", "timeperiod": "10", "export": "764.9", "import_origin": "943.1", "import_consigment": "936.3"}, {"country": "Israel", "year": "2018", "timeperiod": "11", "export": "465.3", "import_origin": "846.3", "import_consigment": "790.8"}, {"country": "Israel", "year": "2018", "timeperiod": "12", "export": "1136.8", "import_origin": "843.8", "import_consigment": "836.6"}, {"country": "Israel", "year": "2018", "timeperiod": "Year", "export": "7633.7", "import_origin": "10602.0", "import_consigment": "8961.8"}, {"country": "Israel", "year": "2017", "timeperiod": "1", "export": "9.1", "import_origin": "152.3", "import_consigment": "249.2"}, {"country": "Israel", "year": "2017", "timeperiod": "2", "export": "235.7", "import_origin": "524.5", "import_consigment": "189.4"}, {"country": "Israel", "year": "2017", "timeperiod": "3", "export": "240.0", "import_origin": "190.4", "import_consigment": "285.6"}, {"country": "Israel", "year": "2017", "timeperiod": "4", "export": "165.3", "import_origin": "371.3", "import_consigment": "412.7"}, {"country": "Israel", "year": "2017", "timeperiod": "5", "export": "224.8", "import_origin": "829.9", "import_consigment": "268.7"}, {"country": "Israel", "year": "2017", "timeperiod": "6", "export": "192.5", "import_origin": "417.3", "import_consigment": "209.9"}, {"country": "Israel", "year": "2017", "timeperiod": "7", "export": "223.6", "import_origin": "608.1", "import_consigment": "480.0"}, {"country": "Israel", "year": "2017", "timeperiod": "8", "export": "269.9", "import_origin": "1042.9", "import_consigment": "1041.2"}, {"country": "Israel", "year": "2017", "timeperiod": "9", "export": "824.1", "import_origin": "377.7", "import_consigment": "312.9"}, {"country": "Israel", "year": "2017", "timeperiod": "10", "export": "181.9", "import_origin": "602.5", "import_consigment": "228.1"}, {"country": "Israel", "year": "2017", "timeperiod": "11", "export": "419.4", "import_origin": "604.9", "import_consigment": "553.3"}, {"country": "Israel", "year": "2017", "timeperiod": "12", "export": "769.4", "import_origin": "1597.4", "import_consigment": "1341.2"}, {"country": "Israel", "year": "2017", "timeperiod": "Year", "export": "3755.7", "import_origin": "7319.2", "import_consigment": "5572.2"}]}