{"data": [{"country": "Swaziland", "year": "2020", "timeperiod": "10", "export": "-", "import_origin": "0.2", "import_consigment": "-"}, {"country": "Swaziland", "year": "2020", "timeperiod": "Year", "export": "-", "import_origin": "5.5", "import_consigment": "-"}, {"country": "Swaziland", "year": "2019", "timeperiod": "1", "export": "-", "import_origin": "0.4", "import_consigment": "-"}, {"country": "Swaziland", "year": "2019", "timeperiod": "3", "export": "-", "import_origin": "2.3", "import_consigment": "-"}, {"country": "Swaziland", "year": "2019", "timeperiod": "8", "export": "-", "import_origin": "0.1", "import_consigment": "-"}, {"country": "Swaziland", "year": "2019", "timeperiod": "9", "export": "-", "import_origin": "1.8", "import_consigment": "-"}, {"country": "Swaziland", "year": "2019", "timeperiod": "10", "export": "-", "import_origin": "0.1", "import_consigment": "-"}, {"country": "Swaziland", "year": "2019", "timeperiod": "12", "export": "-", "import_origin": "1.6", "import_consigment": "-"}, {"country": "Swaziland", "year": "2019", "timeperiod": "Year", "export": "-", "import_origin": "6.3", "import_consigment": "-"}, {"country": "Swaziland", "year": "2018", "timeperiod": "3", "export": "-", "import_origin": "-", "import_consigment": "-"}, {"country": "Swaziland", "year": "2018", "timeperiod": "8", "export": "-", "import_origin": "-", "import_consigment": "-"}, {"country": "Swaziland", "year": "2018", "timeperiod": "11", "export": "-", "import_origin": "0.1", "import_consigment": "-"}, {"country": "Swaziland", "year": "2018", "timeperiod": "Year", "export": "-", "import_origin": "0.2", "import_consigment": "-"}, {"country": "Swaziland", "year": "2017", "timeperiod": "7", "export": "-", "import_origin": "0.2", "import_consigment": "-"}, {"country": "Swaziland", "year": "2017", "timeperiod": "10", "export": "-", "import_origin": "0.2", "import_consigment": "-"}, {"country": "Swaziland", "year": "2017", "timeperiod": "11", "export": "-", "import_origin": "0.9", "import_consigment": "-"}, {"country": "Swaziland", "year": "2017", "timeperiod": "12", "export": "-", "import_origin": "0.1", "import_consigment": "-"}, {"country": "Swaziland", "year": "2017", "timeperiod": "Year", "export": "-", "import_origin": "1.3", "import_consigment": "-"}, {"country": "Sweden", "year": "2023", "timeperiod": "1", "export": "6.7", "import_origin": "2711.6", "import_consigment": "1729.4"}, {"country": "Sweden", "year": "2023", "timeperiod": "Year", "export": "6.7", "import_origin": "2711.6", "import_consigment": "1729.4"}, {"country": "Sweden", "year": "2022", "timeperiod": "1", "export": "28.9", "import_origin": "1944.8", "import_consigment": "460.3"}, {"country": "Sweden", "year": "2022", "timeperiod": "2", "export": "-", "import_origin": "1591.9", "import_consigment": "934.8"}, {"country": "Sweden", "year": "2022", "timeperiod": "3", "export": "37.2", "import_origin": "1656.9", "import_consigment": "1252.6"}, {"country": "Sweden", "year": "2022", "timeperiod": "4", "export": "0.2", "import_origin": "1925.7", "import_consigment": "749.6"}, {"country": "Sweden", "year": "2022", "timeperiod": "5", "export": "11.7", "import_origin": "2519.1", "import_consigment": "1021.3"}]}