{"data": [{"country": "United Arab Emirates", "year": "2020", "timeperiod": "5", "export": "1409.3", "import_origin": "291.5", "import_consigment": "4284.9"}, {"country": "United Arab Emirates", "year": "2020", "timeperiod": "6", "export": "1348.9", "import_origin": "697.2", "import_consigment": "5648.0"}, {"country": "United Arab Emirates", "year": "2020", "timeperiod": "7", "export": "2140.3", "import_origin": "609.9", "import_consigment": "4036.4"}, {"country": "United Arab Emirates", "year": "2020", "timeperiod": "8", "export": "6109.1", "import_origin": "1632.7", "import_consigment": "5966.3"}, {"country": "United Arab Emirates", "year": "2020", "timeperiod": "9", "export": "6292.2", "import_origin": "2465.0", "import_consigment": "6629.6"}, {"country": "United Arab Emirates", "year": "2020", "timeperiod": "10", "export": "1999.7", "import_origin": "2195.2", "import_consigment": "8426.5"}, {"country": "United Arab Emirates", "year": "2020", "timeperiod": "11", "export": "5489.6", "import_origin": "2092.8", "import_consigment": "6004.3"}, {"country": "United Arab Emirates", "year": "2020", "timeperiod": "12", "export": "7167.2", "import_origin": "2971.2", "import_consigment": "13151.8"}, {"country": "United Arab Emirates", "year": "2020", "timeperiod": "Year", "export": "95924.6", "import_origin": "19646.1", "import_consigment": "95390.7"}, {"country": "United Arab Emirates", "year": "2019", "timeperiod": "1", "export": "1455.9", "import_origin": "12791.8", "import_consigment": "16390.1"}, {"country": "United Arab Emirates", "year": "2019", "timeperiod": "2", "export": "1898.7", "import_origin": "4868.3", "import_consigment": "13029.7"}, {"country": "United Arab Emirates", "year": "2019", "timeperiod": "3", "export": "4454.5", "import_origin": "4453.4", "import_consigment": "19565.9"}, {"country": "United Arab Emirates", "year": "2019", "timeperiod": "4", "export": "11004.9", "import_origin": "4508.4", "import_consigment": "13726.7"}, {"country": "United Arab Emirates", "year": "2019", "timeperiod": "5", "export": "7142.1", "import_origin": "2200.2", "import_consigment": "14717.2"}, {"country": "United Arab Emirates", "year": "2019", "timeperiod": "6", "export": "4549.5", "import_origin": "2541.9", "import_consigment": "12543.9"}, {"country": "United Arab Emirates", "year": "2019", "timeperiod": "7", "export": "4217.5", "import_origin": "3464.5", "import_consigment": "14702.0"}, {"country": "United Arab Emirates", "year": "2019", "timeperiod": "8", "export": "4738.3", "import_origin": "1943.6", "import_consigment": "12752.9"}, {"country": "United Arab Emirates", "year": "2019", "timeperiod": "9", "export": "2309.0", "import_origin": "3023.7", "import_consigment": "18856.2"}, {"country": "United Arab Emirates", "year": "2019", "timeperiod": "10", "export": "5121.6", "import_origin": "3016.2", "import_consigment": "29306.9"}, {"country": "United Arab Emirates", "year": "2019", "timeperiod": "11", "export": "4239.2", "import_origin": "3524.0", "import_consigment": "27905.5"}, {"country": "United Arab Emirates", "year": "2019", "timeperiod": "12", "export": "6142.0", "import_origin": "4365.1", "import_consigment": "37004.0"}, {"country": "United Arab Emirates", "year": "2019", "timeperiod": "Year", "export": "57273.2", "import_origin": "50701.1", "import_consigment": "230501.0"}, {"country": "United Arab Emirates", "year": "2018", "timeperiod": "1", "export": "5364.3", "import_origin": "9727.7", "import_consigment": "12115.6"}, {"country": "United Arab Emirates", "year": "2018", "timeperiod": "2", "export": "12080.1", "import_origin": "7101.1", "import_consigment": "13372.7"}, {"country": "United Arab Emirates", "year": "2018", "timeperiod": "3", "export": "11835.1", "import_origin": "10773.9", "import_consigment": "18315.9"}]}