{"data": [{"country": "El Salvador", "year": "2017", "timeperiod": "11", "export": "-", "import_origin": "1.3", "import_consigment": "-"}, {"country": "El Salvador", "year": "2017", "timeperiod": "12", "export": "-", "import_origin": "68.0", "import_consigment": "-"}, {"country": "El Salvador", "year": "2017", "timeperiod": "Year", "export": "-", "import_origin": "157.9", "import_consigment": "-"}, {"country": "Equatorial Guinea", "year": "2021", "timeperiod": "7", "export": "-", "import_origin": "-", "import_consigment": "-"}, {"country": "Equatorial Guinea", "year": "2021", "timeperiod": "Year", "export": "-", "import_origin": "-", "import_consigment": "-"}, {"country": "Ethiopia", "year": "2023", "timeperiod": "1", "export": "-", "import_origin": "13.8", "import_consigment": "-"}, {"country": "Ethiopia", "year": "2023", "timeperiod": "Year", "export": "-", "import_origin": "13.8", "import_consigment": "-"}, {"country": "Ethiopia", "year": "2022", "timeperiod": "2", "export": "-", "import_origin": "41.8", "import_consigment": "-"}, {"country": "Ethiopia", "year": "2022", "timeperiod": "3", "export": "-", "import_origin": "96.4", "import_consigment": "-"}, {"country": "Ethiopia", "year": "2022", "timeperiod": "4", "export": "-", "import_origin": "88.3", "import_consigment": "87.2"}, {"country": "Ethiopia", "year": "2022", "timeperiod": "5", "export": "-", "import_origin": "0.9", "import_consigment": "-"}, {"country": "Ethiopia", "year": "2022", "timeperiod": "6", "export": "-", "import_origin": "123.6", "import_consigment": "-"}, {"country": "Ethiopia", "year": "2022", "timeperiod": "7", "export": "-", "import_origin": "25.0", "import_consigment": "-"}, {"country": "Ethiopia", "year": "2022", "timeperiod": "8", "export": "-", "import_origin": "101.5", "import_consigment": "-"}, {"country": "Ethiopia", "year": "2022", "timeperiod": "9", "export": "-", "import_origin": "78.0", "import_consigment": "-"}, {"country": "Ethiopia", "year": "2022", "timeperiod": "10", "export": "-", "import_origin": "204.7", "import_consigment": "196.7"}, {"country": "Ethiopia", "year": "2022", "timeperiod": "11", "export": "-", "import_origin": "155.0", "import_consigment": "-"}, {"country": "Ethiopia", "year": "2022", "timeperiod": "12", "export": "-", "import_origin": "186.7", "import_consigment": "-"}, {"country": "Ethiopia", "year": "2022", "timeperiod": "Year", "export": "-", "import_origin": "1101.9", "import_consigment": "283.9"}, {"country": "Ethiopia", "year": "2021", "timeperiod": "1", "export": "-", "import_origin": "3.1", "import_consigment": "-"}, {"country": "Ethiopia", "year": "2021", "timeperiod": "2", "export": "-", "import_origin": "21.2", "import_consigment": "-"}, {"country": "Ethiopia", "year": "2021", "timeperiod": "3", "export": "-", "import_origin": "107.1", "import_consigment": "52.3"}, {"country": "Ethiopia", "year": "2021", "timeperiod": "4", "export": "-", "import_origin": "20.0", "import_consigment": "-"}, {"country": "Ethiopia", "year": "2021", "timeperiod": "5", "export": "-", "import_origin": "0.5", "import_consigment": "-"}, {"country": "Ethiopia", "year": "2021", "timeperiod": "6", "export": "-", "import_origin": "51.4", "import_consigment": "-"}]}