{"data": [{"country": "Niger", "year": "2018", "timeperiod": "3", "export": "-", "import_origin": "-", "import_consigment": "9.0"}, {"country": "Niger", "year": "2018", "timeperiod": "Year", "export": "-", "import_origin": "-", "import_consigment": "9.0"}, {"country": "Niger", "year": "2017", "timeperiod": "4", "export": "-", "import_origin": "1.2", "import_consigment": "-"}, {"country": "Niger", "year": "2017", "timeperiod": "5", "export": "-", "import_origin": "8.7", "import_consigment": "-"}, {"country": "Niger", "year": "2017", "timeperiod": "Year", "export": "-", "import_origin": "9.9", "import_consigment": "-"}, {"country": "Nigeria", "year": "2023", "timeperiod": "1", "export": "-", "import_origin": "7.0", "import_consigment": "-"}, {"country": "Nigeria", "year": "2023", "timeperiod": "Year", "export": "-", "import_origin": "7.0", "import_consigment": "-"}, {"country": "Nigeria", "year": "2022", "timeperiod": "2", "export": "2.6", "import_origin": "-", "import_consigment": "-"}, {"country": "Nigeria", "year": "2022", "timeperiod": "3", "export": "-", "import_origin": "128.3", "import_consigment": "-"}, {"country": "Nigeria", "year": "2022", "timeperiod": "4", "export": "-", "import_origin": "271.9", "import_consigment": "-"}, {"country": "Nigeria", "year": "2022", "timeperiod": "6", "export": "-", "import_origin": "202.5", "import_consigment": "-"}, {"country": "Nigeria", "year": "2022", "timeperiod": "8", "export": "-", "import_origin": "0.1", "import_consigment": "-"}, {"country": "Nigeria", "year": "2022", "timeperiod": "9", "export": "-", "import_origin": "63.3", "import_consigment": "-"}, {"country": "Nigeria", "year": "2022", "timeperiod": "10", "export": "-", "import_origin": "599.5", "import_consigment": "-"}, {"country": "Nigeria", "year": "2022", "timeperiod": "11", "export": "-", "import_origin": "252.1", "import_consigment": "-"}, {"country": "Nigeria", "year": "2022", "timeperiod": "12", "export": "-", "import_origin": "186.5", "import_consigment": "-"}, {"country": "Nigeria", "year": "2022", "timeperiod": "Year", "export": "2.6", "import_origin": "1704.3", "import_consigment": "-"}, {"country": "Nigeria", "year": "2021", "timeperiod": "2", "export": "-", "import_origin": "1.3", "import_consigment": "-"}, {"country": "Nigeria", "year": "2021", "timeperiod": "3", "export": "-", "import_origin": "150.0", "import_consigment": "-"}, {"country": "Nigeria", "year": "2021", "timeperiod": "4", "export": "-", "import_origin": "0.4", "import_consigment": "-"}, {"country": "Nigeria", "year": "2021", "timeperiod": "5", "export": "-", "import_origin": "132.9", "import_consigment": "-"}, {"country": "Nigeria", "year": "2021", "timeperiod": "6", "export": "-", "import_origin": "-", "import_consigment": "-"}, {"country": "Nigeria", "year": "2021", "timeperiod": "7", "export": "30.3", "import_origin": "3.2", "import_consigment": "-"}, {"country": "Nigeria", "year": "2021", "timeperiod": "8", "export": "-", "import_origin": "133.8", "import_consigment": "-"}, {"country": "Nigeria", "year": "2021", "timeperiod": "10", "export": "0.1", "import_origin": "130.2", "import_consigment": "-"}]}