{"data": [{"country": "Korea, DPR of", "year": "2022", "timeperiod": "10", "export": "-", "import_origin": "17.9", "import_consigment": "-"}, {"country": "Korea, DPR of", "year": "2022", "timeperiod": "11", "export": "-", "import_origin": "19.3", "import_consigment": "-"}, {"country": "Korea, DPR of", "year": "2022", "timeperiod": "12", "export": "-", "import_origin": "6.9", "import_consigment": "-"}, {"country": "Korea, DPR of", "year": "2022", "timeperiod": "Year", "export": "-", "import_origin": "102.7", "import_consigment": "-"}, {"country": "Korea, DPR of", "year": "2021", "timeperiod": "1", "export": "-", "import_origin": "4.1", "import_consigment": "-"}, {"country": "Korea, DPR of", "year": "2021", "timeperiod": "2", "export": "-", "import_origin": "8.9", "import_consigment": "-"}, {"country": "Korea, DPR of", "year": "2021", "timeperiod": "3", "export": "-", "import_origin": "3.2", "import_consigment": "-"}, {"country": "Korea, DPR of", "year": "2021", "timeperiod": "4", "export": "-", "import_origin": "0.8", "import_consigment": "-"}, {"country": "Korea, DPR of", "year": "2021", "timeperiod": "5", "export": "-", "import_origin": "17.2", "import_consigment": "-"}, {"country": "Korea, DPR of", "year": "2021", "timeperiod": "6", "export": "-", "import_origin": "0.4", "import_consigment": "-"}, {"country": "Korea, DPR of", "year": "2021", "timeperiod": "7", "export": "-", "import_origin": "1.9", "import_consigment": "-"}, {"country": "Korea, DPR of", "year": "2021", "timeperiod": "8", "export": "-", "import_origin": "1.8", "import_consigment": "-"}, {"country": "Korea, DPR of", "year": "2021", "timeperiod": "9", "export": "-", "import_origin": "0.4", "import_consigment": "-"}, {"country": "Korea, DPR of", "year": "2021", "timeperiod": "10", "export": "-", "import_origin": "0.8", "import_consigment": "-"}, {"country": "Korea, DPR of", "year": "2021", "timeperiod": "11", "export": "-", "import_origin": "3.6", "import_consigment": "-"}, {"country": "Korea, DPR of", "year": "2021", "timeperiod": "12", "export": "-", "import_origin": "13.0", "import_consigment": "-"}, {"country": "Korea, DPR of", "year": "2021", "timeperiod": "Year", "export": "-", "import_origin": "56.0", "import_consigment": "-"}, {"country": "Korea, DPR of", "year": "2020", "timeperiod": "1", "export": "-", "import_origin": "0.2", "import_consigment": "-"}, {"country": "Korea, DPR of", "year": "2020", "timeperiod": "2", "export": "-", "import_origin": "4.3", "import_consigment": "-"}, {"country": "Korea, DPR of", "year": "2020", "timeperiod": "3", "export": "-", "import_origin": "2.8", "import_consigment": "-"}, {"country": "Korea, DPR of", "year": "2020", "timeperiod": "4", "export": "-", "import_origin": "0.9", "import_consigment": "-"}, {"country": "Korea, DPR of", "year": "2020", "timeperiod": "5", "export": "-", "import_origin": "0.7", "import_consigment": "-"}, {"country": "Korea, DPR of", "year": "2020", "timeperiod": "6", "export": "-", "import_origin": "2.7", "import_consigment": "-"}, {"country": "Korea, DPR of", "year": "2020", "timeperiod": "7", "export": "-", "import_origin": "15.4", "import_consigment": "-"}, {"country": "Korea, DPR of", "year": "2020", "timeperiod": "8", "export": "-", "import_origin": "5.5", "import_consigment": "-"}]}