{"data": [{"country": "Kyrgyzstan", "year": "2017", "timeperiod": "6", "export": "6.9", "import_origin": "-", "import_consigment": "-"}, {"country": "Kyrgyzstan", "year": "2017", "timeperiod": "7", "export": "70.1", "import_origin": "-", "import_consigment": "-"}, {"country": "Kyrgyzstan", "year": "2017", "timeperiod": "8", "export": "12.7", "import_origin": "-", "import_consigment": "-"}, {"country": "Kyrgyzstan", "year": "2017", "timeperiod": "9", "export": "476.2", "import_origin": "-", "import_consigment": "-"}, {"country": "Kyrgyzstan", "year": "2017", "timeperiod": "10", "export": "296.8", "import_origin": "13.2", "import_consigment": "13.2"}, {"country": "Kyrgyzstan", "year": "2017", "timeperiod": "11", "export": "437.9", "import_origin": "-", "import_consigment": "-"}, {"country": "Kyrgyzstan", "year": "2017", "timeperiod": "12", "export": "70.0", "import_origin": "72.6", "import_consigment": "124.1"}, {"country": "Kyrgyzstan", "year": "2017", "timeperiod": "Year", "export": "1763.8", "import_origin": "88.8", "import_consigment": "146.5"}, {"country": "Laos", "year": "2023", "timeperiod": "1", "export": "-", "import_origin": "65.2", "import_consigment": "-"}, {"country": "Laos", "year": "2023", "timeperiod": "Year", "export": "-", "import_origin": "65.2", "import_consigment": "-"}, {"country": "Laos", "year": "2022", "timeperiod": "1", "export": "-", "import_origin": "5.4", "import_consigment": "-"}, {"country": "Laos", "year": "2022", "timeperiod": "2", "export": "-", "import_origin": "102.2", "import_consigment": "-"}, {"country": "Laos", "year": "2022", "timeperiod": "3", "export": "-", "import_origin": "58.8", "import_consigment": "-"}, {"country": "Laos", "year": "2022", "timeperiod": "4", "export": "-", "import_origin": "8.5", "import_consigment": "-"}, {"country": "Laos", "year": "2022", "timeperiod": "5", "export": "-", "import_origin": "17.0", "import_consigment": "-"}, {"country": "Laos", "year": "2022", "timeperiod": "6", "export": "-", "import_origin": "5.3", "import_consigment": "-"}, {"country": "Laos", "year": "2022", "timeperiod": "7", "export": "-", "import_origin": "100.2", "import_consigment": "-"}, {"country": "Laos", "year": "2022", "timeperiod": "8", "export": "-", "import_origin": "48.2", "import_consigment": "-"}, {"country": "Laos", "year": "2022", "timeperiod": "9", "export": "-", "import_origin": "28.6", "import_consigment": "-"}, {"country": "Laos", "year": "2022", "timeperiod": "10", "export": "-", "import_origin": "47.1", "import_consigment": "-"}, {"country": "Laos", "year": "2022", "timeperiod": "11", "export": "210.4", "import_origin": "32.8", "import_consigment": "-"}, {"country": "Laos", "year": "2022", "timeperiod": "12", "export": "-", "import_origin": "35.4", "import_consigment": "-"}, {"country": "Laos", "year": "2022", "timeperiod": "Year", "export": "210.4", "import_origin": "489.4", "import_consigment": "-"}, {"country": "Laos", "year": "2021", "timeperiod": "1", "export": "-", "import_origin": "1.8", "import_consigment": "-"}, {"country": "Laos", "year": "2021", "timeperiod": "2", "export": "-", "import_origin": "13.1", "import_consigment": "-"}]}