{"data": [{"country": "Chad", "year": "2019", "timeperiod": "Year", "export": "-", "import_origin": "-", "import_consigment": "-"}, {"country": "Chile", "year": "2023", "timeperiod": "1", "export": "25.2", "import_origin": "348.7", "import_consigment": "199.0"}, {"country": "Chile", "year": "2023", "timeperiod": "Year", "export": "25.2", "import_origin": "348.7", "import_consigment": "199.0"}, {"country": "Chile", "year": "2022", "timeperiod": "1", "export": "-", "import_origin": "85.2", "import_consigment": "-"}, {"country": "Chile", "year": "2022", "timeperiod": "2", "export": "22.6", "import_origin": "103.4", "import_consigment": "-"}, {"country": "Chile", "year": "2022", "timeperiod": "3", "export": "-", "import_origin": "160.7", "import_consigment": "30.3"}, {"country": "Chile", "year": "2022", "timeperiod": "4", "export": "-", "import_origin": "68.3", "import_consigment": "-"}, {"country": "Chile", "year": "2022", "timeperiod": "5", "export": "1224.8", "import_origin": "537.1", "import_consigment": "30.1"}, {"country": "Chile", "year": "2022", "timeperiod": "6", "export": "2411.3", "import_origin": "403.4", "import_consigment": "177.7"}, {"country": "Chile", "year": "2022", "timeperiod": "7", "export": "-", "import_origin": "112.2", "import_consigment": "72.3"}, {"country": "Chile", "year": "2022", "timeperiod": "8", "export": "2342.9", "import_origin": "1205.5", "import_consigment": "675.4"}, {"country": "Chile", "year": "2022", "timeperiod": "9", "export": "6.4", "import_origin": "1284.7", "import_consigment": "516.9"}, {"country": "Chile", "year": "2022", "timeperiod": "10", "export": "3045.6", "import_origin": "1286.3", "import_consigment": "982.3"}, {"country": "Chile", "year": "2022", "timeperiod": "11", "export": "-", "import_origin": "685.1", "import_consigment": "277.9"}, {"country": "Chile", "year": "2022", "timeperiod": "12", "export": "-", "import_origin": "1799.6", "import_consigment": "1076.6"}, {"country": "Chile", "year": "2022", "timeperiod": "Year", "export": "9053.6", "import_origin": "7731.4", "import_consigment": "3839.6"}, {"country": "Chile", "year": "2021", "timeperiod": "1", "export": "-", "import_origin": "301.8", "import_consigment": "246.0"}, {"country": "Chile", "year": "2021", "timeperiod": "2", "export": "-", "import_origin": "227.1", "import_consigment": "74.4"}, {"country": "Chile", "year": "2021", "timeperiod": "3", "export": "-", "import_origin": "193.6", "import_consigment": "204.5"}, {"country": "Chile", "year": "2021", "timeperiod": "4", "export": "0.2", "import_origin": "112.2", "import_consigment": "76.5"}, {"country": "Chile", "year": "2021", "timeperiod": "5", "export": "-", "import_origin": "25.7", "import_consigment": "-"}, {"country": "Chile", "year": "2021", "timeperiod": "6", "export": "19.4", "import_origin": "249.1", "import_consigment": "191.0"}, {"country": "Chile", "year": "2021", "timeperiod": "7", "export": "-", "import_origin": "162.7", "import_consigment": "0.2"}, {"country": "Chile", "year": "2021", "timeperiod": "8", "export": "-", "import_origin": "230.5", "import_consigment": "149.3"}, {"country": "Chile", "year": "2021", "timeperiod": "9", "export": "20.0", "import_origin": "102.0", "import_consigment": "-"}]}