{"data": [{"country": "Germany", "year": "2022", "timeperiod": "9", "export": "7174.2", "import_origin": "39246.8", "import_consigment": "45802.2"}, {"country": "Germany", "year": "2022", "timeperiod": "10", "export": "7730.0", "import_origin": "52000.8", "import_consigment": "51026.4"}, {"country": "Germany", "year": "2022", "timeperiod": "11", "export": "8797.1", "import_origin": "55369.8", "import_consigment": "58827.6"}, {"country": "Germany", "year": "2022", "timeperiod": "12", "export": "8593.1", "import_origin": "66971.1", "import_consigment": "63128.4"}, {"country": "Germany", "year": "2022", "timeperiod": "Year", "export": "106072.2", "import_origin": "424351.9", "import_consigment": "457046.3"}, {"country": "Germany", "year": "2021", "timeperiod": "1", "export": "5331.3", "import_origin": "5898.7", "import_consigment": "5803.9"}, {"country": "Germany", "year": "2021", "timeperiod": "2", "export": "6247.5", "import_origin": "20036.5", "import_consigment": "20656.2"}, {"country": "Germany", "year": "2021", "timeperiod": "3", "export": "6460.1", "import_origin": "27087.1", "import_consigment": "32210.2"}, {"country": "Germany", "year": "2021", "timeperiod": "4", "export": "7710.4", "import_origin": "15568.0", "import_consigment": "15248.7"}, {"country": "Germany", "year": "2021", "timeperiod": "5", "export": "6412.6", "import_origin": "12187.8", "import_consigment": "12203.6"}, {"country": "Germany", "year": "2021", "timeperiod": "6", "export": "6511.2", "import_origin": "14126.9", "import_consigment": "12520.6"}, {"country": "Germany", "year": "2021", "timeperiod": "7", "export": "6158.8", "import_origin": "16640.9", "import_consigment": "16573.1"}, {"country": "Germany", "year": "2021", "timeperiod": "8", "export": "6936.8", "import_origin": "16291.2", "import_consigment": "18814.3"}, {"country": "Germany", "year": "2021", "timeperiod": "9", "export": "6167.4", "import_origin": "18682.3", "import_consigment": "19955.4"}, {"country": "Germany", "year": "2021", "timeperiod": "10", "export": "6273.6", "import_origin": "16535.4", "import_consigment": "18313.2"}, {"country": "Germany", "year": "2021", "timeperiod": "11", "export": "7539.9", "import_origin": "19081.6", "import_consigment": "18719.1"}, {"country": "Germany", "year": "2021", "timeperiod": "12", "export": "5828.2", "import_origin": "30132.3", "import_consigment": "31838.1"}, {"country": "Germany", "year": "2021", "timeperiod": "Year", "export": "77577.7", "import_origin": "212268.8", "import_consigment": "222856.6"}, {"country": "Germany", "year": "2020", "timeperiod": "1", "export": "4490.8", "import_origin": "10532.1", "import_consigment": "8200.0"}, {"country": "Germany", "year": "2020", "timeperiod": "2", "export": "5168.8", "import_origin": "11884.5", "import_consigment": "14618.5"}, {"country": "Germany", "year": "2020", "timeperiod": "3", "export": "3891.4", "import_origin": "22496.2", "import_consigment": "21500.1"}, {"country": "Germany", "year": "2020", "timeperiod": "4", "export": "2858.9", "import_origin": "15229.1", "import_consigment": "15675.5"}, {"country": "Germany", "year": "2020", "timeperiod": "5", "export": "3770.8", "import_origin": "11129.1", "import_consigment": "11052.4"}, {"country": "Germany", "year": "2020", "timeperiod": "6", "export": "3743.8", "import_origin": "16461.1", "import_consigment": "16028.6"}, {"country": "Germany", "year": "2020", "timeperiod": "7", "export": "4974.4", "import_origin": "18678.9", "import_consigment": "20597.3"}]}