{"data": [{"country": "Slovakia", "year": "2017", "timeperiod": "8", "export": "-", "import_origin": "752.6", "import_consigment": "873.0"}, {"country": "Slovakia", "year": "2017", "timeperiod": "9", "export": "-", "import_origin": "516.3", "import_consigment": "130.4"}, {"country": "Slovakia", "year": "2017", "timeperiod": "10", "export": "16.9", "import_origin": "1068.6", "import_consigment": "1029.7"}, {"country": "Slovakia", "year": "2017", "timeperiod": "11", "export": "16.0", "import_origin": "1018.1", "import_consigment": "389.0"}, {"country": "Slovakia", "year": "2017", "timeperiod": "12", "export": "32.1", "import_origin": "432.4", "import_consigment": "215.2"}, {"country": "Slovakia", "year": "2017", "timeperiod": "Year", "export": "106.5", "import_origin": "9070.9", "import_consigment": "6279.5"}, {"country": "Viet Nam", "year": "2023", "timeperiod": "1", "export": "11.1", "import_origin": "15396.9", "import_consigment": "12959.4"}, {"country": "Viet Nam", "year": "2023", "timeperiod": "Year", "export": "11.1", "import_origin": "15396.9", "import_consigment": "12959.4"}, {"country": "Viet Nam", "year": "2022", "timeperiod": "1", "export": "2.5", "import_origin": "2642.3", "import_consigment": "929.3"}, {"country": "Viet Nam", "year": "2022", "timeperiod": "2", "export": "3.6", "import_origin": "2258.9", "import_consigment": "1014.4"}, {"country": "Viet Nam", "year": "2022", "timeperiod": "3", "export": "135.8", "import_origin": "1873.0", "import_consigment": "661.0"}, {"country": "Viet Nam", "year": "2022", "timeperiod": "4", "export": "3.6", "import_origin": "2158.0", "import_consigment": "1294.1"}, {"country": "Viet Nam", "year": "2022", "timeperiod": "5", "export": "503.4", "import_origin": "4065.0", "import_consigment": "1913.2"}, {"country": "Viet Nam", "year": "2022", "timeperiod": "6", "export": "-", "import_origin": "8977.6", "import_consigment": "6448.4"}, {"country": "Viet Nam", "year": "2022", "timeperiod": "7", "export": "109.2", "import_origin": "19677.0", "import_consigment": "13912.5"}, {"country": "Viet Nam", "year": "2022", "timeperiod": "8", "export": "41.9", "import_origin": "34912.6", "import_consigment": "19005.8"}, {"country": "Viet Nam", "year": "2022", "timeperiod": "9", "export": "284.7", "import_origin": "44517.9", "import_consigment": "24324.6"}, {"country": "Viet Nam", "year": "2022", "timeperiod": "10", "export": "329.1", "import_origin": "20644.3", "import_consigment": "5782.3"}, {"country": "Viet Nam", "year": "2022", "timeperiod": "11", "export": "0.3", "import_origin": "17666.1", "import_consigment": "7208.3"}, {"country": "Viet Nam", "year": "2022", "timeperiod": "12", "export": "7.3", "import_origin": "16406.7", "import_consigment": "2485.8"}, {"country": "Viet Nam", "year": "2022", "timeperiod": "Year", "export": "1421.5", "import_origin": "175799.5", "import_consigment": "84979.9"}, {"country": "Viet Nam", "year": "2021", "timeperiod": "1", "export": "167.1", "import_origin": "1025.9", "import_consigment": "309.9"}, {"country": "Viet Nam", "year": "2021", "timeperiod": "2", "export": "73.1", "import_origin": "1990.0", "import_consigment": "227.3"}, {"country": "Viet Nam", "year": "2021", "timeperiod": "3", "export": "2.3", "import_origin": "3957.7", "import_consigment": "584.5"}, {"country": "Viet Nam", "year": "2021", "timeperiod": "4", "export": "2.3", "import_origin": "2970.4", "import_consigment": "710.1"}]}