{"data": [{"country": "Germany", "year": "2018", "timeperiod": "7", "export": "12905.5", "import_origin": "27342.6", "import_consigment": "25113.0"}, {"country": "Germany", "year": "2018", "timeperiod": "8", "export": "12022.6", "import_origin": "28198.0", "import_consigment": "27185.2"}, {"country": "Germany", "year": "2018", "timeperiod": "9", "export": "10275.3", "import_origin": "17899.0", "import_consigment": "16885.8"}, {"country": "Germany", "year": "2018", "timeperiod": "10", "export": "12061.5", "import_origin": "37557.6", "import_consigment": "30807.9"}, {"country": "Germany", "year": "2018", "timeperiod": "11", "export": "6701.5", "import_origin": "25437.8", "import_consigment": "22716.8"}, {"country": "Germany", "year": "2018", "timeperiod": "12", "export": "2399.8", "import_origin": "23507.3", "import_consigment": "22241.8"}, {"country": "Germany", "year": "2018", "timeperiod": "Year", "export": "136074.7", "import_origin": "296872.4", "import_consigment": "265043.2"}, {"country": "Germany", "year": "2017", "timeperiod": "1", "export": "12025.3", "import_origin": "7248.3", "import_consigment": "5922.5"}, {"country": "Germany", "year": "2017", "timeperiod": "2", "export": "11917.2", "import_origin": "10675.4", "import_consigment": "10138.3"}, {"country": "Germany", "year": "2017", "timeperiod": "3", "export": "13115.3", "import_origin": "12809.1", "import_consigment": "12073.3"}, {"country": "Germany", "year": "2017", "timeperiod": "4", "export": "11419.7", "import_origin": "13662.0", "import_consigment": "12055.6"}, {"country": "Germany", "year": "2017", "timeperiod": "5", "export": "6253.6", "import_origin": "12424.1", "import_consigment": "9377.5"}, {"country": "Germany", "year": "2017", "timeperiod": "6", "export": "11039.4", "import_origin": "18468.3", "import_consigment": "16638.0"}, {"country": "Germany", "year": "2017", "timeperiod": "7", "export": "9111.6", "import_origin": "16790.0", "import_consigment": "13628.7"}, {"country": "Germany", "year": "2017", "timeperiod": "8", "export": "10627.9", "import_origin": "19390.7", "import_consigment": "16210.3"}, {"country": "Germany", "year": "2017", "timeperiod": "9", "export": "11243.9", "import_origin": "23075.1", "import_consigment": "14977.6"}, {"country": "Germany", "year": "2017", "timeperiod": "10", "export": "10405.0", "import_origin": "19592.9", "import_consigment": "16193.0"}, {"country": "Germany", "year": "2017", "timeperiod": "11", "export": "12184.3", "import_origin": "17811.2", "import_consigment": "18040.0"}, {"country": "Germany", "year": "2017", "timeperiod": "12", "export": "13785.3", "import_origin": "29204.1", "import_consigment": "25540.3"}, {"country": "Germany", "year": "2017", "timeperiod": "Year", "export": "133128.4", "import_origin": "201151.1", "import_consigment": "170795.1"}, {"country": "Ghana", "year": "2023", "timeperiod": "1", "export": "-", "import_origin": "71.9", "import_consigment": "-"}, {"country": "Ghana", "year": "2023", "timeperiod": "Year", "export": "-", "import_origin": "71.9", "import_consigment": "-"}, {"country": "Ghana", "year": "2022", "timeperiod": "1", "export": "-", "import_origin": "94.6", "import_consigment": "-"}, {"country": "Ghana", "year": "2022", "timeperiod": "2", "export": "-", "import_origin": "1.3", "import_consigment": "-"}, {"country": "Ghana", "year": "2022", "timeperiod": "3", "export": "-", "import_origin": "111.4", "import_consigment": "-"}]}