{"data": [{"country": "Madagascar", "year": "2022", "timeperiod": "5", "export": "-", "import_origin": "6.5", "import_consigment": "-"}, {"country": "Madagascar", "year": "2022", "timeperiod": "6", "export": "-", "import_origin": "13.4", "import_consigment": "-"}, {"country": "Madagascar", "year": "2022", "timeperiod": "7", "export": "-", "import_origin": "9.2", "import_consigment": "-"}, {"country": "Madagascar", "year": "2022", "timeperiod": "8", "export": "-", "import_origin": "42.3", "import_consigment": "-"}, {"country": "Madagascar", "year": "2022", "timeperiod": "9", "export": "-", "import_origin": "21.9", "import_consigment": "-"}, {"country": "Madagascar", "year": "2022", "timeperiod": "10", "export": "-", "import_origin": "30.7", "import_consigment": "-"}, {"country": "Madagascar", "year": "2022", "timeperiod": "11", "export": "-", "import_origin": "38.5", "import_consigment": "-"}, {"country": "Madagascar", "year": "2022", "timeperiod": "12", "export": "-", "import_origin": "67.8", "import_consigment": "-"}, {"country": "Madagascar", "year": "2022", "timeperiod": "Year", "export": "-", "import_origin": "357.3", "import_consigment": "-"}, {"country": "Madagascar", "year": "2021", "timeperiod": "1", "export": "-", "import_origin": "1.6", "import_consigment": "-"}, {"country": "Madagascar", "year": "2021", "timeperiod": "2", "export": "-", "import_origin": "2.8", "import_consigment": "-"}, {"country": "Madagascar", "year": "2021", "timeperiod": "3", "export": "-", "import_origin": "9.6", "import_consigment": "-"}, {"country": "Madagascar", "year": "2021", "timeperiod": "4", "export": "-", "import_origin": "11.8", "import_consigment": "-"}, {"country": "Madagascar", "year": "2021", "timeperiod": "5", "export": "-", "import_origin": "6.4", "import_consigment": "-"}, {"country": "Madagascar", "year": "2021", "timeperiod": "6", "export": "-", "import_origin": "10.0", "import_consigment": "-"}, {"country": "Madagascar", "year": "2021", "timeperiod": "7", "export": "-", "import_origin": "10.1", "import_consigment": "-"}, {"country": "Madagascar", "year": "2021", "timeperiod": "8", "export": "-", "import_origin": "11.4", "import_consigment": "-"}, {"country": "Madagascar", "year": "2021", "timeperiod": "9", "export": "-", "import_origin": "10.3", "import_consigment": "-"}, {"country": "Madagascar", "year": "2021", "timeperiod": "10", "export": "-", "import_origin": "9.0", "import_consigment": "-"}, {"country": "Madagascar", "year": "2021", "timeperiod": "11", "export": "-", "import_origin": "20.1", "import_consigment": "-"}, {"country": "Madagascar", "year": "2021", "timeperiod": "12", "export": "-", "import_origin": "305.6", "import_consigment": "-"}, {"country": "Madagascar", "year": "2021", "timeperiod": "Year", "export": "-", "import_origin": "408.8", "import_consigment": "-"}, {"country": "Madagascar", "year": "2020", "timeperiod": "1", "export": "-", "import_origin": "8.7", "import_consigment": "-"}, {"country": "Madagascar", "year": "2020", "timeperiod": "2", "export": "-", "import_origin": "10.4", "import_consigment": "-"}, {"country": "Madagascar", "year": "2020", "timeperiod": "3", "export": "-", "import_origin": "159.3", "import_consigment": "-"}]}