{"data": [{"country": "Malawi", "year": "2017", "timeperiod": "12", "export": "-", "import_origin": "6.4", "import_consigment": "-"}, {"country": "Malawi", "year": "2017", "timeperiod": "Year", "export": "-", "import_origin": "2225.7", "import_consigment": "2194.5"}, {"country": "Malaysia", "year": "2023", "timeperiod": "1", "export": "897.5", "import_origin": "2663.4", "import_consigment": "473.8"}, {"country": "Malaysia", "year": "2023", "timeperiod": "Year", "export": "897.5", "import_origin": "2663.4", "import_consigment": "473.8"}, {"country": "Malaysia", "year": "2022", "timeperiod": "1", "export": "-", "import_origin": "591.6", "import_consigment": "172.4"}, {"country": "Malaysia", "year": "2022", "timeperiod": "2", "export": "-", "import_origin": "1096.0", "import_consigment": "193.2"}, {"country": "Malaysia", "year": "2022", "timeperiod": "3", "export": "13.3", "import_origin": "1864.5", "import_consigment": "1011.7"}, {"country": "Malaysia", "year": "2022", "timeperiod": "4", "export": "-", "import_origin": "1282.6", "import_consigment": "370.5"}, {"country": "Malaysia", "year": "2022", "timeperiod": "5", "export": "-", "import_origin": "1954.8", "import_consigment": "287.1"}, {"country": "Malaysia", "year": "2022", "timeperiod": "6", "export": "9.5", "import_origin": "1761.1", "import_consigment": "645.6"}, {"country": "Malaysia", "year": "2022", "timeperiod": "7", "export": "148.8", "import_origin": "1303.0", "import_consigment": "400.3"}, {"country": "Malaysia", "year": "2022", "timeperiod": "8", "export": "-", "import_origin": "2523.7", "import_consigment": "785.0"}, {"country": "Malaysia", "year": "2022", "timeperiod": "9", "export": "0.3", "import_origin": "3321.6", "import_consigment": "902.8"}, {"country": "Malaysia", "year": "2022", "timeperiod": "10", "export": "-", "import_origin": "4737.5", "import_consigment": "756.1"}, {"country": "Malaysia", "year": "2022", "timeperiod": "11", "export": "-", "import_origin": "4273.2", "import_consigment": "974.4"}, {"country": "Malaysia", "year": "2022", "timeperiod": "12", "export": "3123.4", "import_origin": "2242.1", "import_consigment": "346.8"}, {"country": "Malaysia", "year": "2022", "timeperiod": "Year", "export": "3295.3", "import_origin": "26951.9", "import_consigment": "6846.0"}, {"country": "Malaysia", "year": "2021", "timeperiod": "1", "export": "-", "import_origin": "204.0", "import_consigment": "127.1"}, {"country": "Malaysia", "year": "2021", "timeperiod": "2", "export": "0.4", "import_origin": "967.8", "import_consigment": "565.0"}, {"country": "Malaysia", "year": "2021", "timeperiod": "3", "export": "-", "import_origin": "850.2", "import_consigment": "267.4"}, {"country": "Malaysia", "year": "2021", "timeperiod": "4", "export": "1.7", "import_origin": "1176.7", "import_consigment": "247.9"}, {"country": "Malaysia", "year": "2021", "timeperiod": "5", "export": "-", "import_origin": "909.8", "import_consigment": "320.5"}, {"country": "Malaysia", "year": "2021", "timeperiod": "6", "export": "-", "import_origin": "940.6", "import_consigment": "391.5"}, {"country": "Malaysia", "year": "2021", "timeperiod": "7", "export": "-", "import_origin": "1357.9", "import_consigment": "534.9"}, {"country": "Malaysia", "year": "2021", "timeperiod": "8", "export": "-", "import_origin": "953.6", "import_consigment": "256.1"}]}