{"data": [{"country": "Lithuania", "year": "2019", "timeperiod": "8", "export": "192.3", "import_origin": "430.4", "import_consigment": "4915.2"}, {"country": "Lithuania", "year": "2019", "timeperiod": "9", "export": "302.1", "import_origin": "359.1", "import_consigment": "1823.7"}, {"country": "Lithuania", "year": "2019", "timeperiod": "10", "export": "310.0", "import_origin": "283.6", "import_consigment": "3750.7"}, {"country": "Lithuania", "year": "2019", "timeperiod": "11", "export": "453.8", "import_origin": "561.4", "import_consigment": "1865.7"}, {"country": "Lithuania", "year": "2019", "timeperiod": "12", "export": "110.1", "import_origin": "665.7", "import_consigment": "4232.5"}, {"country": "Lithuania", "year": "2019", "timeperiod": "Year", "export": "3279.3", "import_origin": "5348.6", "import_consigment": "26311.7"}, {"country": "Lithuania", "year": "2018", "timeperiod": "1", "export": "166.4", "import_origin": "538.6", "import_consigment": "4308.4"}, {"country": "Lithuania", "year": "2018", "timeperiod": "2", "export": "186.2", "import_origin": "682.7", "import_consigment": "1540.5"}, {"country": "Lithuania", "year": "2018", "timeperiod": "3", "export": "63.8", "import_origin": "363.2", "import_consigment": "990.7"}, {"country": "Lithuania", "year": "2018", "timeperiod": "4", "export": "130.1", "import_origin": "944.6", "import_consigment": "1674.9"}, {"country": "Lithuania", "year": "2018", "timeperiod": "5", "export": "148.2", "import_origin": "893.4", "import_consigment": "1016.5"}, {"country": "Lithuania", "year": "2018", "timeperiod": "6", "export": "150.1", "import_origin": "756.2", "import_consigment": "1218.3"}, {"country": "Lithuania", "year": "2018", "timeperiod": "7", "export": "156.7", "import_origin": "503.7", "import_consigment": "1086.3"}, {"country": "Lithuania", "year": "2018", "timeperiod": "8", "export": "198.0", "import_origin": "294.7", "import_consigment": "1095.0"}, {"country": "Lithuania", "year": "2018", "timeperiod": "9", "export": "305.8", "import_origin": "153.2", "import_consigment": "624.8"}, {"country": "Lithuania", "year": "2018", "timeperiod": "10", "export": "69.6", "import_origin": "375.5", "import_consigment": "1007.0"}, {"country": "Lithuania", "year": "2018", "timeperiod": "11", "export": "304.7", "import_origin": "188.2", "import_consigment": "869.9"}, {"country": "Lithuania", "year": "2018", "timeperiod": "12", "export": "133.2", "import_origin": "683.6", "import_consigment": "1154.7"}, {"country": "Lithuania", "year": "2018", "timeperiod": "Year", "export": "2012.9", "import_origin": "6377.6", "import_consigment": "16587.0"}, {"country": "Lithuania", "year": "2017", "timeperiod": "1", "export": "55.7", "import_origin": "392.0", "import_consigment": "1158.6"}, {"country": "Lithuania", "year": "2017", "timeperiod": "2", "export": "272.9", "import_origin": "363.9", "import_consigment": "1206.8"}, {"country": "Lithuania", "year": "2017", "timeperiod": "3", "export": "44.2", "import_origin": "637.6", "import_consigment": "1179.3"}, {"country": "Lithuania", "year": "2017", "timeperiod": "4", "export": "141.6", "import_origin": "810.1", "import_consigment": "1504.6"}, {"country": "Lithuania", "year": "2017", "timeperiod": "5", "export": "65.4", "import_origin": "393.7", "import_consigment": "1598.0"}, {"country": "Lithuania", "year": "2017", "timeperiod": "6", "export": "441.9", "import_origin": "416.1", "import_consigment": "3596.1"}]}