{"data": [{"country": "Turkey", "year": "2017", "timeperiod": "6", "export": "77.2", "import_origin": "20304.5", "import_consigment": "13892.8"}, {"country": "Turkey", "year": "2017", "timeperiod": "7", "export": "123.8", "import_origin": "15423.4", "import_consigment": "10718.6"}, {"country": "Turkey", "year": "2017", "timeperiod": "8", "export": "43.7", "import_origin": "21830.6", "import_consigment": "14802.8"}, {"country": "Turkey", "year": "2017", "timeperiod": "9", "export": "43.6", "import_origin": "18489.0", "import_consigment": "12745.4"}, {"country": "Turkey", "year": "2017", "timeperiod": "10", "export": "101.0", "import_origin": "23361.1", "import_consigment": "17434.8"}, {"country": "Turkey", "year": "2017", "timeperiod": "11", "export": "48.7", "import_origin": "22957.4", "import_consigment": "14490.2"}, {"country": "Turkey", "year": "2017", "timeperiod": "12", "export": "71.7", "import_origin": "23523.6", "import_consigment": "14697.5"}, {"country": "Turkey", "year": "2017", "timeperiod": "Year", "export": "913.3", "import_origin": "222920.8", "import_consigment": "155267.6"}, {"country": "Turkmenistan", "year": "2023", "timeperiod": "1", "export": "961.6", "import_origin": "598.9", "import_consigment": "593.9"}, {"country": "Turkmenistan", "year": "2023", "timeperiod": "Year", "export": "961.6", "import_origin": "598.9", "import_consigment": "593.9"}, {"country": "Turkmenistan", "year": "2022", "timeperiod": "1", "export": "495.2", "import_origin": "814.3", "import_consigment": "697.1"}, {"country": "Turkmenistan", "year": "2022", "timeperiod": "2", "export": "1709.0", "import_origin": "363.9", "import_consigment": "316.6"}, {"country": "Turkmenistan", "year": "2022", "timeperiod": "3", "export": "1220.1", "import_origin": "290.4", "import_consigment": "225.2"}, {"country": "Turkmenistan", "year": "2022", "timeperiod": "4", "export": "787.3", "import_origin": "427.6", "import_consigment": "426.3"}, {"country": "Turkmenistan", "year": "2022", "timeperiod": "5", "export": "565.4", "import_origin": "655.2", "import_consigment": "588.7"}, {"country": "Turkmenistan", "year": "2022", "timeperiod": "6", "export": "1661.5", "import_origin": "299.4", "import_consigment": "251.2"}, {"country": "Turkmenistan", "year": "2022", "timeperiod": "7", "export": "779.8", "import_origin": "74.6", "import_consigment": "65.2"}, {"country": "Turkmenistan", "year": "2022", "timeperiod": "8", "export": "1672.5", "import_origin": "551.6", "import_consigment": "546.9"}, {"country": "Turkmenistan", "year": "2022", "timeperiod": "9", "export": "2502.1", "import_origin": "495.3", "import_consigment": "490.3"}, {"country": "Turkmenistan", "year": "2022", "timeperiod": "10", "export": "1421.6", "import_origin": "392.5", "import_consigment": "391.9"}, {"country": "Turkmenistan", "year": "2022", "timeperiod": "11", "export": "1700.8", "import_origin": "440.7", "import_consigment": "435.7"}, {"country": "Turkmenistan", "year": "2022", "timeperiod": "12", "export": "993.7", "import_origin": "799.1", "import_consigment": "794.2"}, {"country": "Turkmenistan", "year": "2022", "timeperiod": "Year", "export": "15508.9", "import_origin": "5604.8", "import_consigment": "5229.3"}, {"country": "Turkmenistan", "year": "2021", "timeperiod": "1", "export": "-", "import_origin": "229.5", "import_consigment": "170.0"}, {"country": "Turkmenistan", "year": "2021", "timeperiod": "2", "export": "71.3", "import_origin": "572.3", "import_consigment": "416.3"}]}