{"data": [{"country": "Bangladesh", "year": "2021", "timeperiod": "10", "export": "0.5", "import_origin": "1521.2", "import_consigment": "-"}, {"country": "Bangladesh", "year": "2021", "timeperiod": "11", "export": "-", "import_origin": "1579.9", "import_consigment": "-"}, {"country": "Bangladesh", "year": "2021", "timeperiod": "12", "export": "-", "import_origin": "1526.9", "import_consigment": "1.3"}, {"country": "Bangladesh", "year": "2021", "timeperiod": "Year", "export": "0.6", "import_origin": "16798.9", "import_consigment": "716.0"}, {"country": "Bangladesh", "year": "2020", "timeperiod": "1", "export": "-", "import_origin": "632.8", "import_consigment": "12.5"}, {"country": "Bangladesh", "year": "2020", "timeperiod": "2", "export": "-", "import_origin": "1026.0", "import_consigment": "-"}, {"country": "Bangladesh", "year": "2020", "timeperiod": "3", "export": "-", "import_origin": "872.5", "import_consigment": "1.1"}, {"country": "Bangladesh", "year": "2020", "timeperiod": "4", "export": "-", "import_origin": "1135.4", "import_consigment": "968.4"}, {"country": "Bangladesh", "year": "2020", "timeperiod": "5", "export": "-", "import_origin": "206.2", "import_consigment": "5.3"}, {"country": "Bangladesh", "year": "2020", "timeperiod": "6", "export": "-", "import_origin": "2647.4", "import_consigment": "1932.9"}, {"country": "Bangladesh", "year": "2020", "timeperiod": "7", "export": "-", "import_origin": "592.9", "import_consigment": "13.9"}, {"country": "Bangladesh", "year": "2020", "timeperiod": "8", "export": "-", "import_origin": "860.6", "import_consigment": "3.4"}, {"country": "Bangladesh", "year": "2020", "timeperiod": "9", "export": "0.7", "import_origin": "1069.0", "import_consigment": "-"}, {"country": "Bangladesh", "year": "2020", "timeperiod": "10", "export": "-", "import_origin": "940.3", "import_consigment": "78.2"}, {"country": "Bangladesh", "year": "2020", "timeperiod": "11", "export": "-", "import_origin": "739.5", "import_consigment": "42.4"}, {"country": "Bangladesh", "year": "2020", "timeperiod": "12", "export": "-", "import_origin": "1366.4", "import_consigment": "41.4"}, {"country": "Bangladesh", "year": "2020", "timeperiod": "Year", "export": "0.7", "import_origin": "12089.0", "import_consigment": "3099.5"}, {"country": "Bangladesh", "year": "2019", "timeperiod": "1", "export": "-", "import_origin": "714.5", "import_consigment": "70.2"}, {"country": "Bangladesh", "year": "2019", "timeperiod": "2", "export": "-", "import_origin": "983.7", "import_consigment": "48.6"}, {"country": "Bangladesh", "year": "2019", "timeperiod": "3", "export": "-", "import_origin": "861.8", "import_consigment": "45.4"}, {"country": "Bangladesh", "year": "2019", "timeperiod": "4", "export": "-", "import_origin": "909.7", "import_consigment": "1.3"}, {"country": "Bangladesh", "year": "2019", "timeperiod": "5", "export": "-", "import_origin": "784.5", "import_consigment": "49.2"}, {"country": "Bangladesh", "year": "2019", "timeperiod": "6", "export": "-", "import_origin": "593.1", "import_consigment": "12.1"}, {"country": "Bangladesh", "year": "2019", "timeperiod": "7", "export": "-", "import_origin": "636.1", "import_consigment": "45.0"}, {"country": "Bangladesh", "year": "2019", "timeperiod": "8", "export": "-", "import_origin": "2440.2", "import_consigment": "1139.8"}]}