{"data": [{"country": "Liechtenstein", "year": "2020", "timeperiod": "1", "export": "-", "import_origin": "9.0", "import_consigment": "40.3"}, {"country": "Liechtenstein", "year": "2020", "timeperiod": "2", "export": "-", "import_origin": "218.4", "import_consigment": "247.4"}, {"country": "Liechtenstein", "year": "2020", "timeperiod": "3", "export": "-", "import_origin": "3.3", "import_consigment": "121.1"}, {"country": "Liechtenstein", "year": "2020", "timeperiod": "4", "export": "-", "import_origin": "122.8", "import_consigment": "251.1"}, {"country": "Liechtenstein", "year": "2020", "timeperiod": "5", "export": "-", "import_origin": "-", "import_consigment": "2.3"}, {"country": "Liechtenstein", "year": "2020", "timeperiod": "6", "export": "-", "import_origin": "9.5", "import_consigment": "-"}, {"country": "Liechtenstein", "year": "2020", "timeperiod": "7", "export": "-", "import_origin": "1.7", "import_consigment": "39.5"}, {"country": "Liechtenstein", "year": "2020", "timeperiod": "8", "export": "-", "import_origin": "15.4", "import_consigment": "137.6"}, {"country": "Liechtenstein", "year": "2020", "timeperiod": "9", "export": "-", "import_origin": "6.8", "import_consigment": "69.0"}, {"country": "Liechtenstein", "year": "2020", "timeperiod": "10", "export": "-", "import_origin": "5.8", "import_consigment": "-"}, {"country": "Liechtenstein", "year": "2020", "timeperiod": "11", "export": "-", "import_origin": "19.8", "import_consigment": "112.2"}, {"country": "Liechtenstein", "year": "2020", "timeperiod": "12", "export": "-", "import_origin": "6.5", "import_consigment": "-"}, {"country": "Liechtenstein", "year": "2020", "timeperiod": "Year", "export": "-", "import_origin": "419.2", "import_consigment": "1020.4"}, {"country": "Liechtenstein", "year": "2019", "timeperiod": "1", "export": "-", "import_origin": "12.6", "import_consigment": "27.9"}, {"country": "Liechtenstein", "year": "2019", "timeperiod": "2", "export": "-", "import_origin": "-", "import_consigment": "85.6"}, {"country": "Liechtenstein", "year": "2019", "timeperiod": "3", "export": "-", "import_origin": "2.0", "import_consigment": "81.1"}, {"country": "Liechtenstein", "year": "2019", "timeperiod": "4", "export": "-", "import_origin": "114.1", "import_consigment": "152.5"}, {"country": "Liechtenstein", "year": "2019", "timeperiod": "5", "export": "-", "import_origin": "2.0", "import_consigment": "94.0"}, {"country": "Liechtenstein", "year": "2019", "timeperiod": "6", "export": "-", "import_origin": "203.5", "import_consigment": "341.3"}, {"country": "Liechtenstein", "year": "2019", "timeperiod": "7", "export": "-", "import_origin": "2.7", "import_consigment": "31.0"}, {"country": "Liechtenstein", "year": "2019", "timeperiod": "8", "export": "-", "import_origin": "3.2", "import_consigment": "89.2"}, {"country": "Liechtenstein", "year": "2019", "timeperiod": "9", "export": "-", "import_origin": "268.1", "import_consigment": "367.6"}, {"country": "Liechtenstein", "year": "2019", "timeperiod": "10", "export": "21.0", "import_origin": "20.3", "import_consigment": "93.4"}, {"country": "Liechtenstein", "year": "2019", "timeperiod": "11", "export": "-", "import_origin": "5.8", "import_consigment": "20.6"}, {"country": "Liechtenstein", "year": "2019", "timeperiod": "12", "export": "-", "import_origin": "46.9", "import_consigment": "103.7"}]}