{"data": [{"country": "Israel", "year": "2022", "timeperiod": "4", "export": "601.4", "import_origin": "1194.7", "import_consigment": "1006.3"}, {"country": "Israel", "year": "2022", "timeperiod": "5", "export": "931.0", "import_origin": "1198.0", "import_consigment": "1365.9"}, {"country": "Israel", "year": "2022", "timeperiod": "6", "export": "1101.4", "import_origin": "1155.3", "import_consigment": "1614.7"}, {"country": "Israel", "year": "2022", "timeperiod": "7", "export": "1113.0", "import_origin": "2081.4", "import_consigment": "1920.0"}, {"country": "Israel", "year": "2022", "timeperiod": "8", "export": "737.4", "import_origin": "1510.2", "import_consigment": "1149.0"}, {"country": "Israel", "year": "2022", "timeperiod": "9", "export": "2075.8", "import_origin": "1707.0", "import_consigment": "1761.6"}, {"country": "Israel", "year": "2022", "timeperiod": "10", "export": "424.7", "import_origin": "1797.5", "import_consigment": "1835.8"}, {"country": "Israel", "year": "2022", "timeperiod": "11", "export": "1116.4", "import_origin": "1862.4", "import_consigment": "3004.3"}, {"country": "Israel", "year": "2022", "timeperiod": "12", "export": "1722.3", "import_origin": "2102.6", "import_consigment": "1967.2"}, {"country": "Israel", "year": "2022", "timeperiod": "Year", "export": "12297.3", "import_origin": "17604.9", "import_consigment": "18505.2"}, {"country": "Israel", "year": "2021", "timeperiod": "1", "export": "216.4", "import_origin": "504.9", "import_consigment": "415.1"}, {"country": "Israel", "year": "2021", "timeperiod": "2", "export": "694.0", "import_origin": "792.4", "import_consigment": "711.7"}, {"country": "Israel", "year": "2021", "timeperiod": "3", "export": "416.9", "import_origin": "1281.6", "import_consigment": "1044.3"}, {"country": "Israel", "year": "2021", "timeperiod": "4", "export": "343.0", "import_origin": "930.6", "import_consigment": "938.1"}, {"country": "Israel", "year": "2021", "timeperiod": "5", "export": "726.8", "import_origin": "1679.8", "import_consigment": "1716.4"}, {"country": "Israel", "year": "2021", "timeperiod": "6", "export": "1157.8", "import_origin": "977.9", "import_consigment": "930.6"}, {"country": "Israel", "year": "2021", "timeperiod": "7", "export": "914.7", "import_origin": "935.4", "import_consigment": "804.2"}, {"country": "Israel", "year": "2021", "timeperiod": "8", "export": "1112.9", "import_origin": "658.1", "import_consigment": "802.9"}, {"country": "Israel", "year": "2021", "timeperiod": "9", "export": "1108.5", "import_origin": "1213.8", "import_consigment": "1097.0"}, {"country": "Israel", "year": "2021", "timeperiod": "10", "export": "876.5", "import_origin": "1366.3", "import_consigment": "1263.6"}, {"country": "Israel", "year": "2021", "timeperiod": "11", "export": "1540.7", "import_origin": "1224.5", "import_consigment": "1196.8"}, {"country": "Israel", "year": "2021", "timeperiod": "12", "export": "824.8", "import_origin": "2001.3", "import_consigment": "1714.0"}, {"country": "Israel", "year": "2021", "timeperiod": "Year", "export": "9932.9", "import_origin": "13566.5", "import_consigment": "12634.7"}, {"country": "Israel", "year": "2020", "timeperiod": "1", "export": "300.5", "import_origin": "603.4", "import_consigment": "583.5"}, {"country": "Israel", "year": "2020", "timeperiod": "2", "export": "776.5", "import_origin": "989.6", "import_consigment": "769.8"}]}