{"data": [{"country": "Philippines", "year": "2020", "timeperiod": "2", "export": "-", "import_origin": "284.2", "import_consigment": "-"}, {"country": "Philippines", "year": "2020", "timeperiod": "3", "export": "-", "import_origin": "218.1", "import_consigment": "0.1"}, {"country": "Philippines", "year": "2020", "timeperiod": "4", "export": "-", "import_origin": "88.4", "import_consigment": "22.9"}, {"country": "Philippines", "year": "2020", "timeperiod": "5", "export": "-", "import_origin": "143.8", "import_consigment": "19.1"}, {"country": "Philippines", "year": "2020", "timeperiod": "6", "export": "-", "import_origin": "130.0", "import_consigment": "58.2"}, {"country": "Philippines", "year": "2020", "timeperiod": "7", "export": "-", "import_origin": "222.4", "import_consigment": "18.3"}, {"country": "Philippines", "year": "2020", "timeperiod": "8", "export": "-", "import_origin": "92.0", "import_consigment": "23.8"}, {"country": "Philippines", "year": "2020", "timeperiod": "9", "export": "12.9", "import_origin": "213.7", "import_consigment": "-"}, {"country": "Philippines", "year": "2020", "timeperiod": "10", "export": "-", "import_origin": "159.6", "import_consigment": "55.0"}, {"country": "Philippines", "year": "2020", "timeperiod": "11", "export": "-", "import_origin": "319.9", "import_consigment": "29.9"}, {"country": "Philippines", "year": "2020", "timeperiod": "12", "export": "0.8", "import_origin": "869.3", "import_consigment": "14.8"}, {"country": "Philippines", "year": "2020", "timeperiod": "Year", "export": "13.7", "import_origin": "2950.7", "import_consigment": "261.1"}, {"country": "Philippines", "year": "2019", "timeperiod": "1", "export": "-", "import_origin": "232.5", "import_consigment": "-"}, {"country": "Philippines", "year": "2019", "timeperiod": "2", "export": "-", "import_origin": "136.0", "import_consigment": "-"}, {"country": "Philippines", "year": "2019", "timeperiod": "3", "export": "-", "import_origin": "266.2", "import_consigment": "117.3"}, {"country": "Philippines", "year": "2019", "timeperiod": "4", "export": "3.0", "import_origin": "146.9", "import_consigment": "5.9"}, {"country": "Philippines", "year": "2019", "timeperiod": "5", "export": "-", "import_origin": "214.0", "import_consigment": "20.5"}, {"country": "Philippines", "year": "2019", "timeperiod": "6", "export": "0.4", "import_origin": "301.3", "import_consigment": "27.9"}, {"country": "Philippines", "year": "2019", "timeperiod": "7", "export": "-", "import_origin": "224.7", "import_consigment": "36.7"}, {"country": "Philippines", "year": "2019", "timeperiod": "8", "export": "3.8", "import_origin": "151.7", "import_consigment": "54.1"}, {"country": "Philippines", "year": "2019", "timeperiod": "9", "export": "0.3", "import_origin": "106.6", "import_consigment": "67.2"}, {"country": "Philippines", "year": "2019", "timeperiod": "10", "export": "-", "import_origin": "240.7", "import_consigment": "14.2"}, {"country": "Philippines", "year": "2019", "timeperiod": "11", "export": "0.2", "import_origin": "204.2", "import_consigment": "62.1"}, {"country": "Philippines", "year": "2019", "timeperiod": "12", "export": "-", "import_origin": "911.0", "import_consigment": "-"}, {"country": "Philippines", "year": "2019", "timeperiod": "Year", "export": "7.7", "import_origin": "3135.7", "import_consigment": "405.9"}]}