{"data": [{"country": "Cote d' Ivoire", "year": "2017", "timeperiod": "7", "export": "-", "import_origin": "110.7", "import_consigment": "-"}, {"country": "Cote d' Ivoire", "year": "2017", "timeperiod": "8", "export": "-", "import_origin": "578.0", "import_consigment": "-"}, {"country": "Cote d' Ivoire", "year": "2017", "timeperiod": "9", "export": "-", "import_origin": "403.4", "import_consigment": "-"}, {"country": "Cote d' Ivoire", "year": "2017", "timeperiod": "10", "export": "-", "import_origin": "0.7", "import_consigment": "-"}, {"country": "Cote d' Ivoire", "year": "2017", "timeperiod": "11", "export": "-", "import_origin": "6.1", "import_consigment": "-"}, {"country": "Cote d' Ivoire", "year": "2017", "timeperiod": "12", "export": "-", "import_origin": "120.6", "import_consigment": "-"}, {"country": "Cote d' Ivoire", "year": "2017", "timeperiod": "Year", "export": "9.6", "import_origin": "2362.4", "import_consigment": "-"}, {"country": "Jamaica", "year": "2022", "timeperiod": "2", "export": "-", "import_origin": "4.7", "import_consigment": "-"}, {"country": "Jamaica", "year": "2022", "timeperiod": "3", "export": "-", "import_origin": "0.3", "import_consigment": "-"}, {"country": "Jamaica", "year": "2022", "timeperiod": "7", "export": "-", "import_origin": "0.6", "import_consigment": "-"}, {"country": "Jamaica", "year": "2022", "timeperiod": "8", "export": "-", "import_origin": "8.6", "import_consigment": "-"}, {"country": "Jamaica", "year": "2022", "timeperiod": "Year", "export": "-", "import_origin": "14.2", "import_consigment": "-"}, {"country": "Jamaica", "year": "2021", "timeperiod": "2", "export": "0.2", "import_origin": "-", "import_consigment": "-"}, {"country": "Jamaica", "year": "2021", "timeperiod": "4", "export": "-", "import_origin": "0.9", "import_consigment": "-"}, {"country": "Jamaica", "year": "2021", "timeperiod": "7", "export": "-", "import_origin": "1.4", "import_consigment": "-"}, {"country": "Jamaica", "year": "2021", "timeperiod": "9", "export": "-", "import_origin": "0.1", "import_consigment": "-"}, {"country": "Jamaica", "year": "2021", "timeperiod": "12", "export": "-", "import_origin": "0.9", "import_consigment": "-"}, {"country": "Jamaica", "year": "2021", "timeperiod": "Year", "export": "0.2", "import_origin": "3.3", "import_consigment": "-"}, {"country": "Jamaica", "year": "2020", "timeperiod": "2", "export": "-", "import_origin": "1.0", "import_consigment": "-"}, {"country": "Jamaica", "year": "2020", "timeperiod": "3", "export": "-", "import_origin": "1.7", "import_consigment": "-"}, {"country": "Jamaica", "year": "2020", "timeperiod": "Year", "export": "-", "import_origin": "2.6", "import_consigment": "-"}, {"country": "Jamaica", "year": "2019", "timeperiod": "2", "export": "-", "import_origin": "-", "import_consigment": "-"}, {"country": "Jamaica", "year": "2019", "timeperiod": "3", "export": "-", "import_origin": "0.4", "import_consigment": "-"}, {"country": "Jamaica", "year": "2019", "timeperiod": "4", "export": "-", "import_origin": "3.5", "import_consigment": "-"}, {"country": "Jamaica", "year": "2019", "timeperiod": "5", "export": "-", "import_origin": "1.4", "import_consigment": "-"}]}