{"data": [{"country": "Bahamas", "year": "2021", "timeperiod": "7", "export": "-", "import_origin": "0.1", "import_consigment": "-"}, {"country": "Bahamas", "year": "2021", "timeperiod": "10", "export": "-", "import_origin": "0.8", "import_consigment": "-"}, {"country": "Bahamas", "year": "2021", "timeperiod": "11", "export": "-", "import_origin": "0.6", "import_consigment": "-"}, {"country": "Bahamas", "year": "2021", "timeperiod": "Year", "export": "-", "import_origin": "1.5", "import_consigment": "-"}, {"country": "Bahamas", "year": "2019", "timeperiod": "5", "export": "-", "import_origin": "0.1", "import_consigment": "-"}, {"country": "Bahamas", "year": "2019", "timeperiod": "9", "export": "-", "import_origin": "0.1", "import_consigment": "-"}, {"country": "Bahamas", "year": "2019", "timeperiod": "10", "export": "-", "import_origin": "0.1", "import_consigment": "-"}, {"country": "Bahamas", "year": "2019", "timeperiod": "Year", "export": "-", "import_origin": "0.3", "import_consigment": "-"}, {"country": "Bahamas", "year": "2018", "timeperiod": "1", "export": "-", "import_origin": "-", "import_consigment": "0.1"}, {"country": "Bahamas", "year": "2018", "timeperiod": "3", "export": "-", "import_origin": "0.5", "import_consigment": "-"}, {"country": "Bahamas", "year": "2018", "timeperiod": "5", "export": "-", "import_origin": "0.1", "import_consigment": "-"}, {"country": "Bahamas", "year": "2018", "timeperiod": "Year", "export": "-", "import_origin": "0.6", "import_consigment": "0.1"}, {"country": "Bahamas", "year": "2017", "timeperiod": "1", "export": "-", "import_origin": "-", "import_consigment": "6.9"}, {"country": "Bahamas", "year": "2017", "timeperiod": "10", "export": "-", "import_origin": "-", "import_consigment": "7.5"}, {"country": "Bahamas", "year": "2017", "timeperiod": "12", "export": "-", "import_origin": "-", "import_consigment": "8.7"}, {"country": "Bahamas", "year": "2017", "timeperiod": "Year", "export": "-", "import_origin": "-", "import_consigment": "23.2"}, {"country": "Bahrain", "year": "2023", "timeperiod": "1", "export": "-", "import_origin": "-", "import_consigment": "107.7"}, {"country": "Bahrain", "year": "2023", "timeperiod": "Year", "export": "-", "import_origin": "-", "import_consigment": "107.7"}, {"country": "Bahrain", "year": "2022", "timeperiod": "2", "export": "1.7", "import_origin": "-", "import_consigment": "-"}, {"country": "Bahrain", "year": "2022", "timeperiod": "4", "export": "-", "import_origin": "12.8", "import_consigment": "11.8"}, {"country": "Bahrain", "year": "2022", "timeperiod": "6", "export": "-", "import_origin": "0.7", "import_consigment": "-"}, {"country": "Bahrain", "year": "2022", "timeperiod": "7", "export": "44.4", "import_origin": "0.4", "import_consigment": "-"}, {"country": "Bahrain", "year": "2022", "timeperiod": "8", "export": "4.4", "import_origin": "2.6", "import_consigment": "-"}, {"country": "Bahrain", "year": "2022", "timeperiod": "9", "export": "5.6", "import_origin": "14.9", "import_consigment": "14.6"}, {"country": "Bahrain", "year": "2022", "timeperiod": "10", "export": "6.9", "import_origin": "2.2", "import_consigment": "-"}]}