{"data": [{"country": "Sri Lanka", "year": "2018", "timeperiod": "8", "export": "-", "import_origin": "114.4", "import_consigment": "9.1"}, {"country": "Sri Lanka", "year": "2018", "timeperiod": "9", "export": "-", "import_origin": "202.7", "import_consigment": "112.4"}, {"country": "Sri Lanka", "year": "2018", "timeperiod": "10", "export": "-", "import_origin": "221.3", "import_consigment": "142.4"}, {"country": "Sri Lanka", "year": "2018", "timeperiod": "11", "export": "-", "import_origin": "247.7", "import_consigment": "184.7"}, {"country": "Sri Lanka", "year": "2018", "timeperiod": "12", "export": "-", "import_origin": "215.8", "import_consigment": "187.1"}, {"country": "Sri Lanka", "year": "2018", "timeperiod": "Year", "export": "-", "import_origin": "2276.5", "import_consigment": "1145.4"}, {"country": "Sri Lanka", "year": "2017", "timeperiod": "1", "export": "-", "import_origin": "73.3", "import_consigment": "37.6"}, {"country": "Sri Lanka", "year": "2017", "timeperiod": "2", "export": "-", "import_origin": "108.7", "import_consigment": "37.7"}, {"country": "Sri Lanka", "year": "2017", "timeperiod": "3", "export": "-", "import_origin": "256.0", "import_consigment": "188.0"}, {"country": "Sri Lanka", "year": "2017", "timeperiod": "4", "export": "-", "import_origin": "108.1", "import_consigment": "14.3"}, {"country": "Sri Lanka", "year": "2017", "timeperiod": "5", "export": "-", "import_origin": "83.7", "import_consigment": "35.6"}, {"country": "Sri Lanka", "year": "2017", "timeperiod": "6", "export": "-", "import_origin": "149.5", "import_consigment": "110.9"}, {"country": "Sri Lanka", "year": "2017", "timeperiod": "7", "export": "-", "import_origin": "71.5", "import_consigment": "28.5"}, {"country": "Sri Lanka", "year": "2017", "timeperiod": "8", "export": "-", "import_origin": "246.7", "import_consigment": "163.3"}, {"country": "Sri Lanka", "year": "2017", "timeperiod": "9", "export": "-", "import_origin": "86.7", "import_consigment": "32.7"}, {"country": "Sri Lanka", "year": "2017", "timeperiod": "10", "export": "-", "import_origin": "117.7", "import_consigment": "58.1"}, {"country": "Sri Lanka", "year": "2017", "timeperiod": "11", "export": "-", "import_origin": "176.2", "import_consigment": "111.6"}, {"country": "Sri Lanka", "year": "2017", "timeperiod": "12", "export": "-", "import_origin": "248.9", "import_consigment": "217.1"}, {"country": "Sri Lanka", "year": "2017", "timeperiod": "Year", "export": "-", "import_origin": "1727.2", "import_consigment": "1035.4"}, {"country": "Chad", "year": "2022", "timeperiod": "8", "export": "-", "import_origin": "-", "import_consigment": "-"}, {"country": "Chad", "year": "2022", "timeperiod": "12", "export": "-", "import_origin": "-", "import_consigment": "-"}, {"country": "Chad", "year": "2022", "timeperiod": "Year", "export": "-", "import_origin": "-", "import_consigment": "-"}, {"country": "Chad", "year": "2021", "timeperiod": "7", "export": "-", "import_origin": "-", "import_consigment": "-"}, {"country": "Chad", "year": "2021", "timeperiod": "Year", "export": "-", "import_origin": "-", "import_consigment": "-"}, {"country": "Chad", "year": "2019", "timeperiod": "9", "export": "-", "import_origin": "-", "import_consigment": "-"}]}