{"data": [{"country": "Korea, DPR of", "year": "2020", "timeperiod": "9", "export": "-", "import_origin": "1.4", "import_consigment": "-"}, {"country": "Korea, DPR of", "year": "2020", "timeperiod": "10", "export": "-", "import_origin": "3.1", "import_consigment": "-"}, {"country": "Korea, DPR of", "year": "2020", "timeperiod": "11", "export": "-", "import_origin": "3.2", "import_consigment": "-"}, {"country": "Korea, DPR of", "year": "2020", "timeperiod": "12", "export": "-", "import_origin": "1.3", "import_consigment": "-"}, {"country": "Korea, DPR of", "year": "2020", "timeperiod": "Year", "export": "-", "import_origin": "41.5", "import_consigment": "-"}, {"country": "Korea, DPR of", "year": "2019", "timeperiod": "1", "export": "-", "import_origin": "-", "import_consigment": "-"}, {"country": "Korea, DPR of", "year": "2019", "timeperiod": "2", "export": "-", "import_origin": "8.1", "import_consigment": "-"}, {"country": "Korea, DPR of", "year": "2019", "timeperiod": "3", "export": "-", "import_origin": "17.4", "import_consigment": "33.7"}, {"country": "Korea, DPR of", "year": "2019", "timeperiod": "4", "export": "-", "import_origin": "26.7", "import_consigment": "-"}, {"country": "Korea, DPR of", "year": "2019", "timeperiod": "5", "export": "-", "import_origin": "13.1", "import_consigment": "-"}, {"country": "Korea, DPR of", "year": "2019", "timeperiod": "6", "export": "-", "import_origin": "1.7", "import_consigment": "-"}, {"country": "Korea, DPR of", "year": "2019", "timeperiod": "7", "export": "-", "import_origin": "3.0", "import_consigment": "-"}, {"country": "Korea, DPR of", "year": "2019", "timeperiod": "8", "export": "-", "import_origin": "8.1", "import_consigment": "-"}, {"country": "Korea, DPR of", "year": "2019", "timeperiod": "9", "export": "-", "import_origin": "23.6", "import_consigment": "371.4"}, {"country": "Korea, DPR of", "year": "2019", "timeperiod": "10", "export": "-", "import_origin": "8.6", "import_consigment": "3.0"}, {"country": "Korea, DPR of", "year": "2019", "timeperiod": "11", "export": "-", "import_origin": "19.3", "import_consigment": "-"}, {"country": "Korea, DPR of", "year": "2019", "timeperiod": "12", "export": "-", "import_origin": "14.7", "import_consigment": "-"}, {"country": "Korea, DPR of", "year": "2019", "timeperiod": "Year", "export": "-", "import_origin": "144.3", "import_consigment": "408.1"}, {"country": "Korea, DPR of", "year": "2018", "timeperiod": "1", "export": "-", "import_origin": "133.1", "import_consigment": "-"}, {"country": "Korea, DPR of", "year": "2018", "timeperiod": "2", "export": "-", "import_origin": "0.7", "import_consigment": "-"}, {"country": "Korea, DPR of", "year": "2018", "timeperiod": "3", "export": "-", "import_origin": "7.8", "import_consigment": "-"}, {"country": "Korea, DPR of", "year": "2018", "timeperiod": "4", "export": "-", "import_origin": "0.2", "import_consigment": "-"}, {"country": "Korea, DPR of", "year": "2018", "timeperiod": "5", "export": "-", "import_origin": "0.8", "import_consigment": "-"}, {"country": "Korea, DPR of", "year": "2018", "timeperiod": "6", "export": "-", "import_origin": "12.7", "import_consigment": "-"}, {"country": "Korea, DPR of", "year": "2018", "timeperiod": "7", "export": "-", "import_origin": "2.4", "import_consigment": "-"}]}