{"data": [{"country": "Jersey", "year": "2018", "timeperiod": "Year", "export": "-", "import_origin": "0.1", "import_consigment": "0.1"}, {"country": "Isle of Man", "year": "2017", "timeperiod": "11", "export": "-", "import_origin": "2.2", "import_consigment": "2.2"}, {"country": "Isle of Man", "year": "2017", "timeperiod": "Year", "export": "-", "import_origin": "2.2", "import_consigment": "2.2"}, {"country": "Tanzania, United Republic of", "year": "2023", "timeperiod": "1", "export": "-", "import_origin": "39.1", "import_consigment": "-"}, {"country": "Tanzania, United Republic of", "year": "2023", "timeperiod": "Year", "export": "-", "import_origin": "39.1", "import_consigment": "-"}, {"country": "Tanzania, United Republic of", "year": "2022", "timeperiod": "1", "export": "-", "import_origin": "7.2", "import_consigment": "-"}, {"country": "Tanzania, United Republic of", "year": "2022", "timeperiod": "2", "export": "-", "import_origin": "24.0", "import_consigment": "-"}, {"country": "Tanzania, United Republic of", "year": "2022", "timeperiod": "3", "export": "-", "import_origin": "0.7", "import_consigment": "-"}, {"country": "Tanzania, United Republic of", "year": "2022", "timeperiod": "4", "export": "-", "import_origin": "1.4", "import_consigment": "-"}, {"country": "Tanzania, United Republic of", "year": "2022", "timeperiod": "5", "export": "-", "import_origin": "336.0", "import_consigment": "-"}, {"country": "Tanzania, United Republic of", "year": "2022", "timeperiod": "6", "export": "9.0", "import_origin": "28.1", "import_consigment": "-"}, {"country": "Tanzania, United Republic of", "year": "2022", "timeperiod": "7", "export": "-", "import_origin": "4.2", "import_consigment": "-"}, {"country": "Tanzania, United Republic of", "year": "2022", "timeperiod": "8", "export": "-", "import_origin": "32.0", "import_consigment": "-"}, {"country": "Tanzania, United Republic of", "year": "2022", "timeperiod": "9", "export": "1.7", "import_origin": "96.6", "import_consigment": "-"}, {"country": "Tanzania, United Republic of", "year": "2022", "timeperiod": "10", "export": "-", "import_origin": "418.0", "import_consigment": "-"}, {"country": "Tanzania, United Republic of", "year": "2022", "timeperiod": "11", "export": "-", "import_origin": "97.6", "import_consigment": "-"}, {"country": "Tanzania, United Republic of", "year": "2022", "timeperiod": "12", "export": "-", "import_origin": "15.2", "import_consigment": "-"}, {"country": "Tanzania, United Republic of", "year": "2022", "timeperiod": "Year", "export": "10.7", "import_origin": "1061.0", "import_consigment": "-"}, {"country": "Tanzania, United Republic of", "year": "2021", "timeperiod": "1", "export": "-", "import_origin": "6.6", "import_consigment": "-"}, {"country": "Tanzania, United Republic of", "year": "2021", "timeperiod": "2", "export": "-", "import_origin": "18.2", "import_consigment": "-"}, {"country": "Tanzania, United Republic of", "year": "2021", "timeperiod": "3", "export": "-", "import_origin": "0.1", "import_consigment": "-"}, {"country": "Tanzania, United Republic of", "year": "2021", "timeperiod": "4", "export": "-", "import_origin": "6.2", "import_consigment": "-"}, {"country": "Tanzania, United Republic of", "year": "2021", "timeperiod": "6", "export": "-", "import_origin": "6.5", "import_consigment": "-"}, {"country": "Tanzania, United Republic of", "year": "2021", "timeperiod": "7", "export": "-", "import_origin": "12.4", "import_consigment": "-"}, {"country": "Tanzania, United Republic of", "year": "2021", "timeperiod": "8", "export": "-", "import_origin": "42.2", "import_consigment": "-"}]}