{"data": [{"country": "Latvia", "year": "2018", "timeperiod": "10", "export": "498.5", "import_origin": "340.8", "import_consigment": "816.0"}, {"country": "Latvia", "year": "2018", "timeperiod": "11", "export": "205.5", "import_origin": "511.7", "import_consigment": "1212.1"}, {"country": "Latvia", "year": "2018", "timeperiod": "12", "export": "360.7", "import_origin": "600.8", "import_consigment": "928.3"}, {"country": "Latvia", "year": "2018", "timeperiod": "Year", "export": "3387.4", "import_origin": "3701.7", "import_consigment": "9573.7"}, {"country": "Latvia", "year": "2017", "timeperiod": "1", "export": "104.9", "import_origin": "402.8", "import_consigment": "573.1"}, {"country": "Latvia", "year": "2017", "timeperiod": "2", "export": "177.3", "import_origin": "126.4", "import_consigment": "315.3"}, {"country": "Latvia", "year": "2017", "timeperiod": "3", "export": "92.9", "import_origin": "222.3", "import_consigment": "399.4"}, {"country": "Latvia", "year": "2017", "timeperiod": "4", "export": "365.9", "import_origin": "118.3", "import_consigment": "475.2"}, {"country": "Latvia", "year": "2017", "timeperiod": "5", "export": "64.6", "import_origin": "210.8", "import_consigment": "575.5"}, {"country": "Latvia", "year": "2017", "timeperiod": "6", "export": "392.0", "import_origin": "181.6", "import_consigment": "968.0"}, {"country": "Latvia", "year": "2017", "timeperiod": "7", "export": "164.9", "import_origin": "230.9", "import_consigment": "511.2"}, {"country": "Latvia", "year": "2017", "timeperiod": "8", "export": "63.6", "import_origin": "198.7", "import_consigment": "427.6"}, {"country": "Latvia", "year": "2017", "timeperiod": "9", "export": "165.7", "import_origin": "241.0", "import_consigment": "617.2"}, {"country": "Latvia", "year": "2017", "timeperiod": "10", "export": "290.5", "import_origin": "285.4", "import_consigment": "765.5"}, {"country": "Latvia", "year": "2017", "timeperiod": "11", "export": "456.2", "import_origin": "213.4", "import_consigment": "776.6"}, {"country": "Latvia", "year": "2017", "timeperiod": "12", "export": "567.2", "import_origin": "301.0", "import_consigment": "691.6"}, {"country": "Latvia", "year": "2017", "timeperiod": "Year", "export": "2905.6", "import_origin": "2732.5", "import_consigment": "7096.2"}, {"country": "Liberia", "year": "2020", "timeperiod": "3", "export": "-", "import_origin": "0.1", "import_consigment": "-"}, {"country": "Liberia", "year": "2020", "timeperiod": "Year", "export": "-", "import_origin": "0.1", "import_consigment": "-"}, {"country": "Liberia", "year": "2019", "timeperiod": "4", "export": "-", "import_origin": "4.0", "import_consigment": "4.0"}, {"country": "Liberia", "year": "2019", "timeperiod": "Year", "export": "-", "import_origin": "4.0", "import_consigment": "4.0"}, {"country": "Liberia", "year": "2017", "timeperiod": "1", "export": "-", "import_origin": "-", "import_consigment": "20.1"}, {"country": "Liberia", "year": "2017", "timeperiod": "9", "export": "-", "import_origin": "-", "import_consigment": "2.8"}, {"country": "Liberia", "year": "2017", "timeperiod": "Year", "export": "-", "import_origin": "-", "import_consigment": "22.9"}, {"country": "Libyan Arab Jamahiriya", "year": "2022", "timeperiod": "3", "export": "160.0", "import_origin": "-", "import_consigment": "-"}]}