{"data": [{"country": "China", "year": "2017", "timeperiod": "3", "export": "5072.0", "import_origin": "31039.6", "import_consigment": "17523.8"}, {"country": "China", "year": "2017", "timeperiod": "4", "export": "7852.4", "import_origin": "28180.2", "import_consigment": "15067.5"}, {"country": "China", "year": "2017", "timeperiod": "5", "export": "3694.9", "import_origin": "21930.9", "import_consigment": "12657.2"}, {"country": "China", "year": "2017", "timeperiod": "6", "export": "4528.9", "import_origin": "44279.9", "import_consigment": "25579.6"}, {"country": "China", "year": "2017", "timeperiod": "7", "export": "10852.5", "import_origin": "42764.7", "import_consigment": "24273.1"}, {"country": "China", "year": "2017", "timeperiod": "8", "export": "12497.2", "import_origin": "52259.5", "import_consigment": "30450.6"}, {"country": "China", "year": "2017", "timeperiod": "9", "export": "11433.4", "import_origin": "48536.8", "import_consigment": "28375.4"}, {"country": "China", "year": "2017", "timeperiod": "10", "export": "16430.5", "import_origin": "51923.4", "import_consigment": "32687.0"}, {"country": "China", "year": "2017", "timeperiod": "11", "export": "14839.7", "import_origin": "45231.5", "import_consigment": "22212.4"}, {"country": "China", "year": "2017", "timeperiod": "12", "export": "13559.9", "import_origin": "47091.2", "import_consigment": "25742.8"}, {"country": "China", "year": "2017", "timeperiod": "Year", "export": "118529.4", "import_origin": "477701.5", "import_consigment": "274029.0"}, {"country": "Colombia", "year": "2023", "timeperiod": "1", "export": "-", "import_origin": "145.3", "import_consigment": "127.6"}, {"country": "Colombia", "year": "2023", "timeperiod": "Year", "export": "-", "import_origin": "145.3", "import_consigment": "127.6"}, {"country": "Colombia", "year": "2022", "timeperiod": "1", "export": "-", "import_origin": "107.6", "import_consigment": "106.1"}, {"country": "Colombia", "year": "2022", "timeperiod": "2", "export": "-", "import_origin": "41.2", "import_consigment": "18.8"}, {"country": "Colombia", "year": "2022", "timeperiod": "3", "export": "-", "import_origin": "20.4", "import_consigment": "17.6"}, {"country": "Colombia", "year": "2022", "timeperiod": "4", "export": "-", "import_origin": "5.9", "import_consigment": "-"}, {"country": "Colombia", "year": "2022", "timeperiod": "5", "export": "-", "import_origin": "4.7", "import_consigment": "-"}, {"country": "Colombia", "year": "2022", "timeperiod": "6", "export": "-", "import_origin": "185.6", "import_consigment": "119.6"}, {"country": "Colombia", "year": "2022", "timeperiod": "7", "export": "-", "import_origin": "10.3", "import_consigment": "-"}, {"country": "Colombia", "year": "2022", "timeperiod": "8", "export": "-", "import_origin": "260.5", "import_consigment": "255.4"}, {"country": "Colombia", "year": "2022", "timeperiod": "9", "export": "-", "import_origin": "7.9", "import_consigment": "-"}, {"country": "Colombia", "year": "2022", "timeperiod": "10", "export": "-", "import_origin": "217.4", "import_consigment": "129.0"}, {"country": "Colombia", "year": "2022", "timeperiod": "11", "export": "-", "import_origin": "182.3", "import_consigment": "123.8"}, {"country": "Colombia", "year": "2022", "timeperiod": "12", "export": "1.3", "import_origin": "212.3", "import_consigment": "119.0"}]}