{"data": [{"country": "Sweden", "year": "2018", "timeperiod": "4", "export": "0.3", "import_origin": "913.3", "import_consigment": "663.1"}, {"country": "Sweden", "year": "2018", "timeperiod": "5", "export": "53.1", "import_origin": "4052.9", "import_consigment": "3407.1"}, {"country": "Sweden", "year": "2018", "timeperiod": "6", "export": "0.5", "import_origin": "3735.2", "import_consigment": "2183.9"}, {"country": "Sweden", "year": "2018", "timeperiod": "7", "export": "24.1", "import_origin": "3050.3", "import_consigment": "2879.5"}, {"country": "Sweden", "year": "2018", "timeperiod": "8", "export": "128.2", "import_origin": "3053.8", "import_consigment": "3961.7"}, {"country": "Sweden", "year": "2018", "timeperiod": "9", "export": "-", "import_origin": "1614.6", "import_consigment": "881.6"}, {"country": "Sweden", "year": "2018", "timeperiod": "10", "export": "92.4", "import_origin": "988.8", "import_consigment": "868.7"}, {"country": "Sweden", "year": "2018", "timeperiod": "11", "export": "22.8", "import_origin": "2827.4", "import_consigment": "2541.4"}, {"country": "Sweden", "year": "2018", "timeperiod": "12", "export": "34.9", "import_origin": "922.5", "import_consigment": "1035.0"}, {"country": "Sweden", "year": "2018", "timeperiod": "Year", "export": "367.9", "import_origin": "28517.6", "import_consigment": "26101.9"}, {"country": "Sweden", "year": "2017", "timeperiod": "1", "export": "-", "import_origin": "714.1", "import_consigment": "624.8"}, {"country": "Sweden", "year": "2017", "timeperiod": "2", "export": "1.8", "import_origin": "1310.8", "import_consigment": "1840.2"}, {"country": "Sweden", "year": "2017", "timeperiod": "3", "export": "504.8", "import_origin": "2330.0", "import_consigment": "2030.1"}, {"country": "Sweden", "year": "2017", "timeperiod": "4", "export": "2.9", "import_origin": "1679.7", "import_consigment": "2821.3"}, {"country": "Sweden", "year": "2017", "timeperiod": "5", "export": "0.2", "import_origin": "1408.0", "import_consigment": "1842.2"}, {"country": "Sweden", "year": "2017", "timeperiod": "6", "export": "79.6", "import_origin": "1623.0", "import_consigment": "1262.8"}, {"country": "Sweden", "year": "2017", "timeperiod": "7", "export": "-", "import_origin": "3139.1", "import_consigment": "3061.0"}, {"country": "Sweden", "year": "2017", "timeperiod": "8", "export": "-", "import_origin": "2238.2", "import_consigment": "2104.6"}, {"country": "Sweden", "year": "2017", "timeperiod": "9", "export": "0.1", "import_origin": "2299.4", "import_consigment": "1781.7"}, {"country": "Sweden", "year": "2017", "timeperiod": "10", "export": "92.5", "import_origin": "2428.5", "import_consigment": "1905.3"}, {"country": "Sweden", "year": "2017", "timeperiod": "11", "export": "58.2", "import_origin": "4038.5", "import_consigment": "3614.3"}, {"country": "Sweden", "year": "2017", "timeperiod": "12", "export": "55.9", "import_origin": "5383.9", "import_consigment": "5071.7"}, {"country": "Sweden", "year": "2017", "timeperiod": "Year", "export": "796.1", "import_origin": "28593.3", "import_consigment": "27959.9"}, {"country": "Switzerland", "year": "2023", "timeperiod": "1", "export": "11803.0", "import_origin": "1679.5", "import_consigment": "1967.4"}, {"country": "Switzerland", "year": "2023", "timeperiod": "Year", "export": "11803.0", "import_origin": "1679.5", "import_consigment": "1967.4"}]}