{"data": [{"country": "Unknown country", "year": "2017", "timeperiod": "2", "export": "961.4", "import_origin": "1428.7", "import_consigment": "526.0"}, {"country": "Unknown country", "year": "2017", "timeperiod": "3", "export": "1427.0", "import_origin": "1620.0", "import_consigment": "500.7"}, {"country": "Unknown country", "year": "2017", "timeperiod": "4", "export": "886.0", "import_origin": "3317.5", "import_consigment": "1996.8"}, {"country": "Unknown country", "year": "2017", "timeperiod": "5", "export": "735.5", "import_origin": "1803.3", "import_consigment": "612.1"}, {"country": "Unknown country", "year": "2017", "timeperiod": "6", "export": "1743.1", "import_origin": "2043.8", "import_consigment": "2078.4"}, {"country": "Unknown country", "year": "2017", "timeperiod": "7", "export": "1343.8", "import_origin": "2077.4", "import_consigment": "1482.3"}, {"country": "Unknown country", "year": "2017", "timeperiod": "8", "export": "1099.2", "import_origin": "1505.3", "import_consigment": "318.3"}, {"country": "Unknown country", "year": "2017", "timeperiod": "9", "export": "926.5", "import_origin": "1566.2", "import_consigment": "725.3"}, {"country": "Unknown country", "year": "2017", "timeperiod": "10", "export": "1229.9", "import_origin": "2524.0", "import_consigment": "632.4"}, {"country": "Unknown country", "year": "2017", "timeperiod": "11", "export": "1293.9", "import_origin": "1625.0", "import_consigment": "496.4"}, {"country": "Unknown country", "year": "2017", "timeperiod": "12", "export": "1797.8", "import_origin": "2394.7", "import_consigment": "1033.4"}, {"country": "Unknown country", "year": "2017", "timeperiod": "Year", "export": "14328.4", "import_origin": "24007.2", "import_consigment": "11305.6"}, {"country": null, "year": "2022", "timeperiod": "1", "export": "1266.9", "import_origin": "-", "import_consigment": "-"}, {"country": null, "year": "2022", "timeperiod": "Year", "export": "1266.9", "import_origin": "-", "import_consigment": "-"}, {"country": null, "year": "2021", "timeperiod": "1", "export": "797.4", "import_origin": "-", "import_consigment": "-"}, {"country": null, "year": "2021", "timeperiod": "2", "export": "691.1", "import_origin": "-", "import_consigment": "-"}, {"country": null, "year": "2021", "timeperiod": "3", "export": "761.9", "import_origin": "0.2", "import_consigment": "0.2"}, {"country": null, "year": "2021", "timeperiod": "4", "export": "132.4", "import_origin": "112.2", "import_consigment": "112.2"}, {"country": null, "year": "2021", "timeperiod": "5", "export": "96.2", "import_origin": "249.6", "import_consigment": "249.6"}, {"country": null, "year": "2021", "timeperiod": "6", "export": "87.3", "import_origin": "201.8", "import_consigment": "201.8"}, {"country": null, "year": "2021", "timeperiod": "7", "export": "145.9", "import_origin": "108.7", "import_consigment": "108.7"}, {"country": null, "year": "2021", "timeperiod": "8", "export": "233.2", "import_origin": "44.1", "import_consigment": "44.1"}, {"country": null, "year": "2021", "timeperiod": "9", "export": "406.7", "import_origin": "1.5", "import_consigment": "1.5"}, {"country": null, "year": "2021", "timeperiod": "10", "export": "842.6", "import_origin": "3.9", "import_consigment": "3.9"}, {"country": null, "year": "2021", "timeperiod": "11", "export": "974.1", "import_origin": "-", "import_consigment": "-"}]}