{"data": [{"country": "Hungary", "year": "2020", "timeperiod": "6", "export": "25.8", "import_origin": "1272.3", "import_consigment": "1860.8"}, {"country": "Hungary", "year": "2020", "timeperiod": "7", "export": "35.5", "import_origin": "1402.2", "import_consigment": "1605.5"}, {"country": "Hungary", "year": "2020", "timeperiod": "8", "export": "1.7", "import_origin": "967.9", "import_consigment": "1129.4"}, {"country": "Hungary", "year": "2020", "timeperiod": "9", "export": "59.2", "import_origin": "1983.8", "import_consigment": "2179.2"}, {"country": "Hungary", "year": "2020", "timeperiod": "10", "export": "18.9", "import_origin": "1565.0", "import_consigment": "1570.6"}, {"country": "Hungary", "year": "2020", "timeperiod": "11", "export": "38.7", "import_origin": "960.3", "import_consigment": "869.5"}, {"country": "Hungary", "year": "2020", "timeperiod": "12", "export": "58.6", "import_origin": "1984.3", "import_consigment": "2236.1"}, {"country": "Hungary", "year": "2020", "timeperiod": "Year", "export": "533.6", "import_origin": "15566.9", "import_consigment": "18858.8"}, {"country": "Hungary", "year": "2019", "timeperiod": "1", "export": "1.6", "import_origin": "712.0", "import_consigment": "608.5"}, {"country": "Hungary", "year": "2019", "timeperiod": "2", "export": "97.8", "import_origin": "838.8", "import_consigment": "3405.6"}, {"country": "Hungary", "year": "2019", "timeperiod": "3", "export": "-", "import_origin": "1462.8", "import_consigment": "5561.4"}, {"country": "Hungary", "year": "2019", "timeperiod": "4", "export": "133.4", "import_origin": "869.1", "import_consigment": "3363.0"}, {"country": "Hungary", "year": "2019", "timeperiod": "5", "export": "16.9", "import_origin": "1681.9", "import_consigment": "2013.7"}, {"country": "Hungary", "year": "2019", "timeperiod": "6", "export": "64.0", "import_origin": "1490.0", "import_consigment": "2214.9"}, {"country": "Hungary", "year": "2019", "timeperiod": "7", "export": "55.2", "import_origin": "1179.4", "import_consigment": "1674.2"}, {"country": "Hungary", "year": "2019", "timeperiod": "8", "export": "115.8", "import_origin": "1414.3", "import_consigment": "2024.6"}, {"country": "Hungary", "year": "2019", "timeperiod": "9", "export": "188.3", "import_origin": "1058.3", "import_consigment": "1271.2"}, {"country": "Hungary", "year": "2019", "timeperiod": "10", "export": "166.3", "import_origin": "1384.6", "import_consigment": "2031.2"}, {"country": "Hungary", "year": "2019", "timeperiod": "11", "export": "53.8", "import_origin": "1350.6", "import_consigment": "1681.7"}, {"country": "Hungary", "year": "2019", "timeperiod": "12", "export": "12.6", "import_origin": "2113.3", "import_consigment": "2662.8"}, {"country": "Hungary", "year": "2019", "timeperiod": "Year", "export": "905.7", "import_origin": "15555.4", "import_consigment": "28512.7"}, {"country": "Hungary", "year": "2018", "timeperiod": "1", "export": "57.4", "import_origin": "881.1", "import_consigment": "1102.0"}, {"country": "Hungary", "year": "2018", "timeperiod": "2", "export": "19.1", "import_origin": "1042.9", "import_consigment": "1212.7"}, {"country": "Hungary", "year": "2018", "timeperiod": "3", "export": "14.3", "import_origin": "1338.8", "import_consigment": "1381.2"}, {"country": "Hungary", "year": "2018", "timeperiod": "4", "export": "9.4", "import_origin": "1041.2", "import_consigment": "1342.9"}]}