{"data": [{"country": "Poland", "year": "2021", "timeperiod": "7", "export": "1809.9", "import_origin": "3512.1", "import_consigment": "4748.6"}, {"country": "Poland", "year": "2021", "timeperiod": "8", "export": "2766.3", "import_origin": "3691.4", "import_consigment": "5079.6"}, {"country": "Poland", "year": "2021", "timeperiod": "9", "export": "1162.4", "import_origin": "3578.2", "import_consigment": "3905.2"}, {"country": "Poland", "year": "2021", "timeperiod": "10", "export": "1108.4", "import_origin": "3578.0", "import_consigment": "3156.3"}, {"country": "Poland", "year": "2021", "timeperiod": "11", "export": "1586.1", "import_origin": "4809.4", "import_consigment": "5530.4"}, {"country": "Poland", "year": "2021", "timeperiod": "12", "export": "1535.5", "import_origin": "4266.3", "import_consigment": "5285.0"}, {"country": "Poland", "year": "2021", "timeperiod": "Year", "export": "20342.7", "import_origin": "45356.6", "import_consigment": "60897.5"}, {"country": "Poland", "year": "2020", "timeperiod": "1", "export": "875.3", "import_origin": "2567.9", "import_consigment": "3953.9"}, {"country": "Poland", "year": "2020", "timeperiod": "2", "export": "535.6", "import_origin": "2801.7", "import_consigment": "2951.7"}, {"country": "Poland", "year": "2020", "timeperiod": "3", "export": "1251.9", "import_origin": "4194.5", "import_consigment": "5441.3"}, {"country": "Poland", "year": "2020", "timeperiod": "4", "export": "1020.2", "import_origin": "3168.6", "import_consigment": "4013.1"}, {"country": "Poland", "year": "2020", "timeperiod": "5", "export": "755.9", "import_origin": "2527.0", "import_consigment": "2153.2"}, {"country": "Poland", "year": "2020", "timeperiod": "6", "export": "1471.6", "import_origin": "3222.8", "import_consigment": "3820.9"}, {"country": "Poland", "year": "2020", "timeperiod": "7", "export": "908.2", "import_origin": "2968.0", "import_consigment": "2888.6"}, {"country": "Poland", "year": "2020", "timeperiod": "8", "export": "1077.0", "import_origin": "3310.6", "import_consigment": "3419.4"}, {"country": "Poland", "year": "2020", "timeperiod": "9", "export": "1309.7", "import_origin": "3012.0", "import_consigment": "3309.7"}, {"country": "Poland", "year": "2020", "timeperiod": "10", "export": "914.7", "import_origin": "3458.0", "import_consigment": "4660.6"}, {"country": "Poland", "year": "2020", "timeperiod": "11", "export": "521.0", "import_origin": "3770.1", "import_consigment": "4779.6"}, {"country": "Poland", "year": "2020", "timeperiod": "12", "export": "1374.5", "import_origin": "4386.8", "import_consigment": "7286.4"}, {"country": "Poland", "year": "2020", "timeperiod": "Year", "export": "12015.6", "import_origin": "39387.9", "import_consigment": "48678.5"}, {"country": "Poland", "year": "2019", "timeperiod": "1", "export": "768.8", "import_origin": "1912.9", "import_consigment": "1794.4"}, {"country": "Poland", "year": "2019", "timeperiod": "2", "export": "705.9", "import_origin": "2790.5", "import_consigment": "3925.6"}, {"country": "Poland", "year": "2019", "timeperiod": "3", "export": "814.1", "import_origin": "3692.1", "import_consigment": "3842.3"}, {"country": "Poland", "year": "2019", "timeperiod": "4", "export": "1602.2", "import_origin": "3357.5", "import_consigment": "4208.0"}, {"country": "Poland", "year": "2019", "timeperiod": "5", "export": "1376.3", "import_origin": "5101.8", "import_consigment": "5412.7"}]}