{"data": [{"country": "Ethiopia", "year": "2019", "timeperiod": "7", "export": "-", "import_origin": "0.1", "import_consigment": "-"}, {"country": "Ethiopia", "year": "2019", "timeperiod": "8", "export": "-", "import_origin": "48.4", "import_consigment": "-"}, {"country": "Ethiopia", "year": "2019", "timeperiod": "9", "export": "0.7", "import_origin": "68.9", "import_consigment": "50.6"}, {"country": "Ethiopia", "year": "2019", "timeperiod": "10", "export": "-", "import_origin": "2.0", "import_consigment": "-"}, {"country": "Ethiopia", "year": "2019", "timeperiod": "11", "export": "-", "import_origin": "43.1", "import_consigment": "-"}, {"country": "Ethiopia", "year": "2019", "timeperiod": "12", "export": "-", "import_origin": "24.3", "import_consigment": "12.5"}, {"country": "Ethiopia", "year": "2019", "timeperiod": "Year", "export": "0.7", "import_origin": "444.7", "import_consigment": "250.8"}, {"country": "Ethiopia", "year": "2018", "timeperiod": "1", "export": "-", "import_origin": "19.6", "import_consigment": "-"}, {"country": "Ethiopia", "year": "2018", "timeperiod": "2", "export": "-", "import_origin": "6.5", "import_consigment": "-"}, {"country": "Ethiopia", "year": "2018", "timeperiod": "3", "export": "-", "import_origin": "58.1", "import_consigment": "51.6"}, {"country": "Ethiopia", "year": "2018", "timeperiod": "4", "export": "-", "import_origin": "6.8", "import_consigment": "-"}, {"country": "Ethiopia", "year": "2018", "timeperiod": "5", "export": "-", "import_origin": "1.2", "import_consigment": "-"}, {"country": "Ethiopia", "year": "2018", "timeperiod": "6", "export": "-", "import_origin": "66.8", "import_consigment": "50.2"}, {"country": "Ethiopia", "year": "2018", "timeperiod": "7", "export": "-", "import_origin": "75.5", "import_consigment": "49.7"}, {"country": "Ethiopia", "year": "2018", "timeperiod": "8", "export": "-", "import_origin": "0.3", "import_consigment": "-"}, {"country": "Ethiopia", "year": "2018", "timeperiod": "9", "export": "-", "import_origin": "19.3", "import_consigment": "-"}, {"country": "Ethiopia", "year": "2018", "timeperiod": "10", "export": "-", "import_origin": "61.3", "import_consigment": "-"}, {"country": "Ethiopia", "year": "2018", "timeperiod": "11", "export": "-", "import_origin": "0.3", "import_consigment": "-"}, {"country": "Ethiopia", "year": "2018", "timeperiod": "12", "export": "-", "import_origin": "48.2", "import_consigment": "48.2"}, {"country": "Ethiopia", "year": "2018", "timeperiod": "Year", "export": "-", "import_origin": "363.8", "import_consigment": "199.6"}, {"country": "Ethiopia", "year": "2017", "timeperiod": "1", "export": "-", "import_origin": "2.0", "import_consigment": "-"}, {"country": "Ethiopia", "year": "2017", "timeperiod": "2", "export": "-", "import_origin": "19.5", "import_consigment": "-"}, {"country": "Ethiopia", "year": "2017", "timeperiod": "3", "export": "-", "import_origin": "65.7", "import_consigment": "-"}, {"country": "Ethiopia", "year": "2017", "timeperiod": "4", "export": "-", "import_origin": "57.6", "import_consigment": "-"}, {"country": "Ethiopia", "year": "2017", "timeperiod": "5", "export": "-", "import_origin": "3.4", "import_consigment": "-"}]}