{"data": [{"country": "Kazakhstan", "year": "2019", "timeperiod": "6", "export": "83.0", "import_origin": "271.2", "import_consigment": "265.8"}, {"country": "Kazakhstan", "year": "2019", "timeperiod": "7", "export": "430.5", "import_origin": "291.5", "import_consigment": "305.6"}, {"country": "Kazakhstan", "year": "2019", "timeperiod": "8", "export": "656.8", "import_origin": "146.4", "import_consigment": "146.2"}, {"country": "Kazakhstan", "year": "2019", "timeperiod": "9", "export": "409.7", "import_origin": "155.2", "import_consigment": "546.7"}, {"country": "Kazakhstan", "year": "2019", "timeperiod": "10", "export": "636.4", "import_origin": "472.9", "import_consigment": "1169.3"}, {"country": "Kazakhstan", "year": "2019", "timeperiod": "11", "export": "848.9", "import_origin": "239.2", "import_consigment": "526.7"}, {"country": "Kazakhstan", "year": "2019", "timeperiod": "12", "export": "396.7", "import_origin": "295.1", "import_consigment": "322.8"}, {"country": "Kazakhstan", "year": "2019", "timeperiod": "Year", "export": "5401.6", "import_origin": "2922.6", "import_consigment": "4817.0"}, {"country": "Kazakhstan", "year": "2018", "timeperiod": "1", "export": "281.5", "import_origin": "25.9", "import_consigment": "354.0"}, {"country": "Kazakhstan", "year": "2018", "timeperiod": "2", "export": "1504.3", "import_origin": "199.2", "import_consigment": "435.9"}, {"country": "Kazakhstan", "year": "2018", "timeperiod": "3", "export": "736.2", "import_origin": "240.1", "import_consigment": "309.6"}, {"country": "Kazakhstan", "year": "2018", "timeperiod": "4", "export": "463.0", "import_origin": "278.6", "import_consigment": "382.8"}, {"country": "Kazakhstan", "year": "2018", "timeperiod": "5", "export": "279.4", "import_origin": "1012.4", "import_consigment": "1012.4"}, {"country": "Kazakhstan", "year": "2018", "timeperiod": "6", "export": "708.8", "import_origin": "170.4", "import_consigment": "165.9"}, {"country": "Kazakhstan", "year": "2018", "timeperiod": "7", "export": "935.4", "import_origin": "142.3", "import_consigment": "207.2"}, {"country": "Kazakhstan", "year": "2018", "timeperiod": "8", "export": "1708.1", "import_origin": "164.9", "import_consigment": "269.8"}, {"country": "Kazakhstan", "year": "2018", "timeperiod": "9", "export": "886.9", "import_origin": "205.7", "import_consigment": "222.0"}, {"country": "Kazakhstan", "year": "2018", "timeperiod": "10", "export": "393.9", "import_origin": "199.4", "import_consigment": "404.0"}, {"country": "Kazakhstan", "year": "2018", "timeperiod": "11", "export": "914.3", "import_origin": "431.3", "import_consigment": "521.5"}, {"country": "Kazakhstan", "year": "2018", "timeperiod": "12", "export": "979.8", "import_origin": "622.3", "import_consigment": "669.5"}, {"country": "Kazakhstan", "year": "2018", "timeperiod": "Year", "export": "9791.6", "import_origin": "3692.4", "import_consigment": "4954.7"}, {"country": "Kazakhstan", "year": "2017", "timeperiod": "1", "export": "272.3", "import_origin": "52.9", "import_consigment": "253.5"}, {"country": "Kazakhstan", "year": "2017", "timeperiod": "2", "export": "354.1", "import_origin": "57.6", "import_consigment": "142.0"}, {"country": "Kazakhstan", "year": "2017", "timeperiod": "3", "export": "232.9", "import_origin": "44.0", "import_consigment": "192.1"}, {"country": "Kazakhstan", "year": "2017", "timeperiod": "4", "export": "433.0", "import_origin": "26.1", "import_consigment": "87.6"}]}