{"data": [{"country": "Mali", "year": "2022", "timeperiod": "6", "export": "-", "import_origin": "0.1", "import_consigment": "-"}, {"country": "Mali", "year": "2022", "timeperiod": "Year", "export": "-", "import_origin": "0.9", "import_consigment": "-"}, {"country": "Mali", "year": "2019", "timeperiod": "9", "export": "-", "import_origin": "-", "import_consigment": "-"}, {"country": "Mali", "year": "2019", "timeperiod": "Year", "export": "-", "import_origin": "-", "import_consigment": "-"}, {"country": "Mali", "year": "2018", "timeperiod": "1", "export": "-", "import_origin": "2.5", "import_consigment": "2.5"}, {"country": "Mali", "year": "2018", "timeperiod": "Year", "export": "-", "import_origin": "2.5", "import_consigment": "2.5"}, {"country": "Mali", "year": "2017", "timeperiod": "9", "export": "-", "import_origin": "1.1", "import_consigment": "-"}, {"country": "Mali", "year": "2017", "timeperiod": "10", "export": "-", "import_origin": "2.4", "import_consigment": "-"}, {"country": "Mali", "year": "2017", "timeperiod": "Year", "export": "-", "import_origin": "3.5", "import_consigment": "-"}, {"country": "Malta", "year": "2023", "timeperiod": "1", "export": "5.2", "import_origin": "8.7", "import_consigment": "-"}, {"country": "Malta", "year": "2023", "timeperiod": "Year", "export": "5.2", "import_origin": "8.7", "import_consigment": "-"}, {"country": "Malta", "year": "2022", "timeperiod": "1", "export": "-", "import_origin": "8.0", "import_consigment": "-"}, {"country": "Malta", "year": "2022", "timeperiod": "2", "export": "12.3", "import_origin": "5.3", "import_consigment": "-"}, {"country": "Malta", "year": "2022", "timeperiod": "3", "export": "-", "import_origin": "51.5", "import_consigment": "-"}, {"country": "Malta", "year": "2022", "timeperiod": "4", "export": "-", "import_origin": "12.4", "import_consigment": "-"}, {"country": "Malta", "year": "2022", "timeperiod": "5", "export": "-", "import_origin": "26.7", "import_consigment": "-"}, {"country": "Malta", "year": "2022", "timeperiod": "6", "export": "-", "import_origin": "8.4", "import_consigment": "0.2"}, {"country": "Malta", "year": "2022", "timeperiod": "7", "export": "23.1", "import_origin": "29.9", "import_consigment": "1.5"}, {"country": "Malta", "year": "2022", "timeperiod": "8", "export": "-", "import_origin": "2.8", "import_consigment": "0.6"}, {"country": "Malta", "year": "2022", "timeperiod": "9", "export": "3.4", "import_origin": "25.0", "import_consigment": "0.1"}, {"country": "Malta", "year": "2022", "timeperiod": "10", "export": "-", "import_origin": "23.6", "import_consigment": "0.1"}, {"country": "Malta", "year": "2022", "timeperiod": "11", "export": "-", "import_origin": "33.5", "import_consigment": "-"}, {"country": "Malta", "year": "2022", "timeperiod": "12", "export": "1.7", "import_origin": "41.8", "import_consigment": "-"}, {"country": "Malta", "year": "2022", "timeperiod": "Year", "export": "40.5", "import_origin": "268.9", "import_consigment": "2.4"}, {"country": "Malta", "year": "2021", "timeperiod": "1", "export": "6.9", "import_origin": "14.6", "import_consigment": "-"}]}