{"data": [{"country": "Uzbekistan", "year": "2017", "timeperiod": "10", "export": "158.0", "import_origin": "137.4", "import_consigment": "129.5"}, {"country": "Uzbekistan", "year": "2017", "timeperiod": "11", "export": "262.1", "import_origin": "231.9", "import_consigment": "196.4"}, {"country": "Uzbekistan", "year": "2017", "timeperiod": "12", "export": "318.0", "import_origin": "386.2", "import_consigment": "364.7"}, {"country": "Uzbekistan", "year": "2017", "timeperiod": "Year", "export": "2284.0", "import_origin": "1399.9", "import_consigment": "1222.1"}, {"country": "Venezuela", "year": "2022", "timeperiod": "6", "export": "-", "import_origin": "0.4", "import_consigment": "-"}, {"country": "Venezuela", "year": "2022", "timeperiod": "8", "export": "-", "import_origin": "-", "import_consigment": "-"}, {"country": "Venezuela", "year": "2022", "timeperiod": "10", "export": "-", "import_origin": "0.4", "import_consigment": "-"}, {"country": "Venezuela", "year": "2022", "timeperiod": "11", "export": "-", "import_origin": "3.6", "import_consigment": "-"}, {"country": "Venezuela", "year": "2022", "timeperiod": "Year", "export": "-", "import_origin": "4.4", "import_consigment": "-"}, {"country": "Venezuela", "year": "2021", "timeperiod": "1", "export": "-", "import_origin": "-", "import_consigment": "-"}, {"country": "Venezuela", "year": "2021", "timeperiod": "2", "export": "-", "import_origin": "-", "import_consigment": "-"}, {"country": "Venezuela", "year": "2021", "timeperiod": "3", "export": "-", "import_origin": "1.1", "import_consigment": "-"}, {"country": "Venezuela", "year": "2021", "timeperiod": "4", "export": "-", "import_origin": "1.9", "import_consigment": "-"}, {"country": "Venezuela", "year": "2021", "timeperiod": "7", "export": "-", "import_origin": "1.2", "import_consigment": "-"}, {"country": "Venezuela", "year": "2021", "timeperiod": "12", "export": "-", "import_origin": "1.0", "import_consigment": "-"}, {"country": "Venezuela", "year": "2021", "timeperiod": "Year", "export": "-", "import_origin": "5.2", "import_consigment": "-"}, {"country": "Venezuela", "year": "2019", "timeperiod": "2", "export": "-", "import_origin": "1.9", "import_consigment": "-"}, {"country": "Venezuela", "year": "2019", "timeperiod": "3", "export": "-", "import_origin": "2.7", "import_consigment": "-"}, {"country": "Venezuela", "year": "2019", "timeperiod": "4", "export": "-", "import_origin": "23.6", "import_consigment": "-"}, {"country": "Venezuela", "year": "2019", "timeperiod": "6", "export": "-", "import_origin": "0.6", "import_consigment": "-"}, {"country": "Venezuela", "year": "2019", "timeperiod": "7", "export": "-", "import_origin": "1.5", "import_consigment": "-"}, {"country": "Venezuela", "year": "2019", "timeperiod": "8", "export": "-", "import_origin": "0.1", "import_consigment": "-"}, {"country": "Venezuela", "year": "2019", "timeperiod": "11", "export": "-", "import_origin": "0.6", "import_consigment": "-"}, {"country": "Venezuela", "year": "2019", "timeperiod": "Year", "export": "-", "import_origin": "31.0", "import_consigment": "-"}, {"country": "Venezuela", "year": "2018", "timeperiod": "7", "export": "-", "import_origin": "0.1", "import_consigment": "-"}]}