{"data": [{"country": "Liechtenstein", "year": "2023", "timeperiod": "Year", "export": "-", "import_origin": "204.5", "import_consigment": "278.6"}, {"country": "Liechtenstein", "year": "2022", "timeperiod": "2", "export": "-", "import_origin": "-", "import_consigment": "64.2"}, {"country": "Liechtenstein", "year": "2022", "timeperiod": "3", "export": "-", "import_origin": "128.7", "import_consigment": "46.4"}, {"country": "Liechtenstein", "year": "2022", "timeperiod": "4", "export": "-", "import_origin": "2.4", "import_consigment": "77.7"}, {"country": "Liechtenstein", "year": "2022", "timeperiod": "5", "export": "-", "import_origin": "246.1", "import_consigment": "34.9"}, {"country": "Liechtenstein", "year": "2022", "timeperiod": "6", "export": "-", "import_origin": "0.1", "import_consigment": "53.3"}, {"country": "Liechtenstein", "year": "2022", "timeperiod": "7", "export": "-", "import_origin": "21.6", "import_consigment": "24.6"}, {"country": "Liechtenstein", "year": "2022", "timeperiod": "8", "export": "-", "import_origin": "4.1", "import_consigment": "39.1"}, {"country": "Liechtenstein", "year": "2022", "timeperiod": "9", "export": "-", "import_origin": "151.7", "import_consigment": "64.9"}, {"country": "Liechtenstein", "year": "2022", "timeperiod": "10", "export": "-", "import_origin": "13.5", "import_consigment": "74.8"}, {"country": "Liechtenstein", "year": "2022", "timeperiod": "11", "export": "-", "import_origin": "5.5", "import_consigment": "94.1"}, {"country": "Liechtenstein", "year": "2022", "timeperiod": "12", "export": "-", "import_origin": "282.9", "import_consigment": "101.4"}, {"country": "Liechtenstein", "year": "2022", "timeperiod": "Year", "export": "-", "import_origin": "856.8", "import_consigment": "675.4"}, {"country": "Liechtenstein", "year": "2021", "timeperiod": "2", "export": "-", "import_origin": "2.4", "import_consigment": "79.8"}, {"country": "Liechtenstein", "year": "2021", "timeperiod": "3", "export": "-", "import_origin": "0.7", "import_consigment": "10.6"}, {"country": "Liechtenstein", "year": "2021", "timeperiod": "4", "export": "-", "import_origin": "0.5", "import_consigment": "101.0"}, {"country": "Liechtenstein", "year": "2021", "timeperiod": "5", "export": "-", "import_origin": "23.9", "import_consigment": "90.5"}, {"country": "Liechtenstein", "year": "2021", "timeperiod": "6", "export": "-", "import_origin": "5.0", "import_consigment": "68.5"}, {"country": "Liechtenstein", "year": "2021", "timeperiod": "7", "export": "-", "import_origin": "31.0", "import_consigment": "66.2"}, {"country": "Liechtenstein", "year": "2021", "timeperiod": "8", "export": "-", "import_origin": "2.5", "import_consigment": "79.4"}, {"country": "Liechtenstein", "year": "2021", "timeperiod": "9", "export": "-", "import_origin": "117.8", "import_consigment": "121.7"}, {"country": "Liechtenstein", "year": "2021", "timeperiod": "10", "export": "-", "import_origin": "1.3", "import_consigment": "19.9"}, {"country": "Liechtenstein", "year": "2021", "timeperiod": "11", "export": "-", "import_origin": "17.6", "import_consigment": "65.9"}, {"country": "Liechtenstein", "year": "2021", "timeperiod": "12", "export": "-", "import_origin": "1.1", "import_consigment": "33.9"}, {"country": "Liechtenstein", "year": "2021", "timeperiod": "Year", "export": "-", "import_origin": "203.9", "import_consigment": "737.5"}]}