{"data": [{"country": "Saudi Arabia", "year": "2017", "timeperiod": "4", "export": "117.4", "import_origin": "92.3", "import_consigment": "8.9"}, {"country": "Saudi Arabia", "year": "2017", "timeperiod": "5", "export": "1.5", "import_origin": "65.7", "import_consigment": "10.1"}, {"country": "Saudi Arabia", "year": "2017", "timeperiod": "6", "export": "-", "import_origin": "222.8", "import_consigment": "181.8"}, {"country": "Saudi Arabia", "year": "2017", "timeperiod": "7", "export": "-", "import_origin": "192.6", "import_consigment": "109.1"}, {"country": "Saudi Arabia", "year": "2017", "timeperiod": "8", "export": "3.0", "import_origin": "224.1", "import_consigment": "74.3"}, {"country": "Saudi Arabia", "year": "2017", "timeperiod": "9", "export": "-", "import_origin": "244.1", "import_consigment": "123.6"}, {"country": "Saudi Arabia", "year": "2017", "timeperiod": "10", "export": "3.0", "import_origin": "298.8", "import_consigment": "133.6"}, {"country": "Saudi Arabia", "year": "2017", "timeperiod": "11", "export": "1.3", "import_origin": "90.7", "import_consigment": "-"}, {"country": "Saudi Arabia", "year": "2017", "timeperiod": "12", "export": "32.0", "import_origin": "153.1", "import_consigment": "100.3"}, {"country": "Saudi Arabia", "year": "2017", "timeperiod": "Year", "export": "490.0", "import_origin": "1992.7", "import_consigment": "1049.4"}, {"country": "Senegal", "year": "2023", "timeperiod": "1", "export": "-", "import_origin": "1036.1", "import_consigment": "1036.1"}, {"country": "Senegal", "year": "2023", "timeperiod": "Year", "export": "-", "import_origin": "1036.1", "import_consigment": "1036.1"}, {"country": "Senegal", "year": "2022", "timeperiod": "4", "export": "-", "import_origin": "0.9", "import_consigment": "0.9"}, {"country": "Senegal", "year": "2022", "timeperiod": "10", "export": "-", "import_origin": "1084.5", "import_consigment": "1084.5"}, {"country": "Senegal", "year": "2022", "timeperiod": "11", "export": "-", "import_origin": "1285.1", "import_consigment": "1152.6"}, {"country": "Senegal", "year": "2022", "timeperiod": "12", "export": "35.0", "import_origin": "0.2", "import_consigment": "-"}, {"country": "Senegal", "year": "2022", "timeperiod": "Year", "export": "35.0", "import_origin": "2370.7", "import_consigment": "2238.0"}, {"country": "Senegal", "year": "2021", "timeperiod": "11", "export": "-", "import_origin": "0.6", "import_consigment": "-"}, {"country": "Senegal", "year": "2021", "timeperiod": "Year", "export": "-", "import_origin": "0.6", "import_consigment": "-"}, {"country": "Senegal", "year": "2020", "timeperiod": "3", "export": "-", "import_origin": "0.1", "import_consigment": "-"}, {"country": "Senegal", "year": "2020", "timeperiod": "11", "export": "-", "import_origin": "0.3", "import_consigment": "-"}, {"country": "Senegal", "year": "2020", "timeperiod": "12", "export": "-", "import_origin": "9.0", "import_consigment": "-"}, {"country": "Senegal", "year": "2020", "timeperiod": "Year", "export": "-", "import_origin": "9.4", "import_consigment": "-"}, {"country": "Senegal", "year": "2019", "timeperiod": "4", "export": "-", "import_origin": "0.3", "import_consigment": "-"}, {"country": "Senegal", "year": "2019", "timeperiod": "8", "export": "-", "import_origin": "0.3", "import_consigment": "-"}]}