{"data": [{"country": "Tajikistan", "year": "2017", "timeperiod": "4", "export": "126.5", "import_origin": "-", "import_consigment": "-"}, {"country": "Tajikistan", "year": "2017", "timeperiod": "5", "export": "4.5", "import_origin": "0.6", "import_consigment": "-"}, {"country": "Tajikistan", "year": "2017", "timeperiod": "6", "export": "47.4", "import_origin": "0.3", "import_consigment": "-"}, {"country": "Tajikistan", "year": "2017", "timeperiod": "7", "export": "81.3", "import_origin": "-", "import_consigment": "-"}, {"country": "Tajikistan", "year": "2017", "timeperiod": "8", "export": "-", "import_origin": "0.1", "import_consigment": "23.1"}, {"country": "Tajikistan", "year": "2017", "timeperiod": "9", "export": "53.3", "import_origin": "67.7", "import_consigment": "67.7"}, {"country": "Tajikistan", "year": "2017", "timeperiod": "10", "export": "102.2", "import_origin": "-", "import_consigment": "-"}, {"country": "Tajikistan", "year": "2017", "timeperiod": "11", "export": "180.5", "import_origin": "-", "import_consigment": "-"}, {"country": "Tajikistan", "year": "2017", "timeperiod": "12", "export": "166.3", "import_origin": "3.5", "import_consigment": "-"}, {"country": "Tajikistan", "year": "2017", "timeperiod": "Year", "export": "965.8", "import_origin": "75.5", "import_consigment": "90.8"}, {"country": "Thailand", "year": "2023", "timeperiod": "1", "export": "63.2", "import_origin": "3230.5", "import_consigment": "1035.3"}, {"country": "Thailand", "year": "2023", "timeperiod": "Year", "export": "63.2", "import_origin": "3230.5", "import_consigment": "1035.3"}, {"country": "Thailand", "year": "2022", "timeperiod": "1", "export": "-", "import_origin": "1328.1", "import_consigment": "624.0"}, {"country": "Thailand", "year": "2022", "timeperiod": "2", "export": "-", "import_origin": "3714.4", "import_consigment": "2719.8"}, {"country": "Thailand", "year": "2022", "timeperiod": "3", "export": "26.3", "import_origin": "2292.3", "import_consigment": "1528.3"}, {"country": "Thailand", "year": "2022", "timeperiod": "4", "export": "26.6", "import_origin": "2298.2", "import_consigment": "1399.6"}, {"country": "Thailand", "year": "2022", "timeperiod": "5", "export": "33.1", "import_origin": "3191.4", "import_consigment": "2215.4"}, {"country": "Thailand", "year": "2022", "timeperiod": "6", "export": "36.2", "import_origin": "3532.2", "import_consigment": "1986.8"}, {"country": "Thailand", "year": "2022", "timeperiod": "7", "export": "120.4", "import_origin": "2976.2", "import_consigment": "1406.6"}, {"country": "Thailand", "year": "2022", "timeperiod": "8", "export": "793.0", "import_origin": "6020.1", "import_consigment": "2486.6"}, {"country": "Thailand", "year": "2022", "timeperiod": "9", "export": "17.1", "import_origin": "6400.1", "import_consigment": "2843.1"}, {"country": "Thailand", "year": "2022", "timeperiod": "10", "export": "46.4", "import_origin": "10501.8", "import_consigment": "2438.3"}, {"country": "Thailand", "year": "2022", "timeperiod": "11", "export": "0.6", "import_origin": "6547.4", "import_consigment": "2633.9"}, {"country": "Thailand", "year": "2022", "timeperiod": "12", "export": "199.6", "import_origin": "5882.4", "import_consigment": "1728.2"}, {"country": "Thailand", "year": "2022", "timeperiod": "Year", "export": "1299.3", "import_origin": "54684.5", "import_consigment": "24010.5"}]}