{"data": [{"country": "Chile", "year": "2017", "timeperiod": "8", "export": "-", "import_origin": "84.0", "import_consigment": "56.8"}, {"country": "Chile", "year": "2017", "timeperiod": "9", "export": "-", "import_origin": "101.3", "import_consigment": "87.0"}, {"country": "Chile", "year": "2017", "timeperiod": "10", "export": "-", "import_origin": "88.6", "import_consigment": "25.3"}, {"country": "Chile", "year": "2017", "timeperiod": "11", "export": "-", "import_origin": "441.4", "import_consigment": "375.3"}, {"country": "Chile", "year": "2017", "timeperiod": "12", "export": "-", "import_origin": "218.7", "import_consigment": "67.4"}, {"country": "Chile", "year": "2017", "timeperiod": "Year", "export": "-", "import_origin": "1414.0", "import_consigment": "753.9"}, {"country": "China", "year": "2023", "timeperiod": "1", "export": "40458.4", "import_origin": "101467.5", "import_consigment": "48570.4"}, {"country": "China", "year": "2023", "timeperiod": "Year", "export": "40458.4", "import_origin": "101467.5", "import_consigment": "48570.4"}, {"country": "China", "year": "2022", "timeperiod": "1", "export": "36124.0", "import_origin": "61860.1", "import_consigment": "37335.0"}, {"country": "China", "year": "2022", "timeperiod": "2", "export": "22354.4", "import_origin": "86445.7", "import_consigment": "55543.9"}, {"country": "China", "year": "2022", "timeperiod": "3", "export": "21673.1", "import_origin": "84308.0", "import_consigment": "63074.9"}, {"country": "China", "year": "2022", "timeperiod": "4", "export": "32296.8", "import_origin": "79718.0", "import_consigment": "47235.7"}, {"country": "China", "year": "2022", "timeperiod": "5", "export": "30025.6", "import_origin": "89220.9", "import_consigment": "54219.2"}, {"country": "China", "year": "2022", "timeperiod": "6", "export": "33760.0", "import_origin": "102018.0", "import_consigment": "57183.4"}, {"country": "China", "year": "2022", "timeperiod": "7", "export": "22241.7", "import_origin": "127100.2", "import_consigment": "51858.1"}, {"country": "China", "year": "2022", "timeperiod": "8", "export": "38503.0", "import_origin": "154223.2", "import_consigment": "58343.5"}, {"country": "China", "year": "2022", "timeperiod": "9", "export": "32026.7", "import_origin": "155529.7", "import_consigment": "70841.7"}, {"country": "China", "year": "2022", "timeperiod": "10", "export": "26376.2", "import_origin": "150603.0", "import_consigment": "70009.1"}, {"country": "China", "year": "2022", "timeperiod": "11", "export": "34425.4", "import_origin": "150594.3", "import_consigment": "71400.7"}, {"country": "China", "year": "2022", "timeperiod": "12", "export": "39697.9", "import_origin": "146729.4", "import_consigment": "61011.0"}, {"country": "China", "year": "2022", "timeperiod": "Year", "export": "369504.7", "import_origin": "1388350.5", "import_consigment": "698056.2"}, {"country": "China", "year": "2021", "timeperiod": "1", "export": "31635.1", "import_origin": "38925.7", "import_consigment": "24860.1"}, {"country": "China", "year": "2021", "timeperiod": "2", "export": "22929.3", "import_origin": "45972.1", "import_consigment": "27143.4"}, {"country": "China", "year": "2021", "timeperiod": "3", "export": "24600.0", "import_origin": "60707.4", "import_consigment": "38095.3"}, {"country": "China", "year": "2021", "timeperiod": "4", "export": "47957.7", "import_origin": "50220.8", "import_consigment": "25376.3"}]}