{"data": [{"country": "Macao", "year": "2020", "timeperiod": "2", "export": "-", "import_origin": "0.1", "import_consigment": "-"}, {"country": "Macao", "year": "2020", "timeperiod": "3", "export": "-", "import_origin": "-", "import_consigment": "-"}, {"country": "Macao", "year": "2020", "timeperiod": "7", "export": "-", "import_origin": "-", "import_consigment": "-"}, {"country": "Macao", "year": "2020", "timeperiod": "10", "export": "-", "import_origin": "0.4", "import_consigment": "-"}, {"country": "Macao", "year": "2020", "timeperiod": "Year", "export": "-", "import_origin": "0.5", "import_consigment": "-"}, {"country": "Macao", "year": "2019", "timeperiod": "5", "export": "-", "import_origin": "0.1", "import_consigment": "-"}, {"country": "Macao", "year": "2019", "timeperiod": "7", "export": "-", "import_origin": "-", "import_consigment": "-"}, {"country": "Macao", "year": "2019", "timeperiod": "Year", "export": "-", "import_origin": "0.1", "import_consigment": "-"}, {"country": "Macao", "year": "2018", "timeperiod": "2", "export": "-", "import_origin": "-", "import_consigment": "-"}, {"country": "Macao", "year": "2018", "timeperiod": "9", "export": "-", "import_origin": "-", "import_consigment": "-"}, {"country": "Macao", "year": "2018", "timeperiod": "12", "export": "-", "import_origin": "0.1", "import_consigment": "-"}, {"country": "Macao", "year": "2018", "timeperiod": "Year", "export": "-", "import_origin": "0.1", "import_consigment": "-"}, {"country": "Macao", "year": "2017", "timeperiod": "3", "export": "-", "import_origin": "0.3", "import_consigment": "-"}, {"country": "Macao", "year": "2017", "timeperiod": "4", "export": "-", "import_origin": "0.4", "import_consigment": "-"}, {"country": "Macao", "year": "2017", "timeperiod": "7", "export": "-", "import_origin": "-", "import_consigment": "-"}, {"country": "Macao", "year": "2017", "timeperiod": "9", "export": "-", "import_origin": "-", "import_consigment": "-"}, {"country": "Macao", "year": "2017", "timeperiod": "10", "export": "-", "import_origin": "-", "import_consigment": "-"}, {"country": "Macao", "year": "2017", "timeperiod": "12", "export": "-", "import_origin": "-", "import_consigment": "-"}, {"country": "Macao", "year": "2017", "timeperiod": "Year", "export": "-", "import_origin": "0.8", "import_consigment": "-"}, {"country": "Madagascar", "year": "2023", "timeperiod": "1", "export": "31.0", "import_origin": "14.1", "import_consigment": "-"}, {"country": "Madagascar", "year": "2023", "timeperiod": "Year", "export": "31.0", "import_origin": "14.1", "import_consigment": "-"}, {"country": "Madagascar", "year": "2022", "timeperiod": "1", "export": "-", "import_origin": "7.0", "import_consigment": "-"}, {"country": "Madagascar", "year": "2022", "timeperiod": "2", "export": "-", "import_origin": "13.6", "import_consigment": "-"}, {"country": "Madagascar", "year": "2022", "timeperiod": "3", "export": "-", "import_origin": "17.6", "import_consigment": "-"}, {"country": "Madagascar", "year": "2022", "timeperiod": "4", "export": "-", "import_origin": "88.8", "import_consigment": "-"}]}