{"data": [{"country": "Korea, Republic of", "year": "2020", "timeperiod": "4", "export": "18.0", "import_origin": "2216.6", "import_consigment": "1262.7"}, {"country": "Korea, Republic of", "year": "2020", "timeperiod": "5", "export": "19.1", "import_origin": "4275.1", "import_consigment": "3297.9"}, {"country": "Korea, Republic of", "year": "2020", "timeperiod": "6", "export": "8.6", "import_origin": "3098.5", "import_consigment": "1772.2"}, {"country": "Korea, Republic of", "year": "2020", "timeperiod": "7", "export": "138.2", "import_origin": "4094.3", "import_consigment": "2496.6"}, {"country": "Korea, Republic of", "year": "2020", "timeperiod": "8", "export": "210.0", "import_origin": "3490.3", "import_consigment": "2077.2"}, {"country": "Korea, Republic of", "year": "2020", "timeperiod": "9", "export": "145.7", "import_origin": "3739.7", "import_consigment": "2515.3"}, {"country": "Korea, Republic of", "year": "2020", "timeperiod": "10", "export": "1.7", "import_origin": "2891.6", "import_consigment": "1844.0"}, {"country": "Korea, Republic of", "year": "2020", "timeperiod": "11", "export": "14.0", "import_origin": "4872.4", "import_consigment": "3809.5"}, {"country": "Korea, Republic of", "year": "2020", "timeperiod": "12", "export": "253.0", "import_origin": "4625.1", "import_consigment": "3833.4"}, {"country": "Korea, Republic of", "year": "2020", "timeperiod": "Year", "export": "907.8", "import_origin": "42628.4", "import_consigment": "29210.6"}, {"country": "Korea, Republic of", "year": "2019", "timeperiod": "1", "export": "10.7", "import_origin": "1809.6", "import_consigment": "1034.4"}, {"country": "Korea, Republic of", "year": "2019", "timeperiod": "2", "export": "14.6", "import_origin": "2591.7", "import_consigment": "1131.0"}, {"country": "Korea, Republic of", "year": "2019", "timeperiod": "3", "export": "-", "import_origin": "2667.3", "import_consigment": "1270.6"}, {"country": "Korea, Republic of", "year": "2019", "timeperiod": "4", "export": "-", "import_origin": "4042.7", "import_consigment": "2321.8"}, {"country": "Korea, Republic of", "year": "2019", "timeperiod": "5", "export": "40.0", "import_origin": "3394.2", "import_consigment": "1621.9"}, {"country": "Korea, Republic of", "year": "2019", "timeperiod": "6", "export": "-", "import_origin": "4655.8", "import_consigment": "2450.5"}, {"country": "Korea, Republic of", "year": "2019", "timeperiod": "7", "export": "1.7", "import_origin": "3617.5", "import_consigment": "1791.0"}, {"country": "Korea, Republic of", "year": "2019", "timeperiod": "8", "export": "91.1", "import_origin": "4938.9", "import_consigment": "1737.2"}, {"country": "Korea, Republic of", "year": "2019", "timeperiod": "9", "export": "11.0", "import_origin": "5028.6", "import_consigment": "1693.2"}, {"country": "Korea, Republic of", "year": "2019", "timeperiod": "10", "export": "38.3", "import_origin": "6485.8", "import_consigment": "2528.2"}, {"country": "Korea, Republic of", "year": "2019", "timeperiod": "11", "export": "1.8", "import_origin": "6957.3", "import_consigment": "2402.1"}, {"country": "Korea, Republic of", "year": "2019", "timeperiod": "12", "export": "303.2", "import_origin": "8213.3", "import_consigment": "3810.3"}, {"country": "Korea, Republic of", "year": "2019", "timeperiod": "Year", "export": "512.3", "import_origin": "54402.6", "import_consigment": "23792.4"}, {"country": "Korea, Republic of", "year": "2018", "timeperiod": "1", "export": "-", "import_origin": "1915.4", "import_consigment": "1190.7"}, {"country": "Korea, Republic of", "year": "2018", "timeperiod": "2", "export": "6.4", "import_origin": "3326.3", "import_consigment": "1971.8"}]}