{"data": [{"country": "Liechtenstein", "year": "2019", "timeperiod": "Year", "export": "21.0", "import_origin": "681.2", "import_consigment": "1487.9"}, {"country": "Liechtenstein", "year": "2018", "timeperiod": "1", "export": "-", "import_origin": "1.6", "import_consigment": "46.5"}, {"country": "Liechtenstein", "year": "2018", "timeperiod": "2", "export": "-", "import_origin": "18.8", "import_consigment": "60.7"}, {"country": "Liechtenstein", "year": "2018", "timeperiod": "3", "export": "-", "import_origin": "0.7", "import_consigment": "32.0"}, {"country": "Liechtenstein", "year": "2018", "timeperiod": "4", "export": "-", "import_origin": "77.8", "import_consigment": "151.0"}, {"country": "Liechtenstein", "year": "2018", "timeperiod": "5", "export": "-", "import_origin": "7.0", "import_consigment": "47.2"}, {"country": "Liechtenstein", "year": "2018", "timeperiod": "6", "export": "-", "import_origin": "0.4", "import_consigment": "32.5"}, {"country": "Liechtenstein", "year": "2018", "timeperiod": "7", "export": "-", "import_origin": "3.7", "import_consigment": "251.1"}, {"country": "Liechtenstein", "year": "2018", "timeperiod": "8", "export": "-", "import_origin": "176.2", "import_consigment": "250.7"}, {"country": "Liechtenstein", "year": "2018", "timeperiod": "9", "export": "-", "import_origin": "0.5", "import_consigment": "40.9"}, {"country": "Liechtenstein", "year": "2018", "timeperiod": "10", "export": "-", "import_origin": "1.1", "import_consigment": "16.4"}, {"country": "Liechtenstein", "year": "2018", "timeperiod": "11", "export": "-", "import_origin": "0.7", "import_consigment": "281.6"}, {"country": "Liechtenstein", "year": "2018", "timeperiod": "12", "export": "-", "import_origin": "171.0", "import_consigment": "290.1"}, {"country": "Liechtenstein", "year": "2018", "timeperiod": "Year", "export": "-", "import_origin": "459.5", "import_consigment": "1500.6"}, {"country": "Liechtenstein", "year": "2017", "timeperiod": "1", "export": "-", "import_origin": "1.6", "import_consigment": "19.0"}, {"country": "Liechtenstein", "year": "2017", "timeperiod": "2", "export": "-", "import_origin": "3.4", "import_consigment": "6.6"}, {"country": "Liechtenstein", "year": "2017", "timeperiod": "3", "export": "-", "import_origin": "2.7", "import_consigment": "52.4"}, {"country": "Liechtenstein", "year": "2017", "timeperiod": "4", "export": "-", "import_origin": "1.7", "import_consigment": "33.0"}, {"country": "Liechtenstein", "year": "2017", "timeperiod": "5", "export": "-", "import_origin": "6.5", "import_consigment": "16.6"}, {"country": "Liechtenstein", "year": "2017", "timeperiod": "6", "export": "-", "import_origin": "19.2", "import_consigment": "68.9"}, {"country": "Liechtenstein", "year": "2017", "timeperiod": "7", "export": "-", "import_origin": "1.4", "import_consigment": "51.8"}, {"country": "Liechtenstein", "year": "2017", "timeperiod": "8", "export": "-", "import_origin": "68.5", "import_consigment": "104.5"}, {"country": "Liechtenstein", "year": "2017", "timeperiod": "9", "export": "-", "import_origin": "0.4", "import_consigment": "45.3"}, {"country": "Liechtenstein", "year": "2017", "timeperiod": "10", "export": "-", "import_origin": "12.6", "import_consigment": "69.7"}, {"country": "Liechtenstein", "year": "2017", "timeperiod": "11", "export": "-", "import_origin": "1.5", "import_consigment": "57.2"}]}