{"data": [{"country": "Montenegro", "year": "2021", "timeperiod": "Year", "export": "-", "import_origin": "221.4", "import_consigment": "-"}, {"country": "Montenegro", "year": "2020", "timeperiod": "1", "export": "-", "import_origin": "2.8", "import_consigment": "-"}, {"country": "Montenegro", "year": "2020", "timeperiod": "2", "export": "-", "import_origin": "7.0", "import_consigment": "-"}, {"country": "Montenegro", "year": "2020", "timeperiod": "3", "export": "-", "import_origin": "1.9", "import_consigment": "-"}, {"country": "Montenegro", "year": "2020", "timeperiod": "4", "export": "-", "import_origin": "0.4", "import_consigment": "-"}, {"country": "Montenegro", "year": "2020", "timeperiod": "5", "export": "-", "import_origin": "7.8", "import_consigment": "-"}, {"country": "Montenegro", "year": "2020", "timeperiod": "6", "export": "-", "import_origin": "2.0", "import_consigment": "-"}, {"country": "Montenegro", "year": "2020", "timeperiod": "7", "export": "-", "import_origin": "1.5", "import_consigment": "-"}, {"country": "Montenegro", "year": "2020", "timeperiod": "8", "export": "-", "import_origin": "2.4", "import_consigment": "-"}, {"country": "Montenegro", "year": "2020", "timeperiod": "10", "export": "-", "import_origin": "8.4", "import_consigment": "-"}, {"country": "Montenegro", "year": "2020", "timeperiod": "11", "export": "-", "import_origin": "5.5", "import_consigment": "-"}, {"country": "Montenegro", "year": "2020", "timeperiod": "12", "export": "-", "import_origin": "6.1", "import_consigment": "-"}, {"country": "Montenegro", "year": "2020", "timeperiod": "Year", "export": "-", "import_origin": "45.8", "import_consigment": "-"}, {"country": "Montenegro", "year": "2019", "timeperiod": "4", "export": "-", "import_origin": "8.2", "import_consigment": "-"}, {"country": "Montenegro", "year": "2019", "timeperiod": "5", "export": "-", "import_origin": "2.4", "import_consigment": "-"}, {"country": "Montenegro", "year": "2019", "timeperiod": "6", "export": "-", "import_origin": "4.7", "import_consigment": "-"}, {"country": "Montenegro", "year": "2019", "timeperiod": "8", "export": "-", "import_origin": "1.2", "import_consigment": "-"}, {"country": "Montenegro", "year": "2019", "timeperiod": "9", "export": "-", "import_origin": "0.7", "import_consigment": "15.4"}, {"country": "Montenegro", "year": "2019", "timeperiod": "10", "export": "-", "import_origin": "6.8", "import_consigment": "-"}, {"country": "Montenegro", "year": "2019", "timeperiod": "11", "export": "-", "import_origin": "2.1", "import_consigment": "-"}, {"country": "Montenegro", "year": "2019", "timeperiod": "12", "export": "-", "import_origin": "2.9", "import_consigment": "-"}, {"country": "Montenegro", "year": "2019", "timeperiod": "Year", "export": "-", "import_origin": "29.1", "import_consigment": "15.4"}, {"country": "Montenegro", "year": "2018", "timeperiod": "2", "export": "-", "import_origin": "3.8", "import_consigment": "-"}, {"country": "Montenegro", "year": "2018", "timeperiod": "3", "export": "8.0", "import_origin": "6.1", "import_consigment": "-"}, {"country": "Montenegro", "year": "2018", "timeperiod": "4", "export": "-", "import_origin": "2.9", "import_consigment": "-"}]}