{"data": [{"country": "Singapore", "year": "2020", "timeperiod": "2", "export": "36.1", "import_origin": "129.9", "import_consigment": "88.1"}, {"country": "Singapore", "year": "2020", "timeperiod": "3", "export": "-", "import_origin": "97.6", "import_consigment": "140.1"}, {"country": "Singapore", "year": "2020", "timeperiod": "4", "export": "-", "import_origin": "292.0", "import_consigment": "91.8"}, {"country": "Singapore", "year": "2020", "timeperiod": "5", "export": "-", "import_origin": "388.2", "import_consigment": "269.9"}, {"country": "Singapore", "year": "2020", "timeperiod": "6", "export": "-", "import_origin": "417.5", "import_consigment": "309.6"}, {"country": "Singapore", "year": "2020", "timeperiod": "7", "export": "186.6", "import_origin": "91.7", "import_consigment": "162.4"}, {"country": "Singapore", "year": "2020", "timeperiod": "8", "export": "199.2", "import_origin": "246.1", "import_consigment": "97.7"}, {"country": "Singapore", "year": "2020", "timeperiod": "9", "export": "23.2", "import_origin": "330.5", "import_consigment": "171.9"}, {"country": "Singapore", "year": "2020", "timeperiod": "10", "export": "71.0", "import_origin": "224.3", "import_consigment": "117.5"}, {"country": "Singapore", "year": "2020", "timeperiod": "11", "export": "21.2", "import_origin": "152.8", "import_consigment": "108.4"}, {"country": "Singapore", "year": "2020", "timeperiod": "12", "export": "251.4", "import_origin": "287.6", "import_consigment": "164.0"}, {"country": "Singapore", "year": "2020", "timeperiod": "Year", "export": "917.2", "import_origin": "2871.9", "import_consigment": "1923.6"}, {"country": "Singapore", "year": "2019", "timeperiod": "1", "export": "0.1", "import_origin": "99.8", "import_consigment": "78.4"}, {"country": "Singapore", "year": "2019", "timeperiod": "2", "export": "28.5", "import_origin": "38.8", "import_consigment": "308.0"}, {"country": "Singapore", "year": "2019", "timeperiod": "3", "export": "283.3", "import_origin": "94.2", "import_consigment": "213.5"}, {"country": "Singapore", "year": "2019", "timeperiod": "4", "export": "269.3", "import_origin": "246.4", "import_consigment": "104.8"}, {"country": "Singapore", "year": "2019", "timeperiod": "5", "export": "72.2", "import_origin": "201.5", "import_consigment": "406.5"}, {"country": "Singapore", "year": "2019", "timeperiod": "6", "export": "29.5", "import_origin": "149.7", "import_consigment": "38.0"}, {"country": "Singapore", "year": "2019", "timeperiod": "7", "export": "25.0", "import_origin": "247.1", "import_consigment": "199.1"}, {"country": "Singapore", "year": "2019", "timeperiod": "8", "export": "-", "import_origin": "83.2", "import_consigment": "188.6"}, {"country": "Singapore", "year": "2019", "timeperiod": "9", "export": "156.2", "import_origin": "64.3", "import_consigment": "111.5"}, {"country": "Singapore", "year": "2019", "timeperiod": "10", "export": "15.0", "import_origin": "270.8", "import_consigment": "398.0"}, {"country": "Singapore", "year": "2019", "timeperiod": "11", "export": "54.9", "import_origin": "124.5", "import_consigment": "193.0"}, {"country": "Singapore", "year": "2019", "timeperiod": "12", "export": "182.3", "import_origin": "435.9", "import_consigment": "205.1"}, {"country": "Singapore", "year": "2019", "timeperiod": "Year", "export": "1116.2", "import_origin": "2056.3", "import_consigment": "2444.5"}]}