{"data": [{"country": "Portugal", "year": "2019", "timeperiod": "1", "export": "4.3", "import_origin": "504.7", "import_consigment": "601.7"}, {"country": "Portugal", "year": "2019", "timeperiod": "2", "export": "-", "import_origin": "738.4", "import_consigment": "549.1"}, {"country": "Portugal", "year": "2019", "timeperiod": "3", "export": "193.2", "import_origin": "684.4", "import_consigment": "505.5"}, {"country": "Portugal", "year": "2019", "timeperiod": "4", "export": "-", "import_origin": "526.5", "import_consigment": "369.6"}, {"country": "Portugal", "year": "2019", "timeperiod": "5", "export": "12.0", "import_origin": "612.0", "import_consigment": "787.6"}, {"country": "Portugal", "year": "2019", "timeperiod": "6", "export": "14.2", "import_origin": "553.4", "import_consigment": "581.2"}, {"country": "Portugal", "year": "2019", "timeperiod": "7", "export": "173.5", "import_origin": "618.1", "import_consigment": "395.1"}, {"country": "Portugal", "year": "2019", "timeperiod": "8", "export": "-", "import_origin": "1038.2", "import_consigment": "916.4"}, {"country": "Portugal", "year": "2019", "timeperiod": "9", "export": "1.3", "import_origin": "778.7", "import_consigment": "728.4"}, {"country": "Portugal", "year": "2019", "timeperiod": "10", "export": "20.1", "import_origin": "375.5", "import_consigment": "320.3"}, {"country": "Portugal", "year": "2019", "timeperiod": "11", "export": "-", "import_origin": "561.7", "import_consigment": "781.4"}, {"country": "Portugal", "year": "2019", "timeperiod": "12", "export": "1.5", "import_origin": "570.0", "import_consigment": "590.5"}, {"country": "Portugal", "year": "2019", "timeperiod": "Year", "export": "420.3", "import_origin": "7561.5", "import_consigment": "7126.9"}, {"country": "Portugal", "year": "2018", "timeperiod": "1", "export": "-", "import_origin": "561.5", "import_consigment": "499.2"}, {"country": "Portugal", "year": "2018", "timeperiod": "2", "export": "-", "import_origin": "501.8", "import_consigment": "360.9"}, {"country": "Portugal", "year": "2018", "timeperiod": "3", "export": "15.5", "import_origin": "707.7", "import_consigment": "498.1"}, {"country": "Portugal", "year": "2018", "timeperiod": "4", "export": "1.8", "import_origin": "569.4", "import_consigment": "447.0"}, {"country": "Portugal", "year": "2018", "timeperiod": "5", "export": "1.7", "import_origin": "616.1", "import_consigment": "447.2"}, {"country": "Portugal", "year": "2018", "timeperiod": "6", "export": "0.5", "import_origin": "479.5", "import_consigment": "524.9"}, {"country": "Portugal", "year": "2018", "timeperiod": "7", "export": "-", "import_origin": "847.0", "import_consigment": "499.2"}, {"country": "Portugal", "year": "2018", "timeperiod": "8", "export": "-", "import_origin": "902.2", "import_consigment": "693.3"}, {"country": "Portugal", "year": "2018", "timeperiod": "9", "export": "199.5", "import_origin": "810.0", "import_consigment": "674.7"}, {"country": "Portugal", "year": "2018", "timeperiod": "10", "export": "209.6", "import_origin": "583.5", "import_consigment": "670.8"}, {"country": "Portugal", "year": "2018", "timeperiod": "11", "export": "2.5", "import_origin": "702.1", "import_consigment": "901.2"}, {"country": "Portugal", "year": "2018", "timeperiod": "12", "export": "1.3", "import_origin": "734.8", "import_consigment": "525.5"}]}