{"data": [{"country": "Bulgaria", "year": "2022", "timeperiod": "3", "export": "26590.5", "import_origin": "1032.1", "import_consigment": "1502.1"}, {"country": "Bulgaria", "year": "2022", "timeperiod": "4", "export": "27942.3", "import_origin": "1198.2", "import_consigment": "1561.5"}, {"country": "Bulgaria", "year": "2022", "timeperiod": "5", "export": "37404.6", "import_origin": "1632.2", "import_consigment": "2260.5"}, {"country": "Bulgaria", "year": "2022", "timeperiod": "6", "export": "30126.2", "import_origin": "1795.1", "import_consigment": "2746.2"}, {"country": "Bulgaria", "year": "2022", "timeperiod": "7", "export": "20490.2", "import_origin": "1338.1", "import_consigment": "2773.8"}, {"country": "Bulgaria", "year": "2022", "timeperiod": "8", "export": "12894.4", "import_origin": "2787.4", "import_consigment": "5031.4"}, {"country": "Bulgaria", "year": "2022", "timeperiod": "9", "export": "11601.6", "import_origin": "3174.9", "import_consigment": "6118.4"}, {"country": "Bulgaria", "year": "2022", "timeperiod": "10", "export": "10856.5", "import_origin": "1993.1", "import_consigment": "3853.8"}, {"country": "Bulgaria", "year": "2022", "timeperiod": "11", "export": "8590.9", "import_origin": "2578.7", "import_consigment": "3763.2"}, {"country": "Bulgaria", "year": "2022", "timeperiod": "12", "export": "1615.6", "import_origin": "2512.0", "import_consigment": "4668.6"}, {"country": "Bulgaria", "year": "2022", "timeperiod": "Year", "export": "208372.0", "import_origin": "23075.7", "import_consigment": "38265.4"}, {"country": "Bulgaria", "year": "2021", "timeperiod": "1", "export": "10018.5", "import_origin": "1065.4", "import_consigment": "1011.6"}, {"country": "Bulgaria", "year": "2021", "timeperiod": "2", "export": "19890.7", "import_origin": "1273.2", "import_consigment": "1810.5"}, {"country": "Bulgaria", "year": "2021", "timeperiod": "3", "export": "22781.7", "import_origin": "1833.6", "import_consigment": "2025.8"}, {"country": "Bulgaria", "year": "2021", "timeperiod": "4", "export": "4443.2", "import_origin": "2921.8", "import_consigment": "3311.8"}, {"country": "Bulgaria", "year": "2021", "timeperiod": "5", "export": "19858.2", "import_origin": "1022.9", "import_consigment": "1490.6"}, {"country": "Bulgaria", "year": "2021", "timeperiod": "6", "export": "28535.8", "import_origin": "1149.5", "import_consigment": "1317.2"}, {"country": "Bulgaria", "year": "2021", "timeperiod": "7", "export": "24268.2", "import_origin": "1591.7", "import_consigment": "2150.2"}, {"country": "Bulgaria", "year": "2021", "timeperiod": "8", "export": "35888.1", "import_origin": "6084.7", "import_consigment": "6174.7"}, {"country": "Bulgaria", "year": "2021", "timeperiod": "9", "export": "9891.1", "import_origin": "2447.3", "import_consigment": "2281.8"}, {"country": "Bulgaria", "year": "2021", "timeperiod": "10", "export": "11597.7", "import_origin": "7360.4", "import_consigment": "6663.8"}, {"country": "Bulgaria", "year": "2021", "timeperiod": "11", "export": "6172.5", "import_origin": "1405.6", "import_consigment": "2282.6"}, {"country": "Bulgaria", "year": "2021", "timeperiod": "12", "export": "5095.6", "import_origin": "996.9", "import_consigment": "1678.8"}, {"country": "Bulgaria", "year": "2021", "timeperiod": "Year", "export": "198441.4", "import_origin": "29153.1", "import_consigment": "32199.3"}, {"country": "Bulgaria", "year": "2020", "timeperiod": "1", "export": "22408.6", "import_origin": "902.6", "import_consigment": "1294.4"}]}