{"data": [{"country": "Yemen", "year": "2019", "timeperiod": "10", "export": "85.7", "import_origin": "-", "import_consigment": "-"}, {"country": "Yemen", "year": "2019", "timeperiod": "Year", "export": "242.2", "import_origin": "-", "import_consigment": "-"}, {"country": "Yemen", "year": "2018", "timeperiod": "1", "export": "-", "import_origin": "0.3", "import_consigment": "-"}, {"country": "Yemen", "year": "2018", "timeperiod": "2", "export": "-", "import_origin": "0.3", "import_consigment": "-"}, {"country": "Yemen", "year": "2018", "timeperiod": "3", "export": "-", "import_origin": "-", "import_consigment": "-"}, {"country": "Yemen", "year": "2018", "timeperiod": "4", "export": "54.9", "import_origin": "-", "import_consigment": "-"}, {"country": "Yemen", "year": "2018", "timeperiod": "9", "export": "-", "import_origin": "-", "import_consigment": "-"}, {"country": "Yemen", "year": "2018", "timeperiod": "Year", "export": "54.9", "import_origin": "0.6", "import_consigment": "-"}, {"country": "Yemen", "year": "2017", "timeperiod": "2", "export": "69.7", "import_origin": "-", "import_consigment": "-"}, {"country": "Yemen", "year": "2017", "timeperiod": "3", "export": "63.6", "import_origin": "-", "import_consigment": "-"}, {"country": "Yemen", "year": "2017", "timeperiod": "5", "export": "-", "import_origin": "1.2", "import_consigment": "-"}, {"country": "Yemen", "year": "2017", "timeperiod": "7", "export": "48.9", "import_origin": "-", "import_consigment": "-"}, {"country": "Yemen", "year": "2017", "timeperiod": "8", "export": "-", "import_origin": "-", "import_consigment": "-"}, {"country": "Yemen", "year": "2017", "timeperiod": "10", "export": "56.8", "import_origin": "-", "import_consigment": "-"}, {"country": "Yemen", "year": "2017", "timeperiod": "12", "export": "31.0", "import_origin": "0.1", "import_consigment": "-"}, {"country": "Yemen", "year": "2017", "timeperiod": "Year", "export": "270.0", "import_origin": "1.3", "import_consigment": "-"}, {"country": "Zambia", "year": "2022", "timeperiod": "3", "export": "-", "import_origin": "0.2", "import_consigment": "-"}, {"country": "Zambia", "year": "2022", "timeperiod": "4", "export": "-", "import_origin": "44.2", "import_consigment": "-"}, {"country": "Zambia", "year": "2022", "timeperiod": "5", "export": "-", "import_origin": "20.4", "import_consigment": "-"}, {"country": "Zambia", "year": "2022", "timeperiod": "6", "export": "-", "import_origin": "0.1", "import_consigment": "-"}, {"country": "Zambia", "year": "2022", "timeperiod": "7", "export": "-", "import_origin": "19.1", "import_consigment": "-"}, {"country": "Zambia", "year": "2022", "timeperiod": "8", "export": "-", "import_origin": "41.4", "import_consigment": "-"}, {"country": "Zambia", "year": "2022", "timeperiod": "9", "export": "-", "import_origin": "33.8", "import_consigment": "-"}, {"country": "Zambia", "year": "2022", "timeperiod": "10", "export": "-", "import_origin": "46.6", "import_consigment": "-"}, {"country": "Zambia", "year": "2022", "timeperiod": "11", "export": "-", "import_origin": "3.7", "import_consigment": "-"}]}