{"data": [{"country": "Spain", "year": "2017", "timeperiod": "2", "export": "5.8", "import_origin": "1190.1", "import_consigment": "1957.1"}, {"country": "Spain", "year": "2017", "timeperiod": "3", "export": "33.4", "import_origin": "1877.4", "import_consigment": "2894.2"}, {"country": "Spain", "year": "2017", "timeperiod": "4", "export": "3.2", "import_origin": "2535.2", "import_consigment": "3133.0"}, {"country": "Spain", "year": "2017", "timeperiod": "5", "export": "2.7", "import_origin": "1472.8", "import_consigment": "1437.1"}, {"country": "Spain", "year": "2017", "timeperiod": "6", "export": "115.4", "import_origin": "4344.6", "import_consigment": "4726.5"}, {"country": "Spain", "year": "2017", "timeperiod": "7", "export": "16.2", "import_origin": "2497.5", "import_consigment": "2812.1"}, {"country": "Spain", "year": "2017", "timeperiod": "8", "export": "2.5", "import_origin": "2180.7", "import_consigment": "3478.4"}, {"country": "Spain", "year": "2017", "timeperiod": "9", "export": "1388.8", "import_origin": "4229.9", "import_consigment": "6968.0"}, {"country": "Spain", "year": "2017", "timeperiod": "10", "export": "69.0", "import_origin": "3531.4", "import_consigment": "5051.9"}, {"country": "Spain", "year": "2017", "timeperiod": "11", "export": "4.3", "import_origin": "4223.2", "import_consigment": "4769.7"}, {"country": "Spain", "year": "2017", "timeperiod": "12", "export": "26.3", "import_origin": "4590.2", "import_consigment": "3154.1"}, {"country": "Spain", "year": "2017", "timeperiod": "Year", "export": "1715.6", "import_origin": "35216.9", "import_consigment": "43641.2"}, {"country": "Western Sahara", "year": "2021", "timeperiod": "7", "export": "-", "import_origin": "-", "import_consigment": "-"}, {"country": "Western Sahara", "year": "2021", "timeperiod": "Year", "export": "-", "import_origin": "-", "import_consigment": "-"}, {"country": "Sudan", "year": "2022", "timeperiod": "2", "export": "-", "import_origin": "10.4", "import_consigment": "-"}, {"country": "Sudan", "year": "2022", "timeperiod": "3", "export": "-", "import_origin": "9.1", "import_consigment": "-"}, {"country": "Sudan", "year": "2022", "timeperiod": "4", "export": "-", "import_origin": "26.8", "import_consigment": "-"}, {"country": "Sudan", "year": "2022", "timeperiod": "5", "export": "-", "import_origin": "18.5", "import_consigment": "-"}, {"country": "Sudan", "year": "2022", "timeperiod": "6", "export": "-", "import_origin": "34.8", "import_consigment": "-"}, {"country": "Sudan", "year": "2022", "timeperiod": "7", "export": "177.6", "import_origin": "8.6", "import_consigment": "-"}, {"country": "Sudan", "year": "2022", "timeperiod": "8", "export": "-", "import_origin": "2.4", "import_consigment": "-"}, {"country": "Sudan", "year": "2022", "timeperiod": "9", "export": "-", "import_origin": "12.8", "import_consigment": "-"}, {"country": "Sudan", "year": "2022", "timeperiod": "10", "export": "96.2", "import_origin": "3.3", "import_consigment": "-"}, {"country": "Sudan", "year": "2022", "timeperiod": "11", "export": "-", "import_origin": "12.1", "import_consigment": "-"}, {"country": "Sudan", "year": "2022", "timeperiod": "12", "export": "-", "import_origin": "30.9", "import_consigment": "-"}]}