{"data": [{"country": "Greece", "year": "2019", "timeperiod": "3", "export": "61.8", "import_origin": "1490.9", "import_consigment": "1451.5"}, {"country": "Greece", "year": "2019", "timeperiod": "4", "export": "4.2", "import_origin": "1452.7", "import_consigment": "1358.3"}, {"country": "Greece", "year": "2019", "timeperiod": "5", "export": "101.2", "import_origin": "1219.9", "import_consigment": "1218.5"}, {"country": "Greece", "year": "2019", "timeperiod": "6", "export": "-", "import_origin": "1273.1", "import_consigment": "1224.7"}, {"country": "Greece", "year": "2019", "timeperiod": "7", "export": "20.2", "import_origin": "1750.9", "import_consigment": "1783.7"}, {"country": "Greece", "year": "2019", "timeperiod": "8", "export": "104.1", "import_origin": "950.0", "import_consigment": "886.9"}, {"country": "Greece", "year": "2019", "timeperiod": "9", "export": "22.2", "import_origin": "629.9", "import_consigment": "518.8"}, {"country": "Greece", "year": "2019", "timeperiod": "10", "export": "39.9", "import_origin": "2616.2", "import_consigment": "2666.3"}, {"country": "Greece", "year": "2019", "timeperiod": "11", "export": "31.2", "import_origin": "1908.0", "import_consigment": "2040.4"}, {"country": "Greece", "year": "2019", "timeperiod": "12", "export": "27.2", "import_origin": "2066.1", "import_consigment": "1931.7"}, {"country": "Greece", "year": "2019", "timeperiod": "Year", "export": "442.9", "import_origin": "17585.7", "import_consigment": "17172.8"}, {"country": "Greece", "year": "2018", "timeperiod": "1", "export": "7.8", "import_origin": "1610.4", "import_consigment": "1435.0"}, {"country": "Greece", "year": "2018", "timeperiod": "2", "export": "69.3", "import_origin": "6281.6", "import_consigment": "6211.2"}, {"country": "Greece", "year": "2018", "timeperiod": "3", "export": "16.5", "import_origin": "4279.6", "import_consigment": "4217.7"}, {"country": "Greece", "year": "2018", "timeperiod": "4", "export": "5.5", "import_origin": "7490.7", "import_consigment": "7422.4"}, {"country": "Greece", "year": "2018", "timeperiod": "5", "export": "7.4", "import_origin": "4181.6", "import_consigment": "4167.8"}, {"country": "Greece", "year": "2018", "timeperiod": "6", "export": "32.8", "import_origin": "3713.7", "import_consigment": "3354.3"}, {"country": "Greece", "year": "2018", "timeperiod": "7", "export": "17.5", "import_origin": "4890.9", "import_consigment": "4568.6"}, {"country": "Greece", "year": "2018", "timeperiod": "8", "export": "3.1", "import_origin": "8202.8", "import_consigment": "8199.0"}, {"country": "Greece", "year": "2018", "timeperiod": "9", "export": "-", "import_origin": "5132.4", "import_consigment": "5171.8"}, {"country": "Greece", "year": "2018", "timeperiod": "10", "export": "29.2", "import_origin": "5188.0", "import_consigment": "5135.8"}, {"country": "Greece", "year": "2018", "timeperiod": "11", "export": "42.1", "import_origin": "6513.8", "import_consigment": "6571.7"}, {"country": "Greece", "year": "2018", "timeperiod": "12", "export": "40.2", "import_origin": "7137.5", "import_consigment": "7061.9"}, {"country": "Greece", "year": "2018", "timeperiod": "Year", "export": "271.5", "import_origin": "64623.0", "import_consigment": "63517.3"}, {"country": "Greece", "year": "2017", "timeperiod": "1", "export": "25.0", "import_origin": "424.4", "import_consigment": "366.4"}]}