{"data": [{"country": "Ukraine", "year": "2018", "timeperiod": "4", "export": "1024.2", "import_origin": "9038.8", "import_consigment": "8927.8"}, {"country": "Ukraine", "year": "2018", "timeperiod": "5", "export": "1045.2", "import_origin": "15246.2", "import_consigment": "15144.6"}, {"country": "Ukraine", "year": "2018", "timeperiod": "6", "export": "714.5", "import_origin": "19235.3", "import_consigment": "19186.5"}, {"country": "Ukraine", "year": "2018", "timeperiod": "7", "export": "1356.0", "import_origin": "12615.5", "import_consigment": "12485.9"}, {"country": "Ukraine", "year": "2018", "timeperiod": "8", "export": "1324.3", "import_origin": "9232.6", "import_consigment": "9258.4"}, {"country": "Ukraine", "year": "2018", "timeperiod": "9", "export": "2512.2", "import_origin": "15120.2", "import_consigment": "14918.7"}, {"country": "Ukraine", "year": "2018", "timeperiod": "10", "export": "2211.1", "import_origin": "10422.4", "import_consigment": "10449.1"}, {"country": "Ukraine", "year": "2018", "timeperiod": "11", "export": "2659.8", "import_origin": "18507.1", "import_consigment": "18737.4"}, {"country": "Ukraine", "year": "2018", "timeperiod": "12", "export": "1991.8", "import_origin": "14592.5", "import_consigment": "13851.5"}, {"country": "Ukraine", "year": "2018", "timeperiod": "Year", "export": "18255.8", "import_origin": "153629.9", "import_consigment": "152467.7"}, {"country": "Ukraine", "year": "2017", "timeperiod": "1", "export": "568.0", "import_origin": "4682.1", "import_consigment": "4153.6"}, {"country": "Ukraine", "year": "2017", "timeperiod": "2", "export": "493.2", "import_origin": "6746.5", "import_consigment": "6854.1"}, {"country": "Ukraine", "year": "2017", "timeperiod": "3", "export": "492.7", "import_origin": "10303.1", "import_consigment": "9669.0"}, {"country": "Ukraine", "year": "2017", "timeperiod": "4", "export": "374.6", "import_origin": "9029.4", "import_consigment": "8978.0"}, {"country": "Ukraine", "year": "2017", "timeperiod": "5", "export": "356.6", "import_origin": "5953.7", "import_consigment": "5729.9"}, {"country": "Ukraine", "year": "2017", "timeperiod": "6", "export": "1099.5", "import_origin": "11390.6", "import_consigment": "10731.4"}, {"country": "Ukraine", "year": "2017", "timeperiod": "7", "export": "917.1", "import_origin": "10253.2", "import_consigment": "10798.4"}, {"country": "Ukraine", "year": "2017", "timeperiod": "8", "export": "678.4", "import_origin": "8867.1", "import_consigment": "8896.7"}, {"country": "Ukraine", "year": "2017", "timeperiod": "9", "export": "971.8", "import_origin": "9921.4", "import_consigment": "9981.9"}, {"country": "Ukraine", "year": "2017", "timeperiod": "10", "export": "1128.3", "import_origin": "11993.3", "import_consigment": "12508.8"}, {"country": "Ukraine", "year": "2017", "timeperiod": "11", "export": "1668.9", "import_origin": "14183.6", "import_consigment": "13990.9"}, {"country": "Ukraine", "year": "2017", "timeperiod": "12", "export": "1444.5", "import_origin": "12205.1", "import_consigment": "12148.0"}, {"country": "Ukraine", "year": "2017", "timeperiod": "Year", "export": "10193.5", "import_origin": "115529.1", "import_consigment": "114440.7"}, {"country": "North Macedonia", "year": "2023", "timeperiod": "1", "export": "-", "import_origin": "119.0", "import_consigment": "108.0"}, {"country": "North Macedonia", "year": "2023", "timeperiod": "Year", "export": "-", "import_origin": "119.0", "import_consigment": "108.0"}]}