{"data": [{"country": "Colombia", "year": "2018", "timeperiod": "11", "export": "-", "import_origin": "5.1", "import_consigment": "1.5"}, {"country": "Colombia", "year": "2018", "timeperiod": "12", "export": "-", "import_origin": "195.4", "import_consigment": "178.5"}, {"country": "Colombia", "year": "2018", "timeperiod": "Year", "export": "2.4", "import_origin": "1227.3", "import_consigment": "712.9"}, {"country": "Colombia", "year": "2017", "timeperiod": "1", "export": "-", "import_origin": "0.7", "import_consigment": "0.3"}, {"country": "Colombia", "year": "2017", "timeperiod": "2", "export": "-", "import_origin": "7.1", "import_consigment": "-"}, {"country": "Colombia", "year": "2017", "timeperiod": "3", "export": "-", "import_origin": "78.1", "import_consigment": "77.8"}, {"country": "Colombia", "year": "2017", "timeperiod": "4", "export": "-", "import_origin": "69.5", "import_consigment": "67.7"}, {"country": "Colombia", "year": "2017", "timeperiod": "5", "export": "-", "import_origin": "0.9", "import_consigment": "-"}, {"country": "Colombia", "year": "2017", "timeperiod": "6", "export": "-", "import_origin": "13.3", "import_consigment": "-"}, {"country": "Colombia", "year": "2017", "timeperiod": "7", "export": "-", "import_origin": "0.4", "import_consigment": "-"}, {"country": "Colombia", "year": "2017", "timeperiod": "8", "export": "-", "import_origin": "3.7", "import_consigment": "-"}, {"country": "Colombia", "year": "2017", "timeperiod": "9", "export": "-", "import_origin": "0.8", "import_consigment": "-"}, {"country": "Colombia", "year": "2017", "timeperiod": "10", "export": "-", "import_origin": "20.9", "import_consigment": "6.1"}, {"country": "Colombia", "year": "2017", "timeperiod": "11", "export": "-", "import_origin": "1.2", "import_consigment": "-"}, {"country": "Colombia", "year": "2017", "timeperiod": "12", "export": "-", "import_origin": "32.7", "import_consigment": "28.9"}, {"country": "Colombia", "year": "2017", "timeperiod": "Year", "export": "-", "import_origin": "229.4", "import_consigment": "180.8"}, {"country": "Comoros", "year": "2021", "timeperiod": "7", "export": "-", "import_origin": "0.3", "import_consigment": "-"}, {"country": "Comoros", "year": "2021", "timeperiod": "Year", "export": "-", "import_origin": "0.3", "import_consigment": "-"}, {"country": "Comoros", "year": "2020", "timeperiod": "2", "export": "-", "import_origin": "0.8", "import_consigment": "-"}, {"country": "Comoros", "year": "2020", "timeperiod": "3", "export": "-", "import_origin": "1.8", "import_consigment": "-"}, {"country": "Comoros", "year": "2020", "timeperiod": "Year", "export": "-", "import_origin": "2.6", "import_consigment": "-"}, {"country": "Comoros", "year": "2019", "timeperiod": "3", "export": "-", "import_origin": "1.2", "import_consigment": "-"}, {"country": "Comoros", "year": "2019", "timeperiod": "8", "export": "-", "import_origin": "3.4", "import_consigment": "-"}, {"country": "Comoros", "year": "2019", "timeperiod": "Year", "export": "-", "import_origin": "4.6", "import_consigment": "-"}, {"country": "Comoros", "year": "2018", "timeperiod": "2", "export": "-", "import_origin": "0.4", "import_consigment": "-"}]}