{"data": [{"country": "Tanzania, United Republic of", "year": "2021", "timeperiod": "9", "export": "-", "import_origin": "10.2", "import_consigment": "-"}, {"country": "Tanzania, United Republic of", "year": "2021", "timeperiod": "10", "export": "-", "import_origin": "52.2", "import_consigment": "-"}, {"country": "Tanzania, United Republic of", "year": "2021", "timeperiod": "11", "export": "-", "import_origin": "-", "import_consigment": "-"}, {"country": "Tanzania, United Republic of", "year": "2021", "timeperiod": "12", "export": "-", "import_origin": "10.0", "import_consigment": "-"}, {"country": "Tanzania, United Republic of", "year": "2021", "timeperiod": "Year", "export": "-", "import_origin": "164.6", "import_consigment": "-"}, {"country": "Tanzania, United Republic of", "year": "2020", "timeperiod": "1", "export": "-", "import_origin": "0.7", "import_consigment": "-"}, {"country": "Tanzania, United Republic of", "year": "2020", "timeperiod": "2", "export": "19.7", "import_origin": "1.0", "import_consigment": "-"}, {"country": "Tanzania, United Republic of", "year": "2020", "timeperiod": "3", "export": "-", "import_origin": "14.2", "import_consigment": "-"}, {"country": "Tanzania, United Republic of", "year": "2020", "timeperiod": "4", "export": "-", "import_origin": "-", "import_consigment": "-"}, {"country": "Tanzania, United Republic of", "year": "2020", "timeperiod": "6", "export": "80.1", "import_origin": "17.8", "import_consigment": "-"}, {"country": "Tanzania, United Republic of", "year": "2020", "timeperiod": "7", "export": "1.1", "import_origin": "140.9", "import_consigment": "-"}, {"country": "Tanzania, United Republic of", "year": "2020", "timeperiod": "8", "export": "-", "import_origin": "3.8", "import_consigment": "-"}, {"country": "Tanzania, United Republic of", "year": "2020", "timeperiod": "9", "export": "-", "import_origin": "0.1", "import_consigment": "-"}, {"country": "Tanzania, United Republic of", "year": "2020", "timeperiod": "10", "export": "-", "import_origin": "29.3", "import_consigment": "-"}, {"country": "Tanzania, United Republic of", "year": "2020", "timeperiod": "12", "export": "-", "import_origin": "3.2", "import_consigment": "-"}, {"country": "Tanzania, United Republic of", "year": "2020", "timeperiod": "Year", "export": "101.0", "import_origin": "211.1", "import_consigment": "-"}, {"country": "Tanzania, United Republic of", "year": "2019", "timeperiod": "1", "export": "-", "import_origin": "9.0", "import_consigment": "-"}, {"country": "Tanzania, United Republic of", "year": "2019", "timeperiod": "2", "export": "6.3", "import_origin": "6.3", "import_consigment": "-"}, {"country": "Tanzania, United Republic of", "year": "2019", "timeperiod": "3", "export": "-", "import_origin": "10.7", "import_consigment": "-"}, {"country": "Tanzania, United Republic of", "year": "2019", "timeperiod": "4", "export": "3.8", "import_origin": "4.3", "import_consigment": "-"}, {"country": "Tanzania, United Republic of", "year": "2019", "timeperiod": "6", "export": "-", "import_origin": "68.9", "import_consigment": "-"}, {"country": "Tanzania, United Republic of", "year": "2019", "timeperiod": "7", "export": "1.9", "import_origin": "52.2", "import_consigment": "-"}, {"country": "Tanzania, United Republic of", "year": "2019", "timeperiod": "8", "export": "-", "import_origin": "5.6", "import_consigment": "-"}, {"country": "Tanzania, United Republic of", "year": "2019", "timeperiod": "9", "export": "28.5", "import_origin": "-", "import_consigment": "-"}, {"country": "Tanzania, United Republic of", "year": "2019", "timeperiod": "10", "export": "3.4", "import_origin": "2.9", "import_consigment": "12.4"}]}