{"data": [{"country": "Belarus", "year": "2020", "timeperiod": "11", "export": "2156.3", "import_origin": "3198.7", "import_consigment": "3387.1"}, {"country": "Belarus", "year": "2020", "timeperiod": "12", "export": "3904.3", "import_origin": "4502.7", "import_consigment": "4919.0"}, {"country": "Belarus", "year": "2020", "timeperiod": "Year", "export": "21315.6", "import_origin": "58599.6", "import_consigment": "59911.6"}, {"country": "Belarus", "year": "2019", "timeperiod": "1", "export": "576.4", "import_origin": "2308.7", "import_consigment": "2434.9"}, {"country": "Belarus", "year": "2019", "timeperiod": "2", "export": "1047.9", "import_origin": "3588.5", "import_consigment": "3673.7"}, {"country": "Belarus", "year": "2019", "timeperiod": "3", "export": "1172.6", "import_origin": "4248.7", "import_consigment": "4320.6"}, {"country": "Belarus", "year": "2019", "timeperiod": "4", "export": "1128.4", "import_origin": "5273.6", "import_consigment": "5264.9"}, {"country": "Belarus", "year": "2019", "timeperiod": "5", "export": "1116.6", "import_origin": "4941.8", "import_consigment": "5045.6"}, {"country": "Belarus", "year": "2019", "timeperiod": "6", "export": "1390.7", "import_origin": "4677.4", "import_consigment": "4463.1"}, {"country": "Belarus", "year": "2019", "timeperiod": "7", "export": "981.6", "import_origin": "3333.2", "import_consigment": "3324.6"}, {"country": "Belarus", "year": "2019", "timeperiod": "8", "export": "1152.4", "import_origin": "3190.6", "import_consigment": "3286.3"}, {"country": "Belarus", "year": "2019", "timeperiod": "9", "export": "1537.8", "import_origin": "3426.5", "import_consigment": "3540.5"}, {"country": "Belarus", "year": "2019", "timeperiod": "10", "export": "2808.5", "import_origin": "5195.1", "import_consigment": "5562.5"}, {"country": "Belarus", "year": "2019", "timeperiod": "11", "export": "2498.2", "import_origin": "4563.1", "import_consigment": "4607.1"}, {"country": "Belarus", "year": "2019", "timeperiod": "12", "export": "2404.0", "import_origin": "5098.7", "import_consigment": "4926.5"}, {"country": "Belarus", "year": "2019", "timeperiod": "Year", "export": "17815.0", "import_origin": "49846.0", "import_consigment": "50450.2"}, {"country": "Belarus", "year": "2018", "timeperiod": "1", "export": "120.2", "import_origin": "2538.4", "import_consigment": "1784.9"}, {"country": "Belarus", "year": "2018", "timeperiod": "2", "export": "1215.7", "import_origin": "2742.2", "import_consigment": "2757.1"}, {"country": "Belarus", "year": "2018", "timeperiod": "3", "export": "953.0", "import_origin": "4530.6", "import_consigment": "4859.9"}, {"country": "Belarus", "year": "2018", "timeperiod": "4", "export": "675.3", "import_origin": "3319.6", "import_consigment": "3370.7"}, {"country": "Belarus", "year": "2018", "timeperiod": "5", "export": "934.6", "import_origin": "3282.0", "import_consigment": "3170.5"}, {"country": "Belarus", "year": "2018", "timeperiod": "6", "export": "1028.5", "import_origin": "2479.6", "import_consigment": "2467.3"}, {"country": "Belarus", "year": "2018", "timeperiod": "7", "export": "1728.0", "import_origin": "2157.4", "import_consigment": "2149.3"}, {"country": "Belarus", "year": "2018", "timeperiod": "8", "export": "865.5", "import_origin": "3522.4", "import_consigment": "3640.3"}, {"country": "Belarus", "year": "2018", "timeperiod": "9", "export": "713.5", "import_origin": "3301.7", "import_consigment": "3419.1"}]}