{"data": [{"country": "Australia", "year": "2021", "timeperiod": "3", "export": "58.8", "import_origin": "270.2", "import_consigment": "298.7"}, {"country": "Australia", "year": "2021", "timeperiod": "4", "export": "81.2", "import_origin": "460.9", "import_consigment": "422.1"}, {"country": "Australia", "year": "2021", "timeperiod": "5", "export": "1.4", "import_origin": "430.2", "import_consigment": "379.0"}, {"country": "Australia", "year": "2021", "timeperiod": "6", "export": "21.3", "import_origin": "217.0", "import_consigment": "21.6"}, {"country": "Australia", "year": "2021", "timeperiod": "7", "export": "1011.8", "import_origin": "173.4", "import_consigment": "125.2"}, {"country": "Australia", "year": "2021", "timeperiod": "8", "export": "20.3", "import_origin": "82.3", "import_consigment": "22.6"}, {"country": "Australia", "year": "2021", "timeperiod": "9", "export": "2.1", "import_origin": "330.0", "import_consigment": "199.4"}, {"country": "Australia", "year": "2021", "timeperiod": "10", "export": "28.4", "import_origin": "318.9", "import_consigment": "154.1"}, {"country": "Australia", "year": "2021", "timeperiod": "11", "export": "17.8", "import_origin": "340.4", "import_consigment": "99.2"}, {"country": "Australia", "year": "2021", "timeperiod": "12", "export": "32.9", "import_origin": "2906.9", "import_consigment": "63.5"}, {"country": "Australia", "year": "2021", "timeperiod": "Year", "export": "1283.4", "import_origin": "5952.0", "import_consigment": "2090.7"}, {"country": "Australia", "year": "2020", "timeperiod": "1", "export": "7.2", "import_origin": "204.0", "import_consigment": "211.0"}, {"country": "Australia", "year": "2020", "timeperiod": "2", "export": "1.0", "import_origin": "89.3", "import_consigment": "44.1"}, {"country": "Australia", "year": "2020", "timeperiod": "3", "export": "88.0", "import_origin": "120.6", "import_consigment": "99.2"}, {"country": "Australia", "year": "2020", "timeperiod": "4", "export": "-", "import_origin": "46.1", "import_consigment": "66.0"}, {"country": "Australia", "year": "2020", "timeperiod": "5", "export": "13.0", "import_origin": "490.9", "import_consigment": "498.6"}, {"country": "Australia", "year": "2020", "timeperiod": "6", "export": "0.6", "import_origin": "60.0", "import_consigment": "16.8"}, {"country": "Australia", "year": "2020", "timeperiod": "7", "export": "1.3", "import_origin": "227.7", "import_consigment": "147.5"}, {"country": "Australia", "year": "2020", "timeperiod": "8", "export": "1.1", "import_origin": "146.1", "import_consigment": "72.6"}, {"country": "Australia", "year": "2020", "timeperiod": "9", "export": "1.7", "import_origin": "431.1", "import_consigment": "282.7"}, {"country": "Australia", "year": "2020", "timeperiod": "10", "export": "16.0", "import_origin": "194.3", "import_consigment": "180.4"}, {"country": "Australia", "year": "2020", "timeperiod": "11", "export": "58.8", "import_origin": "171.6", "import_consigment": "123.4"}, {"country": "Australia", "year": "2020", "timeperiod": "12", "export": "1.9", "import_origin": "848.3", "import_consigment": "858.0"}, {"country": "Australia", "year": "2020", "timeperiod": "Year", "export": "190.7", "import_origin": "3030.0", "import_consigment": "2600.3"}, {"country": "Australia", "year": "2019", "timeperiod": "1", "export": "-", "import_origin": "186.4", "import_consigment": "121.1"}]}