{"data": [{"country": "Mauritania", "year": "2022", "timeperiod": "3", "export": "-", "import_origin": "0.5", "import_consigment": "-"}, {"country": "Mauritania", "year": "2022", "timeperiod": "4", "export": "-", "import_origin": "0.2", "import_consigment": "-"}, {"country": "Mauritania", "year": "2022", "timeperiod": "6", "export": "-", "import_origin": "0.1", "import_consigment": "-"}, {"country": "Mauritania", "year": "2022", "timeperiod": "9", "export": "-", "import_origin": "0.2", "import_consigment": "-"}, {"country": "Mauritania", "year": "2022", "timeperiod": "10", "export": "-", "import_origin": "198.2", "import_consigment": "198.2"}, {"country": "Mauritania", "year": "2022", "timeperiod": "11", "export": "-", "import_origin": "398.3", "import_consigment": "397.0"}, {"country": "Mauritania", "year": "2022", "timeperiod": "Year", "export": "-", "import_origin": "597.4", "import_consigment": "595.2"}, {"country": "Mauritania", "year": "2021", "timeperiod": "4", "export": "-", "import_origin": "0.1", "import_consigment": "-"}, {"country": "Mauritania", "year": "2021", "timeperiod": "7", "export": "-", "import_origin": "0.1", "import_consigment": "-"}, {"country": "Mauritania", "year": "2021", "timeperiod": "11", "export": "-", "import_origin": "-", "import_consigment": "-"}, {"country": "Mauritania", "year": "2021", "timeperiod": "12", "export": "-", "import_origin": "0.1", "import_consigment": "-"}, {"country": "Mauritania", "year": "2021", "timeperiod": "Year", "export": "-", "import_origin": "0.2", "import_consigment": "-"}, {"country": "Mauritania", "year": "2020", "timeperiod": "1", "export": "-", "import_origin": "0.1", "import_consigment": "-"}, {"country": "Mauritania", "year": "2020", "timeperiod": "2", "export": "-", "import_origin": "0.1", "import_consigment": "-"}, {"country": "Mauritania", "year": "2020", "timeperiod": "3", "export": "-", "import_origin": "0.1", "import_consigment": "-"}, {"country": "Mauritania", "year": "2020", "timeperiod": "6", "export": "0.5", "import_origin": "-", "import_consigment": "-"}, {"country": "Mauritania", "year": "2020", "timeperiod": "8", "export": "-", "import_origin": "-", "import_consigment": "-"}, {"country": "Mauritania", "year": "2020", "timeperiod": "9", "export": "-", "import_origin": "0.1", "import_consigment": "-"}, {"country": "Mauritania", "year": "2020", "timeperiod": "12", "export": "-", "import_origin": "0.2", "import_consigment": "-"}, {"country": "Mauritania", "year": "2020", "timeperiod": "Year", "export": "0.5", "import_origin": "0.7", "import_consigment": "-"}, {"country": "Mauritania", "year": "2019", "timeperiod": "4", "export": "-", "import_origin": "-", "import_consigment": "-"}, {"country": "Mauritania", "year": "2019", "timeperiod": "7", "export": "-", "import_origin": "0.7", "import_consigment": "-"}, {"country": "Mauritania", "year": "2019", "timeperiod": "8", "export": "-", "import_origin": "0.9", "import_consigment": "-"}, {"country": "Mauritania", "year": "2019", "timeperiod": "10", "export": "-", "import_origin": "0.1", "import_consigment": "-"}, {"country": "Mauritania", "year": "2019", "timeperiod": "Year", "export": "-", "import_origin": "1.7", "import_consigment": "-"}]}