{"data": [{"country": "Philippines", "year": "2017", "timeperiod": "Year", "export": "46.8", "import_origin": "1977.5", "import_consigment": "341.4"}, {"country": "Pitcairn", "year": "2021", "timeperiod": "7", "export": "-", "import_origin": "-", "import_consigment": "-"}, {"country": "Pitcairn", "year": "2021", "timeperiod": "11", "export": "-", "import_origin": "1.0", "import_consigment": "-"}, {"country": "Pitcairn", "year": "2021", "timeperiod": "Year", "export": "-", "import_origin": "1.0", "import_consigment": "-"}, {"country": "Poland", "year": "2023", "timeperiod": "1", "export": "1941.3", "import_origin": "8643.1", "import_consigment": "10535.9"}, {"country": "Poland", "year": "2023", "timeperiod": "Year", "export": "1941.3", "import_origin": "8643.1", "import_consigment": "10535.9"}, {"country": "Poland", "year": "2022", "timeperiod": "1", "export": "1666.6", "import_origin": "2438.6", "import_consigment": "3506.7"}, {"country": "Poland", "year": "2022", "timeperiod": "2", "export": "1083.0", "import_origin": "3491.8", "import_consigment": "3328.2"}, {"country": "Poland", "year": "2022", "timeperiod": "3", "export": "2148.0", "import_origin": "2943.9", "import_consigment": "3611.8"}, {"country": "Poland", "year": "2022", "timeperiod": "4", "export": "3027.7", "import_origin": "4621.9", "import_consigment": "4829.8"}, {"country": "Poland", "year": "2022", "timeperiod": "5", "export": "2198.3", "import_origin": "5623.3", "import_consigment": "16058.5"}, {"country": "Poland", "year": "2022", "timeperiod": "6", "export": "1550.9", "import_origin": "4652.7", "import_consigment": "7050.5"}, {"country": "Poland", "year": "2022", "timeperiod": "7", "export": "1258.4", "import_origin": "6023.7", "import_consigment": "8599.6"}, {"country": "Poland", "year": "2022", "timeperiod": "8", "export": "1240.9", "import_origin": "9154.5", "import_consigment": "13587.6"}, {"country": "Poland", "year": "2022", "timeperiod": "9", "export": "2364.2", "import_origin": "8350.9", "import_consigment": "10833.0"}, {"country": "Poland", "year": "2022", "timeperiod": "10", "export": "1648.6", "import_origin": "8977.6", "import_consigment": "12320.1"}, {"country": "Poland", "year": "2022", "timeperiod": "11", "export": "2110.9", "import_origin": "10132.6", "import_consigment": "12393.4"}, {"country": "Poland", "year": "2022", "timeperiod": "12", "export": "2034.2", "import_origin": "10064.6", "import_consigment": "12694.8"}, {"country": "Poland", "year": "2022", "timeperiod": "Year", "export": "22331.8", "import_origin": "76475.9", "import_consigment": "108813.9"}, {"country": "Poland", "year": "2021", "timeperiod": "1", "export": "1121.4", "import_origin": "2393.3", "import_consigment": "4128.9"}, {"country": "Poland", "year": "2021", "timeperiod": "2", "export": "939.9", "import_origin": "3158.2", "import_consigment": "4962.7"}, {"country": "Poland", "year": "2021", "timeperiod": "3", "export": "1076.2", "import_origin": "3654.9", "import_consigment": "5356.7"}, {"country": "Poland", "year": "2021", "timeperiod": "4", "export": "1962.1", "import_origin": "5086.1", "import_consigment": "6425.3"}, {"country": "Poland", "year": "2021", "timeperiod": "5", "export": "1943.0", "import_origin": "3791.9", "import_consigment": "6267.7"}, {"country": "Poland", "year": "2021", "timeperiod": "6", "export": "3331.5", "import_origin": "3836.9", "import_consigment": "6050.9"}]}