{"_id":"621ffdd236468d709f183433","id":"gsarti/flores_101","author":"gsarti","sha":"bc58ae43b22607b3e1e2bf3ae1bc5cb053495abb","lastModified":"2022-10-27T08:37:36.000Z","private":false,"gated":false,"disabled":false,"tags":["task_categories:text-generation","task_categories:translation","annotations_creators:found","language_creators:expert-generated","multilinguality:multilingual","multilinguality:translation","size_categories:unknown","source_datasets:extended|flores","language:af","language:am","language:ar","language:hy","language:as","language:ast","language:az","language:be","language:bn","language:bs","language:bg","language:my","language:ca","language:ceb","language:zho","language:hr","language:cs","language:da","language:nl","language:en","language:et","language:tl","language:fi","language:fr","language:ff","language:gl","language:lg","language:ka","language:de","language:el","language:gu","language:ha","language:he","language:hi","language:hu","language:is","language:ig","language:id","language:ga","language:it","language:ja","language:jv","language:kea","language:kam","language:kn","language:kk","language:km","language:ko","language:ky","language:lo","language:lv","language:ln","language:lt","language:luo","language:lb","language:mk","language:ms","language:ml","language:mt","language:mi","language:mr","language:mn","language:ne","language:ns","language:no","language:ny","language:oc","language:or","language:om","language:ps","language:fa","language:pl","language:pt","language:pa","language:ro","language:ru","language:sr","language:sn","language:sd","language:sk","language:sl","language:so","language:ku","language:es","language:sw","language:sv","language:tg","language:ta","language:te","language:th","language:tr","language:uk","language:umb","language:ur","language:uz","language:vi","language:cy","language:wo","language:xh","language:yo","language:zu","license:cc-by-sa-4.0","conditional-text-generation","arxiv:2106.03193"],"citation":"@inproceedings{,\n  title={The {FLORES}-101 Evaluation Benchmark for Low-Resource and Multilingual Machine Translation},\n  author={\n      Goyal, Naman and Gao, Cynthia and Chaudhary, Vishrav and Chen, Peng-Jen and Wenzek, Guillaume and \n      Ju, Da and Krishnan, Sanjana and Ranzato, Marc'Aurelio and Guzm\\'{a}n, Francisco and Fan, Angela\n  },\n  year={2021}\n}","description":"One of the biggest challenges hindering progress in low-resource and multilingual machine translation is the \nlack of good evaluation benchmarks. Current evaluation benchmarks either lack good coverage of low-resource \nlanguages, consider only restricted domains, or are low quality because they are constructed using \nsemi-automatic procedures. In this work, we introduce the FLORES evaluation benchmark, consisting of 3001 \nsentences extracted from English Wikipedia and covering a variety of different topics and domains. \nThese sentences have been translated in 101 languages by professional translators through a carefully \ncontrolled process. The resulting dataset enables better assessment of model quality on the long tail of \nlow-resource languages, including the evaluation of many-to-many multilingual translation systems, as all \ntranslations are multilingually aligned. By publicly releasing such a high-quality and high-coverage dataset, \nwe hope to foster progress in the machine translation community and beyond.","paperswithcode_id":"flores","downloads":11862,"likes":6,"cardData":{"annotations_creators":["found"],"language_creators":["expert-generated"],"language":["af","am","ar","hy","as","ast","az","be","bn","bs","bg","my","ca","ceb","zho","hr","cs","da","nl","en","et","tl","fi","fr","ff","gl","lg","ka","de","el","gu","ha","he","hi","hu","is","ig","id","ga","it","ja","jv","kea","kam","kn","kk","km","ko","ky","lo","lv","ln","lt","luo","lb","mk","ms","ml","mt","mi","mr","mn","ne","ns","no","ny","oc","or","om","ps","fa","pl","pt","pa","ro","ru","sr","sn","sd","sk","sl","so","ku","es","sw","sv","tg","ta","te","th","tr","uk","umb","ur","uz","vi","cy","wo","xh","yo","zu"],"license":["cc-by-sa-4.0"],"multilinguality":["multilingual","translation"],"size_categories":["unknown"],"source_datasets":["extended|flores"],"task_categories":["text-generation","translation"],"task_ids":[],"paperswithcode_id":"flores","pretty_name":"flores101","tags":["conditional-text-generation"]},"siblings":[{"rfilename":".gitattributes"},{"rfilename":"README.md"},{"rfilename":"dataset_infos.json"},{"rfilename":"flores_101.py"}]}