{"_id":"63bcd95c18e2f66c5eab5b6b","id":"Kosasih/autotrain-data-tokenix","author":"Kosasih","sha":"5c14e1df9b7d53487e1a202e9fed94d7bd7820e6","lastModified":"2023-01-10T04:48:58.000Z","private":false,"gated":false,"disabled":false,"tags":["task_categories:image-classification","task_categories:translation","task_categories:image-segmentation","task_categories:fill-mask","task_categories:automatic-speech-recognition","task_categories:token-classification","task_categories:sentence-similarity","task_categories:audio-classification","task_categories:question-answering","task_categories:summarization","task_categories:zero-shot-classification","task_categories:table-to-text","task_categories:feature-extraction","task_categories:other","task_categories:multiple-choice","task_categories:text-classification","task_categories:text-to-image","task_categories:text2text-generation","task_categories:zero-shot-image-classification","task_categories:tabular-classification","task_categories:tabular-regression","task_categories:image-to-image","task_categories:tabular-to-text","task_categories:text-retrieval","task_categories:text-to-speech","task_categories:video-classification","task_categories:audio-to-audio","task_categories:text-generation","task_categories:conversational","task_categories:table-question-answering","task_categories:visual-question-answering","task_categories:image-to-text","task_categories:voice-activity-detection","task_categories:time-series-forecasting","task_categories:object-detection","task_categories:unconditional-image-generation","task_categories:depth-estimation","size_categories:n>1T","language:ak","language:am","language:af","language:an","language:ar","language:as","language:av","language:ay","language:az","language:ba","language:be","language:bg","language:bh","language:bi","language:bm","language:bn","language:bo","language:br","language:bs","language:ca","language:ce","language:ch","language:co","language:cr","language:cs","language:cu","language:cv","language:cy","language:da","language:de","language:dv","language:dz","language:ee","language:el","language:en","language:eo","language:es","language:et","language:eu","language:fa","language:ff","language:fi","language:fj","language:fo","language:fr","language:fy","language:ga","language:gd","language:gl","language:gu","language:gn","language:gv","language:ha","language:he","language:hi","language:ho","language:hr","language:ht","language:hu","language:hy","language:hz","language:ia","language:id","language:ie","language:ig","language:ii","language:ik","language:io","language:is","language:it","language:iu","language:ja","language:jv","language:ka","language:kg","language:ki","language:kj","language:kk","language:kl","language:km","language:kn","language:ko","language:kr","language:ks","language:ku","language:kv","language:kw","language:ky","language:la","language:lb","language:lg","language:li","language:ln","language:ae","language:lt","language:lu","language:lo","language:mg","language:mh","language:mi","language:mk","language:ml","language:mn","language:mr","language:lv","language:mt","language:ms","language:na","language:nb","language:nd","language:ne","language:ng","language:nl","language:nn","language:my","language:no","language:ach","language:sq","language:aed","language:ase","language:ab","language:ny","language:aa","language:ady","language:ber","language:bzs","language:bcl","language:bem","language:chk","language:xh","language:swc","language:csg","language:csn","language:cel","language:ceb","language:crs","language:zh","language:kbd","language:efi","language:fon","language:fse","language:gil","language:guw","language:gaa","language:hil","language:iso","language:ilo","language:zai","language:kwy","language:kwn","language:kab","language:rw","language:rn","language:kqn","language:lue","language:lun","language:lus","language:loz","language:lua","language:luo","language:mos","language:mfe","language:mfs","language:niu","language:nso","language:nyk","language:nv","language:nr","language:se","language:or","language:om","language:os","language:oj","language:oc","language:ps","language:pt","language:pag","language:pap","language:pis","language:pon","language:pl","language:pi","language:pa","language:prl","language:qu","language:run","language:rnd","language:ru","language:ro","language:rm","language:roa","language:sg","language:sd","language:sk","language:sl","language:sm","language:sn","language:so","language:sr","language:ss","language:st","language:su","language:sv","language:si","language:srn","language:ssp","language:sw","language:sc","language:sa","language:sah","language:th","language:ti","language:tk","language:tl","language:tn","language:to","language:tr","language:ts","language:tt","language:tw","language:ty","language:tll","language:tvl","language:tg","language:toi","language:tiv","language:tpi","language:tum","language:tzo","language:te","language:ta","language:tdt","language:uz","language:ur","language:uk","language:ug","language:umb","language:vsl","language:vi","language:ve","language:vo","language:wls","language:war","language:wo","language:wal","language:wa","language:yue","language:yap","language:yo","language:yi","language:yua","language:zne","language:zu","language:za","license:mit"],"downloads":20,"likes":0,"cardData":{"license":"mit","task_categories":["image-classification","translation","image-segmentation","fill-mask","automatic-speech-recognition","token-classification","sentence-similarity","audio-classification","question-answering","summarization","zero-shot-classification","table-to-text","feature-extraction","other","multiple-choice","text-classification","text-to-image","text2text-generation","zero-shot-image-classification","tabular-classification","tabular-regression","image-to-image","tabular-to-text","text-retrieval","text-to-speech","video-classification","audio-to-audio","text-generation","conversational","table-question-answering","visual-question-answering","image-to-text","voice-activity-detection","time-series-forecasting","object-detection","unconditional-image-generation","depth-estimation"],"language":["ak","am","af","an","ar","as","av","ay","az","ba","be","bg","bh","bi","bm","bn","bo","br","bs","ca","ce","ch","co","cr","cs","cu","cv","cy","da","de","dv","dz","ee","el","en","eo","es","et","eu","fa","ff","fi","fj","fo","fr","fy","ga","gd","gl","gu","gn","gv","ha","he","hi","ho","hr","ht","hu","hy","hz","ia","id","ie","ig","ii","ik","io","is","it","iu","ja","jv","ka","kg","ki","kj","kk","kl","km","kn","ko","kr","ks","ku","kv","kw","ky","la","lb","lg","li","ln","ae","lt","lu","lo","mg","mh","mi","mk","ml","mn","mr","lv","mt","ms","na","nb","nd","ne","ng","nl","nn","my","no","ach","sq","aed","ase","ab","ny","aa","ady","ber","bzs","bcl","bem","chk","xh","swc","csg","csn","cel","ceb","crs","zh","kbd","efi","fon","fse","gil","guw","gaa","hil","iso","ilo","zai","kwy","kwn","kab","rw","rn","kqn","lue","lun","lus","loz","lua","luo","mos","mfe","mfs","niu","nso","nyk","nv","nr","se","or","om","os","oj","oc","ps","pt","pag","pap","pis","pon","pl","pi","pa","prl","qu","run","rnd","ru","ro","rm","roa","sg","sd","sk","sl","sm","sn","so","sr","ss","st","su","sv","si","srn","ssp","sw","sc","sa","sah","th","ti","tk","tl","tn","to","tr","ts","tt","tw","ty","tll","tvl","tg","toi","tiv","tpi","tum","tzo","te","ta","tdt","uz","ur","uk","ug","umb","vsl","vi","ve","vo","wls","war","wo","wal","wa","yue","yap","yo","yi","yua","zne","zu","za"],"pretty_name":"Tokenixen","size_categories":["n>1T"]},"siblings":[{"rfilename":".gitattributes"},{"rfilename":"README.md"}]}