{"_id":"63bd4bb1084098273348dc24","id":"Kosasih/autotrain-data-meta_max","author":"Kosasih","sha":"1835186b8e157cad989761960ac6468d9cabad58","lastModified":"2023-01-10T15:08:53.000Z","private":false,"gated":false,"disabled":false,"tags":["task_categories:image-classification","task_categories:translation","task_categories:image-segmentation","task_categories:fill-mask","task_categories:automatic-speech-recognition","task_categories:token-classification","task_categories:sentence-similarity","task_categories:audio-classification","task_categories:question-answering","task_categories:summarization","task_categories:zero-shot-classification","task_categories:feature-extraction","task_categories:multiple-choice","task_categories:text-to-image","task_categories:text2text-generation","task_categories:zero-shot-image-classification","task_categories:tabular-classification","task_categories:tabular-regression","task_categories:image-to-image","task_categories:tabular-to-text","task_categories:unconditional-image-generation","task_categories:text-retrieval","task_categories:text-to-speech","task_categories:object-detection","task_categories:video-classification","task_categories:audio-to-audio","task_categories:text-generation","task_categories:conversational","task_categories:table-question-answering","task_categories:visual-question-answering","task_categories:image-to-text","task_categories:voice-activity-detection","task_categories:time-series-forecasting","task_categories:depth-estimation","task_categories:text-classification","task_categories:other","task_categories:table-to-text","size_categories:n>1T","language:ak","language:am","language:an","language:ar","language:as","language:av","language:ay","language:az","language:ba","language:be","language:bg","language:bh","language:bi","language:bm","language:bn","language:bo","language:br","language:bs","language:ca","language:ce","language:ch","language:co","language:cr","language:cs","language:cu","language:cv","language:cy","language:da","language:de","language:dv","language:dz","language:ee","language:el","language:en","language:eo","language:es","language:et","language:eu","language:fa","language:ff","language:fi","language:fj","language:fo","language:fr","language:fy","language:ga","language:gd","language:gl","language:gn","language:gu","language:gv","language:ha","language:he","language:hi","language:ho","language:hr","language:ht","language:hu","language:hy","language:hz","language:ia","language:af","language:id","language:ig","language:ii","language:ik","language:io","language:is","language:it","language:iu","language:ja","language:jv","language:ka","language:kg","language:ki","language:kj","language:kk","language:kl","language:km","language:kn","language:ko","language:kr","language:ks","language:ku","language:kv","language:kw","language:ky","language:la","language:lb","language:lg","language:li","language:ln","language:lo","language:lt","language:lu","language:lv","language:mg","language:mh","language:ie","language:mk","language:mn","language:ml","language:mr","language:ms","language:mt","language:my","language:na","language:nb","language:nd","language:ne","language:ng","language:nl","language:nn","language:no","language:nv","language:nr","language:ach","language:ase","language:aed","language:sq","language:ae","language:ab","language:oj","language:ady","language:aa","language:ber","language:bzs","language:bcl","language:bem","language:swc","language:chk","language:csg","language:or","language:csn","language:cel","language:ceb","language:crs","language:zh","language:ny","language:kbd","language:efi","language:fon","language:fse","language:gil","language:guw","language:gaa","language:hil","language:zai","language:iso","language:ilo","language:kwn","language:kwy","language:kqn","language:rw","language:kab","language:rn","language:luo","language:lue","language:lus","language:loz","language:lua","language:lun","language:mfs","language:mfe","language:mi","language:mos","language:nyk","language:nso","language:niu","language:se","language:os","language:om","language:oc","language:pag","language:pt","language:pap","language:pis","language:pon","language:ps","language:prl","language:pl","language:pi","language:pa","language:qu","language:rnd","language:run","language:ru","language:ro","language:rm","language:roa","language:sk","language:si","language:sl","language:sm","language:sn","language:sg","language:so","language:ss","language:st","language:su","language:sv","language:sw","language:srn","language:ssp","language:sah","language:sd","language:sr","language:sc","language:sa","language:ti","language:tl","language:tn","language:tk","language:to","language:tr","language:ts","language:tt","language:tw","language:ty","language:tll","language:tvl","language:toi","language:tiv","language:tpi","language:tum","language:tzo","language:th","language:tdt","language:tg","language:ta","language:te","language:umb","language:uz","language:ur","language:uk","language:ug","language:vsl","language:vo","language:vi","language:ve","language:wal","language:wls","language:wo","language:war","language:wa","language:xh","language:yua","language:yue","language:yap","language:yo","language:yi","language:zne","language:zu","language:za","license:apache-2.0"],"downloads":2,"likes":0,"cardData":{"license":"apache-2.0","task_categories":["image-classification","translation","image-segmentation","fill-mask","automatic-speech-recognition","token-classification","sentence-similarity","audio-classification","question-answering","summarization","zero-shot-classification","feature-extraction","multiple-choice","text-to-image","text2text-generation","zero-shot-image-classification","tabular-classification","tabular-regression","image-to-image","tabular-to-text","unconditional-image-generation","text-retrieval","text-to-speech","object-detection","video-classification","audio-to-audio","text-generation","conversational","table-question-answering","visual-question-answering","image-to-text","voice-activity-detection","time-series-forecasting","depth-estimation","text-classification","other","table-to-text"],"language":["ak","am","an","ar","as","av","ay","az","ba","be","bg","bh","bi","bm","bn","bo","br","bs","ca","ce","ch","co","cr","cs","cu","cv","cy","da","de","dv","dz","ee","el","en","eo","es","et","eu","fa","ff","fi","fj","fo","fr","fy","ga","gd","gl","gn","gu","gv","ha","he","hi","ho","hr","ht","hu","hy","hz","ia","af","id","ig","ii","ik","io","is","it","iu","ja","jv","ka","kg","ki","kj","kk","kl","km","kn","ko","kr","ks","ku","kv","kw","ky","la","lb","lg","li","ln","lo","lt","lu","lv","mg","mh","ie","mk","mn","ml","mr","ms","mt","my","na","nb","nd","ne","ng","nl","nn","no","nv","nr","ach","ase","aed","sq","ae","ab","oj","ady","aa","ber","bzs","bcl","bem","swc","chk","csg","or","csn","cel","ceb","crs","zh","ny","kbd","efi","fon","fse","gil","guw","gaa","hil","zai","iso","ilo","kwn","kwy","kqn","rw","kab","rn","luo","lue","lus","loz","lua","lun","mfs","mfe","mi","mos","nyk","nso","niu","se","os","om","oc","pag","pt","pap","pis","pon","ps","prl","pl","pi","pa","qu","rnd","run","ru","ro","rm","roa","sk","si","sl","sm","sn","sg","so","ss","st","su","sv","sw","srn","ssp","sah","sd","sr","sc","sa","ti","tl","tn","tk","to","tr","ts","tt","tw","ty","tll","tvl","toi","tiv","tpi","tum","tzo","th","tdt","tg","ta","te","umb","uz","ur","uk","ug","vsl","vo","vi","ve","wal","wls","wo","war","wa","xh","yua","yue","yap","yo","yi","zne","zu","za"],"pretty_name":"Unitex","size_categories":["n>1T"]},"siblings":[{"rfilename":".gitattributes"},{"rfilename":"README.md"}]}