{"_id":"63bd59940a7cc50a4f233af3","id":"Kosasih/autotrain-data-alterax","author":"Kosasih","sha":"9554d3a1951ced8aff007d69c8ca28d63e77d9e7","lastModified":"2023-01-10T14:57:11.000Z","private":false,"gated":false,"disabled":false,"tags":["task_categories:image-classification","task_categories:translation","task_categories:image-segmentation","task_categories:automatic-speech-recognition","task_categories:fill-mask","task_categories:summarization","task_categories:question-answering","task_categories:table-to-text","task_categories:feature-extraction","task_categories:other","task_categories:zero-shot-classification","task_categories:multiple-choice","task_categories:text-classification","task_categories:text-to-image","task_categories:text2text-generation","task_categories:zero-shot-image-classification","task_categories:tabular-classification","task_categories:tabular-regression","task_categories:image-to-image","task_categories:tabular-to-text","task_categories:unconditional-image-generation","task_categories:text-retrieval","task_categories:text-to-speech","task_categories:object-detection","task_categories:video-classification","task_categories:audio-to-audio","task_categories:text-generation","task_categories:conversational","task_categories:table-question-answering","task_categories:visual-question-answering","task_categories:image-to-text","task_categories:voice-activity-detection","task_categories:audio-classification","task_categories:sentence-similarity","task_categories:token-classification","task_categories:time-series-forecasting","task_categories:depth-estimation","size_categories:n>1T","language:ak","language:af","language:am","language:an","language:ar","language:as","language:av","language:ay","language:az","language:ba","language:be","language:bg","language:bh","language:bi","language:bm","language:bo","language:bn","language:br","language:bs","language:ca","language:ce","language:ch","language:co","language:cr","language:cs","language:cu","language:cv","language:cy","language:da","language:de","language:dv","language:dz","language:ee","language:el","language:en","language:eo","language:es","language:et","language:eu","language:fa","language:ff","language:fi","language:fj","language:fo","language:fr","language:fy","language:ga","language:gd","language:gl","language:gn","language:gu","language:gv","language:ha","language:he","language:hi","language:ho","language:hr","language:ht","language:hu","language:hy","language:hz","language:ia","language:id","language:ie","language:ig","language:ii","language:ik","language:io","language:is","language:it","language:iu","language:ja","language:jv","language:ka","language:kg","language:ki","language:kj","language:kk","language:kl","language:km","language:kn","language:ko","language:kr","language:ks","language:ku","language:kv","language:kw","language:ky","language:la","language:lb","language:lg","language:li","language:ln","language:lo","language:lt","language:lu","language:lv","language:mg","language:mh","language:mi","language:mk","language:ml","language:mn","language:mr","language:ms","language:mt","language:my","language:na","language:nb","language:nd","language:ne","language:ng","language:nl","language:nn","language:no","language:ae","language:ach","language:ase","language:sq","language:aed","language:ab","language:ny","language:aa","language:ady","language:bem","language:bzs","language:bcl","language:ber","language:swc","language:ceb","language:chk","language:csg","language:csn","language:cel","language:crs","language:zh","language:kbd","language:efi","language:fon","language:fse","language:gil","language:guw","language:gaa","language:hil","language:zai","language:ilo","language:iso","language:kwy","language:kwn","language:kab","language:rw","language:rn","language:kqn","language:lue","language:lun","language:luo","language:lus","language:loz","language:lua","language:mfs","language:mos","language:mfe","language:niu","language:nso","language:nyk","language:nr","language:nv","language:se","language:or","language:os","language:om","language:oj","language:oc","language:ps","language:pt","language:pag","language:pap","language:pis","language:pon","language:prl","language:pl","language:pi","language:pa","language:qu","language:run","language:rnd","language:roa","language:ru","language:ro","language:rm","language:sg","language:si","language:sk","language:sl","language:sm","language:sn","language:so","language:sr","language:ss","language:st","language:su","language:sv","language:sw","language:srn","language:ssp","language:sah","language:sd","language:sc","language:sa","language:th","language:ti","language:tk","language:tl","language:tn","language:to","language:tr","language:ts","language:tt","language:tw","language:ty","language:tll","language:tvl","language:toi","language:tiv","language:tpi","language:tum","language:tzo","language:tdt","language:tg","language:te","language:ta","language:uz","language:umb","language:ur","language:uk","language:ug","language:vsl","language:vo","language:vi","language:ve","language:wls","language:war","language:wal","language:wo","language:wa","language:xh","language:yue","language:yua","language:yap","language:yo","language:yi","language:zne","language:zu","language:za","license:apache-2.0"],"downloads":2,"likes":0,"cardData":{"license":"apache-2.0","task_categories":["image-classification","translation","image-segmentation","automatic-speech-recognition","fill-mask","summarization","question-answering","table-to-text","feature-extraction","other","zero-shot-classification","multiple-choice","text-classification","text-to-image","text2text-generation","zero-shot-image-classification","tabular-classification","tabular-regression","image-to-image","tabular-to-text","unconditional-image-generation","text-retrieval","text-to-speech","object-detection","video-classification","audio-to-audio","text-generation","conversational","table-question-answering","visual-question-answering","image-to-text","voice-activity-detection","audio-classification","sentence-similarity","token-classification","time-series-forecasting","depth-estimation"],"language":["ak","af","am","an","ar","as","av","ay","az","ba","be","bg","bh","bi","bm","bo","bn","br","bs","ca","ce","ch","co","cr","cs","cu","cv","cy","da","de","dv","dz","ee","el","en","eo","es","et","eu","fa","ff","fi","fj","fo","fr","fy","ga","gd","gl","gn","gu","gv","ha","he","hi","ho","hr","ht","hu","hy","hz","ia","id","ie","ig","ii","ik","io","is","it","iu","ja","jv","ka","kg","ki","kj","kk","kl","km","kn","ko","kr","ks","ku","kv","kw","ky","la","lb","lg","li","ln","lo","lt","lu","lv","mg","mh","mi","mk","ml","mn","mr","ms","mt","my","na","nb","nd","ne","ng","nl","nn","no","ae","ach","ase","sq","aed","ab","ny","aa","ady","bem","bzs","bcl","ber","swc","ceb","chk","csg","csn","cel","crs","zh","kbd","efi","fon","fse","gil","guw","gaa","hil","zai","ilo","iso","kwy","kwn","kab","rw","rn","kqn","lue","lun","luo","lus","loz","lua","mfs","mos","mfe","niu","nso","nyk","nr","nv","se","or","os","om","oj","oc","ps","pt","pag","pap","pis","pon","prl","pl","pi","pa","qu","run","rnd","roa","ru","ro","rm","sg","si","sk","sl","sm","sn","so","sr","ss","st","su","sv","sw","srn","ssp","sah","sd","sc","sa","th","ti","tk","tl","tn","to","tr","ts","tt","tw","ty","tll","tvl","toi","tiv","tpi","tum","tzo","tdt","tg","te","ta","uz","umb","ur","uk","ug","vsl","vo","vi","ve","wls","war","wal","wo","wa","xh","yue","yua","yap","yo","yi","zne","zu","za"],"pretty_name":"Vrimax","size_categories":["n>1T"]},"siblings":[{"rfilename":".gitattributes"},{"rfilename":"README.md"}]}