{"_id":"63d5fdf24bbf17e6479caafe","id":"Kosasih/Elite-CheckIn-Corp","author":"Kosasih","sha":"209098e710449de4b1bac9a725b0b202c0743a2b","lastModified":"2023-01-29T05:36:49.000Z","private":false,"gated":false,"disabled":false,"tags":["task_categories:text-classification","task_categories:token-classification","task_categories:table-question-answering","task_categories:question-answering","task_categories:translation","task_categories:summarization","task_categories:conversational","task_categories:feature-extraction","task_categories:text-generation","task_categories:zero-shot-classification","task_categories:fill-mask","task_categories:sentence-similarity","task_categories:automatic-speech-recognition","task_categories:audio-to-audio","task_categories:audio-classification","task_categories:voice-activity-detection","task_categories:depth-estimation","task_categories:image-classification","task_categories:object-detection","task_categories:image-segmentation","task_categories:text-to-image","task_categories:image-to-text","task_categories:text2text-generation","task_categories:image-to-image","task_categories:text-to-speech","task_categories:unconditional-image-generation","task_categories:tabular-classification","task_categories:tabular-regression","task_categories:video-classification","task_categories:multiple-choice","task_categories:text-retrieval","task_categories:table-to-text","task_categories:tabular-to-text","task_categories:time-series-forecasting","task_categories:visual-question-answering","task_categories:zero-shot-image-classification","size_categories:n>1T","language:aa","language:ab","language:ae","language:af","language:ak","language:am","language:an","language:ar","language:as","language:av","language:ay","language:az","language:ba","language:be","language:bg","language:bh","language:bi","language:bm","language:bn","language:bo","language:br","language:bs","language:ca","language:ce","language:ch","language:co","language:cr","language:cs","language:cu","language:cv","language:cy","language:da","language:de","language:dv","language:dz","language:ee","language:el","language:en","language:eo","language:es","language:et","language:eu","language:fa","language:ff","language:fi","language:fj","language:fo","language:fr","language:fy","language:ga","language:gd","language:gl","language:gn","language:gu","language:gv","language:ha","language:he","language:hi","language:ho","language:hr","language:ht","language:hu","language:hy","language:hz","language:ia","language:id","language:ie","language:ig","language:ii","language:ik","language:io","language:is","language:it","language:iu","language:ja","language:jv","language:ka","language:kg","language:ki","language:kj","language:kk","language:kl","language:km","language:kn","language:ko","language:kr","language:ks","language:ku","language:kv","language:kw","language:ky","language:la","language:lb","language:lg","language:li","language:ln","language:lo","language:lt","language:lu","language:lv","language:mg","language:mh","language:mi","language:mk","language:ml","language:mn","language:mr","language:ms","language:mt","language:my","language:na","language:nb","language:nd","language:ne","language:ng","language:nl","language:nn","language:no","language:nv","language:ny","language:nr","language:se","language:nso","language:niu","language:nyk","language:oc","language:oj","language:or","language:om","language:os","language:pa","language:pl","language:pt","language:pi","language:pag","language:ps","language:pap","language:pis","language:prl","language:pon","language:qu","language:rm","language:ru","language:rn","language:roa","language:rw","language:ro","language:rnd","language:run","language:sa","language:sc","language:sg","language:sd","language:si","language:sk","language:sl","language:sm","language:sn","language:sq","language:sr","language:so","language:ss","language:sv","language:st","language:sw","language:crs","language:su","language:sah","language:swc","language:srn","language:kwy","language:ssp","language:ta","language:te","language:ti","language:tg","language:tk","language:tl","language:tn","language:to","language:ts","language:th","language:tr","language:tw","language:tll","language:tvl","language:tt","language:ty","language:toi","language:tdt","language:tiv","language:tpi","language:tum","language:tzo","language:ug","language:uk","language:ur","language:uz","language:umb","language:ve","language:vi","language:vo","language:vsl","language:wal","language:wa","language:wo","language:war","language:wls","language:xh","language:yua","language:yi","language:yo","language:yap","language:yue","language:zne","language:za","language:zh","language:zu","language:zai","license:mit","KYC","KYC Service"],"downloads":5,"likes":0,"cardData":{"license":"mit","task_categories":["text-classification","token-classification","table-question-answering","question-answering","translation","summarization","conversational","feature-extraction","text-generation","zero-shot-classification","fill-mask","sentence-similarity","automatic-speech-recognition","audio-to-audio","audio-classification","voice-activity-detection","depth-estimation","image-classification","object-detection","image-segmentation","text-to-image","image-to-text","text2text-generation","image-to-image","text-to-speech","unconditional-image-generation","tabular-classification","tabular-regression","video-classification","multiple-choice","text-retrieval","table-to-text","tabular-to-text","time-series-forecasting","visual-question-answering","zero-shot-image-classification"],"language":["aa","ab","ae","af","ak","am","an","ar","as","av","ay","az","ba","be","bg","bh","bi","bm","bn","bo","br","bs","ca","ce","ch","co","cr","cs","cu","cv","cy","da","de","dv","dz","ee","el","en","eo","es","et","eu","fa","ff","fi","fj","fo","fr","fy","ga","gd","gl","gn","gu","gv","ha","he","hi","ho","hr","ht","hu","hy","hz","ia","id","ie","ig","ii","ik","io","is","it","iu","ja","jv","ka","kg","ki","kj","kk","kl","km","kn","ko","kr","ks","ku","kv","kw","ky","la","lb","lg","li","ln","lo","lt","lu","lv","mg","mh","mi","mk","ml","mn","mr","ms","mt","my","na","nb","nd","ne","ng","nl","nn","no","nv","ny","nr","se","nso","niu","nyk","oc","oj","or","om","os","pa","pl","pt","pi","pag","ps","pap","pis","prl","pon","qu","rm","ru","rn","roa","rw","ro","rnd","run","sa","sc","sg","sd","si","sk","sl","sm","sn","sq","sr","so","ss","sv","st","sw","crs","su","sah","swc","srn","kwy","ssp","ta","te","ti","tg","tk","tl","tn","to","ts","th","tr","tw","tll","tvl","tt","ty","toi","tdt","tiv","tpi","tum","tzo","ug","uk","ur","uz","umb","ve","vi","vo","vsl","wal","wa","wo","war","wls","xh","yua","yi","yo","yap","yue","zne","za","zh","zu","zai"],"tags":["KYC","KYC Service"],"pretty_name":"CheckIn","size_categories":["n>1T"]},"siblings":[{"rfilename":".gitattributes"},{"rfilename":"README.md"}]}