{"_id":"63bb8523d330ba0fc0dc057b","id":"KOSASIH-2/Global_Aircraft","author":"KOSASIH-2","sha":"5abde9df59da1aae86c03f09a0a59f882e58d510","lastModified":"2023-01-09T03:21:13.000Z","private":false,"gated":false,"disabled":false,"tags":["task_categories:image-classification","task_categories:image-segmentation","task_categories:translation","task_categories:sentence-similarity","task_categories:audio-classification","task_categories:question-answering","task_categories:summarization","task_categories:table-to-text","task_categories:feature-extraction","task_categories:other","task_categories:zero-shot-classification","task_categories:text-classification","task_categories:text-to-image","task_categories:text2text-generation","task_categories:zero-shot-image-classification","task_categories:tabular-classification","task_categories:tabular-regression","task_categories:image-to-image","task_categories:tabular-to-text","task_categories:unconditional-image-generation","task_categories:text-retrieval","task_categories:text-to-speech","task_categories:object-detection","task_categories:video-classification","task_categories:audio-to-audio","task_categories:text-generation","task_categories:conversational","task_categories:table-question-answering","task_categories:visual-question-answering","task_categories:image-to-text","task_categories:voice-activity-detection","task_categories:time-series-forecasting","task_categories:depth-estimation","task_categories:multiple-choice","task_categories:token-classification","task_categories:automatic-speech-recognition","task_categories:fill-mask","size_categories:n>1T","language:am","language:ak","language:ar","language:an","language:as","language:ay","language:av","language:hy","language:sq","language:az","language:ach","language:ba","language:ase","language:aed","language:ae","language:ab","language:af","language:aa","language:ady","language:bn","language:bo","language:br","language:bs","language:eu","language:my","language:bm","language:bzs","language:bem","language:bcl","language:bi","language:bh","language:bg","language:be","language:ber","language:cs","language:cu","language:cv","language:cy","language:hr","language:kw","language:ny","language:zh","language:crs","language:ceb","language:swc","language:chk","language:csg","language:csn","language:cel","language:kbd","language:cr","language:co","language:ch","language:ce","language:ca","language:nl","language:dz","language:xh","language:dv","language:de","language:da","language:et","language:es","language:eo","language:en","language:el","language:efi","language:ee","language:fr","language:fy","language:fse","language:fon","language:fo","language:fi","language:ff","language:fj","language:fa","language:gv","language:ka","language:lg","language:gaa","language:guw","language:gil","language:gn","language:gl","language:gu","language:gd","language:vsl","language:ht","language:ga","language:hz","language:hil","language:hu","language:ho","language:hi","language:he","language:ha","language:jv","language:ja","language:ik","language:io","language:is","language:it","language:iu","language:ilo","language:iso","language:ig","language:ie","language:id","language:ia","language:ii","language:km","language:kn","language:ko","language:kl","language:kr","language:ks","language:kk","language:kv","language:ky","language:rn","language:rw","language:kqn","language:kwy","language:kwn","language:ku","language:kj","language:ki","language:kab","language:kg","language:lt","language:lu","language:lv","language:lua","language:lo","language:lus","language:loz","language:lue","language:lun","language:ln","language:li","language:luo","language:lb","language:la","language:mn","language:mr","language:ms","language:mt","language:mfe","language:mos","language:mfs","language:ml","language:mk","language:mi","language:mh","language:mg","language:nn","language:no","language:ng","language:nv","language:nr","language:se","language:niu","language:nso","language:ne","language:nyk","language:nd","language:om","language:nb","language:na","language:os","language:or","language:oj","language:oc","language:pt","language:ps","language:pag","language:pap","language:pl","language:pis","language:pon","language:pi","language:pa","language:prl","language:qu","language:rnd","language:run","language:ru","language:ro","language:rm","language:roa","language:si","language:sg","language:sk","language:sl","language:sm","language:zne","language:sn","language:so","language:sr","language:ss","language:st","language:su","language:sv","language:sw","language:srn","language:ssp","language:sd","language:sc","language:sa","language:sah","language:th","language:ti","language:tk","language:tl","language:tn","language:tg","language:te","language:tr","language:ts","language:tt","language:tw","language:ty","language:tll","language:tvl","language:toi","language:tiv","language:tpi","language:tum","language:tzo","language:to","language:ta","language:tdt","language:uz","language:ur","language:uk","language:ug","language:umb","language:vo","language:vi","language:ve","language:wls","language:war","language:wo","language:wa","language:wal","language:yue","language:yap","language:yo","language:yi","language:yua","language:zai","language:za","language:zu","license:apache-2.0"],"downloads":4,"likes":0,"cardData":{"license":"apache-2.0","task_categories":["image-classification","image-segmentation","translation","sentence-similarity","audio-classification","question-answering","summarization","table-to-text","feature-extraction","other","zero-shot-classification","text-classification","text-to-image","text2text-generation","zero-shot-image-classification","tabular-classification","tabular-regression","image-to-image","tabular-to-text","unconditional-image-generation","text-retrieval","text-to-speech","object-detection","video-classification","audio-to-audio","text-generation","conversational","table-question-answering","visual-question-answering","image-to-text","voice-activity-detection","time-series-forecasting","depth-estimation","multiple-choice","token-classification","automatic-speech-recognition","fill-mask"],"language":["am","ak","ar","an","as","ay","av","hy","sq","az","ach","ba","ase","aed","ae","ab","af","aa","ady","bn","bo","br","bs","eu","my","bm","bzs","bem","bcl","bi","bh","bg","be","ber","cs","cu","cv","cy","hr","kw","ny","zh","crs","ceb","swc","chk","csg","csn","cel","kbd","cr","co","ch","ce","ca","nl","dz","xh","dv","de","da","et","es","eo","en","el","efi","ee","fr","fy","fse","fon","fo","fi","ff","fj","fa","gv","ka","lg","gaa","guw","gil","gn","gl","gu","gd","vsl","ht","ga","hz","hil","hu","ho","hi","he","ha","jv","ja","ik","io","is","it","iu","ilo","iso","ig","ie","id","ia","ii","km","kn","ko","kl","kr","ks","kk","kv","ky","rn","rw","kqn","kwy","kwn","ku","kj","ki","kab","kg","lt","lu","lv","lua","lo","lus","loz","lue","lun","ln","li","luo","lb","la","mn","mr","ms","mt","mfe","mos","mfs","ml","mk","mi","mh","mg","nn","no","ng","nv","nr","se","niu","nso","ne","nyk","nd","om","nb","na","os","or","oj","oc","pt","ps","pag","pap","pl","pis","pon","pi","pa","prl","qu","rnd","run","ru","ro","rm","roa","si","sg","sk","sl","sm","zne","sn","so","sr","ss","st","su","sv","sw","srn","ssp","sd","sc","sa","sah","th","ti","tk","tl","tn","tg","te","tr","ts","tt","tw","ty","tll","tvl","toi","tiv","tpi","tum","tzo","to","ta","tdt","uz","ur","uk","ug","umb","vo","vi","ve","wls","war","wo","wa","wal","yue","yap","yo","yi","yua","zai","za","zu"],"pretty_name":"Heirena","size_categories":["n>1T"]},"siblings":[{"rfilename":".gitattributes"},{"rfilename":"README.md"}]}