{"activeFilters":{"task_categories":[],"size_categories":[],"task_ids":[],"language":["language:hy"],"license":[],"other":[]},"datasets":[{"author":"","downloads":249,"gated":false,"id":"wili_2018","lastModified":"2023-01-25T15:02:28.000Z","previewable":true,"private":false,"repoType":"dataset","likes":0,"isLikedByUser":false},{"author":"","downloads":244,"gated":false,"id":"udhr","lastModified":"2022-11-03T16:16:11.000Z","previewable":true,"private":false,"repoType":"dataset","likes":0,"isLikedByUser":false},{"author":"","downloads":236,"gated":false,"id":"ms_terms","lastModified":"2022-11-03T16:08:00.000Z","previewable":false,"private":false,"repoType":"dataset","likes":0,"isLikedByUser":false},{"author":"","downloads":233,"gated":false,"id":"m_lama","lastModified":"2022-11-03T16:15:15.000Z","previewable":true,"private":false,"repoType":"dataset","likes":1,"isLikedByUser":false},{"author":"Karavet","downloads":227,"gated":false,"id":"Karavet/ARPA-Armenian-Paraphrase-Corpus","lastModified":"2022-10-21T16:04:07.000Z","previewable":true,"private":false,"repoType":"dataset","likes":0,"isLikedByUser":false},{"author":"Karavet","downloads":224,"gated":false,"id":"Karavet/ILUR-news-text-classification-corpus","lastModified":"2022-10-21T16:06:12.000Z","previewable":true,"private":false,"repoType":"dataset","likes":0,"isLikedByUser":false},{"author":"Yeva","downloads":224,"gated":false,"id":"Yeva/arm-summary","lastModified":"2023-02-09T08:03:13.000Z","previewable":true,"private":false,"repoType":"dataset","likes":0,"isLikedByUser":false},{"author":"nthngdy","downloads":171,"gated":false,"id":"nthngdy/oscar-small","lastModified":"2023-03-08T09:57:45.000Z","previewable":true,"private":false,"repoType":"dataset","likes":4,"isLikedByUser":false},{"author":"Karavet","downloads":123,"gated":false,"id":"Karavet/pioNER-Armenian-Named-Entity","lastModified":"2022-10-21T16:07:06.000Z","previewable":false,"private":false,"repoType":"dataset","likes":1,"isLikedByUser":false},{"author":"oscar-corpus","downloads":122,"gated":"auto","id":"oscar-corpus/OSCAR-2109","lastModified":"2022-11-08T09:04:43.000Z","previewable":true,"private":false,"repoType":"dataset","likes":29,"isLikedByUser":false},{"author":"google","downloads":45,"gated":false,"id":"google/wit","lastModified":"2022-07-04T10:47:07.000Z","previewable":true,"private":false,"repoType":"dataset","likes":8,"isLikedByUser":false},{"author":"livinNector","downloads":39,"gated":false,"id":"livinNector/wikipedia","lastModified":"2023-03-28T06:32:24.000Z","previewable":false,"private":false,"repoType":"dataset","likes":0,"isLikedByUser":false},{"author":"Kosasih","downloads":20,"gated":false,"id":"Kosasih/autotrain-data-tokenix","lastModified":"2023-01-10T04:48:58.000Z","previewable":false,"private":false,"repoType":"dataset","likes":0,"isLikedByUser":false},{"author":"djstrong","downloads":17,"gated":false,"id":"djstrong/oscar-small","lastModified":"2023-03-07T19:57:38.000Z","previewable":true,"private":false,"repoType":"dataset","likes":1,"isLikedByUser":false},{"author":"KOSASIH-3","downloads":9,"gated":false,"id":"KOSASIH-3/Scientist_and_researcher","lastModified":"2023-01-09T05:48:05.000Z","previewable":false,"private":false,"repoType":"dataset","likes":0,"isLikedByUser":false},{"author":"KOSASIH-3","downloads":8,"gated":false,"id":"KOSASIH-3/Neurology_Sciences","lastModified":"2023-01-09T04:28:51.000Z","previewable":false,"private":false,"repoType":"dataset","likes":0,"isLikedByUser":false},{"author":"jhu-clsp","downloads":5,"gated":false,"id":"jhu-clsp/bernice-pretrain-data","lastModified":"2023-01-03T21:28:00.000Z","previewable":true,"private":false,"repoType":"dataset","likes":1,"isLikedByUser":false},{"author":"Kosasih","downloads":5,"gated":false,"id":"Kosasih/Elite-CheckIn-Corp","lastModified":"2023-01-29T05:36:49.000Z","previewable":false,"private":false,"repoType":"dataset","likes":0,"isLikedByUser":false},{"author":"KOSASIH-2","downloads":4,"gated":false,"id":"KOSASIH-2/Global_Aircraft","lastModified":"2023-01-09T03:21:13.000Z","previewable":false,"private":false,"repoType":"dataset","likes":0,"isLikedByUser":false},{"author":"KOSASIH-3","downloads":2,"gated":false,"id":"KOSASIH-3/Neurosurgeon_Doctors","lastModified":"2023-01-09T04:51:50.000Z","previewable":false,"private":false,"repoType":"dataset","likes":0,"isLikedByUser":false},{"author":"KOSASIH-3","downloads":2,"gated":false,"id":"KOSASIH-3/Neuralix_Technologies","lastModified":"2023-01-09T06:19:54.000Z","previewable":false,"private":false,"repoType":"dataset","likes":1,"isLikedByUser":false},{"author":"Kosasih","downloads":2,"gated":false,"id":"Kosasih/autotrain-data-meta_max","lastModified":"2023-01-10T15:08:53.000Z","previewable":false,"private":false,"repoType":"dataset","likes":0,"isLikedByUser":false},{"author":"Kosasih","downloads":2,"gated":false,"id":"Kosasih/autotrain-data-alterax","lastModified":"2023-01-10T14:57:11.000Z","previewable":false,"private":false,"repoType":"dataset","likes":0,"isLikedByUser":false},{"author":"reyoung","downloads":1,"gated":false,"id":"reyoung/wikipedia","lastModified":"2023-01-13T08:42:26.000Z","previewable":false,"private":false,"repoType":"dataset","likes":0,"isLikedByUser":false},{"author":"vpermilp","downloads":1,"gated":false,"id":"vpermilp/nllb-200-1.3B-rust","lastModified":"2023-03-04T09:33:09.000Z","previewable":false,"private":false,"repoType":"dataset","likes":0,"isLikedByUser":false},{"author":"albertvillanova","downloads":0,"gated":false,"id":"albertvillanova/universal_dependencies","lastModified":"2022-12-15T11:35:30.000Z","previewable":true,"private":false,"repoType":"dataset","likes":1,"isLikedByUser":false},{"author":"Kosasih-1","downloads":0,"gated":false,"id":"Kosasih-1/autotrain-data-aneroxqa","lastModified":"2023-01-10T08:12:45.000Z","previewable":true,"private":false,"repoType":"dataset","likes":0,"isLikedByUser":false},{"author":"vpermilp","downloads":0,"gated":false,"id":"vpermilp/nllb-200-distilled-600M-rust","lastModified":"2023-03-04T08:00:22.000Z","previewable":false,"private":false,"repoType":"dataset","likes":0,"isLikedByUser":false},{"author":"armvectores","downloads":0,"gated":false,"id":"armvectores/hy_wikipedia_2023","lastModified":"2023-04-05T21:57:18.000Z","previewable":false,"private":false,"repoType":"dataset","likes":0,"isLikedByUser":false},{"author":"armvectores","downloads":0,"gated":false,"id":"armvectores/hy_wikisource_2023","lastModified":"2023-04-05T21:58:40.000Z","previewable":false,"private":false,"repoType":"dataset","likes":0,"isLikedByUser":false}],"numItemsPerPage":30,"numTotalItems":61,"pageIndex":1}