{"activeFilters":{"task_categories":[],"size_categories":[],"task_ids":[],"language":["language:hy"],"license":[],"other":[]},"datasets":[{"author":"","downloads":131840,"gated":false,"id":"wikiann","lastModified":"2023-01-25T15:02:24.000Z","previewable":true,"private":false,"repoType":"dataset","likes":26,"isLikedByUser":false},{"author":"Helsinki-NLP","downloads":90700,"gated":false,"id":"Helsinki-NLP/tatoeba_mt","lastModified":"2022-10-21T15:50:25.000Z","previewable":true,"private":false,"repoType":"dataset","likes":22,"isLikedByUser":false},{"author":"","downloads":56288,"gated":false,"id":"wikipedia","lastModified":"2023-04-05T13:43:28.000Z","previewable":false,"private":false,"repoType":"dataset","likes":130,"isLikedByUser":false},{"author":"facebook","downloads":50616,"gated":false,"id":"facebook/flores","lastModified":"2022-08-09T20:27:39.000Z","previewable":false,"private":false,"repoType":"dataset","likes":8,"isLikedByUser":false},{"author":"","downloads":46277,"gated":false,"id":"mc4","lastModified":"2022-10-28T16:36:33.000Z","previewable":true,"private":false,"repoType":"dataset","likes":46,"isLikedByUser":false},{"author":"","downloads":45946,"gated":false,"id":"oscar","lastModified":"2023-04-05T13:36:32.000Z","previewable":true,"private":false,"repoType":"dataset","likes":76,"isLikedByUser":false},{"author":"","downloads":18459,"gated":false,"id":"opus100","lastModified":"2022-12-02T11:35:31.000Z","previewable":true,"private":false,"repoType":"dataset","likes":17,"isLikedByUser":false},{"author":"gsarti","downloads":11862,"gated":false,"id":"gsarti/flores_101","lastModified":"2022-10-27T08:37:36.000Z","previewable":false,"private":false,"repoType":"dataset","likes":6,"isLikedByUser":false},{"author":"","downloads":11699,"gated":false,"id":"universal_morphologies","lastModified":"2022-11-03T16:47:17.000Z","previewable":false,"private":false,"repoType":"dataset","likes":5,"isLikedByUser":false},{"author":"","downloads":8761,"gated":false,"id":"senti_lex","lastModified":"2023-01-25T14:44:00.000Z","previewable":false,"private":false,"repoType":"dataset","likes":3,"isLikedByUser":false},{"author":"","downloads":8606,"gated":false,"id":"universal_dependencies","lastModified":"2023-01-25T14:55:06.000Z","previewable":false,"private":false,"repoType":"dataset","likes":9,"isLikedByUser":false},{"author":"","downloads":8376,"gated":false,"id":"tapaco","lastModified":"2022-11-03T16:47:11.000Z","previewable":true,"private":false,"repoType":"dataset","likes":23,"isLikedByUser":false},{"author":"nthngdy","downloads":6894,"gated":false,"id":"nthngdy/oscar-mini","lastModified":"2022-12-06T11:05:51.000Z","previewable":true,"private":false,"repoType":"dataset","likes":1,"isLikedByUser":false},{"author":"","downloads":5050,"gated":false,"id":"cc100","lastModified":"2022-11-03T16:31:45.000Z","previewable":true,"private":false,"repoType":"dataset","likes":20,"isLikedByUser":false},{"author":"olm","downloads":4966,"gated":false,"id":"olm/wikipedia","lastModified":"2022-11-15T18:39:59.000Z","previewable":false,"private":false,"repoType":"dataset","likes":17,"isLikedByUser":false},{"author":"oscar-corpus","downloads":3308,"gated":"auto","id":"oscar-corpus/OSCAR-2201","lastModified":"2023-02-07T10:15:07.000Z","previewable":true,"private":false,"repoType":"dataset","likes":43,"isLikedByUser":false},{"author":"","downloads":2896,"gated":false,"id":"ted_talks_iwslt","lastModified":"2022-10-28T16:41:35.000Z","previewable":true,"private":false,"repoType":"dataset","likes":3,"isLikedByUser":false},{"author":"wikimedia","downloads":1913,"gated":false,"id":"wikimedia/wit_base","lastModified":"2022-11-04T15:09:33.000Z","previewable":true,"private":false,"repoType":"dataset","likes":10,"isLikedByUser":false},{"author":"","downloads":1883,"gated":false,"id":"open_subtitles","lastModified":"2022-11-03T16:31:50.000Z","previewable":true,"private":false,"repoType":"dataset","likes":13,"isLikedByUser":false},{"author":"yhavinga","downloads":1733,"gated":false,"id":"yhavinga/ccmatrix","lastModified":"2023-03-09T07:44:58.000Z","previewable":true,"private":false,"repoType":"dataset","likes":6,"isLikedByUser":false},{"author":"","downloads":1570,"gated":false,"id":"tatoeba","lastModified":"2022-11-03T16:32:34.000Z","previewable":true,"private":false,"repoType":"dataset","likes":7,"isLikedByUser":false},{"author":"","downloads":1395,"gated":false,"id":"kde4","lastModified":"2022-11-03T16:32:20.000Z","previewable":true,"private":false,"repoType":"dataset","likes":4,"isLikedByUser":false},{"author":"","downloads":1197,"gated":false,"id":"opus_ubuntu","lastModified":"2022-11-03T16:32:16.000Z","previewable":true,"private":false,"repoType":"dataset","likes":0,"isLikedByUser":false},{"author":"","downloads":1187,"gated":false,"id":"opus_gnome","lastModified":"2022-11-03T16:32:14.000Z","previewable":true,"private":false,"repoType":"dataset","likes":0,"isLikedByUser":false},{"author":"tner","downloads":1171,"gated":false,"id":"tner/wikiann","lastModified":"2022-09-27T18:39:42.000Z","previewable":true,"private":false,"repoType":"dataset","likes":1,"isLikedByUser":false},{"author":"","downloads":889,"gated":false,"id":"bible_para","lastModified":"2022-11-03T16:31:57.000Z","previewable":true,"private":false,"repoType":"dataset","likes":6,"isLikedByUser":false},{"author":"","downloads":654,"gated":false,"id":"qed_amara","lastModified":"2022-11-03T16:31:42.000Z","previewable":true,"private":false,"repoType":"dataset","likes":2,"isLikedByUser":false},{"author":"mteb","downloads":401,"gated":false,"id":"mteb/amazon_massive_intent","lastModified":"2022-09-27T19:10:30.000Z","previewable":true,"private":false,"repoType":"dataset","likes":5,"isLikedByUser":false},{"author":"qanastek","downloads":297,"gated":false,"id":"qanastek/MASSIVE","lastModified":"2022-12-23T21:28:08.000Z","previewable":true,"private":false,"repoType":"dataset","likes":9,"isLikedByUser":false},{"author":"bertin-project","downloads":277,"gated":false,"id":"bertin-project/mc4-sampling","lastModified":"2022-11-07T12:40:51.000Z","previewable":false,"private":false,"repoType":"dataset","likes":5,"isLikedByUser":false}],"numItemsPerPage":30,"numTotalItems":61,"pageIndex":0}