{"_id":"626427ed247eba6089332e56","id":"qanastek/MASSIVE","author":"qanastek","sha":"44fe0b34f20ba09aa287148447873c1f3992e265","lastModified":"2022-12-23T21:28:08.000Z","private":false,"gated":false,"disabled":false,"tags":["task_categories:text-classification","task_ids:intent-classification","task_ids:multi-class-classification","task_ids:named-entity-recognition","annotations_creators:machine-generated","annotations_creators:expert-generated","language_creators:found","multilinguality:multilingual","size_categories:100K<n<1M","source_datasets:original","language:af","language:am","language:ar","language:az","language:bn","language:cy","language:da","language:de","language:el","language:en","language:es","language:fa","language:fi","language:fr","language:he","language:hi","language:hu","language:hy","language:id","language:is","language:it","language:ja","language:jv","language:ka","language:km","language:kn","language:ko","language:lv","language:ml","language:mn","language:ms","language:my","language:nb","language:nl","language:pl","language:pt","language:ro","language:ru","language:sl","language:sq","language:sv","language:sw","language:ta","language:te","language:th","language:tl","language:tr","language:ur","language:vi","language:zh","arxiv:2204.08582"],"citation":"@misc{fitzgerald2022massive,\n      title={MASSIVE: A 1M-Example Multilingual Natural Language Understanding Dataset with 51 Typologically-Diverse Languages}, \n      author={Jack FitzGerald and Christopher Hench and Charith Peris and Scott Mackie and Kay Rottmann and Ana Sanchez and Aaron Nash and Liam Urbach and Vishesh Kakarala and Richa Singh and Swetha Ranganath and Laurie Crist and Misha Britan and Wouter Leeuwis and Gokhan Tur and Prem Natarajan},\n      year={2022},\n      eprint={2204.08582},\n      archivePrefix={arXiv},\n      primaryClass={cs.CL}\n}\n\n@inproceedings{bastianelli-etal-2020-slurp,\n    title = \"{SLURP}: A Spoken Language Understanding Resource Package\",\n    author = \"Bastianelli, Emanuele  and\n      Vanzo, Andrea  and\n      Swietojanski, Pawel  and\n      Rieser, Verena\",\n    booktitle = \"Proceedings of the 2020 Conference on Empirical Methods in Natural Language Processing (EMNLP)\",\n    month = nov,\n    year = \"2020\",\n    address = \"Online\",\n    publisher = \"Association for Computational Linguistics\",\n    url = \"https://aclanthology.org/2020.emnlp-main.588\",\n    doi = \"10.18653/v1/2020.emnlp-main.588\",\n    pages = \"7252--7262\",\n    abstract = \"Spoken Language Understanding infers semantic meaning directly from audio data, and thus promises to reduce error propagation and misunderstandings in end-user applications. However, publicly available SLU resources are limited. In this paper, we release SLURP, a new SLU package containing the following: (1) A new challenging dataset in English spanning 18 domains, which is substantially bigger and linguistically more diverse than existing datasets; (2) Competitive baselines based on state-of-the-art NLU and ASR systems; (3) A new transparent metric for entity labelling which enables a detailed error analysis for identifying potential areas of improvement. SLURP is available at https://github.com/pswietojanski/slurp.\"\n}","description":"MASSIVE is a parallel dataset of > 1M utterances across 51 languages with annotations\nfor the Natural Language Understanding tasks of intent prediction and slot annotation.\nUtterances span 60 intents and include 55 slot types. MASSIVE was created by localizing\nthe SLURP dataset, composed of general Intelligent Voice Assistant single-shot interactions.","downloads":297,"likes":9,"cardData":{"annotations_creators":["machine-generated","expert-generated"],"language_creators":["found"],"language":["af","am","ar","az","bn","cy","da","de","el","en","es","fa","fi","fr","he","hi","hu","hy","id","is","it","ja","jv","ka","km","kn","ko","lv","ml","mn","ms","my","nb","nl","pl","pt","ro","ru","sl","sq","sv","sw","ta","te","th","tl","tr","ur","vi","zh","zh"],"multilinguality":["multilingual"],"size_categories":["100K<n<1M"],"source_datasets":["original"],"task_categories":["text-classification"],"task_ids":["intent-classification","multi-class-classification","named-entity-recognition"],"pretty_name":"MASSIVE","language_bcp47":["af-ZA","am-ET","ar-SA","az-AZ","bn-BD","cy-GB","da-DK","de-DE","el-GR","en-US","es-ES","fa-IR","fi-FI","fr-FR","he-IL","hi-IN","hu-HU","hy-AM","id-ID","is-IS","it-IT","ja-JP","jv-ID","ka-GE","km-KH","kn-IN","ko-KR","lv-LV","ml-IN","mn-MN","ms-MY","my-MM","nb-NO","nl-NL","pl-PL","pt-PT","ro-RO","ru-RU","sl-SL","sq-AL","sv-SE","sw-KE","ta-IN","te-IN","th-TH","tl-PH","tr-TR","ur-PK","vi-VN","zh-CN","zh-TW"]},"siblings":[{"rfilename":".gitattributes"},{"rfilename":".gitignore"},{"rfilename":"CITATION.cff"},{"rfilename":"LICENSE"},{"rfilename":"MASSIVE.py"},{"rfilename":"README.md"},{"rfilename":"test_MASSIVE.py"}]}